schema_version,row_boundary,candidate_id,candidate_version,hypothesis_id,evidence_card_id,selector_input_ref,registry_ref,evaluation_evidence_ref,row_generated_at,candidate_status,strategy_type,candidate_next_action,candidate_ready_for_evaluation,candidate_blocker_count,candidate_data_requirement_count,candidate_feature_requirement_count,candidate_required_evidence_count,ml_use_status,importance_score,importance_bucket,research_branch,downstream_route,signal_family_candidate,formula_clarity,implementation_readiness,classification_confidence,selector_evidence_status,reproducibility_level,transaction_costs_discussed,lookahead_bias_discussed,survivorship_bias_discussed,risk_flag_count,blocked_reason_count,publication_date,publication_year,created_at,candidate_created_at,evaluation_id,evaluation_status,evaluation_created_at,evaluation_updated_at,evaluation_window_start,evaluation_window_end,evaluation_failure_flags,required_evaluation_check_ids,required_evaluation_check_count,adoption_required_checks_ready,actual_metric_summary_available,metric_source,metric_role,metric_use_status,metric_subject_type,metric_subject_id,candidate_metric_match,candidate_metric_match_reason,reference_feature_candidate,excluded_untradable,excluded_failure,actual_total_return,actual_benchmark_return,actual_proxy_return,actual_excess_return_vs_proxy,actual_max_drawdown,actual_volatility,actual_turnover,actual_sharpe,actual_oos_stability,label_pass_minimum_gate,label_review_preferred,label_source,label_null_reason,label_decision,label_rule_config_ref,actual_label_source,actual_label_role,actual_label_use_status,actual_label_evidence_id,actual_label_generated_at,actual_label_blocked_reason,pred_total_return,pred_max_drawdown,pred_volatility,pred_turnover,pred_sharpe,pred_oos_stability,prediction_uncertainty,prediction_model_version,prediction_generated_at,prediction_allowed_uses,split_policy,split_name,time_aware_split_ready,random_split_allowed,candidate_research_group_id,duplication_group_id,supervised_label_eligible,adoption_review_eligible,ml_training_status,no_feedback_check,activation_boundary
v0_3_candidate_ml_input_0_2,"This candidate ML input row is evidence-only metadata for evaluator review. It is not a production ranking input, not a trading signal, not an adoption decision, and not automatic production activation.",sc:ecard:005671bfc6a849f84383,v0.3.0,sh:ecard:005671bfc6a849f84383,ecard:005671bfc6a849f84383,Quant_mvp\data\v0_3\selector_inputs\v0_3_selector_input.jsonl,Quant_mvp\data\v0_3\strategy_candidates\v0_3_strategy_candidate_registry.jsonl,,2026-05-06T14:04:50+00:00,draft,value,refine_strategy_hypothesis,false,4,2,6,8,needs_hybrid_split,3,low,hybrid,hybrid_split_required,volatility_liquidity,partial,0,low,abstract_supported,not_reported,false,false,false,8,4,2025-07-27,2025,,,,missing_evaluation_evidence,,,2015-01-01,2025-12-31,,,0,false,false,,,,,,false,metric_summary_missing_or_unavailable,false,false,false,,,,,,,,,,,,unlabeled,null_missing_evidence,null_missing_evidence,Quant_mvp\config\v0_3_selector_label_rules.toml,,,,,,,,,,,,,,,,evaluation_prioritization|active_learning|uncertainty_ranking|review_triage,time_aware_required_before_training,,false,false,doi:10.47709/governors.v4i1.6568,doi:10.47709/governors.v4i1.6568,false,false,blocked_missing_evaluation_evidence,ml_rows_must_not_feed_scores_rankings_reports_backtests_trading_or_auto_adoption,production_activation_requires_later_root_approved_gate
v0_3_candidate_ml_input_0_2,"This candidate ML input row is evidence-only metadata for evaluator review. It is not a production ranking input, not a trading signal, not an adoption decision, and not automatic production activation.",sc:ecard:010d0f9aa476fb1a2238,v0.3.0,sh:ecard:010d0f9aa476fb1a2238,ecard:010d0f9aa476fb1a2238,Quant_mvp\data\v0_3\selector_inputs\v0_3_selector_input.jsonl,Quant_mvp\data\v0_3\strategy_candidates\v0_3_strategy_candidate_registry.jsonl,,2026-05-06T14:04:50+00:00,draft,other,refine_strategy_hypothesis,false,1,1,6,8,needs_manual_or_data_review,20,low,technical,technical_score_architect,,not_specified,0,low,metadata_only,,false,false,false,6,1,2023-12-10,2023,,,,missing_evaluation_evidence,,,2015-01-01,2025-12-31,,,0,false,false,,,,,,false,metric_summary_missing_or_unavailable,false,false,false,,,,,,,,,,,,unlabeled,null_missing_evidence,null_missing_evidence,Quant_mvp\config\v0_3_selector_label_rules.toml,,,,,,,,,,,,,,,,evaluation_prioritization|active_learning|uncertainty_ranking|review_triage,time_aware_required_before_training,,false,false,doi:10.17492/jpi.mudra.v10i2.1022302,doi:10.17492/jpi.mudra.v10i2.1022302,false,false,blocked_missing_evaluation_evidence,ml_rows_must_not_feed_scores_rankings_reports_backtests_trading_or_auto_adoption,production_activation_requires_later_root_approved_gate
v0_3_candidate_ml_input_0_2,"This candidate ML input row is evidence-only metadata for evaluator review. It is not a production ranking input, not a trading signal, not an adoption decision, and not automatic production activation.",sc:ecard:019cdc60b9b8838f7b3f,v0.3.0,sh:ecard:019cdc60b9b8838f7b3f,ecard:019cdc60b9b8838f7b3f,Quant_mvp\data\v0_3\selector_inputs\v0_3_selector_input.jsonl,Quant_mvp\data\v0_3\strategy_candidates\v0_3_strategy_candidate_registry.jsonl,,2026-05-06T14:04:50+00:00,draft,volatility,refine_strategy_hypothesis,false,2,3,7,8,diagnostic_context_only,0,not_collectable,diagnostic,diagnostic_backlog,volatility_liquidity,not_specified,0,low,metadata_only,not_reported,false,false,false,6,2,2011-12-28,2011,,,,missing_evaluation_evidence,,,2015-01-01,2025-12-31,,,0,false,false,,,,,,false,metric_summary_missing_or_unavailable,false,false,false,,,,,,,,,,,,unlabeled,null_missing_evidence,null_missing_evidence,Quant_mvp\config\v0_3_selector_label_rules.toml,,,,,,,,,,,,,,,,evaluation_prioritization|active_learning|uncertainty_ranking|review_triage,time_aware_required_before_training,,false,false,doi:10.2139/ssrn.1364834,doi:10.2139/ssrn.1364834,false,false,blocked_missing_evaluation_evidence,ml_rows_must_not_feed_scores_rankings_reports_backtests_trading_or_auto_adoption,production_activation_requires_later_root_approved_gate
v0_3_candidate_ml_input_0_2,"This candidate ML input row is evidence-only metadata for evaluator review. It is not a production ranking input, not a trading signal, not an adoption decision, and not automatic production activation.",sc:ecard:01b8633516b0e8097b3f,v0.3.0,sh:ecard:01b8633516b0e8097b3f,ecard:01b8633516b0e8097b3f,Quant_mvp\data\v0_3\selector_inputs\v0_3_selector_input.jsonl,Quant_mvp\data\v0_3\strategy_candidates\v0_3_strategy_candidate_registry.jsonl,,2026-05-06T14:04:50+00:00,blocked,other,resolve_blocker,false,2,1,6,8,excluded_rejected_or_out_of_scope,0,not_collectable,out_of_scope,reject_log,,not_specified,0,low,metadata_only,not_reported,false,false,false,6,2,2012-01-05,2012,,,,missing_evaluation_evidence,,,2015-01-01,2025-12-31,,,0,false,false,,,,,,false,metric_summary_missing_or_unavailable,false,false,false,,,,,,,,,,,,unlabeled,null_missing_evidence,null_missing_evidence,Quant_mvp\config\v0_3_selector_label_rules.toml,,,,,,,,,,,,,,,,evaluation_prioritization|active_learning|uncertainty_ranking|review_triage,time_aware_required_before_training,,false,false,doi:10.2139/ssrn.1916324,doi:10.2139/ssrn.1916324,false,false,blocked_missing_evaluation_evidence,ml_rows_must_not_feed_scores_rankings_reports_backtests_trading_or_auto_adoption,production_activation_requires_later_root_approved_gate
v0_3_candidate_ml_input_0_2,"This candidate ML input row is evidence-only metadata for evaluator review. It is not a production ranking input, not a trading signal, not an adoption decision, and not automatic production activation.",sc:ecard:01ffd68984a19612060f,v0.3.0,sh:ecard:01ffd68984a19612060f,ecard:01ffd68984a19612060f,Quant_mvp\data\v0_3\selector_inputs\v0_3_selector_input.jsonl,Quant_mvp\data\v0_3\strategy_candidates\v0_3_strategy_candidate_registry.jsonl,,2026-05-06T14:04:50+00:00,draft,other,refine_strategy_hypothesis,false,2,3,6,8,diagnostic_context_only,0,not_collectable,diagnostic,diagnostic_backlog,,not_specified,0,low,metadata_only,not_reported,true,false,false,6,2,2012-01-05,2012,,,,missing_evaluation_evidence,,,2015-01-01,2025-12-31,,,0,false,false,,,,,,false,metric_summary_missing_or_unavailable,false,false,false,,,,,,,,,,,,unlabeled,null_missing_evidence,null_missing_evidence,Quant_mvp\config\v0_3_selector_label_rules.toml,,,,,,,,,,,,,,,,evaluation_prioritization|active_learning|uncertainty_ranking|review_triage,time_aware_required_before_training,,false,false,doi:10.2139/ssrn.1865349,doi:10.2139/ssrn.1865349,false,false,blocked_missing_evaluation_evidence,ml_rows_must_not_feed_scores_rankings_reports_backtests_trading_or_auto_adoption,production_activation_requires_later_root_approved_gate
v0_3_candidate_ml_input_0_2,"This candidate ML input row is evidence-only metadata for evaluator review. It is not a production ranking input, not a trading signal, not an adoption decision, and not automatic production activation.",sc:ecard:02ca4df765ba97a748c4,v0.3.0,sh:ecard:02ca4df765ba97a748c4,ecard:02ca4df765ba97a748c4,Quant_mvp\data\v0_3\selector_inputs\v0_3_selector_input.jsonl,Quant_mvp\data\v0_3\strategy_candidates\v0_3_strategy_candidate_registry.jsonl,,2026-05-06T14:04:50+00:00,draft,value,refine_strategy_hypothesis,false,4,3,6,8,excluded_valuation_lane,0,not_collectable,valuation,valuation_agent_handoff,,not_specified,0,low,metadata_only,not_reported,false,false,false,8,4,2021-01-01,2021,,,,missing_evaluation_evidence,,,2015-01-01,2025-12-31,,,0,false,false,,,,,,false,metric_summary_missing_or_unavailable,false,false,false,,,,,,,,,,,,unlabeled,null_missing_evidence,null_missing_evidence,Quant_mvp\config\v0_3_selector_label_rules.toml,,,,,,,,,,,,,,,,evaluation_prioritization|active_learning|uncertainty_ranking|review_triage,time_aware_required_before_training,,false,false,doi:10.2991/aebmr.k.210522.030,doi:10.2991/aebmr.k.210522.030,false,false,blocked_missing_evaluation_evidence,ml_rows_must_not_feed_scores_rankings_reports_backtests_trading_or_auto_adoption,production_activation_requires_later_root_approved_gate
v0_3_candidate_ml_input_0_2,"This candidate ML input row is evidence-only metadata for evaluator review. It is not a production ranking input, not a trading signal, not an adoption decision, and not automatic production activation.",sc:ecard:02d116258bfc1e36028a,v0.3.0,sh:ecard:02d116258bfc1e36028a,ecard:02d116258bfc1e36028a,Quant_mvp\data\v0_3\selector_inputs\v0_3_selector_input.jsonl,Quant_mvp\data\v0_3\strategy_candidates\v0_3_strategy_candidate_registry.jsonl,,2026-05-06T14:04:50+00:00,draft,volatility,refine_strategy_hypothesis,false,1,1,7,8,needs_manual_or_data_review,20,low,technical,technical_score_architect,volatility_liquidity,not_specified,0,low,metadata_only,not_reported,false,false,false,6,1,2011-12-28,2011,,,,missing_evaluation_evidence,,,2015-01-01,2025-12-31,,,0,false,false,,,,,,false,metric_summary_missing_or_unavailable,false,false,false,,,,,,,,,,,,unlabeled,null_missing_evidence,null_missing_evidence,Quant_mvp\config\v0_3_selector_label_rules.toml,,,,,,,,,,,,,,,,evaluation_prioritization|active_learning|uncertainty_ranking|review_triage,time_aware_required_before_training,,false,false,doi:10.2139/ssrn.556807,doi:10.2139/ssrn.556807,false,false,blocked_missing_evaluation_evidence,ml_rows_must_not_feed_scores_rankings_reports_backtests_trading_or_auto_adoption,production_activation_requires_later_root_approved_gate
v0_3_candidate_ml_input_0_2,"This candidate ML input row is evidence-only metadata for evaluator review. It is not a production ranking input, not a trading signal, not an adoption decision, and not automatic production activation.",sc:ecard:02f56db7dbb7475b226d,v0.3.0,sh:ecard:02f56db7dbb7475b226d,ecard:02f56db7dbb7475b226d,Quant_mvp\data\v0_3\selector_inputs\v0_3_selector_input.jsonl,Quant_mvp\data\v0_3\strategy_candidates\v0_3_strategy_candidate_registry.jsonl,Quant_mvp\backtest_mvp\docs\v0_3_evaluation_evidence\momentum_cohort_1\ee_v0_3_20260506_sc_ecard_02f56db7dbb7475b226d.md,2026-05-06T14:04:50+00:00,evaluable,momentum,create_evaluation_evidence,true,0,1,7,8,eligible_for_candidate_selector_review,89,high,technical,technical_score_architect,momentum,partial,2,low,abstract_supported,not_reported,false,false,false,6,0,2020-02-05,2020,2026-05-06,,ee_v0_3_20260506_sc_ecard_02f56db7dbb7475b226d,evidence_recorded,2026-05-06,2026-05-06,2015-01-02,2025-12-02,,benchmark_reference_comparison|cost|drawdown|no_feedback|no_lookahead|oos_walk_forward_stability|turnover|volatility,8,true,true,approved_evaluation_evidence,candidate_specific,candidate_level_supervised_label_candidate,strategy_candidate,sc:ecard:02f56db7dbb7475b226d,true,candidate_id_matches_candidate_level_evaluation_evidence,false,false,false,0.9478898686276229,-0.270661347208625,-0.270661347208625,1.218551215836248,-0.6092164024086726,0.2968075686560764,0.8618159203980099,0.35818175172278915,recorded_walk_forward_fail,0,0,candidate_level_evaluation_evidence,,negative,Quant_mvp\config\v0_3_selector_label_rules.toml,candidate_level_evaluation_evidence,candidate_specific,candidate_level_supervised_label_candidate,ee_v0_3_20260506_sc_ecard_02f56db7dbb7475b226d,2026-05-06,,,,,,,,,,,evaluation_prioritization|active_learning|uncertainty_ranking|review_triage,time_aware_required_before_training,,true,false,doi:10.3390/jrfm13020027,doi:10.3390/jrfm13020027,true,false,eligible_candidate_level_label,ml_rows_must_not_feed_scores_rankings_reports_backtests_trading_or_auto_adoption,production_activation_requires_later_root_approved_gate
v0_3_candidate_ml_input_0_2,"This candidate ML input row is evidence-only metadata for evaluator review. It is not a production ranking input, not a trading signal, not an adoption decision, and not automatic production activation.",sc:ecard:02f5866fa8f14e915a2d,v0.3.0,sh:ecard:02f5866fa8f14e915a2d,ecard:02f5866fa8f14e915a2d,Quant_mvp\data\v0_3\selector_inputs\v0_3_selector_input.jsonl,Quant_mvp\data\v0_3\strategy_candidates\v0_3_strategy_candidate_registry.jsonl,,2026-05-06T14:04:50+00:00,draft,other,refine_strategy_hypothesis,false,2,3,6,8,diagnostic_context_only,0,not_collectable,diagnostic,diagnostic_backlog,,not_specified,0,low,metadata_only,not_reported,true,false,false,6,2,2006-01-01,2006,,,,missing_evaluation_evidence,,,2015-01-01,2025-12-31,,,0,false,false,,,,,,false,metric_summary_missing_or_unavailable,false,false,false,,,,,,,,,,,,unlabeled,null_missing_evidence,null_missing_evidence,Quant_mvp\config\v0_3_selector_label_rules.toml,,,,,,,,,,,,,,,,evaluation_prioritization|active_learning|uncertainty_ranking|review_triage,time_aware_required_before_training,,false,false,doi:10.1142/s0219871106000275,doi:10.1142/s0219871106000275,false,false,blocked_missing_evaluation_evidence,ml_rows_must_not_feed_scores_rankings_reports_backtests_trading_or_auto_adoption,production_activation_requires_later_root_approved_gate
v0_3_candidate_ml_input_0_2,"This candidate ML input row is evidence-only metadata for evaluator review. It is not a production ranking input, not a trading signal, not an adoption decision, and not automatic production activation.",sc:ecard:032bbcd811017c77a121,v0.3.0,sh:ecard:032bbcd811017c77a121,ecard:032bbcd811017c77a121,Quant_mvp\data\v0_3\selector_inputs\v0_3_selector_input.jsonl,Quant_mvp\data\v0_3\strategy_candidates\v0_3_strategy_candidate_registry.jsonl,,2026-05-06T14:04:50+00:00,draft,statistical_arbitrage,refine_strategy_hypothesis,false,2,3,7,8,diagnostic_context_only,0,not_collectable,diagnostic,diagnostic_backlog,,not_specified,0,low,metadata_only,not_reported,true,false,false,6,2,2009-01-01,2009,,,,missing_evaluation_evidence,,,2015-01-01,2025-12-31,,,0,false,false,,,,,,false,metric_summary_missing_or_unavailable,false,false,false,,,,,,,,,,,,unlabeled,null_missing_evidence,null_missing_evidence,Quant_mvp\config\v0_3_selector_label_rules.toml,,,,,,,,,,,,,,,,evaluation_prioritization|active_learning|uncertainty_ranking|review_triage,time_aware_required_before_training,,false,false,doi:10.1007/978-3-540-68121-2_3,doi:10.1007/978-3-540-68121-2_3,false,false,blocked_missing_evaluation_evidence,ml_rows_must_not_feed_scores_rankings_reports_backtests_trading_or_auto_adoption,production_activation_requires_later_root_approved_gate
v0_3_candidate_ml_input_0_2,"This candidate ML input row is evidence-only metadata for evaluator review. It is not a production ranking input, not a trading signal, not an adoption decision, and not automatic production activation.",sc:ecard:036ba7277bc6db18ab53,v0.3.0,sh:ecard:036ba7277bc6db18ab53,ecard:036ba7277bc6db18ab53,Quant_mvp\data\v0_3\selector_inputs\v0_3_selector_input.jsonl,Quant_mvp\data\v0_3\strategy_candidates\v0_3_strategy_candidate_registry.jsonl,Quant_mvp\backtest_mvp\docs\v0_3_evaluation_evidence\non_momentum_cohort_1\ee_v0_3_20260506_sc_ecard_036ba7277bc6db18ab53.md,2026-05-06T14:04:50+00:00,evaluable,volatility,create_evaluation_evidence,true,0,1,7,8,eligible_for_candidate_selector_review,89,high,technical,technical_score_architect,volatility_liquidity,partial,2,low,abstract_supported,not_reported,false,false,false,6,0,2026-02-02,2026,2026-05-06,,ee_v0_3_20260506_sc_ecard_036ba7277bc6db18ab53,evidence_recorded,2026-05-06,2026-05-06,2015-01-02,2025-12-02,,benchmark_reference_comparison|cost|drawdown|no_feedback|no_lookahead|oos_walk_forward_stability|turnover|volatility,8,true,true,approved_evaluation_evidence,candidate_specific,candidate_level_supervised_label_candidate,strategy_candidate,sc:ecard:036ba7277bc6db18ab53,true,candidate_id_matches_candidate_level_evaluation_evidence,false,false,false,4.59248614414884,-0.26420150156471234,-0.26420150156471234,4.856687645713552,-0.49924422265194046,0.39104534114120565,0.686318407960199,0.5932409139655367,recorded_walk_forward_pass,0,1,candidate_level_evaluation_evidence,,positive,Quant_mvp\config\v0_3_selector_label_rules.toml,candidate_level_evaluation_evidence,candidate_specific,candidate_level_supervised_label_candidate,ee_v0_3_20260506_sc_ecard_036ba7277bc6db18ab53,2026-05-06,,,,,,,,,,,evaluation_prioritization|active_learning|uncertainty_ranking|review_triage,time_aware_required_before_training,,true,false,doi:10.2139/ssrn.6168521,doi:10.2139/ssrn.6168521,true,false,eligible_candidate_level_label,ml_rows_must_not_feed_scores_rankings_reports_backtests_trading_or_auto_adoption,production_activation_requires_later_root_approved_gate
v0_3_candidate_ml_input_0_2,"This candidate ML input row is evidence-only metadata for evaluator review. It is not a production ranking input, not a trading signal, not an adoption decision, and not automatic production activation.",sc:ecard:03863eed952da2ab5e53,v0.3.0,sh:ecard:03863eed952da2ab5e53,ecard:03863eed952da2ab5e53,Quant_mvp\data\v0_3\selector_inputs\v0_3_selector_input.jsonl,Quant_mvp\data\v0_3\strategy_candidates\v0_3_strategy_candidate_registry.jsonl,,2026-05-06T14:04:50+00:00,draft,other,refine_strategy_hypothesis,false,2,3,6,8,diagnostic_context_only,0,not_collectable,diagnostic,diagnostic_backlog,,not_specified,0,low,metadata_only,not_reported,false,false,false,6,2,2004-12-01,2004,,,,missing_evaluation_evidence,,,2015-01-01,2025-12-31,,,0,false,false,,,,,,false,metric_summary_missing_or_unavailable,false,false,false,,,,,,,,,,,,unlabeled,null_missing_evidence,null_missing_evidence,Quant_mvp\config\v0_3_selector_label_rules.toml,,,,,,,,,,,,,,,,evaluation_prioritization|active_learning|uncertainty_ranking|review_triage,time_aware_required_before_training,,false,false,doi:10.1016/j.ememar.2004.09.001,doi:10.1016/j.ememar.2004.09.001,false,false,blocked_missing_evaluation_evidence,ml_rows_must_not_feed_scores_rankings_reports_backtests_trading_or_auto_adoption,production_activation_requires_later_root_approved_gate
v0_3_candidate_ml_input_0_2,"This candidate ML input row is evidence-only metadata for evaluator review. It is not a production ranking input, not a trading signal, not an adoption decision, and not automatic production activation.",sc:ecard:03c5b08343e9c8ff11ce,v0.3.0,sh:ecard:03c5b08343e9c8ff11ce,ecard:03c5b08343e9c8ff11ce,Quant_mvp\data\v0_3\selector_inputs\v0_3_selector_input.jsonl,Quant_mvp\data\v0_3\strategy_candidates\v0_3_strategy_candidate_registry.jsonl,,2026-05-06T14:04:50+00:00,draft,volatility,refine_strategy_hypothesis,false,2,3,7,8,diagnostic_context_only,0,not_collectable,diagnostic,diagnostic_backlog,volatility_liquidity,not_specified,0,low,metadata_only,not_reported,false,false,false,6,2,2009-04-01,2009,,,,missing_evaluation_evidence,,,2015-01-01,2025-12-31,,,0,false,false,,,,,,false,metric_summary_missing_or_unavailable,false,false,false,,,,,,,,,,,,unlabeled,null_missing_evidence,null_missing_evidence,Quant_mvp\config\v0_3_selector_label_rules.toml,,,,,,,,,,,,,,,,evaluation_prioritization|active_learning|uncertainty_ranking|review_triage,time_aware_required_before_training,,false,false,doi:10.1016/j.csda.2008.07.039,doi:10.1016/j.csda.2008.07.039,false,false,blocked_missing_evaluation_evidence,ml_rows_must_not_feed_scores_rankings_reports_backtests_trading_or_auto_adoption,production_activation_requires_later_root_approved_gate
v0_3_candidate_ml_input_0_2,"This candidate ML input row is evidence-only metadata for evaluator review. It is not a production ranking input, not a trading signal, not an adoption decision, and not automatic production activation.",sc:ecard:0423311e606f77e177ea,v0.3.0,sh:ecard:0423311e606f77e177ea,ecard:0423311e606f77e177ea,Quant_mvp\data\v0_3\selector_inputs\v0_3_selector_input.jsonl,Quant_mvp\data\v0_3\strategy_candidates\v0_3_strategy_candidate_registry.jsonl,,2026-05-06T14:04:50+00:00,blocked,other,resolve_blocker,false,2,1,6,8,excluded_rejected_or_out_of_scope,0,not_collectable,out_of_scope,reject_log,,not_specified,0,low,metadata_only,not_reported,false,false,false,6,2,2012-11-28,2012,,,,missing_evaluation_evidence,,,2015-01-01,2025-12-31,,,0,false,false,,,,,,false,metric_summary_missing_or_unavailable,false,false,false,,,,,,,,,,,,unlabeled,null_missing_evidence,null_missing_evidence,Quant_mvp\config\v0_3_selector_label_rules.toml,,,,,,,,,,,,,,,,evaluation_prioritization|active_learning|uncertainty_ranking|review_triage,time_aware_required_before_training,,false,false,doi:10.1201/b14301-12,doi:10.1201/b14301-12,false,false,blocked_missing_evaluation_evidence,ml_rows_must_not_feed_scores_rankings_reports_backtests_trading_or_auto_adoption,production_activation_requires_later_root_approved_gate
v0_3_candidate_ml_input_0_2,"This candidate ML input row is evidence-only metadata for evaluator review. It is not a production ranking input, not a trading signal, not an adoption decision, and not automatic production activation.",sc:ecard:045b7cc31d715bede99e,v0.3.0,sh:ecard:045b7cc31d715bede99e,ecard:045b7cc31d715bede99e,Quant_mvp\data\v0_3\selector_inputs\v0_3_selector_input.jsonl,Quant_mvp\data\v0_3\strategy_candidates\v0_3_strategy_candidate_registry.jsonl,,2026-05-06T14:04:50+00:00,draft,value,refine_strategy_hypothesis,false,4,2,6,8,needs_hybrid_split,3,low,hybrid,hybrid_split_required,volatility_liquidity,partial,0,low,abstract_supported,not_reported,false,false,false,8,4,2003-01-01,2003,,,,missing_evaluation_evidence,,,2015-01-01,2025-12-31,,,0,false,false,,,,,,false,metric_summary_missing_or_unavailable,false,false,false,,,,,,,,,,,,unlabeled,null_missing_evidence,null_missing_evidence,Quant_mvp\config\v0_3_selector_label_rules.toml,,,,,,,,,,,,,,,,evaluation_prioritization|active_learning|uncertainty_ranking|review_triage,time_aware_required_before_training,,false,false,doi:10.20955/wp.2003.043,doi:10.20955/wp.2003.043,false,false,blocked_missing_evaluation_evidence,ml_rows_must_not_feed_scores_rankings_reports_backtests_trading_or_auto_adoption,production_activation_requires_later_root_approved_gate
v0_3_candidate_ml_input_0_2,"This candidate ML input row is evidence-only metadata for evaluator review. It is not a production ranking input, not a trading signal, not an adoption decision, and not automatic production activation.",sc:ecard:047cf84b4b098cea5446,v0.3.0,sh:ecard:047cf84b4b098cea5446,ecard:047cf84b4b098cea5446,Quant_mvp\data\v0_3\selector_inputs\v0_3_selector_input.jsonl,Quant_mvp\data\v0_3\strategy_candidates\v0_3_strategy_candidate_registry.jsonl,,2026-05-06T14:04:50+00:00,draft,other,refine_strategy_hypothesis,false,1,3,6,8,diagnostic_context_only,24,low,diagnostic,diagnostic_backlog,,partial,2,low,abstract_supported,not_reported,false,false,false,6,1,2025-06-06,2025,,,,missing_evaluation_evidence,,,2015-01-01,2025-12-31,,,0,false,false,,,,,,false,metric_summary_missing_or_unavailable,false,false,false,,,,,,,,,,,,unlabeled,null_missing_evidence,null_missing_evidence,Quant_mvp\config\v0_3_selector_label_rules.toml,,,,,,,,,,,,,,,,evaluation_prioritization|active_learning|uncertainty_ranking|review_triage,time_aware_required_before_training,,false,false,doi:10.31891/2307-5732-2025-351-1,doi:10.31891/2307-5732-2025-351-1,false,false,blocked_missing_evaluation_evidence,ml_rows_must_not_feed_scores_rankings_reports_backtests_trading_or_auto_adoption,production_activation_requires_later_root_approved_gate
v0_3_candidate_ml_input_0_2,"This candidate ML input row is evidence-only metadata for evaluator review. It is not a production ranking input, not a trading signal, not an adoption decision, and not automatic production activation.",sc:ecard:04ddd11eeb82ba8c29ec,v0.3.0,sh:ecard:04ddd11eeb82ba8c29ec,ecard:04ddd11eeb82ba8c29ec,Quant_mvp\data\v0_3\selector_inputs\v0_3_selector_input.jsonl,Quant_mvp\data\v0_3\strategy_candidates\v0_3_strategy_candidate_registry.jsonl,,2026-05-06T14:04:50+00:00,draft,value,refine_strategy_hypothesis,false,4,2,6,8,needs_hybrid_split,0,not_collectable,hybrid,hybrid_split_required,,not_specified,0,low,metadata_only,not_reported,false,false,false,8,4,2001-08-01,2001,,,,missing_evaluation_evidence,,,2015-01-01,2025-12-31,,,0,false,false,,,,,,false,metric_summary_missing_or_unavailable,false,false,false,,,,,,,,,,,,unlabeled,null_missing_evidence,null_missing_evidence,Quant_mvp\config\v0_3_selector_label_rules.toml,,,,,,,,,,,,,,,,evaluation_prioritization|active_learning|uncertainty_ranking|review_triage,time_aware_required_before_training,,false,false,doi:10.1016/s0304-405x(01)00062-9,doi:10.1016/s0304-405x(01)00062-9,false,false,blocked_missing_evaluation_evidence,ml_rows_must_not_feed_scores_rankings_reports_backtests_trading_or_auto_adoption,production_activation_requires_later_root_approved_gate
v0_3_candidate_ml_input_0_2,"This candidate ML input row is evidence-only metadata for evaluator review. It is not a production ranking input, not a trading signal, not an adoption decision, and not automatic production activation.",sc:ecard:05d0ba74fa13b197a76b,v0.3.0,sh:ecard:05d0ba74fa13b197a76b,ecard:05d0ba74fa13b197a76b,Quant_mvp\data\v0_3\selector_inputs\v0_3_selector_input.jsonl,Quant_mvp\data\v0_3\strategy_candidates\v0_3_strategy_candidate_registry.jsonl,,2026-05-06T14:04:50+00:00,draft,statistical_arbitrage,refine_strategy_hypothesis,false,2,3,7,8,diagnostic_context_only,0,not_collectable,diagnostic,diagnostic_backlog,,not_specified,0,low,metadata_only,not_reported,false,false,false,6,2,2015-10-21,2015,,,,missing_evaluation_evidence,,,2015-01-01,2025-12-31,,,0,false,false,,,,,,false,metric_summary_missing_or_unavailable,false,false,false,,,,,,,,,,,,unlabeled,null_missing_evidence,null_missing_evidence,Quant_mvp\config\v0_3_selector_label_rules.toml,,,,,,,,,,,,,,,,evaluation_prioritization|active_learning|uncertainty_ranking|review_triage,time_aware_required_before_training,,false,false,doi:10.2174/1874110x01509012408,doi:10.2174/1874110x01509012408,false,false,blocked_missing_evaluation_evidence,ml_rows_must_not_feed_scores_rankings_reports_backtests_trading_or_auto_adoption,production_activation_requires_later_root_approved_gate
v0_3_candidate_ml_input_0_2,"This candidate ML input row is evidence-only metadata for evaluator review. It is not a production ranking input, not a trading signal, not an adoption decision, and not automatic production activation.",sc:ecard:06aea1bbb74c3e22b38d,v0.3.0,sh:ecard:06aea1bbb74c3e22b38d,ecard:06aea1bbb74c3e22b38d,Quant_mvp\data\v0_3\selector_inputs\v0_3_selector_input.jsonl,Quant_mvp\data\v0_3\strategy_candidates\v0_3_strategy_candidate_registry.jsonl,,2026-05-06T14:04:50+00:00,draft,volatility,refine_strategy_hypothesis,false,1,1,7,8,needs_manual_or_data_review,20,low,technical,technical_score_architect,volatility_liquidity,not_specified,0,low,metadata_only,not_reported,false,false,false,6,1,1998-01-01,1998,,,,missing_evaluation_evidence,,,2015-01-01,2025-12-31,,,0,false,false,,,,,,false,metric_summary_missing_or_unavailable,false,false,false,,,,,,,,,,,,unlabeled,null_missing_evidence,null_missing_evidence,Quant_mvp\config\v0_3_selector_label_rules.toml,,,,,,,,,,,,,,,,evaluation_prioritization|active_learning|uncertainty_ranking|review_triage,time_aware_required_before_training,,false,false,doi:10.1007/978-3-642-45765-4_4,doi:10.1007/978-3-642-45765-4_4,false,false,blocked_missing_evaluation_evidence,ml_rows_must_not_feed_scores_rankings_reports_backtests_trading_or_auto_adoption,production_activation_requires_later_root_approved_gate
v0_3_candidate_ml_input_0_2,"This candidate ML input row is evidence-only metadata for evaluator review. It is not a production ranking input, not a trading signal, not an adoption decision, and not automatic production activation.",sc:ecard:075716cf8e90effeedfa,v0.3.0,sh:ecard:075716cf8e90effeedfa,ecard:075716cf8e90effeedfa,Quant_mvp\data\v0_3\selector_inputs\v0_3_selector_input.jsonl,Quant_mvp\data\v0_3\strategy_candidates\v0_3_strategy_candidate_registry.jsonl,,2026-05-06T14:04:50+00:00,draft,value,refine_strategy_hypothesis,false,4,3,6,8,excluded_valuation_lane,0,not_collectable,valuation,valuation_agent_handoff,,not_specified,0,low,metadata_only,not_reported,false,false,false,8,4,2010-01-01,2010,,,,missing_evaluation_evidence,,,2015-01-01,2025-12-31,,,0,false,false,,,,,,false,metric_summary_missing_or_unavailable,false,false,false,,,,,,,,,,,,unlabeled,null_missing_evidence,null_missing_evidence,Quant_mvp\config\v0_3_selector_label_rules.toml,,,,,,,,,,,,,,,,evaluation_prioritization|active_learning|uncertainty_ranking|review_triage,time_aware_required_before_training,,false,false,doi:10.2139/ssrn.1485858,doi:10.2139/ssrn.1485858,false,false,blocked_missing_evaluation_evidence,ml_rows_must_not_feed_scores_rankings_reports_backtests_trading_or_auto_adoption,production_activation_requires_later_root_approved_gate
v0_3_candidate_ml_input_0_2,"This candidate ML input row is evidence-only metadata for evaluator review. It is not a production ranking input, not a trading signal, not an adoption decision, and not automatic production activation.",sc:ecard:07e715a18ca303a035e9,v0.3.0,sh:ecard:07e715a18ca303a035e9,ecard:07e715a18ca303a035e9,Quant_mvp\data\v0_3\selector_inputs\v0_3_selector_input.jsonl,Quant_mvp\data\v0_3\strategy_candidates\v0_3_strategy_candidate_registry.jsonl,,2026-05-06T14:04:50+00:00,draft,momentum,refine_strategy_hypothesis,false,1,1,7,8,needs_manual_or_data_review,20,low,technical,technical_score_architect,momentum,not_specified,0,low,metadata_only,,false,false,false,6,1,2017-03-04,2017,,,,missing_evaluation_evidence,,,2015-01-01,2025-12-31,,,0,false,false,,,,,,false,metric_summary_missing_or_unavailable,false,false,false,,,,,,,,,,,,unlabeled,null_missing_evidence,null_missing_evidence,Quant_mvp\config\v0_3_selector_label_rules.toml,,,,,,,,,,,,,,,,evaluation_prioritization|active_learning|uncertainty_ranking|review_triage,time_aware_required_before_training,,false,false,doi:10.1080/14697688.2016.1205209,doi:10.1080/14697688.2016.1205209,false,false,blocked_missing_evaluation_evidence,ml_rows_must_not_feed_scores_rankings_reports_backtests_trading_or_auto_adoption,production_activation_requires_later_root_approved_gate
v0_3_candidate_ml_input_0_2,"This candidate ML input row is evidence-only metadata for evaluator review. It is not a production ranking input, not a trading signal, not an adoption decision, and not automatic production activation.",sc:ecard:07e966b064362302e95e,v0.3.0,sh:ecard:07e966b064362302e95e,ecard:07e966b064362302e95e,Quant_mvp\data\v0_3\selector_inputs\v0_3_selector_input.jsonl,Quant_mvp\data\v0_3\strategy_candidates\v0_3_strategy_candidate_registry.jsonl,,2026-05-06T14:04:50+00:00,blocked,volatility,resolve_blocker,false,2,1,7,8,excluded_rejected_or_out_of_scope,0,not_collectable,out_of_scope,reject_log,,partial,0,low,abstract_supported,not_reported,false,false,false,6,2,2024-01-25,2024,,,,missing_evaluation_evidence,,,2015-01-01,2025-12-31,,,0,false,false,,,,,,false,metric_summary_missing_or_unavailable,false,false,false,,,,,,,,,,,,unlabeled,null_missing_evidence,null_missing_evidence,Quant_mvp\config\v0_3_selector_label_rules.toml,,,,,,,,,,,,,,,,evaluation_prioritization|active_learning|uncertainty_ranking|review_triage,time_aware_required_before_training,,false,false,doi:10.1108/sef-12-2022-0599,doi:10.1108/sef-12-2022-0599,false,false,blocked_missing_evaluation_evidence,ml_rows_must_not_feed_scores_rankings_reports_backtests_trading_or_auto_adoption,production_activation_requires_later_root_approved_gate
v0_3_candidate_ml_input_0_2,"This candidate ML input row is evidence-only metadata for evaluator review. It is not a production ranking input, not a trading signal, not an adoption decision, and not automatic production activation.",sc:ecard:084778ff8e9ea209a113,v0.3.0,sh:ecard:084778ff8e9ea209a113,ecard:084778ff8e9ea209a113,Quant_mvp\data\v0_3\selector_inputs\v0_3_selector_input.jsonl,Quant_mvp\data\v0_3\strategy_candidates\v0_3_strategy_candidate_registry.jsonl,,2026-05-06T14:04:50+00:00,draft,other,refine_strategy_hypothesis,false,2,3,6,8,diagnostic_context_only,0,not_collectable,diagnostic,diagnostic_backlog,,not_specified,0,low,metadata_only,not_reported,false,false,false,6,2,2016-12-01,2016,,,,missing_evaluation_evidence,,,2015-01-01,2025-12-31,,,0,false,false,,,,,,false,metric_summary_missing_or_unavailable,false,false,false,,,,,,,,,,,,unlabeled,null_missing_evidence,null_missing_evidence,Quant_mvp\config\v0_3_selector_label_rules.toml,,,,,,,,,,,,,,,,evaluation_prioritization|active_learning|uncertainty_ranking|review_triage,time_aware_required_before_training,,false,false,doi:10.1787/888933432713,doi:10.1787/888933432713,false,false,blocked_missing_evaluation_evidence,ml_rows_must_not_feed_scores_rankings_reports_backtests_trading_or_auto_adoption,production_activation_requires_later_root_approved_gate
v0_3_candidate_ml_input_0_2,"This candidate ML input row is evidence-only metadata for evaluator review. It is not a production ranking input, not a trading signal, not an adoption decision, and not automatic production activation.",sc:ecard:087c7a7ad0c1765d43dc,v0.3.0,sh:ecard:087c7a7ad0c1765d43dc,ecard:087c7a7ad0c1765d43dc,Quant_mvp\data\v0_3\selector_inputs\v0_3_selector_input.jsonl,Quant_mvp\data\v0_3\strategy_candidates\v0_3_strategy_candidate_registry.jsonl,,2026-05-06T14:04:50+00:00,blocked,other,resolve_blocker,false,2,1,6,8,excluded_rejected_or_out_of_scope,0,not_collectable,out_of_scope,reject_log,,partial,0,low,abstract_supported,not_reported,false,false,false,6,2,2021-03-26,2021,,,,missing_evaluation_evidence,,,2015-01-01,2025-12-31,,,0,false,false,,,,,,false,metric_summary_missing_or_unavailable,false,false,false,,,,,,,,,,,,unlabeled,null_missing_evidence,null_missing_evidence,Quant_mvp\config\v0_3_selector_label_rules.toml,,,,,,,,,,,,,,,,evaluation_prioritization|active_learning|uncertainty_ranking|review_triage,time_aware_required_before_training,,false,false,doi:10.1007/s10489-021-02262-0,doi:10.1007/s10489-021-02262-0,false,false,blocked_missing_evaluation_evidence,ml_rows_must_not_feed_scores_rankings_reports_backtests_trading_or_auto_adoption,production_activation_requires_later_root_approved_gate
v0_3_candidate_ml_input_0_2,"This candidate ML input row is evidence-only metadata for evaluator review. It is not a production ranking input, not a trading signal, not an adoption decision, and not automatic production activation.",sc:ecard:08da6a7622f361dae6e2,v0.3.0,sh:ecard:08da6a7622f361dae6e2,ecard:08da6a7622f361dae6e2,Quant_mvp\data\v0_3\selector_inputs\v0_3_selector_input.jsonl,Quant_mvp\data\v0_3\strategy_candidates\v0_3_strategy_candidate_registry.jsonl,,2026-05-06T14:04:50+00:00,draft,volatility,refine_strategy_hypothesis,false,1,1,7,8,needs_manual_or_data_review,20,low,technical,technical_score_architect,volatility_liquidity,not_specified,0,low,metadata_only,not_reported,false,false,false,6,1,2021-01-01,2021,,,,missing_evaluation_evidence,,,2015-01-01,2025-12-31,,,0,false,false,,,,,,false,metric_summary_missing_or_unavailable,false,false,false,,,,,,,,,,,,unlabeled,null_missing_evidence,null_missing_evidence,Quant_mvp\config\v0_3_selector_label_rules.toml,,,,,,,,,,,,,,,,evaluation_prioritization|active_learning|uncertainty_ranking|review_triage,time_aware_required_before_training,,false,false,doi:10.1504/ijepee.2021.118985,doi:10.1504/ijepee.2021.118985,false,false,blocked_missing_evaluation_evidence,ml_rows_must_not_feed_scores_rankings_reports_backtests_trading_or_auto_adoption,production_activation_requires_later_root_approved_gate
v0_3_candidate_ml_input_0_2,"This candidate ML input row is evidence-only metadata for evaluator review. It is not a production ranking input, not a trading signal, not an adoption decision, and not automatic production activation.",sc:ecard:0910c98f460841de26c5,v0.3.0,sh:ecard:0910c98f460841de26c5,ecard:0910c98f460841de26c5,Quant_mvp\data\v0_3\selector_inputs\v0_3_selector_input.jsonl,Quant_mvp\data\v0_3\strategy_candidates\v0_3_strategy_candidate_registry.jsonl,Quant_mvp\backtest_mvp\docs\v0_3_evaluation_evidence\non_momentum_cohort_1\ee_v0_3_20260506_sc_ecard_0910c98f460841de26c5.md,2026-05-06T14:04:50+00:00,evaluable,volatility,create_evaluation_evidence,true,0,1,7,8,eligible_for_candidate_selector_review,94,high,technical,technical_score_architect,volatility_liquidity,partial,2,medium,abstract_supported,not_reported,false,false,false,6,0,2006-07-01,2006,2026-05-06,,ee_v0_3_20260506_sc_ecard_0910c98f460841de26c5,evidence_recorded,2026-05-06,2026-05-06,2015-01-02,2025-12-02,,benchmark_reference_comparison|cost|drawdown|no_feedback|no_lookahead|oos_walk_forward_stability|turnover|volatility,8,true,true,approved_evaluation_evidence,candidate_specific,candidate_level_supervised_label_candidate,strategy_candidate,sc:ecard:0910c98f460841de26c5,true,candidate_id_matches_candidate_level_evaluation_evidence,false,false,false,4.59248614414884,-0.26420150156471234,-0.26420150156471234,4.856687645713552,-0.49924422265194046,0.39104534114120565,0.686318407960199,0.5932409139655367,recorded_walk_forward_pass,0,1,candidate_level_evaluation_evidence,,positive,Quant_mvp\config\v0_3_selector_label_rules.toml,candidate_level_evaluation_evidence,candidate_specific,candidate_level_supervised_label_candidate,ee_v0_3_20260506_sc_ecard_0910c98f460841de26c5,2026-05-06,,,,,,,,,,,evaluation_prioritization|active_learning|uncertainty_ranking|review_triage,time_aware_required_before_training,,true,false,doi:10.1093/rfs/hhl019,doi:10.1093/rfs/hhl019,true,false,eligible_candidate_level_label,ml_rows_must_not_feed_scores_rankings_reports_backtests_trading_or_auto_adoption,production_activation_requires_later_root_approved_gate
v0_3_candidate_ml_input_0_2,"This candidate ML input row is evidence-only metadata for evaluator review. It is not a production ranking input, not a trading signal, not an adoption decision, and not automatic production activation.",sc:ecard:092597be238642799b67,v0.3.0,sh:ecard:092597be238642799b67,ecard:092597be238642799b67,Quant_mvp\data\v0_3\selector_inputs\v0_3_selector_input.jsonl,Quant_mvp\data\v0_3\strategy_candidates\v0_3_strategy_candidate_registry.jsonl,,2026-05-06T14:04:50+00:00,draft,volatility,refine_strategy_hypothesis,false,2,3,7,8,diagnostic_context_only,0,not_collectable,diagnostic,diagnostic_backlog,volatility_liquidity,not_specified,0,low,metadata_only,not_reported,false,false,false,6,2,2020-05-14,2020,,,,missing_evaluation_evidence,,,2015-01-01,2025-12-31,,,0,false,false,,,,,,false,metric_summary_missing_or_unavailable,false,false,false,,,,,,,,,,,,unlabeled,null_missing_evidence,null_missing_evidence,Quant_mvp\config\v0_3_selector_label_rules.toml,,,,,,,,,,,,,,,,evaluation_prioritization|active_learning|uncertainty_ranking|review_triage,time_aware_required_before_training,,false,false,doi:10.2139/ssrn.3599211,doi:10.2139/ssrn.3599211,false,false,blocked_missing_evaluation_evidence,ml_rows_must_not_feed_scores_rankings_reports_backtests_trading_or_auto_adoption,production_activation_requires_later_root_approved_gate
v0_3_candidate_ml_input_0_2,"This candidate ML input row is evidence-only metadata for evaluator review. It is not a production ranking input, not a trading signal, not an adoption decision, and not automatic production activation.",sc:ecard:09917eda425e720ed34a,v0.3.0,sh:ecard:09917eda425e720ed34a,ecard:09917eda425e720ed34a,Quant_mvp\data\v0_3\selector_inputs\v0_3_selector_input.jsonl,Quant_mvp\data\v0_3\strategy_candidates\v0_3_strategy_candidate_registry.jsonl,,2026-05-06T14:04:50+00:00,draft,other,refine_strategy_hypothesis,false,1,3,6,8,diagnostic_context_only,24,low,diagnostic,diagnostic_backlog,,partial,2,low,abstract_supported,not_reported,false,false,true,6,1,2006-11-16,2006,,,,missing_evaluation_evidence,,,2015-01-01,2025-12-31,,,0,false,false,,,,,,false,metric_summary_missing_or_unavailable,false,false,false,,,,,,,,,,,,unlabeled,null_missing_evidence,null_missing_evidence,Quant_mvp\config\v0_3_selector_label_rules.toml,,,,,,,,,,,,,,,,evaluation_prioritization|active_learning|uncertainty_ranking|review_triage,time_aware_required_before_training,,false,false,doi:10.1093/oso/9780195148145.003.0016,doi:10.1093/oso/9780195148145.003.0016,false,false,blocked_missing_evaluation_evidence,ml_rows_must_not_feed_scores_rankings_reports_backtests_trading_or_auto_adoption,production_activation_requires_later_root_approved_gate
v0_3_candidate_ml_input_0_2,"This candidate ML input row is evidence-only metadata for evaluator review. It is not a production ranking input, not a trading signal, not an adoption decision, and not automatic production activation.",sc:ecard:09a7155eb669177585ff,v0.3.0,sh:ecard:09a7155eb669177585ff,ecard:09a7155eb669177585ff,Quant_mvp\data\v0_3\selector_inputs\v0_3_selector_input.jsonl,Quant_mvp\data\v0_3\strategy_candidates\v0_3_strategy_candidate_registry.jsonl,,2026-05-06T14:04:50+00:00,draft,other,refine_strategy_hypothesis,false,2,3,6,8,diagnostic_context_only,0,not_collectable,diagnostic,diagnostic_backlog,,not_specified,0,low,metadata_only,not_reported,false,false,false,6,2,2006-08-01,2006,,,,missing_evaluation_evidence,,,2015-01-01,2025-12-31,,,0,false,false,,,,,,false,metric_summary_missing_or_unavailable,false,false,false,,,,,,,,,,,,unlabeled,null_missing_evidence,null_missing_evidence,Quant_mvp\config\v0_3_selector_label_rules.toml,,,,,,,,,,,,,,,,evaluation_prioritization|active_learning|uncertainty_ranking|review_triage,time_aware_required_before_training,,false,false,doi:10.1080/13547860600789341,doi:10.1080/13547860600789341,false,false,blocked_missing_evaluation_evidence,ml_rows_must_not_feed_scores_rankings_reports_backtests_trading_or_auto_adoption,production_activation_requires_later_root_approved_gate
v0_3_candidate_ml_input_0_2,"This candidate ML input row is evidence-only metadata for evaluator review. It is not a production ranking input, not a trading signal, not an adoption decision, and not automatic production activation.",sc:ecard:0a1d43d664f3ff18d295,v0.3.0,sh:ecard:0a1d43d664f3ff18d295,ecard:0a1d43d664f3ff18d295,Quant_mvp\data\v0_3\selector_inputs\v0_3_selector_input.jsonl,Quant_mvp\data\v0_3\strategy_candidates\v0_3_strategy_candidate_registry.jsonl,,2026-05-06T14:04:50+00:00,draft,other,refine_strategy_hypothesis,false,2,3,6,8,diagnostic_context_only,0,not_collectable,diagnostic,diagnostic_backlog,,not_specified,0,low,metadata_only,not_reported,false,false,false,6,2,2013-08-22,2013,,,,missing_evaluation_evidence,,,2015-01-01,2025-12-31,,,0,false,false,,,,,,false,metric_summary_missing_or_unavailable,false,false,false,,,,,,,,,,,,unlabeled,null_missing_evidence,null_missing_evidence,Quant_mvp\config\v0_3_selector_label_rules.toml,,,,,,,,,,,,,,,,evaluation_prioritization|active_learning|uncertainty_ranking|review_triage,time_aware_required_before_training,,false,false,doi:10.2139/ssrn.2311238,doi:10.2139/ssrn.2311238,false,false,blocked_missing_evaluation_evidence,ml_rows_must_not_feed_scores_rankings_reports_backtests_trading_or_auto_adoption,production_activation_requires_later_root_approved_gate
v0_3_candidate_ml_input_0_2,"This candidate ML input row is evidence-only metadata for evaluator review. It is not a production ranking input, not a trading signal, not an adoption decision, and not automatic production activation.",sc:ecard:0bde902d7888f21a20a0,v0.3.0,sh:ecard:0bde902d7888f21a20a0,ecard:0bde902d7888f21a20a0,Quant_mvp\data\v0_3\selector_inputs\v0_3_selector_input.jsonl,Quant_mvp\data\v0_3\strategy_candidates\v0_3_strategy_candidate_registry.jsonl,Quant_mvp\backtest_mvp\docs\v0_3_evaluation_evidence\momentum_cohort_1\ee_v0_3_20260506_sc_ecard_0bde902d7888f21a20a0.md,2026-05-06T14:04:50+00:00,evaluable,momentum,create_evaluation_evidence,true,0,1,7,8,eligible_for_candidate_selector_review,94,high,technical,technical_score_architect,momentum,partial,2,medium,abstract_supported,not_reported,false,false,false,6,0,2023-09-27,2023,2026-05-06,,ee_v0_3_20260506_sc_ecard_0bde902d7888f21a20a0,evidence_recorded,2026-05-06,2026-05-06,2015-01-02,2025-12-02,,benchmark_reference_comparison|cost|drawdown|no_feedback|no_lookahead|oos_walk_forward_stability|turnover|volatility,8,true,true,approved_evaluation_evidence,candidate_specific,candidate_level_supervised_label_candidate,strategy_candidate,sc:ecard:0bde902d7888f21a20a0,true,candidate_id_matches_candidate_level_evaluation_evidence,false,false,false,0.9478898686276229,-0.270661347208625,-0.270661347208625,1.218551215836248,-0.6092164024086726,0.2968075686560764,0.8618159203980099,0.35818175172278915,recorded_walk_forward_fail,0,0,candidate_level_evaluation_evidence,,negative,Quant_mvp\config\v0_3_selector_label_rules.toml,candidate_level_evaluation_evidence,candidate_specific,candidate_level_supervised_label_candidate,ee_v0_3_20260506_sc_ecard_0bde902d7888f21a20a0,2026-05-06,,,,,,,,,,,evaluation_prioritization|active_learning|uncertainty_ranking|review_triage,time_aware_required_before_training,,true,false,arxiv:2309.15640,arxiv:2309.15640,true,false,eligible_candidate_level_label,ml_rows_must_not_feed_scores_rankings_reports_backtests_trading_or_auto_adoption,production_activation_requires_later_root_approved_gate
v0_3_candidate_ml_input_0_2,"This candidate ML input row is evidence-only metadata for evaluator review. It is not a production ranking input, not a trading signal, not an adoption decision, and not automatic production activation.",sc:ecard:0c6304d8ed636dd97d11,v0.3.0,sh:ecard:0c6304d8ed636dd97d11,ecard:0c6304d8ed636dd97d11,Quant_mvp\data\v0_3\selector_inputs\v0_3_selector_input.jsonl,Quant_mvp\data\v0_3\strategy_candidates\v0_3_strategy_candidate_registry.jsonl,,2026-05-06T14:04:50+00:00,draft,other,refine_strategy_hypothesis,false,1,3,6,8,diagnostic_context_only,29,low,diagnostic,diagnostic_backlog,,partial,2,medium,abstract_supported,not_reported,false,false,false,6,1,2026-04-03,2026,,,,missing_evaluation_evidence,,,2015-01-01,2025-12-31,,,0,false,false,,,,,,false,metric_summary_missing_or_unavailable,false,false,false,,,,,,,,,,,,unlabeled,null_missing_evidence,null_missing_evidence,Quant_mvp\config\v0_3_selector_label_rules.toml,,,,,,,,,,,,,,,,evaluation_prioritization|active_learning|uncertainty_ranking|review_triage,time_aware_required_before_training,,false,false,doi:10.70675/c4b801c3z6cb1z4802z8557z55e44fc7022c,doi:10.70675/c4b801c3z6cb1z4802z8557z55e44fc7022c,false,false,blocked_missing_evaluation_evidence,ml_rows_must_not_feed_scores_rankings_reports_backtests_trading_or_auto_adoption,production_activation_requires_later_root_approved_gate
v0_3_candidate_ml_input_0_2,"This candidate ML input row is evidence-only metadata for evaluator review. It is not a production ranking input, not a trading signal, not an adoption decision, and not automatic production activation.",sc:ecard:0d697687f5142e31a28c,v0.3.0,sh:ecard:0d697687f5142e31a28c,ecard:0d697687f5142e31a28c,Quant_mvp\data\v0_3\selector_inputs\v0_3_selector_input.jsonl,Quant_mvp\data\v0_3\strategy_candidates\v0_3_strategy_candidate_registry.jsonl,,2026-05-06T14:04:50+00:00,draft,volatility,refine_strategy_hypothesis,false,1,1,7,8,needs_manual_or_data_review,20,low,technical,technical_score_architect,volatility_liquidity,not_specified,0,low,metadata_only,not_reported,false,false,false,6,1,2018-04-24,2018,,,,missing_evaluation_evidence,,,2015-01-01,2025-12-31,,,0,false,false,,,,,,false,metric_summary_missing_or_unavailable,false,false,false,,,,,,,,,,,,unlabeled,null_missing_evidence,null_missing_evidence,Quant_mvp\config\v0_3_selector_label_rules.toml,,,,,,,,,,,,,,,,evaluation_prioritization|active_learning|uncertainty_ranking|review_triage,time_aware_required_before_training,,false,false,doi:10.1016/j.pacfin.2018.04.008,doi:10.1016/j.pacfin.2018.04.008,false,false,blocked_missing_evaluation_evidence,ml_rows_must_not_feed_scores_rankings_reports_backtests_trading_or_auto_adoption,production_activation_requires_later_root_approved_gate
v0_3_candidate_ml_input_0_2,"This candidate ML input row is evidence-only metadata for evaluator review. It is not a production ranking input, not a trading signal, not an adoption decision, and not automatic production activation.",sc:ecard:0da45534c2e2d78afee8,v0.3.0,sh:ecard:0da45534c2e2d78afee8,ecard:0da45534c2e2d78afee8,Quant_mvp\data\v0_3\selector_inputs\v0_3_selector_input.jsonl,Quant_mvp\data\v0_3\strategy_candidates\v0_3_strategy_candidate_registry.jsonl,,2026-05-06T14:04:50+00:00,draft,volatility,refine_strategy_hypothesis,false,1,1,7,8,needs_manual_or_data_review,20,low,technical,technical_score_architect,volatility_liquidity,not_specified,0,low,metadata_only,not_reported,false,false,false,6,1,2003-10-01,2003,,,,missing_evaluation_evidence,,,2015-01-01,2025-12-31,,,0,false,false,,,,,,false,metric_summary_missing_or_unavailable,false,false,false,,,,,,,,,,,,unlabeled,null_missing_evidence,null_missing_evidence,Quant_mvp\config\v0_3_selector_label_rules.toml,,,,,,,,,,,,,,,,evaluation_prioritization|active_learning|uncertainty_ranking|review_triage,time_aware_required_before_training,,false,false,doi:10.1016/s0165-1765(03)00146-0,doi:10.1016/s0165-1765(03)00146-0,false,false,blocked_missing_evaluation_evidence,ml_rows_must_not_feed_scores_rankings_reports_backtests_trading_or_auto_adoption,production_activation_requires_later_root_approved_gate
v0_3_candidate_ml_input_0_2,"This candidate ML input row is evidence-only metadata for evaluator review. It is not a production ranking input, not a trading signal, not an adoption decision, and not automatic production activation.",sc:ecard:0de28720ea2ffa5fbf91,v0.3.0,sh:ecard:0de28720ea2ffa5fbf91,ecard:0de28720ea2ffa5fbf91,Quant_mvp\data\v0_3\selector_inputs\v0_3_selector_input.jsonl,Quant_mvp\data\v0_3\strategy_candidates\v0_3_strategy_candidate_registry.jsonl,,2026-05-06T14:04:50+00:00,draft,other,refine_strategy_hypothesis,false,2,3,6,8,diagnostic_context_only,0,not_collectable,diagnostic,diagnostic_backlog,,not_specified,0,low,metadata_only,not_reported,false,false,true,6,2,2013-11-01,2013,,,,missing_evaluation_evidence,,,2015-01-01,2025-12-31,,,0,false,false,,,,,,false,metric_summary_missing_or_unavailable,false,false,false,,,,,,,,,,,,unlabeled,null_missing_evidence,null_missing_evidence,Quant_mvp\config\v0_3_selector_label_rules.toml,,,,,,,,,,,,,,,,evaluation_prioritization|active_learning|uncertainty_ranking|review_triage,time_aware_required_before_training,,false,false,doi:10.2469/dig.v43.n4.55,doi:10.2469/dig.v43.n4.55,false,false,blocked_missing_evaluation_evidence,ml_rows_must_not_feed_scores_rankings_reports_backtests_trading_or_auto_adoption,production_activation_requires_later_root_approved_gate
v0_3_candidate_ml_input_0_2,"This candidate ML input row is evidence-only metadata for evaluator review. It is not a production ranking input, not a trading signal, not an adoption decision, and not automatic production activation.",sc:ecard:0dfb47038bab4bf492d6,v0.3.0,sh:ecard:0dfb47038bab4bf492d6,ecard:0dfb47038bab4bf492d6,Quant_mvp\data\v0_3\selector_inputs\v0_3_selector_input.jsonl,Quant_mvp\data\v0_3\strategy_candidates\v0_3_strategy_candidate_registry.jsonl,,2026-05-06T14:04:50+00:00,draft,other,refine_strategy_hypothesis,false,2,3,6,8,diagnostic_context_only,0,not_collectable,diagnostic,diagnostic_backlog,,not_specified,0,low,metadata_only,not_reported,false,false,false,6,2,2002-01-01,2002,,,,missing_evaluation_evidence,,,2015-01-01,2025-12-31,,,0,false,false,,,,,,false,metric_summary_missing_or_unavailable,false,false,false,,,,,,,,,,,,unlabeled,null_missing_evidence,null_missing_evidence,Quant_mvp\config\v0_3_selector_label_rules.toml,,,,,,,,,,,,,,,,evaluation_prioritization|active_learning|uncertainty_ranking|review_triage,time_aware_required_before_training,,false,false,doi:10.1007/0-306-47579-0_3,doi:10.1007/0-306-47579-0_3,false,false,blocked_missing_evaluation_evidence,ml_rows_must_not_feed_scores_rankings_reports_backtests_trading_or_auto_adoption,production_activation_requires_later_root_approved_gate
v0_3_candidate_ml_input_0_2,"This candidate ML input row is evidence-only metadata for evaluator review. It is not a production ranking input, not a trading signal, not an adoption decision, and not automatic production activation.",sc:ecard:0e66936e21140c4082c9,v0.3.0,sh:ecard:0e66936e21140c4082c9,ecard:0e66936e21140c4082c9,Quant_mvp\data\v0_3\selector_inputs\v0_3_selector_input.jsonl,Quant_mvp\data\v0_3\strategy_candidates\v0_3_strategy_candidate_registry.jsonl,,2026-05-06T14:04:50+00:00,draft,other,refine_strategy_hypothesis,false,2,3,6,8,diagnostic_context_only,0,not_collectable,diagnostic,diagnostic_backlog,,not_specified,0,low,metadata_only,not_reported,false,false,false,6,2,2011-12-28,2011,,,,missing_evaluation_evidence,,,2015-01-01,2025-12-31,,,0,false,false,,,,,,false,metric_summary_missing_or_unavailable,false,false,false,,,,,,,,,,,,unlabeled,null_missing_evidence,null_missing_evidence,Quant_mvp\config\v0_3_selector_label_rules.toml,,,,,,,,,,,,,,,,evaluation_prioritization|active_learning|uncertainty_ranking|review_triage,time_aware_required_before_training,,false,false,doi:10.2139/ssrn.1087044,doi:10.2139/ssrn.1087044,false,false,blocked_missing_evaluation_evidence,ml_rows_must_not_feed_scores_rankings_reports_backtests_trading_or_auto_adoption,production_activation_requires_later_root_approved_gate
v0_3_candidate_ml_input_0_2,"This candidate ML input row is evidence-only metadata for evaluator review. It is not a production ranking input, not a trading signal, not an adoption decision, and not automatic production activation.",sc:ecard:0e7a224a8bb0a60013dd,v0.3.0,sh:ecard:0e7a224a8bb0a60013dd,ecard:0e7a224a8bb0a60013dd,Quant_mvp\data\v0_3\selector_inputs\v0_3_selector_input.jsonl,Quant_mvp\data\v0_3\strategy_candidates\v0_3_strategy_candidate_registry.jsonl,,2026-05-06T14:04:50+00:00,draft,volatility,refine_strategy_hypothesis,false,1,3,7,8,diagnostic_context_only,24,low,diagnostic,diagnostic_backlog,volatility_liquidity,partial,2,low,abstract_supported,not_reported,false,false,false,6,1,2020-09-12,2020,,,,missing_evaluation_evidence,,,2015-01-01,2025-12-31,,,0,false,false,,,,,,false,metric_summary_missing_or_unavailable,false,false,false,,,,,,,,,,,,unlabeled,null_missing_evidence,null_missing_evidence,Quant_mvp\config\v0_3_selector_label_rules.toml,,,,,,,,,,,,,,,,evaluation_prioritization|active_learning|uncertainty_ranking|review_triage,time_aware_required_before_training,,false,false,doi:10.3390/jrfm13090208,doi:10.3390/jrfm13090208,false,false,blocked_missing_evaluation_evidence,ml_rows_must_not_feed_scores_rankings_reports_backtests_trading_or_auto_adoption,production_activation_requires_later_root_approved_gate
v0_3_candidate_ml_input_0_2,"This candidate ML input row is evidence-only metadata for evaluator review. It is not a production ranking input, not a trading signal, not an adoption decision, and not automatic production activation.",sc:ecard:0ea80bc3c758f3bb0194,v0.3.0,sh:ecard:0ea80bc3c758f3bb0194,ecard:0ea80bc3c758f3bb0194,Quant_mvp\data\v0_3\selector_inputs\v0_3_selector_input.jsonl,Quant_mvp\data\v0_3\strategy_candidates\v0_3_strategy_candidate_registry.jsonl,,2026-05-06T14:04:50+00:00,draft,volatility,refine_strategy_hypothesis,false,2,3,7,8,diagnostic_context_only,0,not_collectable,diagnostic,diagnostic_backlog,volatility_liquidity,not_specified,0,low,metadata_only,not_reported,false,false,false,6,2,2010-01-01,2010,,,,missing_evaluation_evidence,,,2015-01-01,2025-12-31,,,0,false,false,,,,,,false,metric_summary_missing_or_unavailable,false,false,false,,,,,,,,,,,,unlabeled,null_missing_evidence,null_missing_evidence,Quant_mvp\config\v0_3_selector_label_rules.toml,,,,,,,,,,,,,,,,evaluation_prioritization|active_learning|uncertainty_ranking|review_triage,time_aware_required_before_training,,false,false,doi:10.1007/978-3-8349-8716-7_4,doi:10.1007/978-3-8349-8716-7_4,false,false,blocked_missing_evaluation_evidence,ml_rows_must_not_feed_scores_rankings_reports_backtests_trading_or_auto_adoption,production_activation_requires_later_root_approved_gate
v0_3_candidate_ml_input_0_2,"This candidate ML input row is evidence-only metadata for evaluator review. It is not a production ranking input, not a trading signal, not an adoption decision, and not automatic production activation.",sc:ecard:0ec544290e932aee91e0,v0.3.0,sh:ecard:0ec544290e932aee91e0,ecard:0ec544290e932aee91e0,Quant_mvp\data\v0_3\selector_inputs\v0_3_selector_input.jsonl,Quant_mvp\data\v0_3\strategy_candidates\v0_3_strategy_candidate_registry.jsonl,,2026-05-06T14:04:50+00:00,draft,volatility,refine_strategy_hypothesis,false,1,3,7,8,diagnostic_context_only,24,low,diagnostic,diagnostic_backlog,volatility_liquidity,partial,2,low,abstract_supported,not_reported,false,false,false,6,1,1999-12-01,1999,,,,missing_evaluation_evidence,,,2015-01-01,2025-12-31,,,0,false,false,,,,,,false,metric_summary_missing_or_unavailable,false,false,false,,,,,,,,,,,,unlabeled,null_missing_evidence,null_missing_evidence,Quant_mvp\config\v0_3_selector_label_rules.toml,,,,,,,,,,,,,,,,evaluation_prioritization|active_learning|uncertainty_ranking|review_triage,time_aware_required_before_training,,false,false,doi:10.5860/choice.37-2272,doi:10.5860/choice.37-2272,false,false,blocked_missing_evaluation_evidence,ml_rows_must_not_feed_scores_rankings_reports_backtests_trading_or_auto_adoption,production_activation_requires_later_root_approved_gate
v0_3_candidate_ml_input_0_2,"This candidate ML input row is evidence-only metadata for evaluator review. It is not a production ranking input, not a trading signal, not an adoption decision, and not automatic production activation.",sc:ecard:0ed89e098790eee2dc5d,v0.3.0,sh:ecard:0ed89e098790eee2dc5d,ecard:0ed89e098790eee2dc5d,Quant_mvp\data\v0_3\selector_inputs\v0_3_selector_input.jsonl,Quant_mvp\data\v0_3\strategy_candidates\v0_3_strategy_candidate_registry.jsonl,,2026-05-06T14:04:50+00:00,draft,value,refine_strategy_hypothesis,false,4,3,6,8,excluded_valuation_lane,0,not_collectable,valuation,valuation_agent_handoff,,partial,0,medium,abstract_supported,not_reported,false,false,false,8,4,2000-10-01,2000,,,,missing_evaluation_evidence,,,2015-01-01,2025-12-31,,,0,false,false,,,,,,false,metric_summary_missing_or_unavailable,false,false,false,,,,,,,,,,,,unlabeled,null_missing_evidence,null_missing_evidence,Quant_mvp\config\v0_3_selector_label_rules.toml,,,,,,,,,,,,,,,,evaluation_prioritization|active_learning|uncertainty_ranking|review_triage,time_aware_required_before_training,,false,false,doi:10.1080/000368400419014,doi:10.1080/000368400419014,false,false,blocked_missing_evaluation_evidence,ml_rows_must_not_feed_scores_rankings_reports_backtests_trading_or_auto_adoption,production_activation_requires_later_root_approved_gate
v0_3_candidate_ml_input_0_2,"This candidate ML input row is evidence-only metadata for evaluator review. It is not a production ranking input, not a trading signal, not an adoption decision, and not automatic production activation.",sc:ecard:0f025463d7d92b69a956,v0.3.0,sh:ecard:0f025463d7d92b69a956,ecard:0f025463d7d92b69a956,Quant_mvp\data\v0_3\selector_inputs\v0_3_selector_input.jsonl,Quant_mvp\data\v0_3\strategy_candidates\v0_3_strategy_candidate_registry.jsonl,,2026-05-06T14:04:50+00:00,draft,value,refine_strategy_hypothesis,false,4,3,6,8,excluded_valuation_lane,0,not_collectable,valuation,valuation_agent_handoff,,partial,0,medium,abstract_supported,not_reported,false,false,false,8,4,2024-01-22,2024,,,,missing_evaluation_evidence,,,2015-01-01,2025-12-31,,,0,false,false,,,,,,false,metric_summary_missing_or_unavailable,false,false,false,,,,,,,,,,,,unlabeled,null_missing_evidence,null_missing_evidence,Quant_mvp\config\v0_3_selector_label_rules.toml,,,,,,,,,,,,,,,,evaluation_prioritization|active_learning|uncertainty_ranking|review_triage,time_aware_required_before_training,,false,false,doi:10.30738/sosio.v10i1.15870,doi:10.30738/sosio.v10i1.15870,false,false,blocked_missing_evaluation_evidence,ml_rows_must_not_feed_scores_rankings_reports_backtests_trading_or_auto_adoption,production_activation_requires_later_root_approved_gate
v0_3_candidate_ml_input_0_2,"This candidate ML input row is evidence-only metadata for evaluator review. It is not a production ranking input, not a trading signal, not an adoption decision, and not automatic production activation.",sc:ecard:0f391b1ac869df682d84,v0.3.0,sh:ecard:0f391b1ac869df682d84,ecard:0f391b1ac869df682d84,Quant_mvp\data\v0_3\selector_inputs\v0_3_selector_input.jsonl,Quant_mvp\data\v0_3\strategy_candidates\v0_3_strategy_candidate_registry.jsonl,,2026-05-06T14:04:50+00:00,draft,volatility,refine_strategy_hypothesis,false,2,3,7,8,diagnostic_context_only,0,not_collectable,diagnostic,diagnostic_backlog,volatility_liquidity,not_specified,0,low,metadata_only,not_reported,false,false,false,6,2,2013-01-01,2013,,,,missing_evaluation_evidence,,,2015-01-01,2025-12-31,,,0,false,false,,,,,,false,metric_summary_missing_or_unavailable,false,false,false,,,,,,,,,,,,unlabeled,null_missing_evidence,null_missing_evidence,Quant_mvp\config\v0_3_selector_label_rules.toml,,,,,,,,,,,,,,,,evaluation_prioritization|active_learning|uncertainty_ranking|review_triage,time_aware_required_before_training,,false,false,doi:10.2753/ree1540-496x490106,doi:10.2753/ree1540-496x490106,false,false,blocked_missing_evaluation_evidence,ml_rows_must_not_feed_scores_rankings_reports_backtests_trading_or_auto_adoption,production_activation_requires_later_root_approved_gate
v0_3_candidate_ml_input_0_2,"This candidate ML input row is evidence-only metadata for evaluator review. It is not a production ranking input, not a trading signal, not an adoption decision, and not automatic production activation.",sc:ecard:104ab11ff65d2084bbac,v0.3.0,sh:ecard:104ab11ff65d2084bbac,ecard:104ab11ff65d2084bbac,Quant_mvp\data\v0_3\selector_inputs\v0_3_selector_input.jsonl,Quant_mvp\data\v0_3\strategy_candidates\v0_3_strategy_candidate_registry.jsonl,,2026-05-06T14:04:50+00:00,draft,volatility,refine_strategy_hypothesis,false,2,3,7,8,diagnostic_context_only,0,not_collectable,diagnostic,diagnostic_backlog,volatility_liquidity,not_specified,0,low,metadata_only,not_reported,false,false,false,6,2,2011-12-28,2011,,,,missing_evaluation_evidence,,,2015-01-01,2025-12-31,,,0,false,false,,,,,,false,metric_summary_missing_or_unavailable,false,false,false,,,,,,,,,,,,unlabeled,null_missing_evidence,null_missing_evidence,Quant_mvp\config\v0_3_selector_label_rules.toml,,,,,,,,,,,,,,,,evaluation_prioritization|active_learning|uncertainty_ranking|review_triage,time_aware_required_before_training,,false,false,doi:10.2139/ssrn.926373,doi:10.2139/ssrn.926373,false,false,blocked_missing_evaluation_evidence,ml_rows_must_not_feed_scores_rankings_reports_backtests_trading_or_auto_adoption,production_activation_requires_later_root_approved_gate
v0_3_candidate_ml_input_0_2,"This candidate ML input row is evidence-only metadata for evaluator review. It is not a production ranking input, not a trading signal, not an adoption decision, and not automatic production activation.",sc:ecard:107110bf6d28091bc519,v0.3.0,sh:ecard:107110bf6d28091bc519,ecard:107110bf6d28091bc519,Quant_mvp\data\v0_3\selector_inputs\v0_3_selector_input.jsonl,Quant_mvp\data\v0_3\strategy_candidates\v0_3_strategy_candidate_registry.jsonl,,2026-05-06T14:04:50+00:00,blocked,other,resolve_blocker,false,2,1,6,8,excluded_rejected_or_out_of_scope,0,not_collectable,out_of_scope,reject_log,,not_specified,0,low,metadata_only,not_reported,false,false,false,6,2,2010-01-01,2010,,,,missing_evaluation_evidence,,,2015-01-01,2025-12-31,,,0,false,false,,,,,,false,metric_summary_missing_or_unavailable,false,false,false,,,,,,,,,,,,unlabeled,null_missing_evidence,null_missing_evidence,Quant_mvp\config\v0_3_selector_label_rules.toml,,,,,,,,,,,,,,,,evaluation_prioritization|active_learning|uncertainty_ranking|review_triage,time_aware_required_before_training,,false,false,doi:10.1007/978-3-642-13541-5_28,doi:10.1007/978-3-642-13541-5_28,false,false,blocked_missing_evaluation_evidence,ml_rows_must_not_feed_scores_rankings_reports_backtests_trading_or_auto_adoption,production_activation_requires_later_root_approved_gate
v0_3_candidate_ml_input_0_2,"This candidate ML input row is evidence-only metadata for evaluator review. It is not a production ranking input, not a trading signal, not an adoption decision, and not automatic production activation.",sc:ecard:10798fed15c217f31b98,v0.3.0,sh:ecard:10798fed15c217f31b98,ecard:10798fed15c217f31b98,Quant_mvp\data\v0_3\selector_inputs\v0_3_selector_input.jsonl,Quant_mvp\data\v0_3\strategy_candidates\v0_3_strategy_candidate_registry.jsonl,,2026-05-06T14:04:50+00:00,draft,reversal,refine_strategy_hypothesis,false,1,1,7,8,needs_manual_or_data_review,20,low,technical,technical_score_architect,mean_reversion,not_specified,0,low,metadata_only,,false,false,false,6,1,2025-05-14,2025,,,,missing_evaluation_evidence,,,2015-01-01,2025-12-31,,,0,false,false,,,,,,false,metric_summary_missing_or_unavailable,false,false,false,,,,,,,,,,,,unlabeled,null_missing_evidence,null_missing_evidence,Quant_mvp\config\v0_3_selector_label_rules.toml,,,,,,,,,,,,,,,,evaluation_prioritization|active_learning|uncertainty_ranking|review_triage,time_aware_required_before_training,,false,false,doi:10.2139/ssrn.5250499,doi:10.2139/ssrn.5250499,false,false,blocked_missing_evaluation_evidence,ml_rows_must_not_feed_scores_rankings_reports_backtests_trading_or_auto_adoption,production_activation_requires_later_root_approved_gate
v0_3_candidate_ml_input_0_2,"This candidate ML input row is evidence-only metadata for evaluator review. It is not a production ranking input, not a trading signal, not an adoption decision, and not automatic production activation.",sc:ecard:10b15cfce4696e90bebb,v0.3.0,sh:ecard:10b15cfce4696e90bebb,ecard:10b15cfce4696e90bebb,Quant_mvp\data\v0_3\selector_inputs\v0_3_selector_input.jsonl,Quant_mvp\data\v0_3\strategy_candidates\v0_3_strategy_candidate_registry.jsonl,,2026-05-06T14:04:50+00:00,draft,value,refine_strategy_hypothesis,false,4,3,6,8,excluded_valuation_lane,0,not_collectable,valuation,valuation_agent_handoff,,not_specified,0,low,metadata_only,not_reported,false,false,false,8,4,1993-12-01,1993,,,,missing_evaluation_evidence,,,2015-01-01,2025-12-31,,,0,false,false,,,,,,false,metric_summary_missing_or_unavailable,false,false,false,,,,,,,,,,,,unlabeled,null_missing_evidence,null_missing_evidence,Quant_mvp\config\v0_3_selector_label_rules.toml,,,,,,,,,,,,,,,,evaluation_prioritization|active_learning|uncertainty_ranking|review_triage,time_aware_required_before_training,,false,false,doi:10.3386/w4595,doi:10.3386/w4595,false,false,blocked_missing_evaluation_evidence,ml_rows_must_not_feed_scores_rankings_reports_backtests_trading_or_auto_adoption,production_activation_requires_later_root_approved_gate
v0_3_candidate_ml_input_0_2,"This candidate ML input row is evidence-only metadata for evaluator review. It is not a production ranking input, not a trading signal, not an adoption decision, and not automatic production activation.",sc:ecard:1124e9d59d3a0cdcf2b1,v0.3.0,sh:ecard:1124e9d59d3a0cdcf2b1,ecard:1124e9d59d3a0cdcf2b1,Quant_mvp\data\v0_3\selector_inputs\v0_3_selector_input.jsonl,Quant_mvp\data\v0_3\strategy_candidates\v0_3_strategy_candidate_registry.jsonl,,2026-05-06T14:04:50+00:00,blocked,other,resolve_blocker,false,2,1,6,8,excluded_rejected_or_out_of_scope,0,not_collectable,out_of_scope,reject_log,,not_specified,0,low,metadata_only,not_reported,false,false,false,6,2,2012-01-04,2012,,,,missing_evaluation_evidence,,,2015-01-01,2025-12-31,,,0,false,false,,,,,,false,metric_summary_missing_or_unavailable,false,false,false,,,,,,,,,,,,unlabeled,null_missing_evidence,null_missing_evidence,Quant_mvp\config\v0_3_selector_label_rules.toml,,,,,,,,,,,,,,,,evaluation_prioritization|active_learning|uncertainty_ranking|review_triage,time_aware_required_before_training,,false,false,doi:10.2139/ssrn.1552125,doi:10.2139/ssrn.1552125,false,false,blocked_missing_evaluation_evidence,ml_rows_must_not_feed_scores_rankings_reports_backtests_trading_or_auto_adoption,production_activation_requires_later_root_approved_gate
v0_3_candidate_ml_input_0_2,"This candidate ML input row is evidence-only metadata for evaluator review. It is not a production ranking input, not a trading signal, not an adoption decision, and not automatic production activation.",sc:ecard:113d78d83dd2722dcae2,v0.3.0,sh:ecard:113d78d83dd2722dcae2,ecard:113d78d83dd2722dcae2,Quant_mvp\data\v0_3\selector_inputs\v0_3_selector_input.jsonl,Quant_mvp\data\v0_3\strategy_candidates\v0_3_strategy_candidate_registry.jsonl,,2026-05-06T14:04:50+00:00,draft,other,refine_strategy_hypothesis,false,2,3,6,8,diagnostic_context_only,0,not_collectable,diagnostic,diagnostic_backlog,,not_specified,0,low,metadata_only,not_reported,false,false,true,6,2,2022-04-19,2022,,,,missing_evaluation_evidence,,,2015-01-01,2025-12-31,,,0,false,false,,,,,,false,metric_summary_missing_or_unavailable,false,false,false,,,,,,,,,,,,unlabeled,null_missing_evidence,null_missing_evidence,Quant_mvp\config\v0_3_selector_label_rules.toml,,,,,,,,,,,,,,,,evaluation_prioritization|active_learning|uncertainty_ranking|review_triage,time_aware_required_before_training,,false,false,doi:10.1201/9781003278214-11,doi:10.1201/9781003278214-11,false,false,blocked_missing_evaluation_evidence,ml_rows_must_not_feed_scores_rankings_reports_backtests_trading_or_auto_adoption,production_activation_requires_later_root_approved_gate
v0_3_candidate_ml_input_0_2,"This candidate ML input row is evidence-only metadata for evaluator review. It is not a production ranking input, not a trading signal, not an adoption decision, and not automatic production activation.",sc:ecard:11b1351c43e8100fa6b4,v0.3.0,sh:ecard:11b1351c43e8100fa6b4,ecard:11b1351c43e8100fa6b4,Quant_mvp\data\v0_3\selector_inputs\v0_3_selector_input.jsonl,Quant_mvp\data\v0_3\strategy_candidates\v0_3_strategy_candidate_registry.jsonl,,2026-05-06T14:04:50+00:00,draft,volatility,refine_strategy_hypothesis,false,1,1,7,8,needs_manual_or_data_review,20,low,technical,technical_score_architect,volatility_liquidity,not_specified,0,low,metadata_only,not_reported,false,false,false,6,1,2017-11-22,2017,,,,missing_evaluation_evidence,,,2015-01-01,2025-12-31,,,0,false,false,,,,,,false,metric_summary_missing_or_unavailable,false,false,false,,,,,,,,,,,,unlabeled,null_missing_evidence,null_missing_evidence,Quant_mvp\config\v0_3_selector_label_rules.toml,,,,,,,,,,,,,,,,evaluation_prioritization|active_learning|uncertainty_ranking|review_triage,time_aware_required_before_training,,false,false,doi:10.2139/ssrn.3067801,doi:10.2139/ssrn.3067801,false,false,blocked_missing_evaluation_evidence,ml_rows_must_not_feed_scores_rankings_reports_backtests_trading_or_auto_adoption,production_activation_requires_later_root_approved_gate
v0_3_candidate_ml_input_0_2,"This candidate ML input row is evidence-only metadata for evaluator review. It is not a production ranking input, not a trading signal, not an adoption decision, and not automatic production activation.",sc:ecard:122d62c1e7a158e952c2,v0.3.0,sh:ecard:122d62c1e7a158e952c2,ecard:122d62c1e7a158e952c2,Quant_mvp\data\v0_3\selector_inputs\v0_3_selector_input.jsonl,Quant_mvp\data\v0_3\strategy_candidates\v0_3_strategy_candidate_registry.jsonl,,2026-05-06T14:04:50+00:00,draft,volatility,refine_strategy_hypothesis,false,1,1,7,8,needs_manual_or_data_review,20,low,technical,technical_score_architect,volatility_liquidity,not_specified,0,low,metadata_only,not_reported,false,false,false,6,1,2025-12-01,2025,,,,missing_evaluation_evidence,,,2015-01-01,2025-12-31,,,0,false,false,,,,,,false,metric_summary_missing_or_unavailable,false,false,false,,,,,,,,,,,,unlabeled,null_missing_evidence,null_missing_evidence,Quant_mvp\config\v0_3_selector_label_rules.toml,,,,,,,,,,,,,,,,evaluation_prioritization|active_learning|uncertainty_ranking|review_triage,time_aware_required_before_training,,false,false,doi:10.1016/j.frl.2025.108771,doi:10.1016/j.frl.2025.108771,false,false,blocked_missing_evaluation_evidence,ml_rows_must_not_feed_scores_rankings_reports_backtests_trading_or_auto_adoption,production_activation_requires_later_root_approved_gate
v0_3_candidate_ml_input_0_2,"This candidate ML input row is evidence-only metadata for evaluator review. It is not a production ranking input, not a trading signal, not an adoption decision, and not automatic production activation.",sc:ecard:1249c6c6218c2503bd20,v0.3.0,sh:ecard:1249c6c6218c2503bd20,ecard:1249c6c6218c2503bd20,Quant_mvp\data\v0_3\selector_inputs\v0_3_selector_input.jsonl,Quant_mvp\data\v0_3\strategy_candidates\v0_3_strategy_candidate_registry.jsonl,,2026-05-06T14:04:50+00:00,draft,value,refine_strategy_hypothesis,false,4,2,6,8,needs_hybrid_split,3,low,hybrid,hybrid_split_required,momentum,partial,0,low,abstract_supported,not_reported,false,false,false,8,4,2017-07-18,2017,,,,missing_evaluation_evidence,,,2015-01-01,2025-12-31,,,0,false,false,,,,,,false,metric_summary_missing_or_unavailable,false,false,false,,,,,,,,,,,,unlabeled,null_missing_evidence,null_missing_evidence,Quant_mvp\config\v0_3_selector_label_rules.toml,,,,,,,,,,,,,,,,evaluation_prioritization|active_learning|uncertainty_ranking|review_triage,time_aware_required_before_training,,false,false,doi:10.1016/j.physa.2017.05.078,doi:10.1016/j.physa.2017.05.078,false,false,blocked_missing_evaluation_evidence,ml_rows_must_not_feed_scores_rankings_reports_backtests_trading_or_auto_adoption,production_activation_requires_later_root_approved_gate
v0_3_candidate_ml_input_0_2,"This candidate ML input row is evidence-only metadata for evaluator review. It is not a production ranking input, not a trading signal, not an adoption decision, and not automatic production activation.",sc:ecard:126fb6084d72e85e82a0,v0.3.0,sh:ecard:126fb6084d72e85e82a0,ecard:126fb6084d72e85e82a0,Quant_mvp\data\v0_3\selector_inputs\v0_3_selector_input.jsonl,Quant_mvp\data\v0_3\strategy_candidates\v0_3_strategy_candidate_registry.jsonl,Quant_mvp\backtest_mvp\docs\v0_3_evaluation_evidence\non_momentum_cohort_1\ee_v0_3_20260506_sc_ecard_126fb6084d72e85e82a0.md,2026-05-06T14:04:50+00:00,evaluable,other,create_evaluation_evidence,true,0,1,6,8,eligible_for_candidate_selector_review,94,high,technical,technical_score_architect,,partial,2,medium,abstract_supported,not_reported,true,false,false,6,0,2007-12-21,2007,2026-05-06,,ee_v0_3_20260506_sc_ecard_126fb6084d72e85e82a0,evidence_recorded,2026-05-06,2026-05-06,2015-01-02,2025-12-02,,benchmark_reference_comparison|cost|drawdown|no_feedback|no_lookahead|oos_walk_forward_stability|turnover|volatility,8,true,true,approved_evaluation_evidence,candidate_specific,candidate_level_supervised_label_candidate,strategy_candidate,sc:ecard:126fb6084d72e85e82a0,true,candidate_id_matches_candidate_level_evaluation_evidence,false,false,false,0.9478898686276229,-0.270661347208625,-0.270661347208625,1.218551215836248,-0.6092164024086726,0.2968075686560764,0.8618159203980099,0.35818175172278915,recorded_walk_forward_fail,0,0,candidate_level_evaluation_evidence,,negative,Quant_mvp\config\v0_3_selector_label_rules.toml,candidate_level_evaluation_evidence,candidate_specific,candidate_level_supervised_label_candidate,ee_v0_3_20260506_sc_ecard_126fb6084d72e85e82a0,2026-05-06,,,,,,,,,,,evaluation_prioritization|active_learning|uncertainty_ranking|review_triage,time_aware_required_before_training,,true,false,doi:10.24191/mar.v6i2.514,doi:10.24191/mar.v6i2.514,true,false,eligible_candidate_level_label,ml_rows_must_not_feed_scores_rankings_reports_backtests_trading_or_auto_adoption,production_activation_requires_later_root_approved_gate
v0_3_candidate_ml_input_0_2,"This candidate ML input row is evidence-only metadata for evaluator review. It is not a production ranking input, not a trading signal, not an adoption decision, and not automatic production activation.",sc:ecard:1273538b300b760d3f54,v0.3.0,sh:ecard:1273538b300b760d3f54,ecard:1273538b300b760d3f54,Quant_mvp\data\v0_3\selector_inputs\v0_3_selector_input.jsonl,Quant_mvp\data\v0_3\strategy_candidates\v0_3_strategy_candidate_registry.jsonl,,2026-05-06T14:04:50+00:00,draft,value,refine_strategy_hypothesis,false,4,3,6,8,excluded_valuation_lane,0,not_collectable,valuation,valuation_agent_handoff,,partial,0,low,abstract_supported,not_reported,false,false,false,8,4,2009-12-23,2009,,,,missing_evaluation_evidence,,,2015-01-01,2025-12-31,,,0,false,false,,,,,,false,metric_summary_missing_or_unavailable,false,false,false,,,,,,,,,,,,unlabeled,null_missing_evidence,null_missing_evidence,Quant_mvp\config\v0_3_selector_label_rules.toml,,,,,,,,,,,,,,,,evaluation_prioritization|active_learning|uncertainty_ranking|review_triage,time_aware_required_before_training,,false,false,doi:10.2308/accr.2010.85.1.31,doi:10.2308/accr.2010.85.1.31,false,false,blocked_missing_evaluation_evidence,ml_rows_must_not_feed_scores_rankings_reports_backtests_trading_or_auto_adoption,production_activation_requires_later_root_approved_gate
v0_3_candidate_ml_input_0_2,"This candidate ML input row is evidence-only metadata for evaluator review. It is not a production ranking input, not a trading signal, not an adoption decision, and not automatic production activation.",sc:ecard:12d94c8d1ebdc8f1eb69,v0.3.0,sh:ecard:12d94c8d1ebdc8f1eb69,ecard:12d94c8d1ebdc8f1eb69,Quant_mvp\data\v0_3\selector_inputs\v0_3_selector_input.jsonl,Quant_mvp\data\v0_3\strategy_candidates\v0_3_strategy_candidate_registry.jsonl,,2026-05-06T14:04:50+00:00,draft,value,refine_strategy_hypothesis,false,4,3,6,8,excluded_valuation_lane,0,not_collectable,valuation,valuation_agent_handoff,,not_specified,0,low,metadata_only,not_reported,false,false,false,8,4,2017-01-01,2017,,,,missing_evaluation_evidence,,,2015-01-01,2025-12-31,,,0,false,false,,,,,,false,metric_summary_missing_or_unavailable,false,false,false,,,,,,,,,,,,unlabeled,null_missing_evidence,null_missing_evidence,Quant_mvp\config\v0_3_selector_label_rules.toml,,,,,,,,,,,,,,,,evaluation_prioritization|active_learning|uncertainty_ranking|review_triage,time_aware_required_before_training,,false,false,doi:10.5267/j.ac.2016.6.002,doi:10.5267/j.ac.2016.6.002,false,false,blocked_missing_evaluation_evidence,ml_rows_must_not_feed_scores_rankings_reports_backtests_trading_or_auto_adoption,production_activation_requires_later_root_approved_gate
v0_3_candidate_ml_input_0_2,"This candidate ML input row is evidence-only metadata for evaluator review. It is not a production ranking input, not a trading signal, not an adoption decision, and not automatic production activation.",sc:ecard:134d98881f93b751b410,v0.3.0,sh:ecard:134d98881f93b751b410,ecard:134d98881f93b751b410,Quant_mvp\data\v0_3\selector_inputs\v0_3_selector_input.jsonl,Quant_mvp\data\v0_3\strategy_candidates\v0_3_strategy_candidate_registry.jsonl,,2026-05-06T14:04:50+00:00,draft,other,refine_strategy_hypothesis,false,2,3,6,8,diagnostic_context_only,0,not_collectable,diagnostic,diagnostic_backlog,,not_specified,0,low,metadata_only,not_reported,false,false,false,6,2,1989-04-01,1989,,,,missing_evaluation_evidence,,,2015-01-01,2025-12-31,,,0,false,false,,,,,,false,metric_summary_missing_or_unavailable,false,false,false,,,,,,,,,,,,unlabeled,null_missing_evidence,null_missing_evidence,Quant_mvp\config\v0_3_selector_label_rules.toml,,,,,,,,,,,,,,,,evaluation_prioritization|active_learning|uncertainty_ranking|review_triage,time_aware_required_before_training,,false,false,doi:10.1007/bf01733767,doi:10.1007/bf01733767,false,false,blocked_missing_evaluation_evidence,ml_rows_must_not_feed_scores_rankings_reports_backtests_trading_or_auto_adoption,production_activation_requires_later_root_approved_gate
v0_3_candidate_ml_input_0_2,"This candidate ML input row is evidence-only metadata for evaluator review. It is not a production ranking input, not a trading signal, not an adoption decision, and not automatic production activation.",sc:ecard:1365b735b7a9a20a8c34,v0.3.0,sh:ecard:1365b735b7a9a20a8c34,ecard:1365b735b7a9a20a8c34,Quant_mvp\data\v0_3\selector_inputs\v0_3_selector_input.jsonl,Quant_mvp\data\v0_3\strategy_candidates\v0_3_strategy_candidate_registry.jsonl,,2026-05-06T14:04:50+00:00,draft,volatility,refine_strategy_hypothesis,false,1,1,7,8,needs_manual_or_data_review,20,low,technical,technical_score_architect,volatility_liquidity,not_specified,0,low,metadata_only,not_reported,false,false,false,6,1,2017-12-27,2017,,,,missing_evaluation_evidence,,,2015-01-01,2025-12-31,,,0,false,false,,,,,,false,metric_summary_missing_or_unavailable,false,false,false,,,,,,,,,,,,unlabeled,null_missing_evidence,null_missing_evidence,Quant_mvp\config\v0_3_selector_label_rules.toml,,,,,,,,,,,,,,,,evaluation_prioritization|active_learning|uncertainty_ranking|review_triage,time_aware_required_before_training,,false,false,doi:10.2139/ssrn.3085832,doi:10.2139/ssrn.3085832,false,false,blocked_missing_evaluation_evidence,ml_rows_must_not_feed_scores_rankings_reports_backtests_trading_or_auto_adoption,production_activation_requires_later_root_approved_gate
v0_3_candidate_ml_input_0_2,"This candidate ML input row is evidence-only metadata for evaluator review. It is not a production ranking input, not a trading signal, not an adoption decision, and not automatic production activation.",sc:ecard:13caeb7ddb2c5f370254,v0.3.0,sh:ecard:13caeb7ddb2c5f370254,ecard:13caeb7ddb2c5f370254,Quant_mvp\data\v0_3\selector_inputs\v0_3_selector_input.jsonl,Quant_mvp\data\v0_3\strategy_candidates\v0_3_strategy_candidate_registry.jsonl,,2026-05-06T14:04:50+00:00,draft,volatility,refine_strategy_hypothesis,false,2,3,7,8,diagnostic_context_only,0,not_collectable,diagnostic,diagnostic_backlog,volatility_liquidity,not_specified,0,low,metadata_only,not_reported,false,false,false,6,2,2009-06-01,2009,,,,missing_evaluation_evidence,,,2015-01-01,2025-12-31,,,0,false,false,,,,,,false,metric_summary_missing_or_unavailable,false,false,false,,,,,,,,,,,,unlabeled,null_missing_evidence,null_missing_evidence,Quant_mvp\config\v0_3_selector_label_rules.toml,,,,,,,,,,,,,,,,evaluation_prioritization|active_learning|uncertainty_ranking|review_triage,time_aware_required_before_training,,false,false,doi:10.1016/j.irfa.2009.03.003,doi:10.1016/j.irfa.2009.03.003,false,false,blocked_missing_evaluation_evidence,ml_rows_must_not_feed_scores_rankings_reports_backtests_trading_or_auto_adoption,production_activation_requires_later_root_approved_gate
v0_3_candidate_ml_input_0_2,"This candidate ML input row is evidence-only metadata for evaluator review. It is not a production ranking input, not a trading signal, not an adoption decision, and not automatic production activation.",sc:ecard:148354d76a6b7d0177d2,v0.3.0,sh:ecard:148354d76a6b7d0177d2,ecard:148354d76a6b7d0177d2,Quant_mvp\data\v0_3\selector_inputs\v0_3_selector_input.jsonl,Quant_mvp\data\v0_3\strategy_candidates\v0_3_strategy_candidate_registry.jsonl,,2026-05-06T14:04:50+00:00,draft,value,refine_strategy_hypothesis,false,4,3,6,8,excluded_valuation_lane,0,not_collectable,valuation,valuation_agent_handoff,,partial,0,medium,abstract_supported,not_reported,false,false,false,8,4,1984-07-01,1984,,,,missing_evaluation_evidence,,,2015-01-01,2025-12-31,,,0,false,false,,,,,,false,metric_summary_missing_or_unavailable,false,false,false,,,,,,,,,,,,unlabeled,null_missing_evidence,null_missing_evidence,Quant_mvp\config\v0_3_selector_label_rules.toml,,,,,,,,,,,,,,,,evaluation_prioritization|active_learning|uncertainty_ranking|review_triage,time_aware_required_before_training,,false,false,doi:10.1111/j.1540-6261.1984.tb03646.x,doi:10.1111/j.1540-6261.1984.tb03646.x,false,false,blocked_missing_evaluation_evidence,ml_rows_must_not_feed_scores_rankings_reports_backtests_trading_or_auto_adoption,production_activation_requires_later_root_approved_gate
v0_3_candidate_ml_input_0_2,"This candidate ML input row is evidence-only metadata for evaluator review. It is not a production ranking input, not a trading signal, not an adoption decision, and not automatic production activation.",sc:ecard:148df4dd4e0e97abfa88,v0.3.0,sh:ecard:148df4dd4e0e97abfa88,ecard:148df4dd4e0e97abfa88,Quant_mvp\data\v0_3\selector_inputs\v0_3_selector_input.jsonl,Quant_mvp\data\v0_3\strategy_candidates\v0_3_strategy_candidate_registry.jsonl,,2026-05-06T14:04:50+00:00,draft,other,refine_strategy_hypothesis,false,2,3,6,8,diagnostic_context_only,0,not_collectable,diagnostic,diagnostic_backlog,,not_specified,0,low,metadata_only,not_reported,false,false,false,6,2,2020-05-27,2020,,,,missing_evaluation_evidence,,,2015-01-01,2025-12-31,,,0,false,false,,,,,,false,metric_summary_missing_or_unavailable,false,false,false,,,,,,,,,,,,unlabeled,null_missing_evidence,null_missing_evidence,Quant_mvp\config\v0_3_selector_label_rules.toml,,,,,,,,,,,,,,,,evaluation_prioritization|active_learning|uncertainty_ranking|review_triage,time_aware_required_before_training,,false,false,doi:10.1787/888934131348,doi:10.1787/888934131348,false,false,blocked_missing_evaluation_evidence,ml_rows_must_not_feed_scores_rankings_reports_backtests_trading_or_auto_adoption,production_activation_requires_later_root_approved_gate
v0_3_candidate_ml_input_0_2,"This candidate ML input row is evidence-only metadata for evaluator review. It is not a production ranking input, not a trading signal, not an adoption decision, and not automatic production activation.",sc:ecard:153b0378802104d6fc1f,v0.3.0,sh:ecard:153b0378802104d6fc1f,ecard:153b0378802104d6fc1f,Quant_mvp\data\v0_3\selector_inputs\v0_3_selector_input.jsonl,Quant_mvp\data\v0_3\strategy_candidates\v0_3_strategy_candidate_registry.jsonl,,2026-05-06T14:04:50+00:00,draft,other,refine_strategy_hypothesis,false,2,3,6,8,diagnostic_context_only,0,not_collectable,diagnostic,diagnostic_backlog,,not_specified,0,low,metadata_only,not_reported,false,false,false,6,2,2017-06-01,2017,,,,missing_evaluation_evidence,,,2015-01-01,2025-12-31,,,0,false,false,,,,,,false,metric_summary_missing_or_unavailable,false,false,false,,,,,,,,,,,,unlabeled,null_missing_evidence,null_missing_evidence,Quant_mvp\config\v0_3_selector_label_rules.toml,,,,,,,,,,,,,,,,evaluation_prioritization|active_learning|uncertainty_ranking|review_triage,time_aware_required_before_training,,false,false,doi:10.1016/j.ecolind.2017.02.002,doi:10.1016/j.ecolind.2017.02.002,false,false,blocked_missing_evaluation_evidence,ml_rows_must_not_feed_scores_rankings_reports_backtests_trading_or_auto_adoption,production_activation_requires_later_root_approved_gate
v0_3_candidate_ml_input_0_2,"This candidate ML input row is evidence-only metadata for evaluator review. It is not a production ranking input, not a trading signal, not an adoption decision, and not automatic production activation.",sc:ecard:154d648d554b4b22a3d4,v0.3.0,sh:ecard:154d648d554b4b22a3d4,ecard:154d648d554b4b22a3d4,Quant_mvp\data\v0_3\selector_inputs\v0_3_selector_input.jsonl,Quant_mvp\data\v0_3\strategy_candidates\v0_3_strategy_candidate_registry.jsonl,Quant_mvp\backtest_mvp\docs\v0_3_evaluation_evidence\momentum_cohort_1\ee_v0_3_20260506_sc_ecard_154d648d554b4b22a3d4.md,2026-05-06T14:04:50+00:00,evaluable,momentum,create_evaluation_evidence,true,0,1,7,8,eligible_for_candidate_selector_review,94,high,technical,technical_score_architect,momentum,partial,2,medium,abstract_supported,not_reported,false,false,false,6,0,2024-12-17,2024,2026-05-06,,ee_v0_3_20260506_sc_ecard_154d648d554b4b22a3d4,evidence_recorded,2026-05-06,2026-05-06,2015-01-02,2025-12-02,,benchmark_reference_comparison|cost|drawdown|no_feedback|no_lookahead|oos_walk_forward_stability|turnover|volatility,8,true,true,approved_evaluation_evidence,candidate_specific,candidate_level_supervised_label_candidate,strategy_candidate,sc:ecard:154d648d554b4b22a3d4,true,candidate_id_matches_candidate_level_evaluation_evidence,false,false,false,0.9478898686276229,-0.270661347208625,-0.270661347208625,1.218551215836248,-0.6092164024086726,0.2968075686560764,0.8618159203980099,0.35818175172278915,recorded_walk_forward_fail,0,0,candidate_level_evaluation_evidence,,negative,Quant_mvp\config\v0_3_selector_label_rules.toml,candidate_level_evaluation_evidence,candidate_specific,candidate_level_supervised_label_candidate,ee_v0_3_20260506_sc_ecard_154d648d554b4b22a3d4,2026-05-06,,,,,,,,,,,evaluation_prioritization|active_learning|uncertainty_ranking|review_triage,time_aware_required_before_training,,true,false,arxiv:2412.12438,arxiv:2412.12438,true,false,eligible_candidate_level_label,ml_rows_must_not_feed_scores_rankings_reports_backtests_trading_or_auto_adoption,production_activation_requires_later_root_approved_gate
v0_3_candidate_ml_input_0_2,"This candidate ML input row is evidence-only metadata for evaluator review. It is not a production ranking input, not a trading signal, not an adoption decision, and not automatic production activation.",sc:ecard:165e981398ce0be05250,v0.3.0,sh:ecard:165e981398ce0be05250,ecard:165e981398ce0be05250,Quant_mvp\data\v0_3\selector_inputs\v0_3_selector_input.jsonl,Quant_mvp\data\v0_3\strategy_candidates\v0_3_strategy_candidate_registry.jsonl,,2026-05-06T14:04:50+00:00,draft,volatility,refine_strategy_hypothesis,false,2,3,7,8,diagnostic_context_only,0,not_collectable,diagnostic,diagnostic_backlog,volatility_liquidity,not_specified,0,low,metadata_only,not_reported,false,false,false,6,2,2014-12-23,2014,,,,missing_evaluation_evidence,,,2015-01-01,2025-12-31,,,0,false,false,,,,,,false,metric_summary_missing_or_unavailable,false,false,false,,,,,,,,,,,,unlabeled,null_missing_evidence,null_missing_evidence,Quant_mvp\config\v0_3_selector_label_rules.toml,,,,,,,,,,,,,,,,evaluation_prioritization|active_learning|uncertainty_ranking|review_triage,time_aware_required_before_training,,false,false,doi:10.14711/thesis-b603970,doi:10.14711/thesis-b603970,false,false,blocked_missing_evaluation_evidence,ml_rows_must_not_feed_scores_rankings_reports_backtests_trading_or_auto_adoption,production_activation_requires_later_root_approved_gate
v0_3_candidate_ml_input_0_2,"This candidate ML input row is evidence-only metadata for evaluator review. It is not a production ranking input, not a trading signal, not an adoption decision, and not automatic production activation.",sc:ecard:170a4f0127f0ff97d260,v0.3.0,sh:ecard:170a4f0127f0ff97d260,ecard:170a4f0127f0ff97d260,Quant_mvp\data\v0_3\selector_inputs\v0_3_selector_input.jsonl,Quant_mvp\data\v0_3\strategy_candidates\v0_3_strategy_candidate_registry.jsonl,,2026-05-06T14:04:50+00:00,draft,value,refine_strategy_hypothesis,false,4,3,6,8,excluded_valuation_lane,0,not_collectable,valuation,valuation_agent_handoff,,not_specified,0,low,metadata_only,not_reported,false,false,false,8,4,2003-09-03,2003,,,,missing_evaluation_evidence,,,2015-01-01,2025-12-31,,,0,false,false,,,,,,false,metric_summary_missing_or_unavailable,false,false,false,,,,,,,,,,,,unlabeled,null_missing_evidence,null_missing_evidence,Quant_mvp\config\v0_3_selector_label_rules.toml,,,,,,,,,,,,,,,,evaluation_prioritization|active_learning|uncertainty_ranking|review_triage,time_aware_required_before_training,,false,false,doi:10.1016/s0304-405x(03)00211-3,doi:10.1016/s0304-405x(03)00211-3,false,false,blocked_missing_evaluation_evidence,ml_rows_must_not_feed_scores_rankings_reports_backtests_trading_or_auto_adoption,production_activation_requires_later_root_approved_gate
v0_3_candidate_ml_input_0_2,"This candidate ML input row is evidence-only metadata for evaluator review. It is not a production ranking input, not a trading signal, not an adoption decision, and not automatic production activation.",sc:ecard:17f72dcbf14d500ec397,v0.3.0,sh:ecard:17f72dcbf14d500ec397,ecard:17f72dcbf14d500ec397,Quant_mvp\data\v0_3\selector_inputs\v0_3_selector_input.jsonl,Quant_mvp\data\v0_3\strategy_candidates\v0_3_strategy_candidate_registry.jsonl,Quant_mvp\backtest_mvp\docs\v0_3_evaluation_evidence\momentum_cohort_1\ee_v0_3_20260506_sc_ecard_17f72dcbf14d500ec397.md,2026-05-06T14:04:50+00:00,evaluable,momentum,create_evaluation_evidence,true,0,1,7,8,eligible_for_candidate_selector_review,94,high,technical,technical_score_architect,momentum,partial,2,medium,abstract_supported,not_reported,false,false,false,6,0,2006-11-01,2006,2026-05-06,,ee_v0_3_20260506_sc_ecard_17f72dcbf14d500ec397,evidence_recorded,2026-05-06,2026-05-06,2015-01-02,2025-12-02,,benchmark_reference_comparison|cost|drawdown|no_feedback|no_lookahead|oos_walk_forward_stability|turnover|volatility,8,true,true,approved_evaluation_evidence,candidate_specific,candidate_level_supervised_label_candidate,strategy_candidate,sc:ecard:17f72dcbf14d500ec397,true,candidate_id_matches_candidate_level_evaluation_evidence,false,false,false,0.9478898686276229,-0.270661347208625,-0.270661347208625,1.218551215836248,-0.6092164024086726,0.2968075686560764,0.8618159203980099,0.35818175172278915,recorded_walk_forward_fail,0,0,candidate_level_evaluation_evidence,,negative,Quant_mvp\config\v0_3_selector_label_rules.toml,candidate_level_evaluation_evidence,candidate_specific,candidate_level_supervised_label_candidate,ee_v0_3_20260506_sc_ecard_17f72dcbf14d500ec397,2026-05-06,,,,,,,,,,,evaluation_prioritization|active_learning|uncertainty_ranking|review_triage,time_aware_required_before_training,,true,false,doi:10.1086/505252,doi:10.1086/505252,true,false,eligible_candidate_level_label,ml_rows_must_not_feed_scores_rankings_reports_backtests_trading_or_auto_adoption,production_activation_requires_later_root_approved_gate
v0_3_candidate_ml_input_0_2,"This candidate ML input row is evidence-only metadata for evaluator review. It is not a production ranking input, not a trading signal, not an adoption decision, and not automatic production activation.",sc:ecard:1802c043b7644d525922,v0.3.0,sh:ecard:1802c043b7644d525922,ecard:1802c043b7644d525922,Quant_mvp\data\v0_3\selector_inputs\v0_3_selector_input.jsonl,Quant_mvp\data\v0_3\strategy_candidates\v0_3_strategy_candidate_registry.jsonl,,2026-05-06T14:04:50+00:00,draft,other,refine_strategy_hypothesis,false,1,3,6,8,diagnostic_context_only,24,low,diagnostic,diagnostic_backlog,,partial,2,low,abstract_supported,not_reported,false,false,false,6,1,2015-12-17,2015,,,,missing_evaluation_evidence,,,2015-01-01,2025-12-31,,,0,false,false,,,,,,false,metric_summary_missing_or_unavailable,false,false,false,,,,,,,,,,,,unlabeled,null_missing_evidence,null_missing_evidence,Quant_mvp\config\v0_3_selector_label_rules.toml,,,,,,,,,,,,,,,,evaluation_prioritization|active_learning|uncertainty_ranking|review_triage,time_aware_required_before_training,,false,false,doi:10.1371/journal.pone.0144809,doi:10.1371/journal.pone.0144809,false,false,blocked_missing_evaluation_evidence,ml_rows_must_not_feed_scores_rankings_reports_backtests_trading_or_auto_adoption,production_activation_requires_later_root_approved_gate
v0_3_candidate_ml_input_0_2,"This candidate ML input row is evidence-only metadata for evaluator review. It is not a production ranking input, not a trading signal, not an adoption decision, and not automatic production activation.",sc:ecard:1827fcf87d68014418b0,v0.3.0,sh:ecard:1827fcf87d68014418b0,ecard:1827fcf87d68014418b0,Quant_mvp\data\v0_3\selector_inputs\v0_3_selector_input.jsonl,Quant_mvp\data\v0_3\strategy_candidates\v0_3_strategy_candidate_registry.jsonl,,2026-05-06T14:04:50+00:00,draft,value,refine_strategy_hypothesis,false,4,2,6,8,needs_hybrid_split,3,low,hybrid,hybrid_split_required,mean_reversion,partial,0,low,abstract_supported,not_reported,true,false,false,8,4,1999-03-01,1999,,,,missing_evaluation_evidence,,,2015-01-01,2025-12-31,,,0,false,false,,,,,,false,metric_summary_missing_or_unavailable,false,false,false,,,,,,,,,,,,unlabeled,null_missing_evidence,null_missing_evidence,Quant_mvp\config\v0_3_selector_label_rules.toml,,,,,,,,,,,,,,,,evaluation_prioritization|active_learning|uncertainty_ranking|review_triage,time_aware_required_before_training,,false,false,doi:10.3386/w7032,doi:10.3386/w7032,false,false,blocked_missing_evaluation_evidence,ml_rows_must_not_feed_scores_rankings_reports_backtests_trading_or_auto_adoption,production_activation_requires_later_root_approved_gate
v0_3_candidate_ml_input_0_2,"This candidate ML input row is evidence-only metadata for evaluator review. It is not a production ranking input, not a trading signal, not an adoption decision, and not automatic production activation.",sc:ecard:18bf713618995c728d15,v0.3.0,sh:ecard:18bf713618995c728d15,ecard:18bf713618995c728d15,Quant_mvp\data\v0_3\selector_inputs\v0_3_selector_input.jsonl,Quant_mvp\data\v0_3\strategy_candidates\v0_3_strategy_candidate_registry.jsonl,,2026-05-06T14:04:50+00:00,draft,other,refine_strategy_hypothesis,false,2,3,6,8,diagnostic_context_only,0,not_collectable,diagnostic,diagnostic_backlog,,not_specified,0,low,metadata_only,not_reported,true,false,false,6,2,2011-12-28,2011,,,,missing_evaluation_evidence,,,2015-01-01,2025-12-31,,,0,false,false,,,,,,false,metric_summary_missing_or_unavailable,false,false,false,,,,,,,,,,,,unlabeled,null_missing_evidence,null_missing_evidence,Quant_mvp\config\v0_3_selector_label_rules.toml,,,,,,,,,,,,,,,,evaluation_prioritization|active_learning|uncertainty_ranking|review_triage,time_aware_required_before_training,,false,false,doi:10.2139/ssrn.939665,doi:10.2139/ssrn.939665,false,false,blocked_missing_evaluation_evidence,ml_rows_must_not_feed_scores_rankings_reports_backtests_trading_or_auto_adoption,production_activation_requires_later_root_approved_gate
v0_3_candidate_ml_input_0_2,"This candidate ML input row is evidence-only metadata for evaluator review. It is not a production ranking input, not a trading signal, not an adoption decision, and not automatic production activation.",sc:ecard:18dc98d6545f58f3e0b9,v0.3.0,sh:ecard:18dc98d6545f58f3e0b9,ecard:18dc98d6545f58f3e0b9,Quant_mvp\data\v0_3\selector_inputs\v0_3_selector_input.jsonl,Quant_mvp\data\v0_3\strategy_candidates\v0_3_strategy_candidate_registry.jsonl,,2026-05-06T14:04:50+00:00,draft,value,refine_strategy_hypothesis,false,4,2,6,8,needs_hybrid_split,3,low,hybrid,hybrid_split_required,momentum,partial,0,low,abstract_supported,not_reported,false,false,false,8,4,2015-01-01,2015,,,,missing_evaluation_evidence,,,2015-01-01,2025-12-31,,,0,false,false,,,,,,false,metric_summary_missing_or_unavailable,false,false,false,,,,,,,,,,,,unlabeled,null_missing_evidence,null_missing_evidence,Quant_mvp\config\v0_3_selector_label_rules.toml,,,,,,,,,,,,,,,,evaluation_prioritization|active_learning|uncertainty_ranking|review_triage,time_aware_required_before_training,,false,false,doi:10.1016/s2212-5671(15)00007-6,doi:10.1016/s2212-5671(15)00007-6,false,false,blocked_missing_evaluation_evidence,ml_rows_must_not_feed_scores_rankings_reports_backtests_trading_or_auto_adoption,production_activation_requires_later_root_approved_gate
v0_3_candidate_ml_input_0_2,"This candidate ML input row is evidence-only metadata for evaluator review. It is not a production ranking input, not a trading signal, not an adoption decision, and not automatic production activation.",sc:ecard:18fc9c6df69c0679c727,v0.3.0,sh:ecard:18fc9c6df69c0679c727,ecard:18fc9c6df69c0679c727,Quant_mvp\data\v0_3\selector_inputs\v0_3_selector_input.jsonl,Quant_mvp\data\v0_3\strategy_candidates\v0_3_strategy_candidate_registry.jsonl,,2026-05-06T14:04:50+00:00,draft,volatility,refine_strategy_hypothesis,false,2,3,7,8,diagnostic_context_only,0,not_collectable,diagnostic,diagnostic_backlog,volatility_liquidity,not_specified,0,low,metadata_only,not_reported,false,false,false,6,2,2022-06-10,2022,,,,missing_evaluation_evidence,,,2015-01-01,2025-12-31,,,0,false,false,,,,,,false,metric_summary_missing_or_unavailable,false,false,false,,,,,,,,,,,,unlabeled,null_missing_evidence,null_missing_evidence,Quant_mvp\config\v0_3_selector_label_rules.toml,,,,,,,,,,,,,,,,evaluation_prioritization|active_learning|uncertainty_ranking|review_triage,time_aware_required_before_training,,false,false,doi:10.31390/gradschool_dissertations.2012,doi:10.31390/gradschool_dissertations.2012,false,false,blocked_missing_evaluation_evidence,ml_rows_must_not_feed_scores_rankings_reports_backtests_trading_or_auto_adoption,production_activation_requires_later_root_approved_gate
v0_3_candidate_ml_input_0_2,"This candidate ML input row is evidence-only metadata for evaluator review. It is not a production ranking input, not a trading signal, not an adoption decision, and not automatic production activation.",sc:ecard:195350af79f5d53017c7,v0.3.0,sh:ecard:195350af79f5d53017c7,ecard:195350af79f5d53017c7,Quant_mvp\data\v0_3\selector_inputs\v0_3_selector_input.jsonl,Quant_mvp\data\v0_3\strategy_candidates\v0_3_strategy_candidate_registry.jsonl,,2026-05-06T14:04:50+00:00,draft,other,refine_strategy_hypothesis,false,2,3,6,8,diagnostic_context_only,0,not_collectable,diagnostic,diagnostic_backlog,,not_specified,0,low,metadata_only,not_reported,true,false,false,6,2,2007-01-01,2007,,,,missing_evaluation_evidence,,,2015-01-01,2025-12-31,,,0,false,false,,,,,,false,metric_summary_missing_or_unavailable,false,false,false,,,,,,,,,,,,unlabeled,null_missing_evidence,null_missing_evidence,Quant_mvp\config\v0_3_selector_label_rules.toml,,,,,,,,,,,,,,,,evaluation_prioritization|active_learning|uncertainty_ranking|review_triage,time_aware_required_before_training,,false,false,doi:10.1142/s0219871107000324,doi:10.1142/s0219871107000324,false,false,blocked_missing_evaluation_evidence,ml_rows_must_not_feed_scores_rankings_reports_backtests_trading_or_auto_adoption,production_activation_requires_later_root_approved_gate
v0_3_candidate_ml_input_0_2,"This candidate ML input row is evidence-only metadata for evaluator review. It is not a production ranking input, not a trading signal, not an adoption decision, and not automatic production activation.",sc:ecard:195f1ccca7bfcb28f8b8,v0.3.0,sh:ecard:195f1ccca7bfcb28f8b8,ecard:195f1ccca7bfcb28f8b8,Quant_mvp\data\v0_3\selector_inputs\v0_3_selector_input.jsonl,Quant_mvp\data\v0_3\strategy_candidates\v0_3_strategy_candidate_registry.jsonl,,2026-05-06T14:04:50+00:00,draft,value,refine_strategy_hypothesis,false,4,3,6,8,excluded_valuation_lane,0,not_collectable,valuation,valuation_agent_handoff,,partial,0,medium,abstract_supported,not_reported,false,false,false,8,4,1996-03-01,1996,,,,missing_evaluation_evidence,,,2015-01-01,2025-12-31,,,0,false,false,,,,,,false,metric_summary_missing_or_unavailable,false,false,false,,,,,,,,,,,,unlabeled,null_missing_evidence,null_missing_evidence,Quant_mvp\config\v0_3_selector_label_rules.toml,,,,,,,,,,,,,,,,evaluation_prioritization|active_learning|uncertainty_ranking|review_triage,time_aware_required_before_training,,false,false,doi:10.1111/j.1540-6261.1996.tb05202.x,doi:10.1111/j.1540-6261.1996.tb05202.x,false,false,blocked_missing_evaluation_evidence,ml_rows_must_not_feed_scores_rankings_reports_backtests_trading_or_auto_adoption,production_activation_requires_later_root_approved_gate
v0_3_candidate_ml_input_0_2,"This candidate ML input row is evidence-only metadata for evaluator review. It is not a production ranking input, not a trading signal, not an adoption decision, and not automatic production activation.",sc:ecard:196d6d45db4752c986e6,v0.3.0,sh:ecard:196d6d45db4752c986e6,ecard:196d6d45db4752c986e6,Quant_mvp\data\v0_3\selector_inputs\v0_3_selector_input.jsonl,Quant_mvp\data\v0_3\strategy_candidates\v0_3_strategy_candidate_registry.jsonl,,2026-05-06T14:04:50+00:00,draft,value,refine_strategy_hypothesis,false,4,2,6,8,needs_hybrid_split,3,low,hybrid,hybrid_split_required,volatility_liquidity,partial,0,low,abstract_supported,not_reported,false,false,false,8,4,1997-06-01,1997,,,,missing_evaluation_evidence,,,2015-01-01,2025-12-31,,,0,false,false,,,,,,false,metric_summary_missing_or_unavailable,false,false,false,,,,,,,,,,,,unlabeled,null_missing_evidence,null_missing_evidence,Quant_mvp\config\v0_3_selector_label_rules.toml,,,,,,,,,,,,,,,,evaluation_prioritization|active_learning|uncertainty_ranking|review_triage,time_aware_required_before_training,,false,false,doi:10.1111/j.1540-6261.1997.tb04816.x,doi:10.1111/j.1540-6261.1997.tb04816.x,false,false,blocked_missing_evaluation_evidence,ml_rows_must_not_feed_scores_rankings_reports_backtests_trading_or_auto_adoption,production_activation_requires_later_root_approved_gate
v0_3_candidate_ml_input_0_2,"This candidate ML input row is evidence-only metadata for evaluator review. It is not a production ranking input, not a trading signal, not an adoption decision, and not automatic production activation.",sc:ecard:19bbe901b54451918ef7,v0.3.0,sh:ecard:19bbe901b54451918ef7,ecard:19bbe901b54451918ef7,Quant_mvp\data\v0_3\selector_inputs\v0_3_selector_input.jsonl,Quant_mvp\data\v0_3\strategy_candidates\v0_3_strategy_candidate_registry.jsonl,,2026-05-06T14:04:50+00:00,draft,other,refine_strategy_hypothesis,false,1,1,6,8,needs_manual_or_data_review,20,low,technical,technical_score_architect,,not_specified,0,low,metadata_only,not_reported,false,false,false,6,1,2021-04-01,2021,,,,missing_evaluation_evidence,,,2015-01-01,2025-12-31,,,0,false,false,,,,,,false,metric_summary_missing_or_unavailable,false,false,false,,,,,,,,,,,,unlabeled,null_missing_evidence,null_missing_evidence,Quant_mvp\config\v0_3_selector_label_rules.toml,,,,,,,,,,,,,,,,evaluation_prioritization|active_learning|uncertainty_ranking|review_triage,time_aware_required_before_training,,false,false,doi:10.17576/jem-2021-5501-6,doi:10.17576/jem-2021-5501-6,false,false,blocked_missing_evaluation_evidence,ml_rows_must_not_feed_scores_rankings_reports_backtests_trading_or_auto_adoption,production_activation_requires_later_root_approved_gate
v0_3_candidate_ml_input_0_2,"This candidate ML input row is evidence-only metadata for evaluator review. It is not a production ranking input, not a trading signal, not an adoption decision, and not automatic production activation.",sc:ecard:19f167401e01ab79c2bd,v0.3.0,sh:ecard:19f167401e01ab79c2bd,ecard:19f167401e01ab79c2bd,Quant_mvp\data\v0_3\selector_inputs\v0_3_selector_input.jsonl,Quant_mvp\data\v0_3\strategy_candidates\v0_3_strategy_candidate_registry.jsonl,,2026-05-06T14:04:50+00:00,draft,volatility,refine_strategy_hypothesis,false,1,3,7,8,diagnostic_context_only,24,low,diagnostic,diagnostic_backlog,volatility_liquidity,partial,2,low,abstract_supported,not_reported,false,false,false,6,1,2007-08-01,2007,,,,missing_evaluation_evidence,,,2015-01-01,2025-12-31,,,0,false,false,,,,,,false,metric_summary_missing_or_unavailable,false,false,false,,,,,,,,,,,,unlabeled,null_missing_evidence,null_missing_evidence,Quant_mvp\config\v0_3_selector_label_rules.toml,,,,,,,,,,,,,,,,evaluation_prioritization|active_learning|uncertainty_ranking|review_triage,time_aware_required_before_training,,false,false,doi:10.1111/j.1540-6261.2007.01262.x,doi:10.1111/j.1540-6261.2007.01262.x,false,false,blocked_missing_evaluation_evidence,ml_rows_must_not_feed_scores_rankings_reports_backtests_trading_or_auto_adoption,production_activation_requires_later_root_approved_gate
v0_3_candidate_ml_input_0_2,"This candidate ML input row is evidence-only metadata for evaluator review. It is not a production ranking input, not a trading signal, not an adoption decision, and not automatic production activation.",sc:ecard:1a375c2fc8a667cd3363,v0.3.0,sh:ecard:1a375c2fc8a667cd3363,ecard:1a375c2fc8a667cd3363,Quant_mvp\data\v0_3\selector_inputs\v0_3_selector_input.jsonl,Quant_mvp\data\v0_3\strategy_candidates\v0_3_strategy_candidate_registry.jsonl,,2026-05-06T14:04:50+00:00,draft,value,refine_strategy_hypothesis,false,4,3,6,8,excluded_valuation_lane,0,not_collectable,valuation,valuation_agent_handoff,,not_specified,0,low,metadata_only,not_reported,false,false,false,8,4,2012-01-02,2012,,,,missing_evaluation_evidence,,,2015-01-01,2025-12-31,,,0,false,false,,,,,,false,metric_summary_missing_or_unavailable,false,false,false,,,,,,,,,,,,unlabeled,null_missing_evidence,null_missing_evidence,Quant_mvp\config\v0_3_selector_label_rules.toml,,,,,,,,,,,,,,,,evaluation_prioritization|active_learning|uncertainty_ranking|review_triage,time_aware_required_before_training,,false,false,doi:10.1002/9781119200697.ch5,doi:10.1002/9781119200697.ch5,false,false,blocked_missing_evaluation_evidence,ml_rows_must_not_feed_scores_rankings_reports_backtests_trading_or_auto_adoption,production_activation_requires_later_root_approved_gate
v0_3_candidate_ml_input_0_2,"This candidate ML input row is evidence-only metadata for evaluator review. It is not a production ranking input, not a trading signal, not an adoption decision, and not automatic production activation.",sc:ecard:1a40a19419e9b10bc70b,v0.3.0,sh:ecard:1a40a19419e9b10bc70b,ecard:1a40a19419e9b10bc70b,Quant_mvp\data\v0_3\selector_inputs\v0_3_selector_input.jsonl,Quant_mvp\data\v0_3\strategy_candidates\v0_3_strategy_candidate_registry.jsonl,,2026-05-06T14:04:50+00:00,draft,other,refine_strategy_hypothesis,false,2,3,6,8,diagnostic_context_only,0,not_collectable,diagnostic,diagnostic_backlog,,not_specified,0,low,metadata_only,not_reported,false,false,false,6,2,2002-01-01,2002,,,,missing_evaluation_evidence,,,2015-01-01,2025-12-31,,,0,false,false,,,,,,false,metric_summary_missing_or_unavailable,false,false,false,,,,,,,,,,,,unlabeled,null_missing_evidence,null_missing_evidence,Quant_mvp\config\v0_3_selector_label_rules.toml,,,,,,,,,,,,,,,,evaluation_prioritization|active_learning|uncertainty_ranking|review_triage,time_aware_required_before_training,,false,false,doi:10.1007/0-306-47579-0_12,doi:10.1007/0-306-47579-0_12,false,false,blocked_missing_evaluation_evidence,ml_rows_must_not_feed_scores_rankings_reports_backtests_trading_or_auto_adoption,production_activation_requires_later_root_approved_gate
v0_3_candidate_ml_input_0_2,"This candidate ML input row is evidence-only metadata for evaluator review. It is not a production ranking input, not a trading signal, not an adoption decision, and not automatic production activation.",sc:ecard:1a88b2819628df50c29c,v0.3.0,sh:ecard:1a88b2819628df50c29c,ecard:1a88b2819628df50c29c,Quant_mvp\data\v0_3\selector_inputs\v0_3_selector_input.jsonl,Quant_mvp\data\v0_3\strategy_candidates\v0_3_strategy_candidate_registry.jsonl,,2026-05-06T14:04:50+00:00,draft,volatility,refine_strategy_hypothesis,false,1,1,7,8,needs_manual_or_data_review,20,low,technical,technical_score_architect,volatility_liquidity,not_specified,0,low,metadata_only,not_reported,false,false,false,6,1,1996-01-03,1996,,,,missing_evaluation_evidence,,,2015-01-01,2025-12-31,,,0,false,false,,,,,,false,metric_summary_missing_or_unavailable,false,false,false,,,,,,,,,,,,unlabeled,null_missing_evidence,null_missing_evidence,Quant_mvp\config\v0_3_selector_label_rules.toml,,,,,,,,,,,,,,,,evaluation_prioritization|active_learning|uncertainty_ranking|review_triage,time_aware_required_before_training,,false,false,doi:10.3886/icpsr01009.v1,doi:10.3886/icpsr01009.v1,false,false,blocked_missing_evaluation_evidence,ml_rows_must_not_feed_scores_rankings_reports_backtests_trading_or_auto_adoption,production_activation_requires_later_root_approved_gate
v0_3_candidate_ml_input_0_2,"This candidate ML input row is evidence-only metadata for evaluator review. It is not a production ranking input, not a trading signal, not an adoption decision, and not automatic production activation.",sc:ecard:1b9598fb4f754e71e6ad,v0.3.0,sh:ecard:1b9598fb4f754e71e6ad,ecard:1b9598fb4f754e71e6ad,Quant_mvp\data\v0_3\selector_inputs\v0_3_selector_input.jsonl,Quant_mvp\data\v0_3\strategy_candidates\v0_3_strategy_candidate_registry.jsonl,,2026-05-06T14:04:50+00:00,draft,volatility,refine_strategy_hypothesis,false,1,3,7,8,diagnostic_context_only,32,low,diagnostic,diagnostic_backlog,volatility_liquidity,partial,2,low,abstract_supported,not_reported,false,false,false,6,1,2024-05-04,2024,,,,missing_evaluation_evidence,,,2015-01-01,2025-12-31,,,0,false,false,,,,,,false,metric_summary_missing_or_unavailable,false,false,false,,,,,,,,,,,,unlabeled,null_missing_evidence,null_missing_evidence,Quant_mvp\config\v0_3_selector_label_rules.toml,,,,,,,,,,,,,,,,evaluation_prioritization|active_learning|uncertainty_ranking|review_triage,time_aware_required_before_training,,false,false,doi:10.1038/s41598-024-61106-2,doi:10.1038/s41598-024-61106-2,false,false,blocked_missing_evaluation_evidence,ml_rows_must_not_feed_scores_rankings_reports_backtests_trading_or_auto_adoption,production_activation_requires_later_root_approved_gate
v0_3_candidate_ml_input_0_2,"This candidate ML input row is evidence-only metadata for evaluator review. It is not a production ranking input, not a trading signal, not an adoption decision, and not automatic production activation.",sc:ecard:1c790392ad906eec98e9,v0.3.0,sh:ecard:1c790392ad906eec98e9,ecard:1c790392ad906eec98e9,Quant_mvp\data\v0_3\selector_inputs\v0_3_selector_input.jsonl,Quant_mvp\data\v0_3\strategy_candidates\v0_3_strategy_candidate_registry.jsonl,,2026-05-06T14:04:50+00:00,draft,volatility,refine_strategy_hypothesis,false,1,1,7,8,needs_manual_or_data_review,20,low,technical,technical_score_architect,,not_specified,0,low,metadata_only,not_reported,false,false,false,6,1,2019-12-06,2019,,,,missing_evaluation_evidence,,,2015-01-01,2025-12-31,,,0,false,false,,,,,,false,metric_summary_missing_or_unavailable,false,false,false,,,,,,,,,,,,unlabeled,null_missing_evidence,null_missing_evidence,Quant_mvp\config\v0_3_selector_label_rules.toml,,,,,,,,,,,,,,,,evaluation_prioritization|active_learning|uncertainty_ranking|review_triage,time_aware_required_before_training,,false,false,doi:10.2139/ssrn.3490009,doi:10.2139/ssrn.3490009,false,false,blocked_missing_evaluation_evidence,ml_rows_must_not_feed_scores_rankings_reports_backtests_trading_or_auto_adoption,production_activation_requires_later_root_approved_gate
v0_3_candidate_ml_input_0_2,"This candidate ML input row is evidence-only metadata for evaluator review. It is not a production ranking input, not a trading signal, not an adoption decision, and not automatic production activation.",sc:ecard:1cc871bbdf54b10e48ce,v0.3.0,sh:ecard:1cc871bbdf54b10e48ce,ecard:1cc871bbdf54b10e48ce,Quant_mvp\data\v0_3\selector_inputs\v0_3_selector_input.jsonl,Quant_mvp\data\v0_3\strategy_candidates\v0_3_strategy_candidate_registry.jsonl,,2026-05-06T14:04:50+00:00,draft,other,refine_strategy_hypothesis,false,1,3,6,8,diagnostic_context_only,24,low,diagnostic,diagnostic_backlog,,partial,2,low,abstract_supported,not_reported,false,false,false,6,1,1991-12-01,1991,,,,missing_evaluation_evidence,,,2015-01-01,2025-12-31,,,0,false,false,,,,,,false,metric_summary_missing_or_unavailable,false,false,false,,,,,,,,,,,,unlabeled,null_missing_evidence,null_missing_evidence,Quant_mvp\config\v0_3_selector_label_rules.toml,,,,,,,,,,,,,,,,evaluation_prioritization|active_learning|uncertainty_ranking|review_triage,time_aware_required_before_training,,false,false,doi:10.2307/2328565,doi:10.2307/2328565,false,false,blocked_missing_evaluation_evidence,ml_rows_must_not_feed_scores_rankings_reports_backtests_trading_or_auto_adoption,production_activation_requires_later_root_approved_gate
v0_3_candidate_ml_input_0_2,"This candidate ML input row is evidence-only metadata for evaluator review. It is not a production ranking input, not a trading signal, not an adoption decision, and not automatic production activation.",sc:ecard:1cd57e8a3bd4441dde14,v0.3.0,sh:ecard:1cd57e8a3bd4441dde14,ecard:1cd57e8a3bd4441dde14,Quant_mvp\data\v0_3\selector_inputs\v0_3_selector_input.jsonl,Quant_mvp\data\v0_3\strategy_candidates\v0_3_strategy_candidate_registry.jsonl,,2026-05-06T14:04:50+00:00,draft,machine_learning,refine_strategy_hypothesis,false,1,1,6,8,eligible_for_candidate_selector_review,94,high,technical,technical_score_architect,momentum,partial,2,medium,abstract_supported,not_reported,false,false,false,6,0,2020-02-20,2020,,,,missing_evaluation_evidence,,,2015-01-01,2025-12-31,,,0,false,false,,,,,,false,metric_summary_missing_or_unavailable,false,false,false,,,,,,,,,,,,unlabeled,null_missing_evidence,null_missing_evidence,Quant_mvp\config\v0_3_selector_label_rules.toml,,,,,,,,,,,,,,,,evaluation_prioritization|active_learning|uncertainty_ranking|review_triage,time_aware_required_before_training,,false,false,doi:10.1093/rfs/hhaa009,doi:10.1093/rfs/hhaa009,false,false,blocked_missing_evaluation_evidence,ml_rows_must_not_feed_scores_rankings_reports_backtests_trading_or_auto_adoption,production_activation_requires_later_root_approved_gate
v0_3_candidate_ml_input_0_2,"This candidate ML input row is evidence-only metadata for evaluator review. It is not a production ranking input, not a trading signal, not an adoption decision, and not automatic production activation.",sc:ecard:1d0fc381c20b766325ee,v0.3.0,sh:ecard:1d0fc381c20b766325ee,ecard:1d0fc381c20b766325ee,Quant_mvp\data\v0_3\selector_inputs\v0_3_selector_input.jsonl,Quant_mvp\data\v0_3\strategy_candidates\v0_3_strategy_candidate_registry.jsonl,,2026-05-06T14:04:50+00:00,draft,other,refine_strategy_hypothesis,false,2,3,6,8,diagnostic_context_only,0,not_collectable,diagnostic,diagnostic_backlog,,not_specified,0,low,metadata_only,not_reported,false,false,false,6,2,2010-01-01,2010,,,,missing_evaluation_evidence,,,2015-01-01,2025-12-31,,,0,false,false,,,,,,false,metric_summary_missing_or_unavailable,false,false,false,,,,,,,,,,,,unlabeled,null_missing_evidence,null_missing_evidence,Quant_mvp\config\v0_3_selector_label_rules.toml,,,,,,,,,,,,,,,,evaluation_prioritization|active_learning|uncertainty_ranking|review_triage,time_aware_required_before_training,,false,false,doi:10.15358/0340-1650-2010-2-96,doi:10.15358/0340-1650-2010-2-96,false,false,blocked_missing_evaluation_evidence,ml_rows_must_not_feed_scores_rankings_reports_backtests_trading_or_auto_adoption,production_activation_requires_later_root_approved_gate
v0_3_candidate_ml_input_0_2,"This candidate ML input row is evidence-only metadata for evaluator review. It is not a production ranking input, not a trading signal, not an adoption decision, and not automatic production activation.",sc:ecard:1d45c0c47e7b6c076e36,v0.3.0,sh:ecard:1d45c0c47e7b6c076e36,ecard:1d45c0c47e7b6c076e36,Quant_mvp\data\v0_3\selector_inputs\v0_3_selector_input.jsonl,Quant_mvp\data\v0_3\strategy_candidates\v0_3_strategy_candidate_registry.jsonl,,2026-05-06T14:04:50+00:00,draft,volatility,refine_strategy_hypothesis,false,1,3,7,8,diagnostic_context_only,24,low,diagnostic,diagnostic_backlog,volatility_liquidity,partial,2,low,abstract_supported,not_reported,false,false,false,6,1,2025-09-24,2025,,,,missing_evaluation_evidence,,,2015-01-01,2025-12-31,,,0,false,false,,,,,,false,metric_summary_missing_or_unavailable,false,false,false,,,,,,,,,,,,unlabeled,null_missing_evidence,null_missing_evidence,Quant_mvp\config\v0_3_selector_label_rules.toml,,,,,,,,,,,,,,,,evaluation_prioritization|active_learning|uncertainty_ranking|review_triage,time_aware_required_before_training,,false,false,arxiv:2509.19663,arxiv:2509.19663,false,false,blocked_missing_evaluation_evidence,ml_rows_must_not_feed_scores_rankings_reports_backtests_trading_or_auto_adoption,production_activation_requires_later_root_approved_gate
v0_3_candidate_ml_input_0_2,"This candidate ML input row is evidence-only metadata for evaluator review. It is not a production ranking input, not a trading signal, not an adoption decision, and not automatic production activation.",sc:ecard:1d7546c3d117be41fd4a,v0.3.0,sh:ecard:1d7546c3d117be41fd4a,ecard:1d7546c3d117be41fd4a,Quant_mvp\data\v0_3\selector_inputs\v0_3_selector_input.jsonl,Quant_mvp\data\v0_3\strategy_candidates\v0_3_strategy_candidate_registry.jsonl,,2026-05-06T14:04:50+00:00,draft,volatility,refine_strategy_hypothesis,false,2,3,7,8,diagnostic_context_only,0,not_collectable,diagnostic,diagnostic_backlog,volatility_liquidity,not_specified,0,low,metadata_only,not_reported,true,false,false,6,2,2011-12-28,2011,,,,missing_evaluation_evidence,,,2015-01-01,2025-12-31,,,0,false,false,,,,,,false,metric_summary_missing_or_unavailable,false,false,false,,,,,,,,,,,,unlabeled,null_missing_evidence,null_missing_evidence,Quant_mvp\config\v0_3_selector_label_rules.toml,,,,,,,,,,,,,,,,evaluation_prioritization|active_learning|uncertainty_ranking|review_triage,time_aware_required_before_training,,false,false,doi:10.2139/ssrn.1509323,doi:10.2139/ssrn.1509323,false,false,blocked_missing_evaluation_evidence,ml_rows_must_not_feed_scores_rankings_reports_backtests_trading_or_auto_adoption,production_activation_requires_later_root_approved_gate
v0_3_candidate_ml_input_0_2,"This candidate ML input row is evidence-only metadata for evaluator review. It is not a production ranking input, not a trading signal, not an adoption decision, and not automatic production activation.",sc:ecard:1e3396ba6ad8d6d9785a,v0.3.0,sh:ecard:1e3396ba6ad8d6d9785a,ecard:1e3396ba6ad8d6d9785a,Quant_mvp\data\v0_3\selector_inputs\v0_3_selector_input.jsonl,Quant_mvp\data\v0_3\strategy_candidates\v0_3_strategy_candidate_registry.jsonl,,2026-05-06T14:04:50+00:00,draft,other,refine_strategy_hypothesis,false,2,3,6,8,diagnostic_context_only,0,not_collectable,diagnostic,diagnostic_backlog,,not_specified,0,low,metadata_only,not_reported,true,false,false,6,2,2009-01-01,2009,,,,missing_evaluation_evidence,,,2015-01-01,2025-12-31,,,0,false,false,,,,,,false,metric_summary_missing_or_unavailable,false,false,false,,,,,,,,,,,,unlabeled,null_missing_evidence,null_missing_evidence,Quant_mvp\config\v0_3_selector_label_rules.toml,,,,,,,,,,,,,,,,evaluation_prioritization|active_learning|uncertainty_ranking|review_triage,time_aware_required_before_training,,false,false,doi:10.1920/re.ifs.2024.0617,doi:10.1920/re.ifs.2024.0617,false,false,blocked_missing_evaluation_evidence,ml_rows_must_not_feed_scores_rankings_reports_backtests_trading_or_auto_adoption,production_activation_requires_later_root_approved_gate
v0_3_candidate_ml_input_0_2,"This candidate ML input row is evidence-only metadata for evaluator review. It is not a production ranking input, not a trading signal, not an adoption decision, and not automatic production activation.",sc:ecard:1e78eca846d7c20eec7e,v0.3.0,sh:ecard:1e78eca846d7c20eec7e,ecard:1e78eca846d7c20eec7e,Quant_mvp\data\v0_3\selector_inputs\v0_3_selector_input.jsonl,Quant_mvp\data\v0_3\strategy_candidates\v0_3_strategy_candidate_registry.jsonl,,2026-05-06T14:04:50+00:00,draft,value,refine_strategy_hypothesis,false,4,2,6,8,needs_hybrid_split,3,low,hybrid,hybrid_split_required,momentum,partial,0,low,abstract_supported,not_reported,false,false,false,8,4,2009-03-01,2009,,,,missing_evaluation_evidence,,,2015-01-01,2025-12-31,,,0,false,false,,,,,,false,metric_summary_missing_or_unavailable,false,false,false,,,,,,,,,,,,unlabeled,null_missing_evidence,null_missing_evidence,Quant_mvp\config\v0_3_selector_label_rules.toml,,,,,,,,,,,,,,,,evaluation_prioritization|active_learning|uncertainty_ranking|review_triage,time_aware_required_before_training,,false,false,doi:10.2469/faj.v65.n2.4,doi:10.2469/faj.v65.n2.4,false,false,blocked_missing_evaluation_evidence,ml_rows_must_not_feed_scores_rankings_reports_backtests_trading_or_auto_adoption,production_activation_requires_later_root_approved_gate
v0_3_candidate_ml_input_0_2,"This candidate ML input row is evidence-only metadata for evaluator review. It is not a production ranking input, not a trading signal, not an adoption decision, and not automatic production activation.",sc:ecard:1e8888bfae87468fc532,v0.3.0,sh:ecard:1e8888bfae87468fc532,ecard:1e8888bfae87468fc532,Quant_mvp\data\v0_3\selector_inputs\v0_3_selector_input.jsonl,Quant_mvp\data\v0_3\strategy_candidates\v0_3_strategy_candidate_registry.jsonl,,2026-05-06T14:04:50+00:00,blocked,volatility,resolve_blocker,false,3,1,7,8,excluded_rejected_or_out_of_scope,0,not_collectable,out_of_scope,reject_log,volatility_liquidity,partial,0,low,abstract_supported,not_reported,false,false,false,6,3,2025-10-18,2025,,,,missing_evaluation_evidence,,,2015-01-01,2025-12-31,,,0,false,false,,,,,,false,metric_summary_missing_or_unavailable,false,false,false,,,,,,,,,,,,unlabeled,null_missing_evidence,null_missing_evidence,Quant_mvp\config\v0_3_selector_label_rules.toml,,,,,,,,,,,,,,,,evaluation_prioritization|active_learning|uncertainty_ranking|review_triage,time_aware_required_before_training,,false,false,arxiv:2510.16526,arxiv:2510.16526,false,false,blocked_missing_evaluation_evidence,ml_rows_must_not_feed_scores_rankings_reports_backtests_trading_or_auto_adoption,production_activation_requires_later_root_approved_gate
v0_3_candidate_ml_input_0_2,"This candidate ML input row is evidence-only metadata for evaluator review. It is not a production ranking input, not a trading signal, not an adoption decision, and not automatic production activation.",sc:ecard:1e8e8efc19684197b305,v0.3.0,sh:ecard:1e8e8efc19684197b305,ecard:1e8e8efc19684197b305,Quant_mvp\data\v0_3\selector_inputs\v0_3_selector_input.jsonl,Quant_mvp\data\v0_3\strategy_candidates\v0_3_strategy_candidate_registry.jsonl,,2026-05-06T14:04:50+00:00,blocked,other,resolve_blocker,false,2,1,6,8,excluded_rejected_or_out_of_scope,0,not_collectable,out_of_scope,reject_log,,partial,0,low,abstract_supported,not_reported,false,false,false,6,2,2021-06-01,2021,,,,missing_evaluation_evidence,,,2015-01-01,2025-12-31,,,0,false,false,,,,,,false,metric_summary_missing_or_unavailable,false,false,false,,,,,,,,,,,,unlabeled,null_missing_evidence,null_missing_evidence,Quant_mvp\config\v0_3_selector_label_rules.toml,,,,,,,,,,,,,,,,evaluation_prioritization|active_learning|uncertainty_ranking|review_triage,time_aware_required_before_training,,false,false,doi:10.3386/w28967,doi:10.3386/w28967,false,false,blocked_missing_evaluation_evidence,ml_rows_must_not_feed_scores_rankings_reports_backtests_trading_or_auto_adoption,production_activation_requires_later_root_approved_gate
v0_3_candidate_ml_input_0_2,"This candidate ML input row is evidence-only metadata for evaluator review. It is not a production ranking input, not a trading signal, not an adoption decision, and not automatic production activation.",sc:ecard:1f74ca00f843b7138be8,v0.3.0,sh:ecard:1f74ca00f843b7138be8,ecard:1f74ca00f843b7138be8,Quant_mvp\data\v0_3\selector_inputs\v0_3_selector_input.jsonl,Quant_mvp\data\v0_3\strategy_candidates\v0_3_strategy_candidate_registry.jsonl,,2026-05-06T14:04:50+00:00,draft,volatility,refine_strategy_hypothesis,false,1,1,7,8,needs_manual_or_data_review,20,low,technical,technical_score_architect,volatility_liquidity,not_specified,0,low,metadata_only,not_reported,false,false,false,6,1,2019-10-31,2019,,,,missing_evaluation_evidence,,,2015-01-01,2025-12-31,,,0,false,false,,,,,,false,metric_summary_missing_or_unavailable,false,false,false,,,,,,,,,,,,unlabeled,null_missing_evidence,null_missing_evidence,Quant_mvp\config\v0_3_selector_label_rules.toml,,,,,,,,,,,,,,,,evaluation_prioritization|active_learning|uncertainty_ranking|review_triage,time_aware_required_before_training,,false,false,doi:10.2139/ssrn.2395267,doi:10.2139/ssrn.2395267,false,false,blocked_missing_evaluation_evidence,ml_rows_must_not_feed_scores_rankings_reports_backtests_trading_or_auto_adoption,production_activation_requires_later_root_approved_gate
v0_3_candidate_ml_input_0_2,"This candidate ML input row is evidence-only metadata for evaluator review. It is not a production ranking input, not a trading signal, not an adoption decision, and not automatic production activation.",sc:ecard:1fa2ca2045d9302ebfa9,v0.3.0,sh:ecard:1fa2ca2045d9302ebfa9,ecard:1fa2ca2045d9302ebfa9,Quant_mvp\data\v0_3\selector_inputs\v0_3_selector_input.jsonl,Quant_mvp\data\v0_3\strategy_candidates\v0_3_strategy_candidate_registry.jsonl,,2026-05-06T14:04:50+00:00,draft,value,refine_strategy_hypothesis,false,4,2,6,8,needs_hybrid_split,3,low,hybrid,hybrid_split_required,volatility_liquidity,partial,0,low,abstract_supported,not_reported,false,false,false,8,4,2016-11-09,2016,,,,missing_evaluation_evidence,,,2015-01-01,2025-12-31,,,0,false,false,,,,,,false,metric_summary_missing_or_unavailable,false,false,false,,,,,,,,,,,,unlabeled,null_missing_evidence,null_missing_evidence,Quant_mvp\config\v0_3_selector_label_rules.toml,,,,,,,,,,,,,,,,evaluation_prioritization|active_learning|uncertainty_ranking|review_triage,time_aware_required_before_training,,false,false,doi:10.1108/cfri-07-2015-0113,doi:10.1108/cfri-07-2015-0113,false,false,blocked_missing_evaluation_evidence,ml_rows_must_not_feed_scores_rankings_reports_backtests_trading_or_auto_adoption,production_activation_requires_later_root_approved_gate
v0_3_candidate_ml_input_0_2,"This candidate ML input row is evidence-only metadata for evaluator review. It is not a production ranking input, not a trading signal, not an adoption decision, and not automatic production activation.",sc:ecard:1ff749e2ae87e6bca1e9,v0.3.0,sh:ecard:1ff749e2ae87e6bca1e9,ecard:1ff749e2ae87e6bca1e9,Quant_mvp\data\v0_3\selector_inputs\v0_3_selector_input.jsonl,Quant_mvp\data\v0_3\strategy_candidates\v0_3_strategy_candidate_registry.jsonl,,2026-05-06T14:04:50+00:00,draft,other,refine_strategy_hypothesis,false,2,3,6,8,diagnostic_context_only,0,not_collectable,diagnostic,diagnostic_backlog,,not_specified,0,low,metadata_only,not_reported,true,false,false,6,2,2012-03-20,2012,,,,missing_evaluation_evidence,,,2015-01-01,2025-12-31,,,0,false,false,,,,,,false,metric_summary_missing_or_unavailable,false,false,false,,,,,,,,,,,,unlabeled,null_missing_evidence,null_missing_evidence,Quant_mvp\config\v0_3_selector_label_rules.toml,,,,,,,,,,,,,,,,evaluation_prioritization|active_learning|uncertainty_ranking|review_triage,time_aware_required_before_training,,false,false,doi:10.1787/888932590494,doi:10.1787/888932590494,false,false,blocked_missing_evaluation_evidence,ml_rows_must_not_feed_scores_rankings_reports_backtests_trading_or_auto_adoption,production_activation_requires_later_root_approved_gate
v0_3_candidate_ml_input_0_2,"This candidate ML input row is evidence-only metadata for evaluator review. It is not a production ranking input, not a trading signal, not an adoption decision, and not automatic production activation.",sc:ecard:2158bde38ffc6eebde86,v0.3.0,sh:ecard:2158bde38ffc6eebde86,ecard:2158bde38ffc6eebde86,Quant_mvp\data\v0_3\selector_inputs\v0_3_selector_input.jsonl,Quant_mvp\data\v0_3\strategy_candidates\v0_3_strategy_candidate_registry.jsonl,,2026-05-06T14:04:50+00:00,blocked,momentum,resolve_blocker,false,3,1,7,8,excluded_rejected_or_out_of_scope,0,not_collectable,out_of_scope,reject_log,momentum,partial,0,low,abstract_supported,not_reported,true,false,false,6,3,2025-10-30,2025,,,,missing_evaluation_evidence,,,2015-01-01,2025-12-31,,,0,false,false,,,,,,false,metric_summary_missing_or_unavailable,false,false,false,,,,,,,,,,,,unlabeled,null_missing_evidence,null_missing_evidence,Quant_mvp\config\v0_3_selector_label_rules.toml,,,,,,,,,,,,,,,,evaluation_prioritization|active_learning|uncertainty_ranking|review_triage,time_aware_required_before_training,,false,false,arxiv:2510.26228,arxiv:2510.26228,false,false,blocked_missing_evaluation_evidence,ml_rows_must_not_feed_scores_rankings_reports_backtests_trading_or_auto_adoption,production_activation_requires_later_root_approved_gate
v0_3_candidate_ml_input_0_2,"This candidate ML input row is evidence-only metadata for evaluator review. It is not a production ranking input, not a trading signal, not an adoption decision, and not automatic production activation.",sc:ecard:21bb6d600dc842e95859,v0.3.0,sh:ecard:21bb6d600dc842e95859,ecard:21bb6d600dc842e95859,Quant_mvp\data\v0_3\selector_inputs\v0_3_selector_input.jsonl,Quant_mvp\data\v0_3\strategy_candidates\v0_3_strategy_candidate_registry.jsonl,,2026-05-06T14:04:50+00:00,draft,value,refine_strategy_hypothesis,false,4,3,6,8,excluded_valuation_lane,0,not_collectable,valuation,valuation_agent_handoff,,not_specified,0,low,metadata_only,not_reported,false,false,false,8,4,2021-11-17,2021,,,,missing_evaluation_evidence,,,2015-01-01,2025-12-31,,,0,false,false,,,,,,false,metric_summary_missing_or_unavailable,false,false,false,,,,,,,,,,,,unlabeled,null_missing_evidence,null_missing_evidence,Quant_mvp\config\v0_3_selector_label_rules.toml,,,,,,,,,,,,,,,,evaluation_prioritization|active_learning|uncertainty_ranking|review_triage,time_aware_required_before_training,,false,false,doi:10.2139/ssrn.2850340,doi:10.2139/ssrn.2850340,false,false,blocked_missing_evaluation_evidence,ml_rows_must_not_feed_scores_rankings_reports_backtests_trading_or_auto_adoption,production_activation_requires_later_root_approved_gate
v0_3_candidate_ml_input_0_2,"This candidate ML input row is evidence-only metadata for evaluator review. It is not a production ranking input, not a trading signal, not an adoption decision, and not automatic production activation.",sc:ecard:21c78ad15e85c52eb0c2,v0.3.0,sh:ecard:21c78ad15e85c52eb0c2,ecard:21c78ad15e85c52eb0c2,Quant_mvp\data\v0_3\selector_inputs\v0_3_selector_input.jsonl,Quant_mvp\data\v0_3\strategy_candidates\v0_3_strategy_candidate_registry.jsonl,,2026-05-06T14:04:50+00:00,draft,value,refine_strategy_hypothesis,false,4,3,6,8,excluded_valuation_lane,0,not_collectable,valuation,valuation_agent_handoff,,partial,0,medium,abstract_supported,not_reported,false,false,true,8,4,1994-12-01,1994,,,,missing_evaluation_evidence,,,2015-01-01,2025-12-31,,,0,false,false,,,,,,false,metric_summary_missing_or_unavailable,false,false,false,,,,,,,,,,,,unlabeled,null_missing_evidence,null_missing_evidence,Quant_mvp\config\v0_3_selector_label_rules.toml,,,,,,,,,,,,,,,,evaluation_prioritization|active_learning|uncertainty_ranking|review_triage,time_aware_required_before_training,,false,false,doi:10.1111/j.1540-6261.1994.tb04773.x,doi:10.1111/j.1540-6261.1994.tb04773.x,false,false,blocked_missing_evaluation_evidence,ml_rows_must_not_feed_scores_rankings_reports_backtests_trading_or_auto_adoption,production_activation_requires_later_root_approved_gate
v0_3_candidate_ml_input_0_2,"This candidate ML input row is evidence-only metadata for evaluator review. It is not a production ranking input, not a trading signal, not an adoption decision, and not automatic production activation.",sc:ecard:2201a21d88a6835d35e0,v0.3.0,sh:ecard:2201a21d88a6835d35e0,ecard:2201a21d88a6835d35e0,Quant_mvp\data\v0_3\selector_inputs\v0_3_selector_input.jsonl,Quant_mvp\data\v0_3\strategy_candidates\v0_3_strategy_candidate_registry.jsonl,,2026-05-06T14:04:50+00:00,draft,volatility,refine_strategy_hypothesis,false,2,3,7,8,diagnostic_context_only,0,not_collectable,diagnostic,diagnostic_backlog,volatility_liquidity,not_specified,0,low,metadata_only,not_reported,false,false,false,6,2,2000-05-01,2000,,,,missing_evaluation_evidence,,,2015-01-01,2025-12-31,,,0,false,false,,,,,,false,metric_summary_missing_or_unavailable,false,false,false,,,,,,,,,,,,unlabeled,null_missing_evidence,null_missing_evidence,Quant_mvp\config\v0_3_selector_label_rules.toml,,,,,,,,,,,,,,,,evaluation_prioritization|active_learning|uncertainty_ranking|review_triage,time_aware_required_before_training,,false,false,doi:10.3386/w7687,doi:10.3386/w7687,false,false,blocked_missing_evaluation_evidence,ml_rows_must_not_feed_scores_rankings_reports_backtests_trading_or_auto_adoption,production_activation_requires_later_root_approved_gate
v0_3_candidate_ml_input_0_2,"This candidate ML input row is evidence-only metadata for evaluator review. It is not a production ranking input, not a trading signal, not an adoption decision, and not automatic production activation.",sc:ecard:222478c272a5cd16615d,v0.3.0,sh:ecard:222478c272a5cd16615d,ecard:222478c272a5cd16615d,Quant_mvp\data\v0_3\selector_inputs\v0_3_selector_input.jsonl,Quant_mvp\data\v0_3\strategy_candidates\v0_3_strategy_candidate_registry.jsonl,Quant_mvp\backtest_mvp\docs\v0_3_evaluation_evidence\non_momentum_cohort_1\ee_v0_3_20260506_sc_ecard_222478c272a5cd16615d.md,2026-05-06T14:04:50+00:00,evaluable,volatility,create_evaluation_evidence,true,0,1,7,8,eligible_for_candidate_selector_review,97,high,technical,technical_score_architect,volatility_liquidity,partial,2,low,abstract_supported,not_reported,false,false,false,6,0,2024-09-19,2024,2026-05-06,,ee_v0_3_20260506_sc_ecard_222478c272a5cd16615d,evidence_recorded,2026-05-06,2026-05-06,2015-01-02,2025-12-02,,benchmark_reference_comparison|cost|drawdown|no_feedback|no_lookahead|oos_walk_forward_stability|turnover|volatility,8,true,true,approved_evaluation_evidence,candidate_specific,candidate_level_supervised_label_candidate,strategy_candidate,sc:ecard:222478c272a5cd16615d,true,candidate_id_matches_candidate_level_evaluation_evidence,false,false,false,4.59248614414884,-0.26420150156471234,-0.26420150156471234,4.856687645713552,-0.49924422265194046,0.39104534114120565,0.686318407960199,0.5932409139655367,recorded_walk_forward_pass,0,1,candidate_level_evaluation_evidence,,positive,Quant_mvp\config\v0_3_selector_label_rules.toml,candidate_level_evaluation_evidence,candidate_specific,candidate_level_supervised_label_candidate,ee_v0_3_20260506_sc_ecard_222478c272a5cd16615d,2026-05-06,,,,,,,,,,,evaluation_prioritization|active_learning|uncertainty_ranking|review_triage,time_aware_required_before_training,,true,false,doi:10.21070/jbmp.v10i2.1972,doi:10.21070/jbmp.v10i2.1972,true,false,eligible_candidate_level_label,ml_rows_must_not_feed_scores_rankings_reports_backtests_trading_or_auto_adoption,production_activation_requires_later_root_approved_gate
v0_3_candidate_ml_input_0_2,"This candidate ML input row is evidence-only metadata for evaluator review. It is not a production ranking input, not a trading signal, not an adoption decision, and not automatic production activation.",sc:ecard:223abf25e05e1a89f391,v0.3.0,sh:ecard:223abf25e05e1a89f391,ecard:223abf25e05e1a89f391,Quant_mvp\data\v0_3\selector_inputs\v0_3_selector_input.jsonl,Quant_mvp\data\v0_3\strategy_candidates\v0_3_strategy_candidate_registry.jsonl,,2026-05-06T14:04:50+00:00,draft,volatility,refine_strategy_hypothesis,false,1,3,7,8,diagnostic_context_only,24,low,diagnostic,diagnostic_backlog,volatility_liquidity,partial,2,low,abstract_supported,not_reported,false,false,false,6,1,2013-09-18,2013,,,,missing_evaluation_evidence,,,2015-01-01,2025-12-31,,,0,false,false,,,,,,false,metric_summary_missing_or_unavailable,false,false,false,,,,,,,,,,,,unlabeled,null_missing_evidence,null_missing_evidence,Quant_mvp\config\v0_3_selector_label_rules.toml,,,,,,,,,,,,,,,,evaluation_prioritization|active_learning|uncertainty_ranking|review_triage,time_aware_required_before_training,,false,false,arxiv:1309.5073,arxiv:1309.5073,false,false,blocked_missing_evaluation_evidence,ml_rows_must_not_feed_scores_rankings_reports_backtests_trading_or_auto_adoption,production_activation_requires_later_root_approved_gate
v0_3_candidate_ml_input_0_2,"This candidate ML input row is evidence-only metadata for evaluator review. It is not a production ranking input, not a trading signal, not an adoption decision, and not automatic production activation.",sc:ecard:226ca886794af791cf00,v0.3.0,sh:ecard:226ca886794af791cf00,ecard:226ca886794af791cf00,Quant_mvp\data\v0_3\selector_inputs\v0_3_selector_input.jsonl,Quant_mvp\data\v0_3\strategy_candidates\v0_3_strategy_candidate_registry.jsonl,,2026-05-06T14:04:50+00:00,draft,volatility,refine_strategy_hypothesis,false,1,1,7,8,needs_manual_or_data_review,28,low,technical,technical_score_architect,volatility_liquidity,not_specified,0,low,metadata_only,not_reported,false,false,false,6,1,1999-03-01,1999,,,,missing_evaluation_evidence,,,2015-01-01,2025-12-31,,,0,false,false,,,,,,false,metric_summary_missing_or_unavailable,false,false,false,,,,,,,,,,,,unlabeled,null_missing_evidence,null_missing_evidence,Quant_mvp\config\v0_3_selector_label_rules.toml,,,,,,,,,,,,,,,,evaluation_prioritization|active_learning|uncertainty_ranking|review_triage,time_aware_required_before_training,,false,false,doi:10.1016/s1062-9769(99)80004-0,doi:10.1016/s1062-9769(99)80004-0,false,false,blocked_missing_evaluation_evidence,ml_rows_must_not_feed_scores_rankings_reports_backtests_trading_or_auto_adoption,production_activation_requires_later_root_approved_gate
v0_3_candidate_ml_input_0_2,"This candidate ML input row is evidence-only metadata for evaluator review. It is not a production ranking input, not a trading signal, not an adoption decision, and not automatic production activation.",sc:ecard:226fadd771b3e9badf63,v0.3.0,sh:ecard:226fadd771b3e9badf63,ecard:226fadd771b3e9badf63,Quant_mvp\data\v0_3\selector_inputs\v0_3_selector_input.jsonl,Quant_mvp\data\v0_3\strategy_candidates\v0_3_strategy_candidate_registry.jsonl,,2026-05-06T14:04:50+00:00,draft,value,refine_strategy_hypothesis,false,4,3,6,8,excluded_valuation_lane,0,not_collectable,valuation,valuation_agent_handoff,,partial,0,low,abstract_supported,not_reported,false,false,false,8,4,2006-01-01,2006,,,,missing_evaluation_evidence,,,2015-01-01,2025-12-31,,,0,false,false,,,,,,false,metric_summary_missing_or_unavailable,false,false,false,,,,,,,,,,,,unlabeled,null_missing_evidence,null_missing_evidence,Quant_mvp\config\v0_3_selector_label_rules.toml,,,,,,,,,,,,,,,,evaluation_prioritization|active_learning|uncertainty_ranking|review_triage,time_aware_required_before_training,,false,false,doi:10.1177/097324700600200102,doi:10.1177/097324700600200102,false,false,blocked_missing_evaluation_evidence,ml_rows_must_not_feed_scores_rankings_reports_backtests_trading_or_auto_adoption,production_activation_requires_later_root_approved_gate
v0_3_candidate_ml_input_0_2,"This candidate ML input row is evidence-only metadata for evaluator review. It is not a production ranking input, not a trading signal, not an adoption decision, and not automatic production activation.",sc:ecard:22833f9cdc3647b41f7b,v0.3.0,sh:ecard:22833f9cdc3647b41f7b,ecard:22833f9cdc3647b41f7b,Quant_mvp\data\v0_3\selector_inputs\v0_3_selector_input.jsonl,Quant_mvp\data\v0_3\strategy_candidates\v0_3_strategy_candidate_registry.jsonl,,2026-05-06T14:04:50+00:00,blocked,momentum,resolve_blocker,false,2,1,7,8,excluded_rejected_or_out_of_scope,0,not_collectable,out_of_scope,reject_log,momentum,partial,0,low,abstract_supported,not_reported,false,false,false,6,2,2025-11-11,2025,,,,missing_evaluation_evidence,,,2015-01-01,2025-12-31,,,0,false,false,,,,,,false,metric_summary_missing_or_unavailable,false,false,false,,,,,,,,,,,,unlabeled,null_missing_evidence,null_missing_evidence,Quant_mvp\config\v0_3_selector_label_rules.toml,,,,,,,,,,,,,,,,evaluation_prioritization|active_learning|uncertainty_ranking|review_triage,time_aware_required_before_training,,false,false,arxiv:2511.08571,arxiv:2511.08571,false,false,blocked_missing_evaluation_evidence,ml_rows_must_not_feed_scores_rankings_reports_backtests_trading_or_auto_adoption,production_activation_requires_later_root_approved_gate
v0_3_candidate_ml_input_0_2,"This candidate ML input row is evidence-only metadata for evaluator review. It is not a production ranking input, not a trading signal, not an adoption decision, and not automatic production activation.",sc:ecard:22fa09cdadb26beca521,v0.3.0,sh:ecard:22fa09cdadb26beca521,ecard:22fa09cdadb26beca521,Quant_mvp\data\v0_3\selector_inputs\v0_3_selector_input.jsonl,Quant_mvp\data\v0_3\strategy_candidates\v0_3_strategy_candidate_registry.jsonl,,2026-05-06T14:04:50+00:00,draft,other,refine_strategy_hypothesis,false,1,1,6,8,needs_manual_or_data_review,20,low,technical,technical_score_architect,,not_specified,0,low,metadata_only,,false,false,false,6,1,2011-06-30,2011,,,,missing_evaluation_evidence,,,2015-01-01,2025-12-31,,,0,false,false,,,,,,false,metric_summary_missing_or_unavailable,false,false,false,,,,,,,,,,,,unlabeled,null_missing_evidence,null_missing_evidence,Quant_mvp\config\v0_3_selector_label_rules.toml,,,,,,,,,,,,,,,,evaluation_prioritization|active_learning|uncertainty_ranking|review_triage,time_aware_required_before_training,,false,false,doi:10.5539/ijbm.v6n7p199,doi:10.5539/ijbm.v6n7p199,false,false,blocked_missing_evaluation_evidence,ml_rows_must_not_feed_scores_rankings_reports_backtests_trading_or_auto_adoption,production_activation_requires_later_root_approved_gate
v0_3_candidate_ml_input_0_2,"This candidate ML input row is evidence-only metadata for evaluator review. It is not a production ranking input, not a trading signal, not an adoption decision, and not automatic production activation.",sc:ecard:234b7d2806a42fdaf0ea,v0.3.0,sh:ecard:234b7d2806a42fdaf0ea,ecard:234b7d2806a42fdaf0ea,Quant_mvp\data\v0_3\selector_inputs\v0_3_selector_input.jsonl,Quant_mvp\data\v0_3\strategy_candidates\v0_3_strategy_candidate_registry.jsonl,,2026-05-06T14:04:50+00:00,draft,volatility,refine_strategy_hypothesis,false,1,1,7,8,needs_manual_or_data_review,20,low,technical,technical_score_architect,volatility_liquidity,not_specified,0,low,metadata_only,not_reported,false,false,false,6,1,2025-12-30,2025,,,,missing_evaluation_evidence,,,2015-01-01,2025-12-31,,,0,false,false,,,,,,false,metric_summary_missing_or_unavailable,false,false,false,,,,,,,,,,,,unlabeled,null_missing_evidence,null_missing_evidence,Quant_mvp\config\v0_3_selector_label_rules.toml,,,,,,,,,,,,,,,,evaluation_prioritization|active_learning|uncertainty_ranking|review_triage,time_aware_required_before_training,,false,false,doi:10.2139/ssrn.5877782,doi:10.2139/ssrn.5877782,false,false,blocked_missing_evaluation_evidence,ml_rows_must_not_feed_scores_rankings_reports_backtests_trading_or_auto_adoption,production_activation_requires_later_root_approved_gate
v0_3_candidate_ml_input_0_2,"This candidate ML input row is evidence-only metadata for evaluator review. It is not a production ranking input, not a trading signal, not an adoption decision, and not automatic production activation.",sc:ecard:2383d8dddf603178019e,v0.3.0,sh:ecard:2383d8dddf603178019e,ecard:2383d8dddf603178019e,Quant_mvp\data\v0_3\selector_inputs\v0_3_selector_input.jsonl,Quant_mvp\data\v0_3\strategy_candidates\v0_3_strategy_candidate_registry.jsonl,,2026-05-06T14:04:50+00:00,draft,other,refine_strategy_hypothesis,false,2,3,6,8,diagnostic_context_only,0,not_collectable,diagnostic,diagnostic_backlog,,not_specified,0,low,metadata_only,not_reported,false,false,false,6,2,2025-10-08,2025,,,,missing_evaluation_evidence,,,2015-01-01,2025-12-31,,,0,false,false,,,,,,false,metric_summary_missing_or_unavailable,false,false,false,,,,,,,,,,,,unlabeled,null_missing_evidence,null_missing_evidence,Quant_mvp\config\v0_3_selector_label_rules.toml,,,,,,,,,,,,,,,,evaluation_prioritization|active_learning|uncertainty_ranking|review_triage,time_aware_required_before_training,,false,false,doi:10.2139/ssrn.5536420,doi:10.2139/ssrn.5536420,false,false,blocked_missing_evaluation_evidence,ml_rows_must_not_feed_scores_rankings_reports_backtests_trading_or_auto_adoption,production_activation_requires_later_root_approved_gate
v0_3_candidate_ml_input_0_2,"This candidate ML input row is evidence-only metadata for evaluator review. It is not a production ranking input, not a trading signal, not an adoption decision, and not automatic production activation.",sc:ecard:23d540b8c1dbf03e50fe,v0.3.0,sh:ecard:23d540b8c1dbf03e50fe,ecard:23d540b8c1dbf03e50fe,Quant_mvp\data\v0_3\selector_inputs\v0_3_selector_input.jsonl,Quant_mvp\data\v0_3\strategy_candidates\v0_3_strategy_candidate_registry.jsonl,,2026-05-06T14:04:50+00:00,blocked,other,resolve_blocker,false,2,1,6,8,excluded_rejected_or_out_of_scope,0,not_collectable,out_of_scope,reject_log,,not_specified,0,low,metadata_only,not_reported,false,false,false,6,2,2009-02-01,2009,,,,missing_evaluation_evidence,,,2015-01-01,2025-12-31,,,0,false,false,,,,,,false,metric_summary_missing_or_unavailable,false,false,false,,,,,,,,,,,,unlabeled,null_missing_evidence,null_missing_evidence,Quant_mvp\config\v0_3_selector_label_rules.toml,,,,,,,,,,,,,,,,evaluation_prioritization|active_learning|uncertainty_ranking|review_triage,time_aware_required_before_training,,false,false,doi:10.1016/j.jbankfin.2008.08.001,doi:10.1016/j.jbankfin.2008.08.001,false,false,blocked_missing_evaluation_evidence,ml_rows_must_not_feed_scores_rankings_reports_backtests_trading_or_auto_adoption,production_activation_requires_later_root_approved_gate
v0_3_candidate_ml_input_0_2,"This candidate ML input row is evidence-only metadata for evaluator review. It is not a production ranking input, not a trading signal, not an adoption decision, and not automatic production activation.",sc:ecard:2400b9568147e3bfb791,v0.3.0,sh:ecard:2400b9568147e3bfb791,ecard:2400b9568147e3bfb791,Quant_mvp\data\v0_3\selector_inputs\v0_3_selector_input.jsonl,Quant_mvp\data\v0_3\strategy_candidates\v0_3_strategy_candidate_registry.jsonl,,2026-05-06T14:04:50+00:00,draft,volatility,refine_strategy_hypothesis,false,1,3,7,8,diagnostic_context_only,24,low,diagnostic,diagnostic_backlog,volatility_liquidity,partial,2,low,abstract_supported,not_reported,false,false,true,6,1,1999-01-01,1999,,,,missing_evaluation_evidence,,,2015-01-01,2025-12-31,,,0,false,false,,,,,,false,metric_summary_missing_or_unavailable,false,false,false,,,,,,,,,,,,unlabeled,null_missing_evidence,null_missing_evidence,Quant_mvp\config\v0_3_selector_label_rules.toml,,,,,,,,,,,,,,,,evaluation_prioritization|active_learning|uncertainty_ranking|review_triage,time_aware_required_before_training,,false,false,openalex:https://openalex.org/W609533635,openalex:https://openalex.org/W609533635,false,false,blocked_missing_evaluation_evidence,ml_rows_must_not_feed_scores_rankings_reports_backtests_trading_or_auto_adoption,production_activation_requires_later_root_approved_gate
v0_3_candidate_ml_input_0_2,"This candidate ML input row is evidence-only metadata for evaluator review. It is not a production ranking input, not a trading signal, not an adoption decision, and not automatic production activation.",sc:ecard:24f913b6e5b3f25493bf,v0.3.0,sh:ecard:24f913b6e5b3f25493bf,ecard:24f913b6e5b3f25493bf,Quant_mvp\data\v0_3\selector_inputs\v0_3_selector_input.jsonl,Quant_mvp\data\v0_3\strategy_candidates\v0_3_strategy_candidate_registry.jsonl,,2026-05-06T14:04:50+00:00,draft,volatility,refine_strategy_hypothesis,false,1,1,7,8,needs_manual_or_data_review,20,low,technical,technical_score_architect,volatility_liquidity,not_specified,0,low,metadata_only,not_reported,false,false,false,6,1,2019-11-01,2019,,,,missing_evaluation_evidence,,,2015-01-01,2025-12-31,,,0,false,false,,,,,,false,metric_summary_missing_or_unavailable,false,false,false,,,,,,,,,,,,unlabeled,null_missing_evidence,null_missing_evidence,Quant_mvp\config\v0_3_selector_label_rules.toml,,,,,,,,,,,,,,,,evaluation_prioritization|active_learning|uncertainty_ranking|review_triage,time_aware_required_before_training,,false,false,doi:10.7176/rjfa/10-22-02,doi:10.7176/rjfa/10-22-02,false,false,blocked_missing_evaluation_evidence,ml_rows_must_not_feed_scores_rankings_reports_backtests_trading_or_auto_adoption,production_activation_requires_later_root_approved_gate
v0_3_candidate_ml_input_0_2,"This candidate ML input row is evidence-only metadata for evaluator review. It is not a production ranking input, not a trading signal, not an adoption decision, and not automatic production activation.",sc:ecard:2588f670d131f7992933,v0.3.0,sh:ecard:2588f670d131f7992933,ecard:2588f670d131f7992933,Quant_mvp\data\v0_3\selector_inputs\v0_3_selector_input.jsonl,Quant_mvp\data\v0_3\strategy_candidates\v0_3_strategy_candidate_registry.jsonl,,2026-05-06T14:04:50+00:00,draft,volatility,refine_strategy_hypothesis,false,1,1,7,8,needs_manual_or_data_review,20,low,technical,technical_score_architect,volatility_liquidity,not_specified,0,low,metadata_only,not_reported,false,false,false,6,1,2020-06-10,2020,,,,missing_evaluation_evidence,,,2015-01-01,2025-12-31,,,0,false,false,,,,,,false,metric_summary_missing_or_unavailable,false,false,false,,,,,,,,,,,,unlabeled,null_missing_evidence,null_missing_evidence,Quant_mvp\config\v0_3_selector_label_rules.toml,,,,,,,,,,,,,,,,evaluation_prioritization|active_learning|uncertainty_ranking|review_triage,time_aware_required_before_training,,false,false,doi:10.23860/thesis-li-yanan-2014,doi:10.23860/thesis-li-yanan-2014,false,false,blocked_missing_evaluation_evidence,ml_rows_must_not_feed_scores_rankings_reports_backtests_trading_or_auto_adoption,production_activation_requires_later_root_approved_gate
v0_3_candidate_ml_input_0_2,"This candidate ML input row is evidence-only metadata for evaluator review. It is not a production ranking input, not a trading signal, not an adoption decision, and not automatic production activation.",sc:ecard:26094ba2e229f5d528a2,v0.3.0,sh:ecard:26094ba2e229f5d528a2,ecard:26094ba2e229f5d528a2,Quant_mvp\data\v0_3\selector_inputs\v0_3_selector_input.jsonl,Quant_mvp\data\v0_3\strategy_candidates\v0_3_strategy_candidate_registry.jsonl,,2026-05-06T14:04:50+00:00,draft,value,refine_strategy_hypothesis,false,4,2,6,8,needs_hybrid_split,3,low,hybrid,hybrid_split_required,momentum,partial,0,low,abstract_supported,not_reported,false,false,false,8,4,2025-08-05,2025,,,,missing_evaluation_evidence,,,2015-01-01,2025-12-31,,,0,false,false,,,,,,false,metric_summary_missing_or_unavailable,false,false,false,,,,,,,,,,,,unlabeled,null_missing_evidence,null_missing_evidence,Quant_mvp\config\v0_3_selector_label_rules.toml,,,,,,,,,,,,,,,,evaluation_prioritization|active_learning|uncertainty_ranking|review_triage,time_aware_required_before_training,,false,false,arxiv:2509.10461,arxiv:2509.10461,false,false,blocked_missing_evaluation_evidence,ml_rows_must_not_feed_scores_rankings_reports_backtests_trading_or_auto_adoption,production_activation_requires_later_root_approved_gate
v0_3_candidate_ml_input_0_2,"This candidate ML input row is evidence-only metadata for evaluator review. It is not a production ranking input, not a trading signal, not an adoption decision, and not automatic production activation.",sc:ecard:269bbefa9b831b7ee01c,v0.3.0,sh:ecard:269bbefa9b831b7ee01c,ecard:269bbefa9b831b7ee01c,Quant_mvp\data\v0_3\selector_inputs\v0_3_selector_input.jsonl,Quant_mvp\data\v0_3\strategy_candidates\v0_3_strategy_candidate_registry.jsonl,,2026-05-06T14:04:50+00:00,draft,other,refine_strategy_hypothesis,false,2,3,6,8,diagnostic_context_only,0,not_collectable,diagnostic,diagnostic_backlog,,not_specified,0,low,metadata_only,not_reported,true,false,false,6,2,2010-11-01,2010,,,,missing_evaluation_evidence,,,2015-01-01,2025-12-31,,,0,false,false,,,,,,false,metric_summary_missing_or_unavailable,false,false,false,,,,,,,,,,,,unlabeled,null_missing_evidence,null_missing_evidence,Quant_mvp\config\v0_3_selector_label_rules.toml,,,,,,,,,,,,,,,,evaluation_prioritization|active_learning|uncertainty_ranking|review_triage,time_aware_required_before_training,,false,false,doi:10.1016/j.jbankfin.2010.05.004,doi:10.1016/j.jbankfin.2010.05.004,false,false,blocked_missing_evaluation_evidence,ml_rows_must_not_feed_scores_rankings_reports_backtests_trading_or_auto_adoption,production_activation_requires_later_root_approved_gate
v0_3_candidate_ml_input_0_2,"This candidate ML input row is evidence-only metadata for evaluator review. It is not a production ranking input, not a trading signal, not an adoption decision, and not automatic production activation.",sc:ecard:27498c7b03336a4e8de4,v0.3.0,sh:ecard:27498c7b03336a4e8de4,ecard:27498c7b03336a4e8de4,Quant_mvp\data\v0_3\selector_inputs\v0_3_selector_input.jsonl,Quant_mvp\data\v0_3\strategy_candidates\v0_3_strategy_candidate_registry.jsonl,,2026-05-06T14:04:50+00:00,draft,other,refine_strategy_hypothesis,false,2,3,6,8,diagnostic_context_only,0,not_collectable,diagnostic,diagnostic_backlog,,not_specified,0,low,metadata_only,not_reported,true,false,false,6,2,2011-12-15,2011,,,,missing_evaluation_evidence,,,2015-01-01,2025-12-31,,,0,false,false,,,,,,false,metric_summary_missing_or_unavailable,false,false,false,,,,,,,,,,,,unlabeled,null_missing_evidence,null_missing_evidence,Quant_mvp\config\v0_3_selector_label_rules.toml,,,,,,,,,,,,,,,,evaluation_prioritization|active_learning|uncertainty_ranking|review_triage,time_aware_required_before_training,,false,false,doi:10.1093/oxfordhb/9780199553433.013.0018,doi:10.1093/oxfordhb/9780199553433.013.0018,false,false,blocked_missing_evaluation_evidence,ml_rows_must_not_feed_scores_rankings_reports_backtests_trading_or_auto_adoption,production_activation_requires_later_root_approved_gate
v0_3_candidate_ml_input_0_2,"This candidate ML input row is evidence-only metadata for evaluator review. It is not a production ranking input, not a trading signal, not an adoption decision, and not automatic production activation.",sc:ecard:27fca8588cf26d746136,v0.3.0,sh:ecard:27fca8588cf26d746136,ecard:27fca8588cf26d746136,Quant_mvp\data\v0_3\selector_inputs\v0_3_selector_input.jsonl,Quant_mvp\data\v0_3\strategy_candidates\v0_3_strategy_candidate_registry.jsonl,,2026-05-06T14:04:50+00:00,draft,seasonality,refine_strategy_hypothesis,false,2,3,6,8,diagnostic_context_only,0,not_collectable,diagnostic,diagnostic_backlog,,not_specified,0,low,metadata_only,not_reported,false,false,false,6,2,2019-06-01,2019,,,,missing_evaluation_evidence,,,2015-01-01,2025-12-31,,,0,false,false,,,,,,false,metric_summary_missing_or_unavailable,false,false,false,,,,,,,,,,,,unlabeled,null_missing_evidence,null_missing_evidence,Quant_mvp\config\v0_3_selector_label_rules.toml,,,,,,,,,,,,,,,,evaluation_prioritization|active_learning|uncertainty_ranking|review_triage,time_aware_required_before_training,,false,false,doi:10.1007/s10690-018-9263-4,doi:10.1007/s10690-018-9263-4,false,false,blocked_missing_evaluation_evidence,ml_rows_must_not_feed_scores_rankings_reports_backtests_trading_or_auto_adoption,production_activation_requires_later_root_approved_gate
v0_3_candidate_ml_input_0_2,"This candidate ML input row is evidence-only metadata for evaluator review. It is not a production ranking input, not a trading signal, not an adoption decision, and not automatic production activation.",sc:ecard:282871e3cfe70586bbdc,v0.3.0,sh:ecard:282871e3cfe70586bbdc,ecard:282871e3cfe70586bbdc,Quant_mvp\data\v0_3\selector_inputs\v0_3_selector_input.jsonl,Quant_mvp\data\v0_3\strategy_candidates\v0_3_strategy_candidate_registry.jsonl,,2026-05-06T14:04:50+00:00,draft,other,refine_strategy_hypothesis,false,2,3,6,8,diagnostic_context_only,0,not_collectable,diagnostic,diagnostic_backlog,,not_specified,0,low,metadata_only,not_reported,false,false,false,6,2,2005-11-03,2005,,,,missing_evaluation_evidence,,,2015-01-01,2025-12-31,,,0,false,false,,,,,,false,metric_summary_missing_or_unavailable,false,false,false,,,,,,,,,,,,unlabeled,null_missing_evidence,null_missing_evidence,Quant_mvp\config\v0_3_selector_label_rules.toml,,,,,,,,,,,,,,,,evaluation_prioritization|active_learning|uncertainty_ranking|review_triage,time_aware_required_before_training,,false,false,doi:10.2139/ssrn.252714,doi:10.2139/ssrn.252714,false,false,blocked_missing_evaluation_evidence,ml_rows_must_not_feed_scores_rankings_reports_backtests_trading_or_auto_adoption,production_activation_requires_later_root_approved_gate
v0_3_candidate_ml_input_0_2,"This candidate ML input row is evidence-only metadata for evaluator review. It is not a production ranking input, not a trading signal, not an adoption decision, and not automatic production activation.",sc:ecard:2874e4dd3091886b27a4,v0.3.0,sh:ecard:2874e4dd3091886b27a4,ecard:2874e4dd3091886b27a4,Quant_mvp\data\v0_3\selector_inputs\v0_3_selector_input.jsonl,Quant_mvp\data\v0_3\strategy_candidates\v0_3_strategy_candidate_registry.jsonl,,2026-05-06T14:04:50+00:00,blocked,other,resolve_blocker,false,2,1,6,8,excluded_rejected_or_out_of_scope,0,not_collectable,out_of_scope,reject_log,,not_specified,0,low,metadata_only,not_reported,false,false,false,6,2,2024-06-24,2024,,,,missing_evaluation_evidence,,,2015-01-01,2025-12-31,,,0,false,false,,,,,,false,metric_summary_missing_or_unavailable,false,false,false,,,,,,,,,,,,unlabeled,null_missing_evidence,null_missing_evidence,Quant_mvp\config\v0_3_selector_label_rules.toml,,,,,,,,,,,,,,,,evaluation_prioritization|active_learning|uncertainty_ranking|review_triage,time_aware_required_before_training,,false,false,doi:10.2139/ssrn.4875223,doi:10.2139/ssrn.4875223,false,false,blocked_missing_evaluation_evidence,ml_rows_must_not_feed_scores_rankings_reports_backtests_trading_or_auto_adoption,production_activation_requires_later_root_approved_gate
v0_3_candidate_ml_input_0_2,"This candidate ML input row is evidence-only metadata for evaluator review. It is not a production ranking input, not a trading signal, not an adoption decision, and not automatic production activation.",sc:ecard:28b18b7dcb16437496ff,v0.3.0,sh:ecard:28b18b7dcb16437496ff,ecard:28b18b7dcb16437496ff,Quant_mvp\data\v0_3\selector_inputs\v0_3_selector_input.jsonl,Quant_mvp\data\v0_3\strategy_candidates\v0_3_strategy_candidate_registry.jsonl,,2026-05-06T14:04:50+00:00,draft,reversal,refine_strategy_hypothesis,false,2,3,7,8,diagnostic_context_only,0,not_collectable,diagnostic,diagnostic_backlog,momentum,not_specified,0,low,metadata_only,not_reported,false,false,false,6,2,2021-01-26,2021,,,,missing_evaluation_evidence,,,2015-01-01,2025-12-31,,,0,false,false,,,,,,false,metric_summary_missing_or_unavailable,false,false,false,,,,,,,,,,,,unlabeled,null_missing_evidence,null_missing_evidence,Quant_mvp\config\v0_3_selector_label_rules.toml,,,,,,,,,,,,,,,,evaluation_prioritization|active_learning|uncertainty_ranking|review_triage,time_aware_required_before_training,,false,false,doi:10.1080/1540496x.2019.1593825,doi:10.1080/1540496x.2019.1593825,false,false,blocked_missing_evaluation_evidence,ml_rows_must_not_feed_scores_rankings_reports_backtests_trading_or_auto_adoption,production_activation_requires_later_root_approved_gate
v0_3_candidate_ml_input_0_2,"This candidate ML input row is evidence-only metadata for evaluator review. It is not a production ranking input, not a trading signal, not an adoption decision, and not automatic production activation.",sc:ecard:2a1416cc1a186a06a2c1,v0.3.0,sh:ecard:2a1416cc1a186a06a2c1,ecard:2a1416cc1a186a06a2c1,Quant_mvp\data\v0_3\selector_inputs\v0_3_selector_input.jsonl,Quant_mvp\data\v0_3\strategy_candidates\v0_3_strategy_candidate_registry.jsonl,,2026-05-06T14:04:50+00:00,draft,value,refine_strategy_hypothesis,false,4,3,6,8,excluded_valuation_lane,0,not_collectable,valuation,valuation_agent_handoff,,partial,0,medium,abstract_supported,not_reported,false,false,false,8,4,1995-03-01,1995,,,,missing_evaluation_evidence,,,2015-01-01,2025-12-31,,,0,false,false,,,,,,false,metric_summary_missing_or_unavailable,false,false,false,,,,,,,,,,,,unlabeled,null_missing_evidence,null_missing_evidence,Quant_mvp\config\v0_3_selector_label_rules.toml,,,,,,,,,,,,,,,,evaluation_prioritization|active_learning|uncertainty_ranking|review_triage,time_aware_required_before_training,,false,false,doi:10.2307/2329241,doi:10.2307/2329241,false,false,blocked_missing_evaluation_evidence,ml_rows_must_not_feed_scores_rankings_reports_backtests_trading_or_auto_adoption,production_activation_requires_later_root_approved_gate
v0_3_candidate_ml_input_0_2,"This candidate ML input row is evidence-only metadata for evaluator review. It is not a production ranking input, not a trading signal, not an adoption decision, and not automatic production activation.",sc:ecard:2a15cf43d3218ece8d23,v0.3.0,sh:ecard:2a15cf43d3218ece8d23,ecard:2a15cf43d3218ece8d23,Quant_mvp\data\v0_3\selector_inputs\v0_3_selector_input.jsonl,Quant_mvp\data\v0_3\strategy_candidates\v0_3_strategy_candidate_registry.jsonl,,2026-05-06T14:04:50+00:00,draft,statistical_arbitrage,refine_strategy_hypothesis,false,1,3,7,8,diagnostic_context_only,24,low,diagnostic,diagnostic_backlog,volatility_liquidity,partial,2,low,abstract_supported,not_reported,false,false,false,6,1,2000-04-01,2000,,,,missing_evaluation_evidence,,,2015-01-01,2025-12-31,,,0,false,false,,,,,,false,metric_summary_missing_or_unavailable,false,false,false,,,,,,,,,,,,unlabeled,null_missing_evidence,null_missing_evidence,Quant_mvp\config\v0_3_selector_label_rules.toml,,,,,,,,,,,,,,,,evaluation_prioritization|active_learning|uncertainty_ranking|review_triage,time_aware_required_before_training,,false,false,doi:10.1111/0022-1082.00231,doi:10.1111/0022-1082.00231,false,false,blocked_missing_evaluation_evidence,ml_rows_must_not_feed_scores_rankings_reports_backtests_trading_or_auto_adoption,production_activation_requires_later_root_approved_gate
v0_3_candidate_ml_input_0_2,"This candidate ML input row is evidence-only metadata for evaluator review. It is not a production ranking input, not a trading signal, not an adoption decision, and not automatic production activation.",sc:ecard:2a351fa202fae7fd9fc7,v0.3.0,sh:ecard:2a351fa202fae7fd9fc7,ecard:2a351fa202fae7fd9fc7,Quant_mvp\data\v0_3\selector_inputs\v0_3_selector_input.jsonl,Quant_mvp\data\v0_3\strategy_candidates\v0_3_strategy_candidate_registry.jsonl,,2026-05-06T14:04:50+00:00,draft,value,refine_strategy_hypothesis,false,4,2,6,8,needs_hybrid_split,0,not_collectable,hybrid,hybrid_split_required,momentum,not_specified,0,low,metadata_only,not_reported,false,false,false,8,4,2011-12-28,2011,,,,missing_evaluation_evidence,,,2015-01-01,2025-12-31,,,0,false,false,,,,,,false,metric_summary_missing_or_unavailable,false,false,false,,,,,,,,,,,,unlabeled,null_missing_evidence,null_missing_evidence,Quant_mvp\config\v0_3_selector_label_rules.toml,,,,,,,,,,,,,,,,evaluation_prioritization|active_learning|uncertainty_ranking|review_triage,time_aware_required_before_training,,false,false,doi:10.2139/ssrn.1104892,doi:10.2139/ssrn.1104892,false,false,blocked_missing_evaluation_evidence,ml_rows_must_not_feed_scores_rankings_reports_backtests_trading_or_auto_adoption,production_activation_requires_later_root_approved_gate
v0_3_candidate_ml_input_0_2,"This candidate ML input row is evidence-only metadata for evaluator review. It is not a production ranking input, not a trading signal, not an adoption decision, and not automatic production activation.",sc:ecard:2a4a2324f4aecff44b16,v0.3.0,sh:ecard:2a4a2324f4aecff44b16,ecard:2a4a2324f4aecff44b16,Quant_mvp\data\v0_3\selector_inputs\v0_3_selector_input.jsonl,Quant_mvp\data\v0_3\strategy_candidates\v0_3_strategy_candidate_registry.jsonl,,2026-05-06T14:04:50+00:00,draft,other,refine_strategy_hypothesis,false,1,1,6,8,needs_manual_or_data_review,20,low,technical,technical_score_architect,,not_specified,0,low,metadata_only,not_reported,false,false,false,6,1,2023-01-01,2023,,,,missing_evaluation_evidence,,,2015-01-01,2025-12-31,,,0,false,false,,,,,,false,metric_summary_missing_or_unavailable,false,false,false,,,,,,,,,,,,unlabeled,null_missing_evidence,null_missing_evidence,Quant_mvp\config\v0_3_selector_label_rules.toml,,,,,,,,,,,,,,,,evaluation_prioritization|active_learning|uncertainty_ranking|review_triage,time_aware_required_before_training,,false,false,doi:10.2139/ssrn.4516905,doi:10.2139/ssrn.4516905,false,false,blocked_missing_evaluation_evidence,ml_rows_must_not_feed_scores_rankings_reports_backtests_trading_or_auto_adoption,production_activation_requires_later_root_approved_gate
v0_3_candidate_ml_input_0_2,"This candidate ML input row is evidence-only metadata for evaluator review. It is not a production ranking input, not a trading signal, not an adoption decision, and not automatic production activation.",sc:ecard:2a50c4e5a924394da084,v0.3.0,sh:ecard:2a50c4e5a924394da084,ecard:2a50c4e5a924394da084,Quant_mvp\data\v0_3\selector_inputs\v0_3_selector_input.jsonl,Quant_mvp\data\v0_3\strategy_candidates\v0_3_strategy_candidate_registry.jsonl,,2026-05-06T14:04:50+00:00,draft,volatility,refine_strategy_hypothesis,false,1,1,7,8,needs_manual_or_data_review,20,low,technical,technical_score_architect,volatility_liquidity,not_specified,0,low,metadata_only,not_reported,false,false,false,6,1,2010-03-01,2010,,,,missing_evaluation_evidence,,,2015-01-01,2025-12-31,,,0,false,false,,,,,,false,metric_summary_missing_or_unavailable,false,false,false,,,,,,,,,,,,unlabeled,null_missing_evidence,null_missing_evidence,Quant_mvp\config\v0_3_selector_label_rules.toml,,,,,,,,,,,,,,,,evaluation_prioritization|active_learning|uncertainty_ranking|review_triage,time_aware_required_before_training,,false,false,doi:10.1093/acprof:oso/9780199549498.003.0013,doi:10.1093/acprof:oso/9780199549498.003.0013,false,false,blocked_missing_evaluation_evidence,ml_rows_must_not_feed_scores_rankings_reports_backtests_trading_or_auto_adoption,production_activation_requires_later_root_approved_gate
v0_3_candidate_ml_input_0_2,"This candidate ML input row is evidence-only metadata for evaluator review. It is not a production ranking input, not a trading signal, not an adoption decision, and not automatic production activation.",sc:ecard:2a83232216844edac783,v0.3.0,sh:ecard:2a83232216844edac783,ecard:2a83232216844edac783,Quant_mvp\data\v0_3\selector_inputs\v0_3_selector_input.jsonl,Quant_mvp\data\v0_3\strategy_candidates\v0_3_strategy_candidate_registry.jsonl,,2026-05-06T14:04:50+00:00,draft,volatility,refine_strategy_hypothesis,false,1,1,7,8,needs_manual_or_data_review,20,low,technical,technical_score_architect,volatility_liquidity,not_specified,0,low,metadata_only,not_reported,false,false,false,6,1,2010-09-08,2010,,,,missing_evaluation_evidence,,,2015-01-01,2025-12-31,,,0,false,false,,,,,,false,metric_summary_missing_or_unavailable,false,false,false,,,,,,,,,,,,unlabeled,null_missing_evidence,null_missing_evidence,Quant_mvp\config\v0_3_selector_label_rules.toml,,,,,,,,,,,,,,,,evaluation_prioritization|active_learning|uncertainty_ranking|review_triage,time_aware_required_before_training,,false,false,doi:10.1007/s11146-010-9270-3,doi:10.1007/s11146-010-9270-3,false,false,blocked_missing_evaluation_evidence,ml_rows_must_not_feed_scores_rankings_reports_backtests_trading_or_auto_adoption,production_activation_requires_later_root_approved_gate
v0_3_candidate_ml_input_0_2,"This candidate ML input row is evidence-only metadata for evaluator review. It is not a production ranking input, not a trading signal, not an adoption decision, and not automatic production activation.",sc:ecard:2add1aa90a4e96cbc380,v0.3.0,sh:ecard:2add1aa90a4e96cbc380,ecard:2add1aa90a4e96cbc380,Quant_mvp\data\v0_3\selector_inputs\v0_3_selector_input.jsonl,Quant_mvp\data\v0_3\strategy_candidates\v0_3_strategy_candidate_registry.jsonl,,2026-05-06T14:04:50+00:00,blocked,reversal,resolve_blocker,false,2,1,7,8,excluded_rejected_or_out_of_scope,0,not_collectable,out_of_scope,reject_log,mean_reversion,partial,0,low,abstract_supported,not_reported,true,false,false,6,2,2013-07-27,2013,,,,missing_evaluation_evidence,,,2015-01-01,2025-12-31,,,0,false,false,,,,,,false,metric_summary_missing_or_unavailable,false,false,false,,,,,,,,,,,,unlabeled,null_missing_evidence,null_missing_evidence,Quant_mvp\config\v0_3_selector_label_rules.toml,,,,,,,,,,,,,,,,evaluation_prioritization|active_learning|uncertainty_ranking|review_triage,time_aware_required_before_training,,false,false,doi:10.1111/jofi.12080,doi:10.1111/jofi.12080,false,false,blocked_missing_evaluation_evidence,ml_rows_must_not_feed_scores_rankings_reports_backtests_trading_or_auto_adoption,production_activation_requires_later_root_approved_gate
v0_3_candidate_ml_input_0_2,"This candidate ML input row is evidence-only metadata for evaluator review. It is not a production ranking input, not a trading signal, not an adoption decision, and not automatic production activation.",sc:ecard:2af879d7defc1eb900dc,v0.3.0,sh:ecard:2af879d7defc1eb900dc,ecard:2af879d7defc1eb900dc,Quant_mvp\data\v0_3\selector_inputs\v0_3_selector_input.jsonl,Quant_mvp\data\v0_3\strategy_candidates\v0_3_strategy_candidate_registry.jsonl,,2026-05-06T14:04:50+00:00,draft,value,refine_strategy_hypothesis,false,4,2,6,8,needs_hybrid_split,0,not_collectable,hybrid,hybrid_split_required,,not_specified,0,low,metadata_only,not_reported,false,false,false,8,4,2013-05-01,2013,,,,missing_evaluation_evidence,,,2015-01-01,2025-12-31,,,0,false,false,,,,,,false,metric_summary_missing_or_unavailable,false,false,false,,,,,,,,,,,,unlabeled,null_missing_evidence,null_missing_evidence,Quant_mvp\config\v0_3_selector_label_rules.toml,,,,,,,,,,,,,,,,evaluation_prioritization|active_learning|uncertainty_ranking|review_triage,time_aware_required_before_training,,false,false,doi:10.1093/rfs/hhs180,doi:10.1093/rfs/hhs180,false,false,blocked_missing_evaluation_evidence,ml_rows_must_not_feed_scores_rankings_reports_backtests_trading_or_auto_adoption,production_activation_requires_later_root_approved_gate
v0_3_candidate_ml_input_0_2,"This candidate ML input row is evidence-only metadata for evaluator review. It is not a production ranking input, not a trading signal, not an adoption decision, and not automatic production activation.",sc:ecard:2b339968df3d79c32681,v0.3.0,sh:ecard:2b339968df3d79c32681,ecard:2b339968df3d79c32681,Quant_mvp\data\v0_3\selector_inputs\v0_3_selector_input.jsonl,Quant_mvp\data\v0_3\strategy_candidates\v0_3_strategy_candidate_registry.jsonl,,2026-05-06T14:04:50+00:00,draft,volatility,refine_strategy_hypothesis,false,2,3,7,8,diagnostic_context_only,0,not_collectable,diagnostic,diagnostic_backlog,volatility_liquidity,not_specified,0,low,metadata_only,not_reported,false,false,false,6,2,2011-12-28,2011,,,,missing_evaluation_evidence,,,2015-01-01,2025-12-31,,,0,false,false,,,,,,false,metric_summary_missing_or_unavailable,false,false,false,,,,,,,,,,,,unlabeled,null_missing_evidence,null_missing_evidence,Quant_mvp\config\v0_3_selector_label_rules.toml,,,,,,,,,,,,,,,,evaluation_prioritization|active_learning|uncertainty_ranking|review_triage,time_aware_required_before_training,,false,false,doi:10.2139/ssrn.733906,doi:10.2139/ssrn.733906,false,false,blocked_missing_evaluation_evidence,ml_rows_must_not_feed_scores_rankings_reports_backtests_trading_or_auto_adoption,production_activation_requires_later_root_approved_gate
v0_3_candidate_ml_input_0_2,"This candidate ML input row is evidence-only metadata for evaluator review. It is not a production ranking input, not a trading signal, not an adoption decision, and not automatic production activation.",sc:ecard:2c0c1852e202fec08325,v0.3.0,sh:ecard:2c0c1852e202fec08325,ecard:2c0c1852e202fec08325,Quant_mvp\data\v0_3\selector_inputs\v0_3_selector_input.jsonl,Quant_mvp\data\v0_3\strategy_candidates\v0_3_strategy_candidate_registry.jsonl,,2026-05-06T14:04:50+00:00,draft,volatility,refine_strategy_hypothesis,false,1,1,7,8,needs_manual_or_data_review,20,low,technical,technical_score_architect,volatility_liquidity,not_specified,0,low,metadata_only,not_reported,false,false,false,6,1,2017-04-05,2017,,,,missing_evaluation_evidence,,,2015-01-01,2025-12-31,,,0,false,false,,,,,,false,metric_summary_missing_or_unavailable,false,false,false,,,,,,,,,,,,unlabeled,null_missing_evidence,null_missing_evidence,Quant_mvp\config\v0_3_selector_label_rules.toml,,,,,,,,,,,,,,,,evaluation_prioritization|active_learning|uncertainty_ranking|review_triage,time_aware_required_before_training,,false,false,doi:10.2139/ssrn.2945030,doi:10.2139/ssrn.2945030,false,false,blocked_missing_evaluation_evidence,ml_rows_must_not_feed_scores_rankings_reports_backtests_trading_or_auto_adoption,production_activation_requires_later_root_approved_gate
v0_3_candidate_ml_input_0_2,"This candidate ML input row is evidence-only metadata for evaluator review. It is not a production ranking input, not a trading signal, not an adoption decision, and not automatic production activation.",sc:ecard:2cb9d3f87a6d2013b431,v0.3.0,sh:ecard:2cb9d3f87a6d2013b431,ecard:2cb9d3f87a6d2013b431,Quant_mvp\data\v0_3\selector_inputs\v0_3_selector_input.jsonl,Quant_mvp\data\v0_3\strategy_candidates\v0_3_strategy_candidate_registry.jsonl,,2026-05-06T14:04:50+00:00,draft,other,refine_strategy_hypothesis,false,1,1,6,8,needs_manual_or_data_review,20,low,technical,technical_score_architect,,not_specified,0,low,metadata_only,not_reported,false,false,false,6,1,2021-01-01,2021,,,,missing_evaluation_evidence,,,2015-01-01,2025-12-31,,,0,false,false,,,,,,false,metric_summary_missing_or_unavailable,false,false,false,,,,,,,,,,,,unlabeled,null_missing_evidence,null_missing_evidence,Quant_mvp\config\v0_3_selector_label_rules.toml,,,,,,,,,,,,,,,,evaluation_prioritization|active_learning|uncertainty_ranking|review_triage,time_aware_required_before_training,,false,false,doi:10.1109/access.2021.3119041,doi:10.1109/access.2021.3119041,false,false,blocked_missing_evaluation_evidence,ml_rows_must_not_feed_scores_rankings_reports_backtests_trading_or_auto_adoption,production_activation_requires_later_root_approved_gate
v0_3_candidate_ml_input_0_2,"This candidate ML input row is evidence-only metadata for evaluator review. It is not a production ranking input, not a trading signal, not an adoption decision, and not automatic production activation.",sc:ecard:2d01e074aa528369ce42,v0.3.0,sh:ecard:2d01e074aa528369ce42,ecard:2d01e074aa528369ce42,Quant_mvp\data\v0_3\selector_inputs\v0_3_selector_input.jsonl,Quant_mvp\data\v0_3\strategy_candidates\v0_3_strategy_candidate_registry.jsonl,,2026-05-06T14:04:50+00:00,draft,value,refine_strategy_hypothesis,false,4,2,6,8,needs_hybrid_split,3,low,hybrid,hybrid_split_required,volatility_liquidity,partial,0,low,abstract_supported,not_reported,false,false,false,8,4,2008-01-01,2008,,,,missing_evaluation_evidence,,,2015-01-01,2025-12-31,,,0,false,false,,,,,,false,metric_summary_missing_or_unavailable,false,false,false,,,,,,,,,,,,unlabeled,null_missing_evidence,null_missing_evidence,Quant_mvp\config\v0_3_selector_label_rules.toml,,,,,,,,,,,,,,,,evaluation_prioritization|active_learning|uncertainty_ranking|review_triage,time_aware_required_before_training,,false,false,doi:10.3386/w13739,doi:10.3386/w13739,false,false,blocked_missing_evaluation_evidence,ml_rows_must_not_feed_scores_rankings_reports_backtests_trading_or_auto_adoption,production_activation_requires_later_root_approved_gate
v0_3_candidate_ml_input_0_2,"This candidate ML input row is evidence-only metadata for evaluator review. It is not a production ranking input, not a trading signal, not an adoption decision, and not automatic production activation.",sc:ecard:2d1b15708ae917e8627a,v0.3.0,sh:ecard:2d1b15708ae917e8627a,ecard:2d1b15708ae917e8627a,Quant_mvp\data\v0_3\selector_inputs\v0_3_selector_input.jsonl,Quant_mvp\data\v0_3\strategy_candidates\v0_3_strategy_candidate_registry.jsonl,,2026-05-06T14:04:50+00:00,draft,volatility,refine_strategy_hypothesis,false,2,3,7,8,diagnostic_context_only,0,not_collectable,diagnostic,diagnostic_backlog,volatility_liquidity,not_specified,0,low,metadata_only,not_reported,false,false,false,6,2,2025-12-05,2025,,,,missing_evaluation_evidence,,,2015-01-01,2025-12-31,,,0,false,false,,,,,,false,metric_summary_missing_or_unavailable,false,false,false,,,,,,,,,,,,unlabeled,null_missing_evidence,null_missing_evidence,Quant_mvp\config\v0_3_selector_label_rules.toml,,,,,,,,,,,,,,,,evaluation_prioritization|active_learning|uncertainty_ranking|review_triage,time_aware_required_before_training,,false,false,doi:10.2139/ssrn.5865390,doi:10.2139/ssrn.5865390,false,false,blocked_missing_evaluation_evidence,ml_rows_must_not_feed_scores_rankings_reports_backtests_trading_or_auto_adoption,production_activation_requires_later_root_approved_gate
v0_3_candidate_ml_input_0_2,"This candidate ML input row is evidence-only metadata for evaluator review. It is not a production ranking input, not a trading signal, not an adoption decision, and not automatic production activation.",sc:ecard:2d3f6921aadca9b26915,v0.3.0,sh:ecard:2d3f6921aadca9b26915,ecard:2d3f6921aadca9b26915,Quant_mvp\data\v0_3\selector_inputs\v0_3_selector_input.jsonl,Quant_mvp\data\v0_3\strategy_candidates\v0_3_strategy_candidate_registry.jsonl,,2026-05-06T14:04:50+00:00,draft,value,refine_strategy_hypothesis,false,4,3,6,8,excluded_valuation_lane,0,not_collectable,valuation,valuation_agent_handoff,volatility_liquidity,not_specified,0,low,metadata_only,not_reported,false,false,false,8,4,2002-01-01,2002,,,,missing_evaluation_evidence,,,2015-01-01,2025-12-31,,,0,false,false,,,,,,false,metric_summary_missing_or_unavailable,false,false,false,,,,,,,,,,,,unlabeled,null_missing_evidence,null_missing_evidence,Quant_mvp\config\v0_3_selector_label_rules.toml,,,,,,,,,,,,,,,,evaluation_prioritization|active_learning|uncertainty_ranking|review_triage,time_aware_required_before_training,,false,false,doi:10.1016/s1386-4181(01)00024-6,doi:10.1016/s1386-4181(01)00024-6,false,false,blocked_missing_evaluation_evidence,ml_rows_must_not_feed_scores_rankings_reports_backtests_trading_or_auto_adoption,production_activation_requires_later_root_approved_gate
v0_3_candidate_ml_input_0_2,"This candidate ML input row is evidence-only metadata for evaluator review. It is not a production ranking input, not a trading signal, not an adoption decision, and not automatic production activation.",sc:ecard:2d581782d3d849f15799,v0.3.0,sh:ecard:2d581782d3d849f15799,ecard:2d581782d3d849f15799,Quant_mvp\data\v0_3\selector_inputs\v0_3_selector_input.jsonl,Quant_mvp\data\v0_3\strategy_candidates\v0_3_strategy_candidate_registry.jsonl,,2026-05-06T14:04:50+00:00,draft,volatility,refine_strategy_hypothesis,false,1,1,7,8,needs_manual_or_data_review,20,low,technical,technical_score_architect,volatility_liquidity,not_specified,0,low,metadata_only,not_reported,false,false,false,6,1,2001-01-01,2001,,,,missing_evaluation_evidence,,,2015-01-01,2025-12-31,,,0,false,false,,,,,,false,metric_summary_missing_or_unavailable,false,false,false,,,,,,,,,,,,unlabeled,null_missing_evidence,null_missing_evidence,Quant_mvp\config\v0_3_selector_label_rules.toml,,,,,,,,,,,,,,,,evaluation_prioritization|active_learning|uncertainty_ranking|review_triage,time_aware_required_before_training,,false,false,doi:10.1016/b978-075064751-9.50011-4,doi:10.1016/b978-075064751-9.50011-4,false,false,blocked_missing_evaluation_evidence,ml_rows_must_not_feed_scores_rankings_reports_backtests_trading_or_auto_adoption,production_activation_requires_later_root_approved_gate
v0_3_candidate_ml_input_0_2,"This candidate ML input row is evidence-only metadata for evaluator review. It is not a production ranking input, not a trading signal, not an adoption decision, and not automatic production activation.",sc:ecard:2d78d48722329f5ec11c,v0.3.0,sh:ecard:2d78d48722329f5ec11c,ecard:2d78d48722329f5ec11c,Quant_mvp\data\v0_3\selector_inputs\v0_3_selector_input.jsonl,Quant_mvp\data\v0_3\strategy_candidates\v0_3_strategy_candidate_registry.jsonl,,2026-05-06T14:04:50+00:00,draft,other,refine_strategy_hypothesis,false,2,3,6,8,diagnostic_context_only,0,not_collectable,diagnostic,diagnostic_backlog,,not_specified,0,low,metadata_only,not_reported,false,false,false,6,2,2002-01-01,2002,,,,missing_evaluation_evidence,,,2015-01-01,2025-12-31,,,0,false,false,,,,,,false,metric_summary_missing_or_unavailable,false,false,false,,,,,,,,,,,,unlabeled,null_missing_evidence,null_missing_evidence,Quant_mvp\config\v0_3_selector_label_rules.toml,,,,,,,,,,,,,,,,evaluation_prioritization|active_learning|uncertainty_ranking|review_triage,time_aware_required_before_training,,false,false,doi:10.1007/0-306-47579-0_6,doi:10.1007/0-306-47579-0_6,false,false,blocked_missing_evaluation_evidence,ml_rows_must_not_feed_scores_rankings_reports_backtests_trading_or_auto_adoption,production_activation_requires_later_root_approved_gate
v0_3_candidate_ml_input_0_2,"This candidate ML input row is evidence-only metadata for evaluator review. It is not a production ranking input, not a trading signal, not an adoption decision, and not automatic production activation.",sc:ecard:2d9c99fd0c5d10dc47c7,v0.3.0,sh:ecard:2d9c99fd0c5d10dc47c7,ecard:2d9c99fd0c5d10dc47c7,Quant_mvp\data\v0_3\selector_inputs\v0_3_selector_input.jsonl,Quant_mvp\data\v0_3\strategy_candidates\v0_3_strategy_candidate_registry.jsonl,Quant_mvp\backtest_mvp\docs\v0_3_evaluation_evidence\momentum_cohort_1\ee_v0_3_20260506_sc_ecard_2d9c99fd0c5d10dc47c7.md,2026-05-06T14:04:50+00:00,evaluable,momentum,create_evaluation_evidence,true,0,1,7,8,eligible_for_candidate_selector_review,94,high,technical,technical_score_architect,momentum,partial,2,medium,abstract_supported,not_reported,false,false,false,6,0,2025-05-14,2025,2026-05-06,,ee_v0_3_20260506_sc_ecard_2d9c99fd0c5d10dc47c7,evidence_recorded,2026-05-06,2026-05-06,2015-01-02,2025-12-02,,benchmark_reference_comparison|cost|drawdown|no_feedback|no_lookahead|oos_walk_forward_stability|turnover|volatility,8,true,true,approved_evaluation_evidence,candidate_specific,candidate_level_supervised_label_candidate,strategy_candidate,sc:ecard:2d9c99fd0c5d10dc47c7,true,candidate_id_matches_candidate_level_evaluation_evidence,false,false,false,0.9478898686276229,-0.270661347208625,-0.270661347208625,1.218551215836248,-0.6092164024086726,0.2968075686560764,0.8618159203980099,0.35818175172278915,recorded_walk_forward_fail,0,0,candidate_level_evaluation_evidence,,negative,Quant_mvp\config\v0_3_selector_label_rules.toml,candidate_level_evaluation_evidence,candidate_specific,candidate_level_supervised_label_candidate,ee_v0_3_20260506_sc_ecard_2d9c99fd0c5d10dc47c7,2026-05-06,,,,,,,,,,,evaluation_prioritization|active_learning|uncertainty_ranking|review_triage,time_aware_required_before_training,,true,false,doi:10.47191/ijcsrr/v8-i5-30,doi:10.47191/ijcsrr/v8-i5-30,true,false,eligible_candidate_level_label,ml_rows_must_not_feed_scores_rankings_reports_backtests_trading_or_auto_adoption,production_activation_requires_later_root_approved_gate
v0_3_candidate_ml_input_0_2,"This candidate ML input row is evidence-only metadata for evaluator review. It is not a production ranking input, not a trading signal, not an adoption decision, and not automatic production activation.",sc:ecard:2ddff05eda3597f863d0,v0.3.0,sh:ecard:2ddff05eda3597f863d0,ecard:2ddff05eda3597f863d0,Quant_mvp\data\v0_3\selector_inputs\v0_3_selector_input.jsonl,Quant_mvp\data\v0_3\strategy_candidates\v0_3_strategy_candidate_registry.jsonl,,2026-05-06T14:04:50+00:00,draft,value,refine_strategy_hypothesis,false,4,2,6,8,needs_hybrid_split,0,not_collectable,hybrid,hybrid_split_required,,not_specified,0,low,metadata_only,not_reported,false,false,false,8,4,2005-08-19,2005,,,,missing_evaluation_evidence,,,2015-01-01,2025-12-31,,,0,false,false,,,,,,false,metric_summary_missing_or_unavailable,false,false,false,,,,,,,,,,,,unlabeled,null_missing_evidence,null_missing_evidence,Quant_mvp\config\v0_3_selector_label_rules.toml,,,,,,,,,,,,,,,,evaluation_prioritization|active_learning|uncertainty_ranking|review_triage,time_aware_required_before_training,,false,false,doi:10.2139/ssrn.142278,doi:10.2139/ssrn.142278,false,false,blocked_missing_evaluation_evidence,ml_rows_must_not_feed_scores_rankings_reports_backtests_trading_or_auto_adoption,production_activation_requires_later_root_approved_gate
v0_3_candidate_ml_input_0_2,"This candidate ML input row is evidence-only metadata for evaluator review. It is not a production ranking input, not a trading signal, not an adoption decision, and not automatic production activation.",sc:ecard:2ec5dd54f5df4127e5c8,v0.3.0,sh:ecard:2ec5dd54f5df4127e5c8,ecard:2ec5dd54f5df4127e5c8,Quant_mvp\data\v0_3\selector_inputs\v0_3_selector_input.jsonl,Quant_mvp\data\v0_3\strategy_candidates\v0_3_strategy_candidate_registry.jsonl,Quant_mvp\backtest_mvp\docs\v0_3_evaluation_evidence\non_momentum_cohort_1\ee_v0_3_20260506_sc_ecard_2ec5dd54f5df4127e5c8.md,2026-05-06T14:04:50+00:00,evaluable,volatility,create_evaluation_evidence,true,0,1,7,8,eligible_for_candidate_selector_review,94,high,technical,technical_score_architect,volatility_liquidity,partial,2,medium,abstract_supported,not_reported,false,false,false,6,0,2025-02-13,2025,2026-05-06,,ee_v0_3_20260506_sc_ecard_2ec5dd54f5df4127e5c8,evidence_recorded,2026-05-06,2026-05-06,2015-01-02,2025-12-02,,benchmark_reference_comparison|cost|drawdown|no_feedback|no_lookahead|oos_walk_forward_stability|turnover|volatility,8,true,true,approved_evaluation_evidence,candidate_specific,candidate_level_supervised_label_candidate,strategy_candidate,sc:ecard:2ec5dd54f5df4127e5c8,true,candidate_id_matches_candidate_level_evaluation_evidence,false,false,false,4.59248614414884,-0.26420150156471234,-0.26420150156471234,4.856687645713552,-0.49924422265194046,0.39104534114120565,0.686318407960199,0.5932409139655367,recorded_walk_forward_pass,0,1,candidate_level_evaluation_evidence,,positive,Quant_mvp\config\v0_3_selector_label_rules.toml,candidate_level_evaluation_evidence,candidate_specific,candidate_level_supervised_label_candidate,ee_v0_3_20260506_sc_ecard_2ec5dd54f5df4127e5c8,2026-05-06,,,,,,,,,,,evaluation_prioritization|active_learning|uncertainty_ranking|review_triage,time_aware_required_before_training,,true,false,doi:10.47191/jefms/v8-i2-15,doi:10.47191/jefms/v8-i2-15,true,false,eligible_candidate_level_label,ml_rows_must_not_feed_scores_rankings_reports_backtests_trading_or_auto_adoption,production_activation_requires_later_root_approved_gate
v0_3_candidate_ml_input_0_2,"This candidate ML input row is evidence-only metadata for evaluator review. It is not a production ranking input, not a trading signal, not an adoption decision, and not automatic production activation.",sc:ecard:2f6a870ad27f061ebb3f,v0.3.0,sh:ecard:2f6a870ad27f061ebb3f,ecard:2f6a870ad27f061ebb3f,Quant_mvp\data\v0_3\selector_inputs\v0_3_selector_input.jsonl,Quant_mvp\data\v0_3\strategy_candidates\v0_3_strategy_candidate_registry.jsonl,,2026-05-06T14:04:50+00:00,draft,value,refine_strategy_hypothesis,false,4,2,6,8,needs_hybrid_split,3,low,hybrid,hybrid_split_required,,partial,0,low,abstract_supported,not_reported,true,false,false,8,4,2025-11-26,2025,,,,missing_evaluation_evidence,,,2015-01-01,2025-12-31,,,0,false,false,,,,,,false,metric_summary_missing_or_unavailable,false,false,false,,,,,,,,,,,,unlabeled,null_missing_evidence,null_missing_evidence,Quant_mvp\config\v0_3_selector_label_rules.toml,,,,,,,,,,,,,,,,evaluation_prioritization|active_learning|uncertainty_ranking|review_triage,time_aware_required_before_training,,false,false,doi:10.21511/imfi.22(4).2025.21,doi:10.21511/imfi.22(4).2025.21,false,false,blocked_missing_evaluation_evidence,ml_rows_must_not_feed_scores_rankings_reports_backtests_trading_or_auto_adoption,production_activation_requires_later_root_approved_gate
v0_3_candidate_ml_input_0_2,"This candidate ML input row is evidence-only metadata for evaluator review. It is not a production ranking input, not a trading signal, not an adoption decision, and not automatic production activation.",sc:ecard:2f82b844fe3058eec6c9,v0.3.0,sh:ecard:2f82b844fe3058eec6c9,ecard:2f82b844fe3058eec6c9,Quant_mvp\data\v0_3\selector_inputs\v0_3_selector_input.jsonl,Quant_mvp\data\v0_3\strategy_candidates\v0_3_strategy_candidate_registry.jsonl,,2026-05-06T14:04:50+00:00,draft,other,refine_strategy_hypothesis,false,2,3,6,8,diagnostic_context_only,0,not_collectable,diagnostic,diagnostic_backlog,,not_specified,0,low,metadata_only,not_reported,false,false,false,6,2,2024-01-01,2024,,,,missing_evaluation_evidence,,,2015-01-01,2025-12-31,,,0,false,false,,,,,,false,metric_summary_missing_or_unavailable,false,false,false,,,,,,,,,,,,unlabeled,null_missing_evidence,null_missing_evidence,Quant_mvp\config\v0_3_selector_label_rules.toml,,,,,,,,,,,,,,,,evaluation_prioritization|active_learning|uncertainty_ranking|review_triage,time_aware_required_before_training,,false,false,doi:10.1016/j.ijforecast.2022.12.001,doi:10.1016/j.ijforecast.2022.12.001,false,false,blocked_missing_evaluation_evidence,ml_rows_must_not_feed_scores_rankings_reports_backtests_trading_or_auto_adoption,production_activation_requires_later_root_approved_gate
v0_3_candidate_ml_input_0_2,"This candidate ML input row is evidence-only metadata for evaluator review. It is not a production ranking input, not a trading signal, not an adoption decision, and not automatic production activation.",sc:ecard:2f9fee40330cb9f57233,v0.3.0,sh:ecard:2f9fee40330cb9f57233,ecard:2f9fee40330cb9f57233,Quant_mvp\data\v0_3\selector_inputs\v0_3_selector_input.jsonl,Quant_mvp\data\v0_3\strategy_candidates\v0_3_strategy_candidate_registry.jsonl,,2026-05-06T14:04:50+00:00,draft,volatility,refine_strategy_hypothesis,false,2,3,7,8,diagnostic_context_only,0,not_collectable,diagnostic,diagnostic_backlog,volatility_liquidity,not_specified,0,low,metadata_only,not_reported,false,false,false,6,2,2011-12-28,2011,,,,missing_evaluation_evidence,,,2015-01-01,2025-12-31,,,0,false,false,,,,,,false,metric_summary_missing_or_unavailable,false,false,false,,,,,,,,,,,,unlabeled,null_missing_evidence,null_missing_evidence,Quant_mvp\config\v0_3_selector_label_rules.toml,,,,,,,,,,,,,,,,evaluation_prioritization|active_learning|uncertainty_ranking|review_triage,time_aware_required_before_training,,false,false,doi:10.2139/ssrn.927044,doi:10.2139/ssrn.927044,false,false,blocked_missing_evaluation_evidence,ml_rows_must_not_feed_scores_rankings_reports_backtests_trading_or_auto_adoption,production_activation_requires_later_root_approved_gate
v0_3_candidate_ml_input_0_2,"This candidate ML input row is evidence-only metadata for evaluator review. It is not a production ranking input, not a trading signal, not an adoption decision, and not automatic production activation.",sc:ecard:2fb87b778f6387cc0494,v0.3.0,sh:ecard:2fb87b778f6387cc0494,ecard:2fb87b778f6387cc0494,Quant_mvp\data\v0_3\selector_inputs\v0_3_selector_input.jsonl,Quant_mvp\data\v0_3\strategy_candidates\v0_3_strategy_candidate_registry.jsonl,,2026-05-06T14:04:50+00:00,draft,value,refine_strategy_hypothesis,false,4,3,6,8,excluded_valuation_lane,0,not_collectable,valuation,valuation_agent_handoff,,partial,0,medium,abstract_supported,not_reported,true,false,false,8,4,2023-03-20,2023,,,,missing_evaluation_evidence,,,2015-01-01,2025-12-31,,,0,false,false,,,,,,false,metric_summary_missing_or_unavailable,false,false,false,,,,,,,,,,,,unlabeled,null_missing_evidence,null_missing_evidence,Quant_mvp\config\v0_3_selector_label_rules.toml,,,,,,,,,,,,,,,,evaluation_prioritization|active_learning|uncertainty_ranking|review_triage,time_aware_required_before_training,,false,false,doi:10.1111/jofi.13225,doi:10.1111/jofi.13225,false,false,blocked_missing_evaluation_evidence,ml_rows_must_not_feed_scores_rankings_reports_backtests_trading_or_auto_adoption,production_activation_requires_later_root_approved_gate
v0_3_candidate_ml_input_0_2,"This candidate ML input row is evidence-only metadata for evaluator review. It is not a production ranking input, not a trading signal, not an adoption decision, and not automatic production activation.",sc:ecard:304a18120b7e5070cc59,v0.3.0,sh:ecard:304a18120b7e5070cc59,ecard:304a18120b7e5070cc59,Quant_mvp\data\v0_3\selector_inputs\v0_3_selector_input.jsonl,Quant_mvp\data\v0_3\strategy_candidates\v0_3_strategy_candidate_registry.jsonl,,2026-05-06T14:04:50+00:00,draft,volatility,refine_strategy_hypothesis,false,2,3,7,8,diagnostic_context_only,0,not_collectable,diagnostic,diagnostic_backlog,volatility_liquidity,not_specified,0,low,metadata_only,not_reported,false,false,false,6,2,2022-10-01,2022,,,,missing_evaluation_evidence,,,2015-01-01,2025-12-31,,,0,false,false,,,,,,false,metric_summary_missing_or_unavailable,false,false,false,,,,,,,,,,,,unlabeled,null_missing_evidence,null_missing_evidence,Quant_mvp\config\v0_3_selector_label_rules.toml,,,,,,,,,,,,,,,,evaluation_prioritization|active_learning|uncertainty_ranking|review_triage,time_aware_required_before_training,,false,false,doi:10.1016/j.pacfin.2022.101849,doi:10.1016/j.pacfin.2022.101849,false,false,blocked_missing_evaluation_evidence,ml_rows_must_not_feed_scores_rankings_reports_backtests_trading_or_auto_adoption,production_activation_requires_later_root_approved_gate
v0_3_candidate_ml_input_0_2,"This candidate ML input row is evidence-only metadata for evaluator review. It is not a production ranking input, not a trading signal, not an adoption decision, and not automatic production activation.",sc:ecard:30707d01d76ec9ac6b13,v0.3.0,sh:ecard:30707d01d76ec9ac6b13,ecard:30707d01d76ec9ac6b13,Quant_mvp\data\v0_3\selector_inputs\v0_3_selector_input.jsonl,Quant_mvp\data\v0_3\strategy_candidates\v0_3_strategy_candidate_registry.jsonl,,2026-05-06T14:04:50+00:00,draft,other,refine_strategy_hypothesis,false,2,3,6,8,diagnostic_context_only,0,not_collectable,diagnostic,diagnostic_backlog,,not_specified,0,low,metadata_only,not_reported,false,false,false,6,2,2014-12-12,2014,,,,missing_evaluation_evidence,,,2015-01-01,2025-12-31,,,0,false,false,,,,,,false,metric_summary_missing_or_unavailable,false,false,false,,,,,,,,,,,,unlabeled,null_missing_evidence,null_missing_evidence,Quant_mvp\config\v0_3_selector_label_rules.toml,,,,,,,,,,,,,,,,evaluation_prioritization|active_learning|uncertainty_ranking|review_triage,time_aware_required_before_training,,false,false,doi:10.1057/9781137450661.0007,doi:10.1057/9781137450661.0007,false,false,blocked_missing_evaluation_evidence,ml_rows_must_not_feed_scores_rankings_reports_backtests_trading_or_auto_adoption,production_activation_requires_later_root_approved_gate
v0_3_candidate_ml_input_0_2,"This candidate ML input row is evidence-only metadata for evaluator review. It is not a production ranking input, not a trading signal, not an adoption decision, and not automatic production activation.",sc:ecard:30cc6da1227bb921cb2d,v0.3.0,sh:ecard:30cc6da1227bb921cb2d,ecard:30cc6da1227bb921cb2d,Quant_mvp\data\v0_3\selector_inputs\v0_3_selector_input.jsonl,Quant_mvp\data\v0_3\strategy_candidates\v0_3_strategy_candidate_registry.jsonl,,2026-05-06T14:04:50+00:00,draft,volatility,refine_strategy_hypothesis,false,1,3,7,8,diagnostic_context_only,24,low,diagnostic,diagnostic_backlog,volatility_liquidity,partial,2,low,abstract_supported,not_reported,false,false,false,6,1,2011-12-31,2011,,,,missing_evaluation_evidence,,,2015-01-01,2025-12-31,,,0,false,false,,,,,,false,metric_summary_missing_or_unavailable,false,false,false,,,,,,,,,,,,unlabeled,null_missing_evidence,null_missing_evidence,Quant_mvp\config\v0_3_selector_label_rules.toml,,,,,,,,,,,,,,,,evaluation_prioritization|active_learning|uncertainty_ranking|review_triage,time_aware_required_before_training,,false,false,doi:10.1515/9781400829095,doi:10.1515/9781400829095,false,false,blocked_missing_evaluation_evidence,ml_rows_must_not_feed_scores_rankings_reports_backtests_trading_or_auto_adoption,production_activation_requires_later_root_approved_gate
v0_3_candidate_ml_input_0_2,"This candidate ML input row is evidence-only metadata for evaluator review. It is not a production ranking input, not a trading signal, not an adoption decision, and not automatic production activation.",sc:ecard:30decca6ab7c7e50e688,v0.3.0,sh:ecard:30decca6ab7c7e50e688,ecard:30decca6ab7c7e50e688,Quant_mvp\data\v0_3\selector_inputs\v0_3_selector_input.jsonl,Quant_mvp\data\v0_3\strategy_candidates\v0_3_strategy_candidate_registry.jsonl,,2026-05-06T14:04:50+00:00,draft,volatility,refine_strategy_hypothesis,false,1,1,7,8,needs_manual_or_data_review,20,low,technical,technical_score_architect,volatility_liquidity,not_specified,0,low,metadata_only,not_reported,false,false,false,6,1,2025-08-01,2025,,,,missing_evaluation_evidence,,,2015-01-01,2025-12-31,,,0,false,false,,,,,,false,metric_summary_missing_or_unavailable,false,false,false,,,,,,,,,,,,unlabeled,null_missing_evidence,null_missing_evidence,Quant_mvp\config\v0_3_selector_label_rules.toml,,,,,,,,,,,,,,,,evaluation_prioritization|active_learning|uncertainty_ranking|review_triage,time_aware_required_before_training,,false,false,doi:10.24191/apmaj.v20i2-03,doi:10.24191/apmaj.v20i2-03,false,false,blocked_missing_evaluation_evidence,ml_rows_must_not_feed_scores_rankings_reports_backtests_trading_or_auto_adoption,production_activation_requires_later_root_approved_gate
v0_3_candidate_ml_input_0_2,"This candidate ML input row is evidence-only metadata for evaluator review. It is not a production ranking input, not a trading signal, not an adoption decision, and not automatic production activation.",sc:ecard:313c4461bef3560b2e4a,v0.3.0,sh:ecard:313c4461bef3560b2e4a,ecard:313c4461bef3560b2e4a,Quant_mvp\data\v0_3\selector_inputs\v0_3_selector_input.jsonl,Quant_mvp\data\v0_3\strategy_candidates\v0_3_strategy_candidate_registry.jsonl,Quant_mvp\backtest_mvp\docs\v0_3_evaluation_evidence\momentum_cohort_1\ee_v0_3_20260506_sc_ecard_313c4461bef3560b2e4a.md,2026-05-06T14:04:50+00:00,evaluable,momentum,create_evaluation_evidence,true,0,1,7,8,eligible_for_candidate_selector_review,94,high,technical,technical_score_architect,momentum,partial,2,medium,abstract_supported,not_reported,false,false,false,6,0,2023-10-01,2023,2026-05-06,,ee_v0_3_20260506_sc_ecard_313c4461bef3560b2e4a,evidence_recorded,2026-05-06,2026-05-06,2015-01-02,2025-12-02,,benchmark_reference_comparison|cost|drawdown|no_feedback|no_lookahead|oos_walk_forward_stability|turnover|volatility,8,true,true,approved_evaluation_evidence,candidate_specific,candidate_level_supervised_label_candidate,strategy_candidate,sc:ecard:313c4461bef3560b2e4a,true,candidate_id_matches_candidate_level_evaluation_evidence,false,false,false,0.9478898686276229,-0.270661347208625,-0.270661347208625,1.218551215836248,-0.6092164024086726,0.2968075686560764,0.8618159203980099,0.35818175172278915,recorded_walk_forward_fail,0,0,candidate_level_evaluation_evidence,,negative,Quant_mvp\config\v0_3_selector_label_rules.toml,candidate_level_evaluation_evidence,candidate_specific,candidate_level_supervised_label_candidate,ee_v0_3_20260506_sc_ecard_313c4461bef3560b2e4a,2026-05-06,,,,,,,,,,,evaluation_prioritization|active_learning|uncertainty_ranking|review_triage,time_aware_required_before_training,,true,false,doi:10.54364/aaiml.2023.1195,doi:10.54364/aaiml.2023.1195,true,false,eligible_candidate_level_label,ml_rows_must_not_feed_scores_rankings_reports_backtests_trading_or_auto_adoption,production_activation_requires_later_root_approved_gate
v0_3_candidate_ml_input_0_2,"This candidate ML input row is evidence-only metadata for evaluator review. It is not a production ranking input, not a trading signal, not an adoption decision, and not automatic production activation.",sc:ecard:3149394b7c7d5648b714,v0.3.0,sh:ecard:3149394b7c7d5648b714,ecard:3149394b7c7d5648b714,Quant_mvp\data\v0_3\selector_inputs\v0_3_selector_input.jsonl,Quant_mvp\data\v0_3\strategy_candidates\v0_3_strategy_candidate_registry.jsonl,Quant_mvp\backtest_mvp\docs\v0_3_evaluation_evidence\momentum_cohort_1\ee_v0_3_20260506_sc_ecard_3149394b7c7d5648b714.md,2026-05-06T14:04:50+00:00,evaluable,momentum,create_evaluation_evidence,true,0,1,7,8,eligible_for_candidate_selector_review,94,high,technical,technical_score_architect,momentum,partial,2,medium,abstract_supported,not_reported,false,false,false,6,0,2019-10-16,2019,2026-05-06,,ee_v0_3_20260506_sc_ecard_3149394b7c7d5648b714,evidence_recorded,2026-05-06,2026-05-06,2015-01-02,2025-12-02,,benchmark_reference_comparison|cost|drawdown|no_feedback|no_lookahead|oos_walk_forward_stability|turnover|volatility,8,true,true,approved_evaluation_evidence,candidate_specific,candidate_level_supervised_label_candidate,strategy_candidate,sc:ecard:3149394b7c7d5648b714,true,candidate_id_matches_candidate_level_evaluation_evidence,false,false,false,0.9478898686276229,-0.270661347208625,-0.270661347208625,1.218551215836248,-0.6092164024086726,0.2968075686560764,0.8618159203980099,0.35818175172278915,recorded_walk_forward_fail,0,0,candidate_level_evaluation_evidence,,negative,Quant_mvp\config\v0_3_selector_label_rules.toml,candidate_level_evaluation_evidence,candidate_specific,candidate_level_supervised_label_candidate,ee_v0_3_20260506_sc_ecard_3149394b7c7d5648b714,2026-05-06,,,,,,,,,,,evaluation_prioritization|active_learning|uncertainty_ranking|review_triage,time_aware_required_before_training,,true,false,arxiv:1910.07564,arxiv:1910.07564,true,false,eligible_candidate_level_label,ml_rows_must_not_feed_scores_rankings_reports_backtests_trading_or_auto_adoption,production_activation_requires_later_root_approved_gate
v0_3_candidate_ml_input_0_2,"This candidate ML input row is evidence-only metadata for evaluator review. It is not a production ranking input, not a trading signal, not an adoption decision, and not automatic production activation.",sc:ecard:31e9dc506e1292f9f419,v0.3.0,sh:ecard:31e9dc506e1292f9f419,ecard:31e9dc506e1292f9f419,Quant_mvp\data\v0_3\selector_inputs\v0_3_selector_input.jsonl,Quant_mvp\data\v0_3\strategy_candidates\v0_3_strategy_candidate_registry.jsonl,,2026-05-06T14:04:50+00:00,draft,value,refine_strategy_hypothesis,false,4,2,6,8,needs_hybrid_split,3,low,hybrid,hybrid_split_required,momentum,partial,0,low,abstract_supported,not_reported,false,false,false,8,4,1999-11-30,1999,,,,missing_evaluation_evidence,,,2015-01-01,2025-12-31,,,0,false,false,,,,,,false,metric_summary_missing_or_unavailable,false,false,false,,,,,,,,,,,,unlabeled,null_missing_evidence,null_missing_evidence,Quant_mvp\config\v0_3_selector_label_rules.toml,,,,,,,,,,,,,,,,evaluation_prioritization|active_learning|uncertainty_ranking|review_triage,time_aware_required_before_training,,false,false,doi:10.1596/1813-9450-1505,doi:10.1596/1813-9450-1505,false,false,blocked_missing_evaluation_evidence,ml_rows_must_not_feed_scores_rankings_reports_backtests_trading_or_auto_adoption,production_activation_requires_later_root_approved_gate
v0_3_candidate_ml_input_0_2,"This candidate ML input row is evidence-only metadata for evaluator review. It is not a production ranking input, not a trading signal, not an adoption decision, and not automatic production activation.",sc:ecard:323cfb925a57b18eff1e,v0.3.0,sh:ecard:323cfb925a57b18eff1e,ecard:323cfb925a57b18eff1e,Quant_mvp\data\v0_3\selector_inputs\v0_3_selector_input.jsonl,Quant_mvp\data\v0_3\strategy_candidates\v0_3_strategy_candidate_registry.jsonl,,2026-05-06T14:04:50+00:00,draft,reversal,refine_strategy_hypothesis,false,1,1,7,8,needs_manual_or_data_review,20,low,technical,technical_score_architect,mean_reversion,not_specified,0,low,metadata_only,,false,false,false,6,1,2015-01-01,2015,,,,missing_evaluation_evidence,,,2015-01-01,2025-12-31,,,0,false,false,,,,,,false,metric_summary_missing_or_unavailable,false,false,false,,,,,,,,,,,,unlabeled,null_missing_evidence,null_missing_evidence,Quant_mvp\config\v0_3_selector_label_rules.toml,,,,,,,,,,,,,,,,evaluation_prioritization|active_learning|uncertainty_ranking|review_triage,time_aware_required_before_training,,false,false,doi:10.2139/ssrn.2730304,doi:10.2139/ssrn.2730304,false,false,blocked_missing_evaluation_evidence,ml_rows_must_not_feed_scores_rankings_reports_backtests_trading_or_auto_adoption,production_activation_requires_later_root_approved_gate
v0_3_candidate_ml_input_0_2,"This candidate ML input row is evidence-only metadata for evaluator review. It is not a production ranking input, not a trading signal, not an adoption decision, and not automatic production activation.",sc:ecard:326c44730d772640843a,v0.3.0,sh:ecard:326c44730d772640843a,ecard:326c44730d772640843a,Quant_mvp\data\v0_3\selector_inputs\v0_3_selector_input.jsonl,Quant_mvp\data\v0_3\strategy_candidates\v0_3_strategy_candidate_registry.jsonl,Quant_mvp\backtest_mvp\docs\v0_3_evaluation_evidence\non_momentum_cohort_1\ee_v0_3_20260506_sc_ecard_326c44730d772640843a.md,2026-05-06T14:04:50+00:00,evaluable,other,create_evaluation_evidence,true,0,1,6,8,eligible_for_candidate_selector_review,97,high,technical,technical_score_architect,,partial,2,low,abstract_supported,,false,false,false,6,0,2009-08-19,2009,2026-05-06,,ee_v0_3_20260506_sc_ecard_326c44730d772640843a,evidence_recorded,2026-05-06,2026-05-06,2015-01-02,2025-12-02,,benchmark_reference_comparison|cost|drawdown|no_feedback|no_lookahead|oos_walk_forward_stability|turnover|volatility,8,true,true,approved_evaluation_evidence,candidate_specific,candidate_level_supervised_label_candidate,strategy_candidate,sc:ecard:326c44730d772640843a,true,candidate_id_matches_candidate_level_evaluation_evidence,false,false,false,0.9478898686276229,-0.270661347208625,-0.270661347208625,1.218551215836248,-0.6092164024086726,0.2968075686560764,0.8618159203980099,0.35818175172278915,recorded_walk_forward_fail,0,0,candidate_level_evaluation_evidence,,negative,Quant_mvp\config\v0_3_selector_label_rules.toml,candidate_level_evaluation_evidence,candidate_specific,candidate_level_supervised_label_candidate,ee_v0_3_20260506_sc_ecard_326c44730d772640843a,2026-05-06,,,,,,,,,,,evaluation_prioritization|active_learning|uncertainty_ranking|review_triage,time_aware_required_before_training,,true,false,doi:10.1108/1525383x200900019,doi:10.1108/1525383x200900019,true,false,eligible_candidate_level_label,ml_rows_must_not_feed_scores_rankings_reports_backtests_trading_or_auto_adoption,production_activation_requires_later_root_approved_gate
v0_3_candidate_ml_input_0_2,"This candidate ML input row is evidence-only metadata for evaluator review. It is not a production ranking input, not a trading signal, not an adoption decision, and not automatic production activation.",sc:ecard:329df57345dc672d046a,v0.3.0,sh:ecard:329df57345dc672d046a,ecard:329df57345dc672d046a,Quant_mvp\data\v0_3\selector_inputs\v0_3_selector_input.jsonl,Quant_mvp\data\v0_3\strategy_candidates\v0_3_strategy_candidate_registry.jsonl,Quant_mvp\backtest_mvp\docs\v0_3_evaluation_evidence\non_momentum_cohort_1\ee_v0_3_20260506_sc_ecard_329df57345dc672d046a.md,2026-05-06T14:04:50+00:00,evaluable,other,create_evaluation_evidence,true,0,1,6,8,eligible_for_candidate_selector_review,89,high,technical,technical_score_architect,,partial,2,low,abstract_supported,not_reported,false,false,false,6,0,2026-02-11,2026,2026-05-06,,ee_v0_3_20260506_sc_ecard_329df57345dc672d046a,evidence_recorded,2026-05-06,2026-05-06,2015-01-02,2025-12-02,,benchmark_reference_comparison|cost|drawdown|no_feedback|no_lookahead|oos_walk_forward_stability|turnover|volatility,8,true,true,approved_evaluation_evidence,candidate_specific,candidate_level_supervised_label_candidate,strategy_candidate,sc:ecard:329df57345dc672d046a,true,candidate_id_matches_candidate_level_evaluation_evidence,false,false,false,0.9478898686276229,-0.270661347208625,-0.270661347208625,1.218551215836248,-0.6092164024086726,0.2968075686560764,0.8618159203980099,0.35818175172278915,recorded_walk_forward_fail,0,0,candidate_level_evaluation_evidence,,negative,Quant_mvp\config\v0_3_selector_label_rules.toml,candidate_level_evaluation_evidence,candidate_specific,candidate_level_supervised_label_candidate,ee_v0_3_20260506_sc_ecard_329df57345dc672d046a,2026-05-06,,,,,,,,,,,evaluation_prioritization|active_learning|uncertainty_ranking|review_triage,time_aware_required_before_training,,true,false,doi:10.20378/irb-112587,doi:10.20378/irb-112587,true,false,eligible_candidate_level_label,ml_rows_must_not_feed_scores_rankings_reports_backtests_trading_or_auto_adoption,production_activation_requires_later_root_approved_gate
v0_3_candidate_ml_input_0_2,"This candidate ML input row is evidence-only metadata for evaluator review. It is not a production ranking input, not a trading signal, not an adoption decision, and not automatic production activation.",sc:ecard:32daa8373af0330d6f58,v0.3.0,sh:ecard:32daa8373af0330d6f58,ecard:32daa8373af0330d6f58,Quant_mvp\data\v0_3\selector_inputs\v0_3_selector_input.jsonl,Quant_mvp\data\v0_3\strategy_candidates\v0_3_strategy_candidate_registry.jsonl,,2026-05-06T14:04:50+00:00,draft,value,refine_strategy_hypothesis,false,4,2,6,8,needs_hybrid_split,3,low,hybrid,hybrid_split_required,momentum,partial,0,low,abstract_supported,not_reported,false,false,false,8,4,2026-04-20,2026,,,,missing_evaluation_evidence,,,2015-01-01,2025-12-31,,,0,false,false,,,,,,false,metric_summary_missing_or_unavailable,false,false,false,,,,,,,,,,,,unlabeled,null_missing_evidence,null_missing_evidence,Quant_mvp\config\v0_3_selector_label_rules.toml,,,,,,,,,,,,,,,,evaluation_prioritization|active_learning|uncertainty_ranking|review_triage,time_aware_required_before_training,,false,false,doi:10.2139/ssrn.6532398,doi:10.2139/ssrn.6532398,false,false,blocked_missing_evaluation_evidence,ml_rows_must_not_feed_scores_rankings_reports_backtests_trading_or_auto_adoption,production_activation_requires_later_root_approved_gate
v0_3_candidate_ml_input_0_2,"This candidate ML input row is evidence-only metadata for evaluator review. It is not a production ranking input, not a trading signal, not an adoption decision, and not automatic production activation.",sc:ecard:336e6d4b9b753ff987e3,v0.3.0,sh:ecard:336e6d4b9b753ff987e3,ecard:336e6d4b9b753ff987e3,Quant_mvp\data\v0_3\selector_inputs\v0_3_selector_input.jsonl,Quant_mvp\data\v0_3\strategy_candidates\v0_3_strategy_candidate_registry.jsonl,,2026-05-06T14:04:50+00:00,draft,value,refine_strategy_hypothesis,false,4,2,6,8,needs_hybrid_split,3,low,hybrid,hybrid_split_required,,partial,0,low,abstract_supported,not_reported,true,false,false,8,4,2000-06-01,2000,,,,missing_evaluation_evidence,,,2015-01-01,2025-12-31,,,0,false,false,,,,,,false,metric_summary_missing_or_unavailable,false,false,false,,,,,,,,,,,,unlabeled,null_missing_evidence,null_missing_evidence,Quant_mvp\config\v0_3_selector_label_rules.toml,,,,,,,,,,,,,,,,evaluation_prioritization|active_learning|uncertainty_ranking|review_triage,time_aware_required_before_training,,false,false,doi:10.1108/03074350010766747,doi:10.1108/03074350010766747,false,false,blocked_missing_evaluation_evidence,ml_rows_must_not_feed_scores_rankings_reports_backtests_trading_or_auto_adoption,production_activation_requires_later_root_approved_gate
v0_3_candidate_ml_input_0_2,"This candidate ML input row is evidence-only metadata for evaluator review. It is not a production ranking input, not a trading signal, not an adoption decision, and not automatic production activation.",sc:ecard:33f1eb352ff88f335f81,v0.3.0,sh:ecard:33f1eb352ff88f335f81,ecard:33f1eb352ff88f335f81,Quant_mvp\data\v0_3\selector_inputs\v0_3_selector_input.jsonl,Quant_mvp\data\v0_3\strategy_candidates\v0_3_strategy_candidate_registry.jsonl,Quant_mvp\backtest_mvp\docs\v0_3_evaluation_evidence\non_momentum_cohort_1\ee_v0_3_20260506_sc_ecard_33f1eb352ff88f335f81.md,2026-05-06T14:04:50+00:00,evaluable,volatility,create_evaluation_evidence,true,0,1,7,8,eligible_for_candidate_selector_review,94,high,technical,technical_score_architect,volatility_liquidity,partial,2,medium,abstract_supported,not_reported,true,false,false,6,0,2016-01-01,2016,2026-05-06,,ee_v0_3_20260506_sc_ecard_33f1eb352ff88f335f81,evidence_recorded,2026-05-06,2026-05-06,2015-01-02,2025-12-02,,benchmark_reference_comparison|cost|drawdown|no_feedback|no_lookahead|oos_walk_forward_stability|turnover|volatility,8,true,true,approved_evaluation_evidence,candidate_specific,candidate_level_supervised_label_candidate,strategy_candidate,sc:ecard:33f1eb352ff88f335f81,true,candidate_id_matches_candidate_level_evaluation_evidence,false,false,false,4.59248614414884,-0.26420150156471234,-0.26420150156471234,4.856687645713552,-0.49924422265194046,0.39104534114120565,0.686318407960199,0.5932409139655367,recorded_walk_forward_pass,0,1,candidate_level_evaluation_evidence,,positive,Quant_mvp\config\v0_3_selector_label_rules.toml,candidate_level_evaluation_evidence,candidate_specific,candidate_level_supervised_label_candidate,ee_v0_3_20260506_sc_ecard_33f1eb352ff88f335f81,2026-05-06,,,,,,,,,,,evaluation_prioritization|active_learning|uncertainty_ranking|review_triage,time_aware_required_before_training,,true,false,doi:10.1016/j.econmod.2016.08.007,doi:10.1016/j.econmod.2016.08.007,true,false,eligible_candidate_level_label,ml_rows_must_not_feed_scores_rankings_reports_backtests_trading_or_auto_adoption,production_activation_requires_later_root_approved_gate
v0_3_candidate_ml_input_0_2,"This candidate ML input row is evidence-only metadata for evaluator review. It is not a production ranking input, not a trading signal, not an adoption decision, and not automatic production activation.",sc:ecard:342a7ebbd8d160846bd4,v0.3.0,sh:ecard:342a7ebbd8d160846bd4,ecard:342a7ebbd8d160846bd4,Quant_mvp\data\v0_3\selector_inputs\v0_3_selector_input.jsonl,Quant_mvp\data\v0_3\strategy_candidates\v0_3_strategy_candidate_registry.jsonl,,2026-05-06T14:04:50+00:00,draft,value,refine_strategy_hypothesis,false,4,2,6,8,needs_hybrid_split,3,low,hybrid,hybrid_split_required,momentum,partial,0,low,abstract_supported,not_reported,false,false,false,8,4,2001-04-01,2001,,,,missing_evaluation_evidence,,,2015-01-01,2025-12-31,,,0,false,false,,,,,,false,metric_summary_missing_or_unavailable,false,false,false,,,,,,,,,,,,unlabeled,null_missing_evidence,null_missing_evidence,Quant_mvp\config\v0_3_selector_label_rules.toml,,,,,,,,,,,,,,,,evaluation_prioritization|active_learning|uncertainty_ranking|review_triage,time_aware_required_before_training,,false,false,openalex:https://openalex.org/W328816986,openalex:https://openalex.org/W328816986,false,false,blocked_missing_evaluation_evidence,ml_rows_must_not_feed_scores_rankings_reports_backtests_trading_or_auto_adoption,production_activation_requires_later_root_approved_gate
v0_3_candidate_ml_input_0_2,"This candidate ML input row is evidence-only metadata for evaluator review. It is not a production ranking input, not a trading signal, not an adoption decision, and not automatic production activation.",sc:ecard:3538b29f419efdf57d5c,v0.3.0,sh:ecard:3538b29f419efdf57d5c,ecard:3538b29f419efdf57d5c,Quant_mvp\data\v0_3\selector_inputs\v0_3_selector_input.jsonl,Quant_mvp\data\v0_3\strategy_candidates\v0_3_strategy_candidate_registry.jsonl,,2026-05-06T14:04:50+00:00,draft,other,refine_strategy_hypothesis,false,1,3,6,8,diagnostic_context_only,24,low,diagnostic,diagnostic_backlog,,partial,2,low,abstract_supported,not_reported,false,false,false,6,1,1989-06-01,1989,,,,missing_evaluation_evidence,,,2015-01-01,2025-12-31,,,0,false,false,,,,,,false,metric_summary_missing_or_unavailable,false,false,false,,,,,,,,,,,,unlabeled,null_missing_evidence,null_missing_evidence,Quant_mvp\config\v0_3_selector_label_rules.toml,,,,,,,,,,,,,,,,evaluation_prioritization|active_learning|uncertainty_ranking|review_triage,time_aware_required_before_training,,false,false,doi:10.3386/w3001,doi:10.3386/w3001,false,false,blocked_missing_evaluation_evidence,ml_rows_must_not_feed_scores_rankings_reports_backtests_trading_or_auto_adoption,production_activation_requires_later_root_approved_gate
v0_3_candidate_ml_input_0_2,"This candidate ML input row is evidence-only metadata for evaluator review. It is not a production ranking input, not a trading signal, not an adoption decision, and not automatic production activation.",sc:ecard:355d14022643116d47d0,v0.3.0,sh:ecard:355d14022643116d47d0,ecard:355d14022643116d47d0,Quant_mvp\data\v0_3\selector_inputs\v0_3_selector_input.jsonl,Quant_mvp\data\v0_3\strategy_candidates\v0_3_strategy_candidate_registry.jsonl,,2026-05-06T14:04:50+00:00,draft,other,refine_strategy_hypothesis,false,2,3,6,8,diagnostic_context_only,0,not_collectable,diagnostic,diagnostic_backlog,,not_specified,0,low,metadata_only,not_reported,false,false,true,6,2,2021-01-01,2021,,,,missing_evaluation_evidence,,,2015-01-01,2025-12-31,,,0,false,false,,,,,,false,metric_summary_missing_or_unavailable,false,false,false,,,,,,,,,,,,unlabeled,null_missing_evidence,null_missing_evidence,Quant_mvp\config\v0_3_selector_label_rules.toml,,,,,,,,,,,,,,,,evaluation_prioritization|active_learning|uncertainty_ranking|review_triage,time_aware_required_before_training,,false,false,doi:10.38023/a40dbb3d-d213-4e60-b02b-02826ff01c1b,doi:10.38023/a40dbb3d-d213-4e60-b02b-02826ff01c1b,false,false,blocked_missing_evaluation_evidence,ml_rows_must_not_feed_scores_rankings_reports_backtests_trading_or_auto_adoption,production_activation_requires_later_root_approved_gate
v0_3_candidate_ml_input_0_2,"This candidate ML input row is evidence-only metadata for evaluator review. It is not a production ranking input, not a trading signal, not an adoption decision, and not automatic production activation.",sc:ecard:3580aa8772857dd35bd4,v0.3.0,sh:ecard:3580aa8772857dd35bd4,ecard:3580aa8772857dd35bd4,Quant_mvp\data\v0_3\selector_inputs\v0_3_selector_input.jsonl,Quant_mvp\data\v0_3\strategy_candidates\v0_3_strategy_candidate_registry.jsonl,Quant_mvp\backtest_mvp\docs\v0_3_evaluation_evidence\momentum_cohort_1\ee_v0_3_20260506_sc_ecard_3580aa8772857dd35bd4.md,2026-05-06T14:04:50+00:00,evaluable,momentum,create_evaluation_evidence,true,0,1,7,8,eligible_for_candidate_selector_review,94,high,technical,technical_score_architect,breakout,partial,2,medium,abstract_supported,not_reported,true,false,false,6,0,2007-03-22,2007,2026-05-06,,ee_v0_3_20260506_sc_ecard_3580aa8772857dd35bd4,evidence_recorded,2026-05-06,2026-05-06,2015-01-02,2025-12-02,,benchmark_reference_comparison|cost|drawdown|no_feedback|no_lookahead|oos_walk_forward_stability|turnover|volatility,8,true,true,approved_evaluation_evidence,candidate_specific,candidate_level_supervised_label_candidate,strategy_candidate,sc:ecard:3580aa8772857dd35bd4,true,candidate_id_matches_candidate_level_evaluation_evidence,false,false,false,0.9478898686276229,-0.270661347208625,-0.270661347208625,1.218551215836248,-0.6092164024086726,0.2968075686560764,0.8618159203980099,0.35818175172278915,recorded_walk_forward_fail,0,0,candidate_level_evaluation_evidence,,negative,Quant_mvp\config\v0_3_selector_label_rules.toml,candidate_level_evaluation_evidence,candidate_specific,candidate_level_supervised_label_candidate,ee_v0_3_20260506_sc_ecard_3580aa8772857dd35bd4,2026-05-06,,,,,,,,,,,evaluation_prioritization|active_learning|uncertainty_ranking|review_triage,time_aware_required_before_training,,true,false,openalex:https://openalex.org/W2890071862,openalex:https://openalex.org/W2890071862,true,false,eligible_candidate_level_label,ml_rows_must_not_feed_scores_rankings_reports_backtests_trading_or_auto_adoption,production_activation_requires_later_root_approved_gate
v0_3_candidate_ml_input_0_2,"This candidate ML input row is evidence-only metadata for evaluator review. It is not a production ranking input, not a trading signal, not an adoption decision, and not automatic production activation.",sc:ecard:359c960bd36962b3a563,v0.3.0,sh:ecard:359c960bd36962b3a563,ecard:359c960bd36962b3a563,Quant_mvp\data\v0_3\selector_inputs\v0_3_selector_input.jsonl,Quant_mvp\data\v0_3\strategy_candidates\v0_3_strategy_candidate_registry.jsonl,,2026-05-06T14:04:50+00:00,draft,other,refine_strategy_hypothesis,false,1,3,6,8,diagnostic_context_only,29,low,diagnostic,diagnostic_backlog,,partial,2,medium,abstract_supported,not_reported,false,false,true,6,1,2026-03-18,2026,,,,missing_evaluation_evidence,,,2015-01-01,2025-12-31,,,0,false,false,,,,,,false,metric_summary_missing_or_unavailable,false,false,false,,,,,,,,,,,,unlabeled,null_missing_evidence,null_missing_evidence,Quant_mvp\config\v0_3_selector_label_rules.toml,,,,,,,,,,,,,,,,evaluation_prioritization|active_learning|uncertainty_ranking|review_triage,time_aware_required_before_training,,false,false,openalex:https://openalex.org/W7139147430,openalex:https://openalex.org/W7139147430,false,false,blocked_missing_evaluation_evidence,ml_rows_must_not_feed_scores_rankings_reports_backtests_trading_or_auto_adoption,production_activation_requires_later_root_approved_gate
v0_3_candidate_ml_input_0_2,"This candidate ML input row is evidence-only metadata for evaluator review. It is not a production ranking input, not a trading signal, not an adoption decision, and not automatic production activation.",sc:ecard:359e88a56584b0940424,v0.3.0,sh:ecard:359e88a56584b0940424,ecard:359e88a56584b0940424,Quant_mvp\data\v0_3\selector_inputs\v0_3_selector_input.jsonl,Quant_mvp\data\v0_3\strategy_candidates\v0_3_strategy_candidate_registry.jsonl,,2026-05-06T14:04:50+00:00,draft,machine_learning,refine_strategy_hypothesis,false,4,2,6,8,needs_hybrid_split,3,low,hybrid,hybrid_split_required,breakout,partial,0,low,abstract_supported,not_reported,false,false,false,8,4,2026-02-13,2026,,,,missing_evaluation_evidence,,,2015-01-01,2025-12-31,,,0,false,false,,,,,,false,metric_summary_missing_or_unavailable,false,false,false,,,,,,,,,,,,unlabeled,null_missing_evidence,null_missing_evidence,Quant_mvp\config\v0_3_selector_label_rules.toml,,,,,,,,,,,,,,,,evaluation_prioritization|active_learning|uncertainty_ranking|review_triage,time_aware_required_before_training,,false,false,doi:10.71097/ijsat.v17.i1.10341,doi:10.71097/ijsat.v17.i1.10341,false,false,blocked_missing_evaluation_evidence,ml_rows_must_not_feed_scores_rankings_reports_backtests_trading_or_auto_adoption,production_activation_requires_later_root_approved_gate
v0_3_candidate_ml_input_0_2,"This candidate ML input row is evidence-only metadata for evaluator review. It is not a production ranking input, not a trading signal, not an adoption decision, and not automatic production activation.",sc:ecard:36055345dfe60feb025d,v0.3.0,sh:ecard:36055345dfe60feb025d,ecard:36055345dfe60feb025d,Quant_mvp\data\v0_3\selector_inputs\v0_3_selector_input.jsonl,Quant_mvp\data\v0_3\strategy_candidates\v0_3_strategy_candidate_registry.jsonl,,2026-05-06T14:04:50+00:00,draft,value,refine_strategy_hypothesis,false,4,2,6,8,needs_hybrid_split,3,low,hybrid,hybrid_split_required,volatility_liquidity,partial,0,low,abstract_supported,not_reported,false,false,false,8,4,2015-07-20,2015,,,,missing_evaluation_evidence,,,2015-01-01,2025-12-31,,,0,false,false,,,,,,false,metric_summary_missing_or_unavailable,false,false,false,,,,,,,,,,,,unlabeled,null_missing_evidence,null_missing_evidence,Quant_mvp\config\v0_3_selector_label_rules.toml,,,,,,,,,,,,,,,,evaluation_prioritization|active_learning|uncertainty_ranking|review_triage,time_aware_required_before_training,,false,false,doi:10.1108/ijoem-07-2011-0064,doi:10.1108/ijoem-07-2011-0064,false,false,blocked_missing_evaluation_evidence,ml_rows_must_not_feed_scores_rankings_reports_backtests_trading_or_auto_adoption,production_activation_requires_later_root_approved_gate
v0_3_candidate_ml_input_0_2,"This candidate ML input row is evidence-only metadata for evaluator review. It is not a production ranking input, not a trading signal, not an adoption decision, and not automatic production activation.",sc:ecard:3615bfe98fa7616a603a,v0.3.0,sh:ecard:3615bfe98fa7616a603a,ecard:3615bfe98fa7616a603a,Quant_mvp\data\v0_3\selector_inputs\v0_3_selector_input.jsonl,Quant_mvp\data\v0_3\strategy_candidates\v0_3_strategy_candidate_registry.jsonl,,2026-05-06T14:04:50+00:00,draft,momentum,refine_strategy_hypothesis,false,1,1,7,8,needs_manual_or_data_review,20,low,technical,technical_score_architect,momentum,not_specified,0,low,metadata_only,not_reported,false,false,false,6,1,2016-06-15,2016,,,,missing_evaluation_evidence,,,2015-01-01,2025-12-31,,,0,false,false,,,,,,false,metric_summary_missing_or_unavailable,false,false,false,,,,,,,,,,,,unlabeled,null_missing_evidence,null_missing_evidence,Quant_mvp\config\v0_3_selector_label_rules.toml,,,,,,,,,,,,,,,,evaluation_prioritization|active_learning|uncertainty_ranking|review_triage,time_aware_required_before_training,,false,false,doi:10.2139/ssrn.2618243,doi:10.2139/ssrn.2618243,false,false,blocked_missing_evaluation_evidence,ml_rows_must_not_feed_scores_rankings_reports_backtests_trading_or_auto_adoption,production_activation_requires_later_root_approved_gate
v0_3_candidate_ml_input_0_2,"This candidate ML input row is evidence-only metadata for evaluator review. It is not a production ranking input, not a trading signal, not an adoption decision, and not automatic production activation.",sc:ecard:3634b04c81e3c95f49ea,v0.3.0,sh:ecard:3634b04c81e3c95f49ea,ecard:3634b04c81e3c95f49ea,Quant_mvp\data\v0_3\selector_inputs\v0_3_selector_input.jsonl,Quant_mvp\data\v0_3\strategy_candidates\v0_3_strategy_candidate_registry.jsonl,,2026-05-06T14:04:50+00:00,draft,other,refine_strategy_hypothesis,false,1,1,6,8,needs_manual_or_data_review,20,low,technical,technical_score_architect,,not_specified,0,low,metadata_only,not_reported,false,false,false,6,1,2012-01-01,2012,,,,missing_evaluation_evidence,,,2015-01-01,2025-12-31,,,0,false,false,,,,,,false,metric_summary_missing_or_unavailable,false,false,false,,,,,,,,,,,,unlabeled,null_missing_evidence,null_missing_evidence,Quant_mvp\config\v0_3_selector_label_rules.toml,,,,,,,,,,,,,,,,evaluation_prioritization|active_learning|uncertainty_ranking|review_triage,time_aware_required_before_training,,false,false,doi:10.2478/v10259-012-0010-2,doi:10.2478/v10259-012-0010-2,false,false,blocked_missing_evaluation_evidence,ml_rows_must_not_feed_scores_rankings_reports_backtests_trading_or_auto_adoption,production_activation_requires_later_root_approved_gate
v0_3_candidate_ml_input_0_2,"This candidate ML input row is evidence-only metadata for evaluator review. It is not a production ranking input, not a trading signal, not an adoption decision, and not automatic production activation.",sc:ecard:363c8dd65da8d26e7563,v0.3.0,sh:ecard:363c8dd65da8d26e7563,ecard:363c8dd65da8d26e7563,Quant_mvp\data\v0_3\selector_inputs\v0_3_selector_input.jsonl,Quant_mvp\data\v0_3\strategy_candidates\v0_3_strategy_candidate_registry.jsonl,,2026-05-06T14:04:50+00:00,draft,volatility,refine_strategy_hypothesis,false,1,1,7,8,needs_manual_or_data_review,20,low,technical,technical_score_architect,volatility_liquidity,not_specified,0,low,metadata_only,,false,false,false,6,1,2019-08-27,2019,,,,missing_evaluation_evidence,,,2015-01-01,2025-12-31,,,0,false,false,,,,,,false,metric_summary_missing_or_unavailable,false,false,false,,,,,,,,,,,,unlabeled,null_missing_evidence,null_missing_evidence,Quant_mvp\config\v0_3_selector_label_rules.toml,,,,,,,,,,,,,,,,evaluation_prioritization|active_learning|uncertainty_ranking|review_triage,time_aware_required_before_training,,false,false,doi:10.1016/j.finmar.2019.100507,doi:10.1016/j.finmar.2019.100507,false,false,blocked_missing_evaluation_evidence,ml_rows_must_not_feed_scores_rankings_reports_backtests_trading_or_auto_adoption,production_activation_requires_later_root_approved_gate
v0_3_candidate_ml_input_0_2,"This candidate ML input row is evidence-only metadata for evaluator review. It is not a production ranking input, not a trading signal, not an adoption decision, and not automatic production activation.",sc:ecard:366eebc018f03844bbbe,v0.3.0,sh:ecard:366eebc018f03844bbbe,ecard:366eebc018f03844bbbe,Quant_mvp\data\v0_3\selector_inputs\v0_3_selector_input.jsonl,Quant_mvp\data\v0_3\strategy_candidates\v0_3_strategy_candidate_registry.jsonl,,2026-05-06T14:04:50+00:00,draft,other,refine_strategy_hypothesis,false,1,1,6,8,needs_manual_or_data_review,20,low,technical,technical_score_architect,,not_specified,0,low,metadata_only,,false,false,false,6,1,2015-01-01,2015,,,,missing_evaluation_evidence,,,2015-01-01,2025-12-31,,,0,false,false,,,,,,false,metric_summary_missing_or_unavailable,false,false,false,,,,,,,,,,,,unlabeled,null_missing_evidence,null_missing_evidence,Quant_mvp\config\v0_3_selector_label_rules.toml,,,,,,,,,,,,,,,,evaluation_prioritization|active_learning|uncertainty_ranking|review_triage,time_aware_required_before_training,,false,false,doi:10.1016/s2212-5671(15)01512-9,doi:10.1016/s2212-5671(15)01512-9,false,false,blocked_missing_evaluation_evidence,ml_rows_must_not_feed_scores_rankings_reports_backtests_trading_or_auto_adoption,production_activation_requires_later_root_approved_gate
v0_3_candidate_ml_input_0_2,"This candidate ML input row is evidence-only metadata for evaluator review. It is not a production ranking input, not a trading signal, not an adoption decision, and not automatic production activation.",sc:ecard:36a011912cf96b0831e4,v0.3.0,sh:ecard:36a011912cf96b0831e4,ecard:36a011912cf96b0831e4,Quant_mvp\data\v0_3\selector_inputs\v0_3_selector_input.jsonl,Quant_mvp\data\v0_3\strategy_candidates\v0_3_strategy_candidate_registry.jsonl,Quant_mvp\backtest_mvp\docs\v0_3_evaluation_evidence\non_momentum_cohort_1\ee_v0_3_20260506_sc_ecard_36a011912cf96b0831e4.md,2026-05-06T14:04:50+00:00,evaluable,other,create_evaluation_evidence,true,0,1,6,8,eligible_for_candidate_selector_review,89,high,technical,technical_score_architect,,partial,2,low,abstract_supported,not_reported,true,false,false,6,0,2005-12-01,2005,2026-05-06,,ee_v0_3_20260506_sc_ecard_36a011912cf96b0831e4,evidence_recorded,2026-05-06,2026-05-06,2015-01-02,2025-12-02,,benchmark_reference_comparison|cost|drawdown|no_feedback|no_lookahead|oos_walk_forward_stability|turnover|volatility,8,true,true,approved_evaluation_evidence,candidate_specific,candidate_level_supervised_label_candidate,strategy_candidate,sc:ecard:36a011912cf96b0831e4,true,candidate_id_matches_candidate_level_evaluation_evidence,false,false,false,0.9478898686276229,-0.270661347208625,-0.270661347208625,1.218551215836248,-0.6092164024086726,0.2968075686560764,0.8618159203980099,0.35818175172278915,recorded_walk_forward_fail,0,0,candidate_level_evaluation_evidence,,negative,Quant_mvp\config\v0_3_selector_label_rules.toml,candidate_level_evaluation_evidence,candidate_specific,candidate_level_supervised_label_candidate,ee_v0_3_20260506_sc_ecard_36a011912cf96b0831e4,2026-05-06,,,,,,,,,,,evaluation_prioritization|active_learning|uncertainty_ranking|review_triage,time_aware_required_before_training,,true,false,doi:10.1080/1351847042000304099,doi:10.1080/1351847042000304099,true,false,eligible_candidate_level_label,ml_rows_must_not_feed_scores_rankings_reports_backtests_trading_or_auto_adoption,production_activation_requires_later_root_approved_gate
v0_3_candidate_ml_input_0_2,"This candidate ML input row is evidence-only metadata for evaluator review. It is not a production ranking input, not a trading signal, not an adoption decision, and not automatic production activation.",sc:ecard:379ba2ce1b6052860ba3,v0.3.0,sh:ecard:379ba2ce1b6052860ba3,ecard:379ba2ce1b6052860ba3,Quant_mvp\data\v0_3\selector_inputs\v0_3_selector_input.jsonl,Quant_mvp\data\v0_3\strategy_candidates\v0_3_strategy_candidate_registry.jsonl,Quant_mvp\backtest_mvp\docs\v0_3_evaluation_evidence\non_momentum_cohort_1\ee_v0_3_20260506_sc_ecard_379ba2ce1b6052860ba3.md,2026-05-06T14:04:50+00:00,evaluable,other,create_evaluation_evidence,true,0,1,6,8,eligible_for_candidate_selector_review,94,high,technical,technical_score_architect,,partial,2,medium,abstract_supported,,false,false,false,6,0,2023-07-28,2023,2026-05-06,,ee_v0_3_20260506_sc_ecard_379ba2ce1b6052860ba3,evidence_recorded,2026-05-06,2026-05-06,2015-01-02,2025-12-02,,benchmark_reference_comparison|cost|drawdown|no_feedback|no_lookahead|oos_walk_forward_stability|turnover|volatility,8,true,true,approved_evaluation_evidence,candidate_specific,candidate_level_supervised_label_candidate,strategy_candidate,sc:ecard:379ba2ce1b6052860ba3,true,candidate_id_matches_candidate_level_evaluation_evidence,false,false,false,0.9478898686276229,-0.270661347208625,-0.270661347208625,1.218551215836248,-0.6092164024086726,0.2968075686560764,0.8618159203980099,0.35818175172278915,recorded_walk_forward_fail,0,0,candidate_level_evaluation_evidence,,negative,Quant_mvp\config\v0_3_selector_label_rules.toml,candidate_level_evaluation_evidence,candidate_specific,candidate_level_supervised_label_candidate,ee_v0_3_20260506_sc_ecard_379ba2ce1b6052860ba3,2026-05-06,,,,,,,,,,,evaluation_prioritization|active_learning|uncertainty_ranking|review_triage,time_aware_required_before_training,,true,false,doi:10.56028/aemr.7.1.161.2023,doi:10.56028/aemr.7.1.161.2023,true,false,eligible_candidate_level_label,ml_rows_must_not_feed_scores_rankings_reports_backtests_trading_or_auto_adoption,production_activation_requires_later_root_approved_gate
v0_3_candidate_ml_input_0_2,"This candidate ML input row is evidence-only metadata for evaluator review. It is not a production ranking input, not a trading signal, not an adoption decision, and not automatic production activation.",sc:ecard:37b740a6f2a43c4b6534,v0.3.0,sh:ecard:37b740a6f2a43c4b6534,ecard:37b740a6f2a43c4b6534,Quant_mvp\data\v0_3\selector_inputs\v0_3_selector_input.jsonl,Quant_mvp\data\v0_3\strategy_candidates\v0_3_strategy_candidate_registry.jsonl,,2026-05-06T14:04:50+00:00,draft,momentum,refine_strategy_hypothesis,false,1,1,7,8,needs_manual_or_data_review,20,low,technical,technical_score_architect,momentum,not_specified,0,low,metadata_only,not_reported,false,false,false,6,1,2024-11-01,2024,,,,missing_evaluation_evidence,,,2015-01-01,2025-12-31,,,0,false,false,,,,,,false,metric_summary_missing_or_unavailable,false,false,false,,,,,,,,,,,,unlabeled,null_missing_evidence,null_missing_evidence,Quant_mvp\config\v0_3_selector_label_rules.toml,,,,,,,,,,,,,,,,evaluation_prioritization|active_learning|uncertainty_ranking|review_triage,time_aware_required_before_training,,false,false,doi:10.1016/j.irfa.2024.103472,doi:10.1016/j.irfa.2024.103472,false,false,blocked_missing_evaluation_evidence,ml_rows_must_not_feed_scores_rankings_reports_backtests_trading_or_auto_adoption,production_activation_requires_later_root_approved_gate
v0_3_candidate_ml_input_0_2,"This candidate ML input row is evidence-only metadata for evaluator review. It is not a production ranking input, not a trading signal, not an adoption decision, and not automatic production activation.",sc:ecard:37c5e9adb5bd8c3e0716,v0.3.0,sh:ecard:37c5e9adb5bd8c3e0716,ecard:37c5e9adb5bd8c3e0716,Quant_mvp\data\v0_3\selector_inputs\v0_3_selector_input.jsonl,Quant_mvp\data\v0_3\strategy_candidates\v0_3_strategy_candidate_registry.jsonl,,2026-05-06T14:04:50+00:00,draft,value,refine_strategy_hypothesis,false,4,2,6,8,needs_hybrid_split,3,low,hybrid,hybrid_split_required,volatility_liquidity,partial,0,low,abstract_supported,not_reported,true,false,false,8,4,2026-04-20,2026,,,,missing_evaluation_evidence,,,2015-01-01,2025-12-31,,,0,false,false,,,,,,false,metric_summary_missing_or_unavailable,false,false,false,,,,,,,,,,,,unlabeled,null_missing_evidence,null_missing_evidence,Quant_mvp\config\v0_3_selector_label_rules.toml,,,,,,,,,,,,,,,,evaluation_prioritization|active_learning|uncertainty_ranking|review_triage,time_aware_required_before_training,,false,false,doi:10.2139/ssrn.6600798,doi:10.2139/ssrn.6600798,false,false,blocked_missing_evaluation_evidence,ml_rows_must_not_feed_scores_rankings_reports_backtests_trading_or_auto_adoption,production_activation_requires_later_root_approved_gate
v0_3_candidate_ml_input_0_2,"This candidate ML input row is evidence-only metadata for evaluator review. It is not a production ranking input, not a trading signal, not an adoption decision, and not automatic production activation.",sc:ecard:37e5dcd09a519abfbf55,v0.3.0,sh:ecard:37e5dcd09a519abfbf55,ecard:37e5dcd09a519abfbf55,Quant_mvp\data\v0_3\selector_inputs\v0_3_selector_input.jsonl,Quant_mvp\data\v0_3\strategy_candidates\v0_3_strategy_candidate_registry.jsonl,,2026-05-06T14:04:50+00:00,draft,other,refine_strategy_hypothesis,false,1,1,6,8,needs_manual_or_data_review,20,low,technical,technical_score_architect,,not_specified,0,low,metadata_only,not_reported,false,false,false,6,1,2009-01-01,2009,,,,missing_evaluation_evidence,,,2015-01-01,2025-12-31,,,0,false,false,,,,,,false,metric_summary_missing_or_unavailable,false,false,false,,,,,,,,,,,,unlabeled,null_missing_evidence,null_missing_evidence,Quant_mvp\config\v0_3_selector_label_rules.toml,,,,,,,,,,,,,,,,evaluation_prioritization|active_learning|uncertainty_ranking|review_triage,time_aware_required_before_training,,false,false,doi:10.2139/ssrn.4166526,doi:10.2139/ssrn.4166526,false,false,blocked_missing_evaluation_evidence,ml_rows_must_not_feed_scores_rankings_reports_backtests_trading_or_auto_adoption,production_activation_requires_later_root_approved_gate
v0_3_candidate_ml_input_0_2,"This candidate ML input row is evidence-only metadata for evaluator review. It is not a production ranking input, not a trading signal, not an adoption decision, and not automatic production activation.",sc:ecard:39643f3ec6530c7ef89f,v0.3.0,sh:ecard:39643f3ec6530c7ef89f,ecard:39643f3ec6530c7ef89f,Quant_mvp\data\v0_3\selector_inputs\v0_3_selector_input.jsonl,Quant_mvp\data\v0_3\strategy_candidates\v0_3_strategy_candidate_registry.jsonl,,2026-05-06T14:04:50+00:00,draft,value,refine_strategy_hypothesis,false,4,2,6,8,needs_hybrid_split,0,not_collectable,hybrid,hybrid_split_required,,not_specified,0,low,metadata_only,not_reported,false,false,false,8,4,2012-01-01,2012,,,,missing_evaluation_evidence,,,2015-01-01,2025-12-31,,,0,false,false,,,,,,false,metric_summary_missing_or_unavailable,false,false,false,,,,,,,,,,,,unlabeled,null_missing_evidence,null_missing_evidence,Quant_mvp\config\v0_3_selector_label_rules.toml,,,,,,,,,,,,,,,,evaluation_prioritization|active_learning|uncertainty_ranking|review_triage,time_aware_required_before_training,,false,false,doi:10.1007/s11156-010-0218-8,doi:10.1007/s11156-010-0218-8,false,false,blocked_missing_evaluation_evidence,ml_rows_must_not_feed_scores_rankings_reports_backtests_trading_or_auto_adoption,production_activation_requires_later_root_approved_gate
v0_3_candidate_ml_input_0_2,"This candidate ML input row is evidence-only metadata for evaluator review. It is not a production ranking input, not a trading signal, not an adoption decision, and not automatic production activation.",sc:ecard:39985850c2e846813a10,v0.3.0,sh:ecard:39985850c2e846813a10,ecard:39985850c2e846813a10,Quant_mvp\data\v0_3\selector_inputs\v0_3_selector_input.jsonl,Quant_mvp\data\v0_3\strategy_candidates\v0_3_strategy_candidate_registry.jsonl,,2026-05-06T14:04:50+00:00,draft,value,refine_strategy_hypothesis,false,4,2,6,8,needs_hybrid_split,3,low,hybrid,hybrid_split_required,,partial,0,low,abstract_supported,not_reported,true,false,false,8,4,2025-08-14,2025,,,,missing_evaluation_evidence,,,2015-01-01,2025-12-31,,,0,false,false,,,,,,false,metric_summary_missing_or_unavailable,false,false,false,,,,,,,,,,,,unlabeled,null_missing_evidence,null_missing_evidence,Quant_mvp\config\v0_3_selector_label_rules.toml,,,,,,,,,,,,,,,,evaluation_prioritization|active_learning|uncertainty_ranking|review_triage,time_aware_required_before_training,,false,false,doi:10.17654/0972361725060,doi:10.17654/0972361725060,false,false,blocked_missing_evaluation_evidence,ml_rows_must_not_feed_scores_rankings_reports_backtests_trading_or_auto_adoption,production_activation_requires_later_root_approved_gate
v0_3_candidate_ml_input_0_2,"This candidate ML input row is evidence-only metadata for evaluator review. It is not a production ranking input, not a trading signal, not an adoption decision, and not automatic production activation.",sc:ecard:39c1f446b8d73a4499e0,v0.3.0,sh:ecard:39c1f446b8d73a4499e0,ecard:39c1f446b8d73a4499e0,Quant_mvp\data\v0_3\selector_inputs\v0_3_selector_input.jsonl,Quant_mvp\data\v0_3\strategy_candidates\v0_3_strategy_candidate_registry.jsonl,,2026-05-06T14:04:50+00:00,draft,momentum,refine_strategy_hypothesis,false,1,1,7,8,needs_manual_or_data_review,20,low,technical,technical_score_architect,momentum,not_specified,0,low,metadata_only,not_reported,false,false,false,6,1,2020-06-30,2020,,,,missing_evaluation_evidence,,,2015-01-01,2025-12-31,,,0,false,false,,,,,,false,metric_summary_missing_or_unavailable,false,false,false,,,,,,,,,,,,unlabeled,null_missing_evidence,null_missing_evidence,Quant_mvp\config\v0_3_selector_label_rules.toml,,,,,,,,,,,,,,,,evaluation_prioritization|active_learning|uncertainty_ranking|review_triage,time_aware_required_before_training,,false,false,doi:10.3905/jpm.2020.1.156,doi:10.3905/jpm.2020.1.156,false,false,blocked_missing_evaluation_evidence,ml_rows_must_not_feed_scores_rankings_reports_backtests_trading_or_auto_adoption,production_activation_requires_later_root_approved_gate
v0_3_candidate_ml_input_0_2,"This candidate ML input row is evidence-only metadata for evaluator review. It is not a production ranking input, not a trading signal, not an adoption decision, and not automatic production activation.",sc:ecard:3a355f1b6b2595db5ff1,v0.3.0,sh:ecard:3a355f1b6b2595db5ff1,ecard:3a355f1b6b2595db5ff1,Quant_mvp\data\v0_3\selector_inputs\v0_3_selector_input.jsonl,Quant_mvp\data\v0_3\strategy_candidates\v0_3_strategy_candidate_registry.jsonl,,2026-05-06T14:04:50+00:00,blocked,momentum,resolve_blocker,false,2,1,7,8,excluded_rejected_or_out_of_scope,0,not_collectable,out_of_scope,reject_log,momentum,partial,0,low,abstract_supported,not_reported,true,false,false,6,2,2023-02-20,2023,,,,missing_evaluation_evidence,,,2015-01-01,2025-12-31,,,0,false,false,,,,,,false,metric_summary_missing_or_unavailable,false,false,false,,,,,,,,,,,,unlabeled,null_missing_evidence,null_missing_evidence,Quant_mvp\config\v0_3_selector_label_rules.toml,,,,,,,,,,,,,,,,evaluation_prioritization|active_learning|uncertainty_ranking|review_triage,time_aware_required_before_training,,false,false,doi:10.3905/jfds.2023.1.130,doi:10.3905/jfds.2023.1.130,false,false,blocked_missing_evaluation_evidence,ml_rows_must_not_feed_scores_rankings_reports_backtests_trading_or_auto_adoption,production_activation_requires_later_root_approved_gate
v0_3_candidate_ml_input_0_2,"This candidate ML input row is evidence-only metadata for evaluator review. It is not a production ranking input, not a trading signal, not an adoption decision, and not automatic production activation.",sc:ecard:3a52d7436e28a8d8557f,v0.3.0,sh:ecard:3a52d7436e28a8d8557f,ecard:3a52d7436e28a8d8557f,Quant_mvp\data\v0_3\selector_inputs\v0_3_selector_input.jsonl,Quant_mvp\data\v0_3\strategy_candidates\v0_3_strategy_candidate_registry.jsonl,,2026-05-06T14:04:50+00:00,draft,volatility,refine_strategy_hypothesis,false,1,3,7,8,diagnostic_context_only,32,low,diagnostic,diagnostic_backlog,momentum,partial,2,low,abstract_supported,not_reported,false,false,false,6,1,2020-07-01,2020,,,,missing_evaluation_evidence,,,2015-01-01,2025-12-31,,,0,false,false,,,,,,false,metric_summary_missing_or_unavailable,false,false,false,,,,,,,,,,,,unlabeled,null_missing_evidence,null_missing_evidence,Quant_mvp\config\v0_3_selector_label_rules.toml,,,,,,,,,,,,,,,,evaluation_prioritization|active_learning|uncertainty_ranking|review_triage,time_aware_required_before_training,,false,false,doi:10.1016/j.heliyon.2020.e04429,doi:10.1016/j.heliyon.2020.e04429,false,false,blocked_missing_evaluation_evidence,ml_rows_must_not_feed_scores_rankings_reports_backtests_trading_or_auto_adoption,production_activation_requires_later_root_approved_gate
v0_3_candidate_ml_input_0_2,"This candidate ML input row is evidence-only metadata for evaluator review. It is not a production ranking input, not a trading signal, not an adoption decision, and not automatic production activation.",sc:ecard:3a72b3e2b41c26047029,v0.3.0,sh:ecard:3a72b3e2b41c26047029,ecard:3a72b3e2b41c26047029,Quant_mvp\data\v0_3\selector_inputs\v0_3_selector_input.jsonl,Quant_mvp\data\v0_3\strategy_candidates\v0_3_strategy_candidate_registry.jsonl,,2026-05-06T14:04:50+00:00,blocked,volatility,resolve_blocker,false,3,1,7,8,excluded_rejected_or_out_of_scope,0,not_collectable,out_of_scope,reject_log,volatility_liquidity,partial,0,low,abstract_supported,not_reported,false,false,false,6,3,2018-01-02,2018,,,,missing_evaluation_evidence,,,2015-01-01,2025-12-31,,,0,false,false,,,,,,false,metric_summary_missing_or_unavailable,false,false,false,,,,,,,,,,,,unlabeled,null_missing_evidence,null_missing_evidence,Quant_mvp\config\v0_3_selector_label_rules.toml,,,,,,,,,,,,,,,,evaluation_prioritization|active_learning|uncertainty_ranking|review_triage,time_aware_required_before_training,,false,false,doi:10.1108/bij-06-2016-0099,doi:10.1108/bij-06-2016-0099,false,false,blocked_missing_evaluation_evidence,ml_rows_must_not_feed_scores_rankings_reports_backtests_trading_or_auto_adoption,production_activation_requires_later_root_approved_gate
v0_3_candidate_ml_input_0_2,"This candidate ML input row is evidence-only metadata for evaluator review. It is not a production ranking input, not a trading signal, not an adoption decision, and not automatic production activation.",sc:ecard:3a9c8ab3602c5a93b2c7,v0.3.0,sh:ecard:3a9c8ab3602c5a93b2c7,ecard:3a9c8ab3602c5a93b2c7,Quant_mvp\data\v0_3\selector_inputs\v0_3_selector_input.jsonl,Quant_mvp\data\v0_3\strategy_candidates\v0_3_strategy_candidate_registry.jsonl,,2026-05-06T14:04:50+00:00,blocked,value,resolve_blocker,false,3,1,6,8,excluded_rejected_or_out_of_scope,0,not_collectable,out_of_scope,reject_log,momentum,not_specified,0,low,metadata_only,not_reported,false,false,false,6,3,2014-08-01,2014,,,,missing_evaluation_evidence,,,2015-01-01,2025-12-31,,,0,false,false,,,,,,false,metric_summary_missing_or_unavailable,false,false,false,,,,,,,,,,,,unlabeled,null_missing_evidence,null_missing_evidence,Quant_mvp\config\v0_3_selector_label_rules.toml,,,,,,,,,,,,,,,,evaluation_prioritization|active_learning|uncertainty_ranking|review_triage,time_aware_required_before_training,,false,false,doi:10.2469/dig.v44.n8.13,doi:10.2469/dig.v44.n8.13,false,false,blocked_missing_evaluation_evidence,ml_rows_must_not_feed_scores_rankings_reports_backtests_trading_or_auto_adoption,production_activation_requires_later_root_approved_gate
v0_3_candidate_ml_input_0_2,"This candidate ML input row is evidence-only metadata for evaluator review. It is not a production ranking input, not a trading signal, not an adoption decision, and not automatic production activation.",sc:ecard:3ac54817db8f4a9978d1,v0.3.0,sh:ecard:3ac54817db8f4a9978d1,ecard:3ac54817db8f4a9978d1,Quant_mvp\data\v0_3\selector_inputs\v0_3_selector_input.jsonl,Quant_mvp\data\v0_3\strategy_candidates\v0_3_strategy_candidate_registry.jsonl,,2026-05-06T14:04:50+00:00,draft,machine_learning,refine_strategy_hypothesis,false,1,1,6,8,eligible_for_candidate_selector_review,94,high,technical,technical_score_architect,momentum,partial,2,medium,abstract_supported,not_reported,false,false,false,6,0,2024-03-12,2024,,,,missing_evaluation_evidence,,,2015-01-01,2025-12-31,,,0,false,false,,,,,,false,metric_summary_missing_or_unavailable,false,false,false,,,,,,,,,,,,unlabeled,null_missing_evidence,null_missing_evidence,Quant_mvp\config\v0_3_selector_label_rules.toml,,,,,,,,,,,,,,,,evaluation_prioritization|active_learning|uncertainty_ranking|review_triage,time_aware_required_before_training,,false,false,doi:10.1057/s41599-024-02807-x,doi:10.1057/s41599-024-02807-x,false,false,blocked_missing_evaluation_evidence,ml_rows_must_not_feed_scores_rankings_reports_backtests_trading_or_auto_adoption,production_activation_requires_later_root_approved_gate
v0_3_candidate_ml_input_0_2,"This candidate ML input row is evidence-only metadata for evaluator review. It is not a production ranking input, not a trading signal, not an adoption decision, and not automatic production activation.",sc:ecard:3ac744e3f016d831e04b,v0.3.0,sh:ecard:3ac744e3f016d831e04b,ecard:3ac744e3f016d831e04b,Quant_mvp\data\v0_3\selector_inputs\v0_3_selector_input.jsonl,Quant_mvp\data\v0_3\strategy_candidates\v0_3_strategy_candidate_registry.jsonl,,2026-05-06T14:04:50+00:00,blocked,value,resolve_blocker,false,3,1,6,8,excluded_rejected_or_out_of_scope,0,not_collectable,out_of_scope,reject_log,momentum,not_specified,0,low,metadata_only,not_reported,false,false,false,6,3,2016-01-01,2016,,,,missing_evaluation_evidence,,,2015-01-01,2025-12-31,,,0,false,false,,,,,,false,metric_summary_missing_or_unavailable,false,false,false,,,,,,,,,,,,unlabeled,null_missing_evidence,null_missing_evidence,Quant_mvp\config\v0_3_selector_label_rules.toml,,,,,,,,,,,,,,,,evaluation_prioritization|active_learning|uncertainty_ranking|review_triage,time_aware_required_before_training,,false,false,doi:10.14453/aabfj.v10i4.3,doi:10.14453/aabfj.v10i4.3,false,false,blocked_missing_evaluation_evidence,ml_rows_must_not_feed_scores_rankings_reports_backtests_trading_or_auto_adoption,production_activation_requires_later_root_approved_gate
v0_3_candidate_ml_input_0_2,"This candidate ML input row is evidence-only metadata for evaluator review. It is not a production ranking input, not a trading signal, not an adoption decision, and not automatic production activation.",sc:ecard:3b2ac22f14c105f2be12,v0.3.0,sh:ecard:3b2ac22f14c105f2be12,ecard:3b2ac22f14c105f2be12,Quant_mvp\data\v0_3\selector_inputs\v0_3_selector_input.jsonl,Quant_mvp\data\v0_3\strategy_candidates\v0_3_strategy_candidate_registry.jsonl,,2026-05-06T14:04:50+00:00,draft,volatility,refine_strategy_hypothesis,false,1,1,7,8,needs_manual_or_data_review,20,low,technical,technical_score_architect,volatility_liquidity,not_specified,0,low,metadata_only,not_reported,false,false,false,6,1,2021-06-19,2021,,,,missing_evaluation_evidence,,,2015-01-01,2025-12-31,,,0,false,false,,,,,,false,metric_summary_missing_or_unavailable,false,false,false,,,,,,,,,,,,unlabeled,null_missing_evidence,null_missing_evidence,Quant_mvp\config\v0_3_selector_label_rules.toml,,,,,,,,,,,,,,,,evaluation_prioritization|active_learning|uncertainty_ranking|review_triage,time_aware_required_before_training,,false,false,doi:10.1016/j.jebo.2021.06.016,doi:10.1016/j.jebo.2021.06.016,false,false,blocked_missing_evaluation_evidence,ml_rows_must_not_feed_scores_rankings_reports_backtests_trading_or_auto_adoption,production_activation_requires_later_root_approved_gate
v0_3_candidate_ml_input_0_2,"This candidate ML input row is evidence-only metadata for evaluator review. It is not a production ranking input, not a trading signal, not an adoption decision, and not automatic production activation.",sc:ecard:3b74bc160f9e1d504d77,v0.3.0,sh:ecard:3b74bc160f9e1d504d77,ecard:3b74bc160f9e1d504d77,Quant_mvp\data\v0_3\selector_inputs\v0_3_selector_input.jsonl,Quant_mvp\data\v0_3\strategy_candidates\v0_3_strategy_candidate_registry.jsonl,,2026-05-06T14:04:50+00:00,draft,momentum,refine_strategy_hypothesis,false,1,1,7,8,needs_manual_or_data_review,20,low,technical,technical_score_architect,momentum,not_specified,0,low,metadata_only,not_reported,false,false,false,6,1,2017-11-29,2017,,,,missing_evaluation_evidence,,,2015-01-01,2025-12-31,,,0,false,false,,,,,,false,metric_summary_missing_or_unavailable,false,false,false,,,,,,,,,,,,unlabeled,null_missing_evidence,null_missing_evidence,Quant_mvp\config\v0_3_selector_label_rules.toml,,,,,,,,,,,,,,,,evaluation_prioritization|active_learning|uncertainty_ranking|review_triage,time_aware_required_before_training,,false,false,doi:10.2139/ssrn.3070777,doi:10.2139/ssrn.3070777,false,false,blocked_missing_evaluation_evidence,ml_rows_must_not_feed_scores_rankings_reports_backtests_trading_or_auto_adoption,production_activation_requires_later_root_approved_gate
v0_3_candidate_ml_input_0_2,"This candidate ML input row is evidence-only metadata for evaluator review. It is not a production ranking input, not a trading signal, not an adoption decision, and not automatic production activation.",sc:ecard:3b7aceee6e17323ab419,v0.3.0,sh:ecard:3b7aceee6e17323ab419,ecard:3b7aceee6e17323ab419,Quant_mvp\data\v0_3\selector_inputs\v0_3_selector_input.jsonl,Quant_mvp\data\v0_3\strategy_candidates\v0_3_strategy_candidate_registry.jsonl,,2026-05-06T14:04:50+00:00,draft,value,refine_strategy_hypothesis,false,4,2,6,8,needs_hybrid_split,3,low,hybrid,hybrid_split_required,,partial,0,low,abstract_supported,not_reported,false,false,false,8,4,2008-10-01,2008,,,,missing_evaluation_evidence,,,2015-01-01,2025-12-31,,,0,false,false,,,,,,false,metric_summary_missing_or_unavailable,false,false,false,,,,,,,,,,,,unlabeled,null_missing_evidence,null_missing_evidence,Quant_mvp\config\v0_3_selector_label_rules.toml,,,,,,,,,,,,,,,,evaluation_prioritization|active_learning|uncertainty_ranking|review_triage,time_aware_required_before_training,,false,false,doi:10.1080/09603100701720302,doi:10.1080/09603100701720302,false,false,blocked_missing_evaluation_evidence,ml_rows_must_not_feed_scores_rankings_reports_backtests_trading_or_auto_adoption,production_activation_requires_later_root_approved_gate
v0_3_candidate_ml_input_0_2,"This candidate ML input row is evidence-only metadata for evaluator review. It is not a production ranking input, not a trading signal, not an adoption decision, and not automatic production activation.",sc:ecard:3b8ab69371db6355e30f,v0.3.0,sh:ecard:3b8ab69371db6355e30f,ecard:3b8ab69371db6355e30f,Quant_mvp\data\v0_3\selector_inputs\v0_3_selector_input.jsonl,Quant_mvp\data\v0_3\strategy_candidates\v0_3_strategy_candidate_registry.jsonl,,2026-05-06T14:04:50+00:00,draft,value,refine_strategy_hypothesis,false,4,3,6,8,excluded_valuation_lane,0,not_collectable,valuation,valuation_agent_handoff,mean_reversion,partial,0,low,abstract_supported,not_reported,false,false,false,8,4,1989-05-01,1989,,,,missing_evaluation_evidence,,,2015-01-01,2025-12-31,,,0,false,false,,,,,,false,metric_summary_missing_or_unavailable,false,false,false,,,,,,,,,,,,unlabeled,null_missing_evidence,null_missing_evidence,Quant_mvp\config\v0_3_selector_label_rules.toml,,,,,,,,,,,,,,,,evaluation_prioritization|active_learning|uncertainty_ranking|review_triage,time_aware_required_before_training,,false,false,doi:10.3386/w2977,doi:10.3386/w2977,false,false,blocked_missing_evaluation_evidence,ml_rows_must_not_feed_scores_rankings_reports_backtests_trading_or_auto_adoption,production_activation_requires_later_root_approved_gate
v0_3_candidate_ml_input_0_2,"This candidate ML input row is evidence-only metadata for evaluator review. It is not a production ranking input, not a trading signal, not an adoption decision, and not automatic production activation.",sc:ecard:3d58b5a6da60888e16e3,v0.3.0,sh:ecard:3d58b5a6da60888e16e3,ecard:3d58b5a6da60888e16e3,Quant_mvp\data\v0_3\selector_inputs\v0_3_selector_input.jsonl,Quant_mvp\data\v0_3\strategy_candidates\v0_3_strategy_candidate_registry.jsonl,,2026-05-06T14:04:50+00:00,draft,other,refine_strategy_hypothesis,false,1,3,6,8,diagnostic_context_only,24,low,diagnostic,diagnostic_backlog,,partial,2,low,abstract_supported,not_reported,true,false,false,6,1,1988-07-01,1988,,,,missing_evaluation_evidence,,,2015-01-01,2025-12-31,,,0,false,false,,,,,,false,metric_summary_missing_or_unavailable,false,false,false,,,,,,,,,,,,unlabeled,null_missing_evidence,null_missing_evidence,Quant_mvp\config\v0_3_selector_label_rules.toml,,,,,,,,,,,,,,,,evaluation_prioritization|active_learning|uncertainty_ranking|review_triage,time_aware_required_before_training,,false,false,doi:10.1002/smj.4250090406,doi:10.1002/smj.4250090406,false,false,blocked_missing_evaluation_evidence,ml_rows_must_not_feed_scores_rankings_reports_backtests_trading_or_auto_adoption,production_activation_requires_later_root_approved_gate
v0_3_candidate_ml_input_0_2,"This candidate ML input row is evidence-only metadata for evaluator review. It is not a production ranking input, not a trading signal, not an adoption decision, and not automatic production activation.",sc:ecard:3d732873f69b715a322b,v0.3.0,sh:ecard:3d732873f69b715a322b,ecard:3d732873f69b715a322b,Quant_mvp\data\v0_3\selector_inputs\v0_3_selector_input.jsonl,Quant_mvp\data\v0_3\strategy_candidates\v0_3_strategy_candidate_registry.jsonl,,2026-05-06T14:04:50+00:00,draft,other,refine_strategy_hypothesis,false,2,3,6,8,diagnostic_context_only,0,not_collectable,diagnostic,diagnostic_backlog,,not_specified,0,low,metadata_only,not_reported,false,false,false,6,2,2006-01-01,2006,,,,missing_evaluation_evidence,,,2015-01-01,2025-12-31,,,0,false,false,,,,,,false,metric_summary_missing_or_unavailable,false,false,false,,,,,,,,,,,,unlabeled,null_missing_evidence,null_missing_evidence,Quant_mvp\config\v0_3_selector_label_rules.toml,,,,,,,,,,,,,,,,evaluation_prioritization|active_learning|uncertainty_ranking|review_triage,time_aware_required_before_training,,false,false,doi:10.1016/j.jempfin.2005.06.001,doi:10.1016/j.jempfin.2005.06.001,false,false,blocked_missing_evaluation_evidence,ml_rows_must_not_feed_scores_rankings_reports_backtests_trading_or_auto_adoption,production_activation_requires_later_root_approved_gate
v0_3_candidate_ml_input_0_2,"This candidate ML input row is evidence-only metadata for evaluator review. It is not a production ranking input, not a trading signal, not an adoption decision, and not automatic production activation.",sc:ecard:3dee8fc1d24ca03b43d6,v0.3.0,sh:ecard:3dee8fc1d24ca03b43d6,ecard:3dee8fc1d24ca03b43d6,Quant_mvp\data\v0_3\selector_inputs\v0_3_selector_input.jsonl,Quant_mvp\data\v0_3\strategy_candidates\v0_3_strategy_candidate_registry.jsonl,,2026-05-06T14:04:50+00:00,draft,volatility,refine_strategy_hypothesis,false,1,3,7,8,diagnostic_context_only,24,low,diagnostic,diagnostic_backlog,volatility_liquidity,partial,2,low,abstract_supported,not_reported,false,false,false,6,1,2026-03-23,2026,,,,missing_evaluation_evidence,,,2015-01-01,2025-12-31,,,0,false,false,,,,,,false,metric_summary_missing_or_unavailable,false,false,false,,,,,,,,,,,,unlabeled,null_missing_evidence,null_missing_evidence,Quant_mvp\config\v0_3_selector_label_rules.toml,,,,,,,,,,,,,,,,evaluation_prioritization|active_learning|uncertainty_ranking|review_triage,time_aware_required_before_training,,false,false,doi:10.21203/rs.3.rs-8614861/v1,doi:10.21203/rs.3.rs-8614861/v1,false,false,blocked_missing_evaluation_evidence,ml_rows_must_not_feed_scores_rankings_reports_backtests_trading_or_auto_adoption,production_activation_requires_later_root_approved_gate
v0_3_candidate_ml_input_0_2,"This candidate ML input row is evidence-only metadata for evaluator review. It is not a production ranking input, not a trading signal, not an adoption decision, and not automatic production activation.",sc:ecard:3e7e8036a8d17ed231fc,v0.3.0,sh:ecard:3e7e8036a8d17ed231fc,ecard:3e7e8036a8d17ed231fc,Quant_mvp\data\v0_3\selector_inputs\v0_3_selector_input.jsonl,Quant_mvp\data\v0_3\strategy_candidates\v0_3_strategy_candidate_registry.jsonl,,2026-05-06T14:04:50+00:00,draft,other,refine_strategy_hypothesis,false,2,3,6,8,diagnostic_context_only,3,low,diagnostic,diagnostic_backlog,,vague,1,low,abstract_supported,not_reported,false,false,false,6,2,2011-12-31,2011,,,,missing_evaluation_evidence,,,2015-01-01,2025-12-31,,,0,false,false,,,,,,false,metric_summary_missing_or_unavailable,false,false,false,,,,,,,,,,,,unlabeled,null_missing_evidence,null_missing_evidence,Quant_mvp\config\v0_3_selector_label_rules.toml,,,,,,,,,,,,,,,,evaluation_prioritization|active_learning|uncertainty_ranking|review_triage,time_aware_required_before_training,,false,false,doi:10.1515/9781400829095.213,doi:10.1515/9781400829095.213,false,false,blocked_missing_evaluation_evidence,ml_rows_must_not_feed_scores_rankings_reports_backtests_trading_or_auto_adoption,production_activation_requires_later_root_approved_gate
v0_3_candidate_ml_input_0_2,"This candidate ML input row is evidence-only metadata for evaluator review. It is not a production ranking input, not a trading signal, not an adoption decision, and not automatic production activation.",sc:ecard:3fa38b5ac4f7e3c8c8af,v0.3.0,sh:ecard:3fa38b5ac4f7e3c8c8af,ecard:3fa38b5ac4f7e3c8c8af,Quant_mvp\data\v0_3\selector_inputs\v0_3_selector_input.jsonl,Quant_mvp\data\v0_3\strategy_candidates\v0_3_strategy_candidate_registry.jsonl,,2026-05-06T14:04:50+00:00,draft,event_driven,refine_strategy_hypothesis,false,4,2,6,8,needs_hybrid_split,3,low,hybrid,hybrid_split_required,volatility_liquidity,partial,0,low,abstract_supported,not_reported,false,false,false,8,4,2024-02-22,2024,,,,missing_evaluation_evidence,,,2015-01-01,2025-12-31,,,0,false,false,,,,,,false,metric_summary_missing_or_unavailable,false,false,false,,,,,,,,,,,,unlabeled,null_missing_evidence,null_missing_evidence,Quant_mvp\config\v0_3_selector_label_rules.toml,,,,,,,,,,,,,,,,evaluation_prioritization|active_learning|uncertainty_ranking|review_triage,time_aware_required_before_training,,false,false,arxiv:2402.14206,arxiv:2402.14206,false,false,blocked_missing_evaluation_evidence,ml_rows_must_not_feed_scores_rankings_reports_backtests_trading_or_auto_adoption,production_activation_requires_later_root_approved_gate
v0_3_candidate_ml_input_0_2,"This candidate ML input row is evidence-only metadata for evaluator review. It is not a production ranking input, not a trading signal, not an adoption decision, and not automatic production activation.",sc:ecard:3fbabb9646c8e9d0e317,v0.3.0,sh:ecard:3fbabb9646c8e9d0e317,ecard:3fbabb9646c8e9d0e317,Quant_mvp\data\v0_3\selector_inputs\v0_3_selector_input.jsonl,Quant_mvp\data\v0_3\strategy_candidates\v0_3_strategy_candidate_registry.jsonl,,2026-05-06T14:04:50+00:00,draft,value,refine_strategy_hypothesis,false,4,2,6,8,needs_hybrid_split,3,low,hybrid,hybrid_split_required,momentum,partial,0,low,abstract_supported,not_reported,false,false,false,8,4,2025-08-28,2025,,,,missing_evaluation_evidence,,,2015-01-01,2025-12-31,,,0,false,false,,,,,,false,metric_summary_missing_or_unavailable,false,false,false,,,,,,,,,,,,unlabeled,null_missing_evidence,null_missing_evidence,Quant_mvp\config\v0_3_selector_label_rules.toml,,,,,,,,,,,,,,,,evaluation_prioritization|active_learning|uncertainty_ranking|review_triage,time_aware_required_before_training,,false,false,arxiv:2508.20467,arxiv:2508.20467,false,false,blocked_missing_evaluation_evidence,ml_rows_must_not_feed_scores_rankings_reports_backtests_trading_or_auto_adoption,production_activation_requires_later_root_approved_gate
v0_3_candidate_ml_input_0_2,"This candidate ML input row is evidence-only metadata for evaluator review. It is not a production ranking input, not a trading signal, not an adoption decision, and not automatic production activation.",sc:ecard:4048071941737379ab31,v0.3.0,sh:ecard:4048071941737379ab31,ecard:4048071941737379ab31,Quant_mvp\data\v0_3\selector_inputs\v0_3_selector_input.jsonl,Quant_mvp\data\v0_3\strategy_candidates\v0_3_strategy_candidate_registry.jsonl,,2026-05-06T14:04:50+00:00,blocked,value,resolve_blocker,false,2,1,6,8,excluded_rejected_or_out_of_scope,0,not_collectable,out_of_scope,reject_log,,not_specified,0,low,metadata_only,not_reported,false,false,false,6,2,2012-01-01,2012,,,,missing_evaluation_evidence,,,2015-01-01,2025-12-31,,,0,false,false,,,,,,false,metric_summary_missing_or_unavailable,false,false,false,,,,,,,,,,,,unlabeled,null_missing_evidence,null_missing_evidence,Quant_mvp\config\v0_3_selector_label_rules.toml,,,,,,,,,,,,,,,,evaluation_prioritization|active_learning|uncertainty_ranking|review_triage,time_aware_required_before_training,,false,false,doi:10.1016/j.ijforecast.2011.02.008,doi:10.1016/j.ijforecast.2011.02.008,false,false,blocked_missing_evaluation_evidence,ml_rows_must_not_feed_scores_rankings_reports_backtests_trading_or_auto_adoption,production_activation_requires_later_root_approved_gate
v0_3_candidate_ml_input_0_2,"This candidate ML input row is evidence-only metadata for evaluator review. It is not a production ranking input, not a trading signal, not an adoption decision, and not automatic production activation.",sc:ecard:404e664b83c637ae9d9e,v0.3.0,sh:ecard:404e664b83c637ae9d9e,ecard:404e664b83c637ae9d9e,Quant_mvp\data\v0_3\selector_inputs\v0_3_selector_input.jsonl,Quant_mvp\data\v0_3\strategy_candidates\v0_3_strategy_candidate_registry.jsonl,,2026-05-06T14:04:50+00:00,blocked,other,resolve_blocker,false,2,1,6,8,excluded_rejected_or_out_of_scope,0,not_collectable,out_of_scope,reject_log,,not_specified,0,low,metadata_only,not_reported,false,false,false,6,2,2023-01-01,2023,,,,missing_evaluation_evidence,,,2015-01-01,2025-12-31,,,0,false,false,,,,,,false,metric_summary_missing_or_unavailable,false,false,false,,,,,,,,,,,,unlabeled,null_missing_evidence,null_missing_evidence,Quant_mvp\config\v0_3_selector_label_rules.toml,,,,,,,,,,,,,,,,evaluation_prioritization|active_learning|uncertainty_ranking|review_triage,time_aware_required_before_training,,false,false,doi:10.2139/ssrn.4634206,doi:10.2139/ssrn.4634206,false,false,blocked_missing_evaluation_evidence,ml_rows_must_not_feed_scores_rankings_reports_backtests_trading_or_auto_adoption,production_activation_requires_later_root_approved_gate
v0_3_candidate_ml_input_0_2,"This candidate ML input row is evidence-only metadata for evaluator review. It is not a production ranking input, not a trading signal, not an adoption decision, and not automatic production activation.",sc:ecard:4073f8714f790780453a,v0.3.0,sh:ecard:4073f8714f790780453a,ecard:4073f8714f790780453a,Quant_mvp\data\v0_3\selector_inputs\v0_3_selector_input.jsonl,Quant_mvp\data\v0_3\strategy_candidates\v0_3_strategy_candidate_registry.jsonl,,2026-05-06T14:04:50+00:00,draft,value,refine_strategy_hypothesis,false,4,2,6,8,needs_hybrid_split,3,low,hybrid,hybrid_split_required,mean_reversion,partial,0,low,abstract_supported,not_reported,false,false,false,8,4,2026-04-24,2026,,,,missing_evaluation_evidence,,,2015-01-01,2025-12-31,,,0,false,false,,,,,,false,metric_summary_missing_or_unavailable,false,false,false,,,,,,,,,,,,unlabeled,null_missing_evidence,null_missing_evidence,Quant_mvp\config\v0_3_selector_label_rules.toml,,,,,,,,,,,,,,,,evaluation_prioritization|active_learning|uncertainty_ranking|review_triage,time_aware_required_before_training,,false,false,doi:10.2139/ssrn.6630998,doi:10.2139/ssrn.6630998,false,false,blocked_missing_evaluation_evidence,ml_rows_must_not_feed_scores_rankings_reports_backtests_trading_or_auto_adoption,production_activation_requires_later_root_approved_gate
v0_3_candidate_ml_input_0_2,"This candidate ML input row is evidence-only metadata for evaluator review. It is not a production ranking input, not a trading signal, not an adoption decision, and not automatic production activation.",sc:ecard:40af79ed72cc200e29e4,v0.3.0,sh:ecard:40af79ed72cc200e29e4,ecard:40af79ed72cc200e29e4,Quant_mvp\data\v0_3\selector_inputs\v0_3_selector_input.jsonl,Quant_mvp\data\v0_3\strategy_candidates\v0_3_strategy_candidate_registry.jsonl,,2026-05-06T14:04:50+00:00,draft,volatility,refine_strategy_hypothesis,false,1,3,7,8,diagnostic_context_only,24,low,diagnostic,diagnostic_backlog,volatility_liquidity,partial,2,low,abstract_supported,not_reported,false,false,false,6,1,2019-03-12,2019,,,,missing_evaluation_evidence,,,2015-01-01,2025-12-31,,,0,false,false,,,,,,false,metric_summary_missing_or_unavailable,false,false,false,,,,,,,,,,,,unlabeled,null_missing_evidence,null_missing_evidence,Quant_mvp\config\v0_3_selector_label_rules.toml,,,,,,,,,,,,,,,,evaluation_prioritization|active_learning|uncertainty_ranking|review_triage,time_aware_required_before_training,,false,false,doi:10.21511/imfi.16(1).2019.17,doi:10.21511/imfi.16(1).2019.17,false,false,blocked_missing_evaluation_evidence,ml_rows_must_not_feed_scores_rankings_reports_backtests_trading_or_auto_adoption,production_activation_requires_later_root_approved_gate
v0_3_candidate_ml_input_0_2,"This candidate ML input row is evidence-only metadata for evaluator review. It is not a production ranking input, not a trading signal, not an adoption decision, and not automatic production activation.",sc:ecard:40d4c4c2b48d51f4cbcf,v0.3.0,sh:ecard:40d4c4c2b48d51f4cbcf,ecard:40d4c4c2b48d51f4cbcf,Quant_mvp\data\v0_3\selector_inputs\v0_3_selector_input.jsonl,Quant_mvp\data\v0_3\strategy_candidates\v0_3_strategy_candidate_registry.jsonl,,2026-05-06T14:04:50+00:00,draft,statistical_arbitrage,refine_strategy_hypothesis,false,1,1,7,8,needs_manual_or_data_review,20,low,technical,technical_score_architect,volatility_liquidity,not_specified,0,low,metadata_only,not_reported,false,false,false,6,1,2020-11-01,2020,,,,missing_evaluation_evidence,,,2015-01-01,2025-12-31,,,0,false,false,,,,,,false,metric_summary_missing_or_unavailable,false,false,false,,,,,,,,,,,,unlabeled,null_missing_evidence,null_missing_evidence,Quant_mvp\config\v0_3_selector_label_rules.toml,,,,,,,,,,,,,,,,evaluation_prioritization|active_learning|uncertainty_ranking|review_triage,time_aware_required_before_training,,false,false,doi:10.1016/j.frl.2020.101775,doi:10.1016/j.frl.2020.101775,false,false,blocked_missing_evaluation_evidence,ml_rows_must_not_feed_scores_rankings_reports_backtests_trading_or_auto_adoption,production_activation_requires_later_root_approved_gate
v0_3_candidate_ml_input_0_2,"This candidate ML input row is evidence-only metadata for evaluator review. It is not a production ranking input, not a trading signal, not an adoption decision, and not automatic production activation.",sc:ecard:41454ce089c0e783b78c,v0.3.0,sh:ecard:41454ce089c0e783b78c,ecard:41454ce089c0e783b78c,Quant_mvp\data\v0_3\selector_inputs\v0_3_selector_input.jsonl,Quant_mvp\data\v0_3\strategy_candidates\v0_3_strategy_candidate_registry.jsonl,,2026-05-06T14:04:50+00:00,draft,other,refine_strategy_hypothesis,false,2,3,6,8,diagnostic_context_only,0,not_collectable,diagnostic,diagnostic_backlog,,not_specified,0,low,metadata_only,not_reported,false,false,false,6,2,2010-01-01,2010,,,,missing_evaluation_evidence,,,2015-01-01,2025-12-31,,,0,false,false,,,,,,false,metric_summary_missing_or_unavailable,false,false,false,,,,,,,,,,,,unlabeled,null_missing_evidence,null_missing_evidence,Quant_mvp\config\v0_3_selector_label_rules.toml,,,,,,,,,,,,,,,,evaluation_prioritization|active_learning|uncertainty_ranking|review_triage,time_aware_required_before_training,,false,false,doi:10.4135/9781412961288.n102,doi:10.4135/9781412961288.n102,false,false,blocked_missing_evaluation_evidence,ml_rows_must_not_feed_scores_rankings_reports_backtests_trading_or_auto_adoption,production_activation_requires_later_root_approved_gate
v0_3_candidate_ml_input_0_2,"This candidate ML input row is evidence-only metadata for evaluator review. It is not a production ranking input, not a trading signal, not an adoption decision, and not automatic production activation.",sc:ecard:4154dd51664098e61fb8,v0.3.0,sh:ecard:4154dd51664098e61fb8,ecard:4154dd51664098e61fb8,Quant_mvp\data\v0_3\selector_inputs\v0_3_selector_input.jsonl,Quant_mvp\data\v0_3\strategy_candidates\v0_3_strategy_candidate_registry.jsonl,,2026-05-06T14:04:50+00:00,draft,event_driven,refine_strategy_hypothesis,false,1,1,6,8,needs_manual_or_data_review,20,low,technical,technical_score_architect,volatility_liquidity,not_specified,0,low,metadata_only,not_reported,false,false,false,6,1,2011-12-28,2011,,,,missing_evaluation_evidence,,,2015-01-01,2025-12-31,,,0,false,false,,,,,,false,metric_summary_missing_or_unavailable,false,false,false,,,,,,,,,,,,unlabeled,null_missing_evidence,null_missing_evidence,Quant_mvp\config\v0_3_selector_label_rules.toml,,,,,,,,,,,,,,,,evaluation_prioritization|active_learning|uncertainty_ranking|review_triage,time_aware_required_before_training,,false,false,doi:10.2139/ssrn.1022392,doi:10.2139/ssrn.1022392,false,false,blocked_missing_evaluation_evidence,ml_rows_must_not_feed_scores_rankings_reports_backtests_trading_or_auto_adoption,production_activation_requires_later_root_approved_gate
v0_3_candidate_ml_input_0_2,"This candidate ML input row is evidence-only metadata for evaluator review. It is not a production ranking input, not a trading signal, not an adoption decision, and not automatic production activation.",sc:ecard:41624080d5da662bf66c,v0.3.0,sh:ecard:41624080d5da662bf66c,ecard:41624080d5da662bf66c,Quant_mvp\data\v0_3\selector_inputs\v0_3_selector_input.jsonl,Quant_mvp\data\v0_3\strategy_candidates\v0_3_strategy_candidate_registry.jsonl,,2026-05-06T14:04:50+00:00,draft,other,refine_strategy_hypothesis,false,1,3,6,8,diagnostic_context_only,24,low,diagnostic,diagnostic_backlog,,partial,2,low,abstract_supported,not_reported,false,false,false,6,1,2023-12-19,2023,,,,missing_evaluation_evidence,,,2015-01-01,2025-12-31,,,0,false,false,,,,,,false,metric_summary_missing_or_unavailable,false,false,false,,,,,,,,,,,,unlabeled,null_missing_evidence,null_missing_evidence,Quant_mvp\config\v0_3_selector_label_rules.toml,,,,,,,,,,,,,,,,evaluation_prioritization|active_learning|uncertainty_ranking|review_triage,time_aware_required_before_training,,false,false,doi:10.1038/s43016-023-00885-9,doi:10.1038/s43016-023-00885-9,false,false,blocked_missing_evaluation_evidence,ml_rows_must_not_feed_scores_rankings_reports_backtests_trading_or_auto_adoption,production_activation_requires_later_root_approved_gate
v0_3_candidate_ml_input_0_2,"This candidate ML input row is evidence-only metadata for evaluator review. It is not a production ranking input, not a trading signal, not an adoption decision, and not automatic production activation.",sc:ecard:418e200708717a20a967,v0.3.0,sh:ecard:418e200708717a20a967,ecard:418e200708717a20a967,Quant_mvp\data\v0_3\selector_inputs\v0_3_selector_input.jsonl,Quant_mvp\data\v0_3\strategy_candidates\v0_3_strategy_candidate_registry.jsonl,,2026-05-06T14:04:50+00:00,blocked,other,resolve_blocker,false,2,1,6,8,excluded_rejected_or_out_of_scope,0,not_collectable,out_of_scope,reject_log,,not_specified,0,low,metadata_only,not_reported,false,false,false,6,2,2014-11-12,2014,,,,missing_evaluation_evidence,,,2015-01-01,2025-12-31,,,0,false,false,,,,,,false,metric_summary_missing_or_unavailable,false,false,false,,,,,,,,,,,,unlabeled,null_missing_evidence,null_missing_evidence,Quant_mvp\config\v0_3_selector_label_rules.toml,,,,,,,,,,,,,,,,evaluation_prioritization|active_learning|uncertainty_ranking|review_triage,time_aware_required_before_training,,false,false,doi:10.2139/ssrn.2516179,doi:10.2139/ssrn.2516179,false,false,blocked_missing_evaluation_evidence,ml_rows_must_not_feed_scores_rankings_reports_backtests_trading_or_auto_adoption,production_activation_requires_later_root_approved_gate
v0_3_candidate_ml_input_0_2,"This candidate ML input row is evidence-only metadata for evaluator review. It is not a production ranking input, not a trading signal, not an adoption decision, and not automatic production activation.",sc:ecard:41de0a325d5e6fdcdb78,v0.3.0,sh:ecard:41de0a325d5e6fdcdb78,ecard:41de0a325d5e6fdcdb78,Quant_mvp\data\v0_3\selector_inputs\v0_3_selector_input.jsonl,Quant_mvp\data\v0_3\strategy_candidates\v0_3_strategy_candidate_registry.jsonl,,2026-05-06T14:04:50+00:00,draft,value,refine_strategy_hypothesis,false,4,3,6,8,excluded_valuation_lane,0,not_collectable,valuation,valuation_agent_handoff,,partial,0,medium,abstract_supported,not_reported,false,false,false,8,4,1993-03-01,1993,,,,missing_evaluation_evidence,,,2015-01-01,2025-12-31,,,0,false,false,,,,,,false,metric_summary_missing_or_unavailable,false,false,false,,,,,,,,,,,,unlabeled,null_missing_evidence,null_missing_evidence,Quant_mvp\config\v0_3_selector_label_rules.toml,,,,,,,,,,,,,,,,evaluation_prioritization|active_learning|uncertainty_ranking|review_triage,time_aware_required_before_training,,false,false,doi:10.1111/j.1540-6261.1993.tb04702.x,doi:10.1111/j.1540-6261.1993.tb04702.x,false,false,blocked_missing_evaluation_evidence,ml_rows_must_not_feed_scores_rankings_reports_backtests_trading_or_auto_adoption,production_activation_requires_later_root_approved_gate
v0_3_candidate_ml_input_0_2,"This candidate ML input row is evidence-only metadata for evaluator review. It is not a production ranking input, not a trading signal, not an adoption decision, and not automatic production activation.",sc:ecard:41e094b8d78aca4f82a3,v0.3.0,sh:ecard:41e094b8d78aca4f82a3,ecard:41e094b8d78aca4f82a3,Quant_mvp\data\v0_3\selector_inputs\v0_3_selector_input.jsonl,Quant_mvp\data\v0_3\strategy_candidates\v0_3_strategy_candidate_registry.jsonl,,2026-05-06T14:04:50+00:00,blocked,momentum,resolve_blocker,false,2,1,7,8,excluded_rejected_or_out_of_scope,0,not_collectable,out_of_scope,reject_log,momentum,partial,0,low,abstract_supported,not_reported,false,false,false,6,2,2023-02-26,2023,,,,missing_evaluation_evidence,,,2015-01-01,2025-12-31,,,0,false,false,,,,,,false,metric_summary_missing_or_unavailable,false,false,false,,,,,,,,,,,,unlabeled,null_missing_evidence,null_missing_evidence,Quant_mvp\config\v0_3_selector_label_rules.toml,,,,,,,,,,,,,,,,evaluation_prioritization|active_learning|uncertainty_ranking|review_triage,time_aware_required_before_training,,false,false,arxiv:2302.13245,arxiv:2302.13245,false,false,blocked_missing_evaluation_evidence,ml_rows_must_not_feed_scores_rankings_reports_backtests_trading_or_auto_adoption,production_activation_requires_later_root_approved_gate
v0_3_candidate_ml_input_0_2,"This candidate ML input row is evidence-only metadata for evaluator review. It is not a production ranking input, not a trading signal, not an adoption decision, and not automatic production activation.",sc:ecard:4213e4b1ca018697efb3,v0.3.0,sh:ecard:4213e4b1ca018697efb3,ecard:4213e4b1ca018697efb3,Quant_mvp\data\v0_3\selector_inputs\v0_3_selector_input.jsonl,Quant_mvp\data\v0_3\strategy_candidates\v0_3_strategy_candidate_registry.jsonl,,2026-05-06T14:04:50+00:00,draft,volatility,refine_strategy_hypothesis,false,1,3,7,8,diagnostic_context_only,24,low,diagnostic,diagnostic_backlog,volatility_liquidity,partial,2,low,abstract_supported,not_reported,false,false,false,6,1,2015-10-27,2015,,,,missing_evaluation_evidence,,,2015-01-01,2025-12-31,,,0,false,false,,,,,,false,metric_summary_missing_or_unavailable,false,false,false,,,,,,,,,,,,unlabeled,null_missing_evidence,null_missing_evidence,Quant_mvp\config\v0_3_selector_label_rules.toml,,,,,,,,,,,,,,,,evaluation_prioritization|active_learning|uncertainty_ranking|review_triage,time_aware_required_before_training,,false,false,doi:10.1080/1540496x.2014.998572,doi:10.1080/1540496x.2014.998572,false,false,blocked_missing_evaluation_evidence,ml_rows_must_not_feed_scores_rankings_reports_backtests_trading_or_auto_adoption,production_activation_requires_later_root_approved_gate
v0_3_candidate_ml_input_0_2,"This candidate ML input row is evidence-only metadata for evaluator review. It is not a production ranking input, not a trading signal, not an adoption decision, and not automatic production activation.",sc:ecard:42be032f8e1fea6e9ef7,v0.3.0,sh:ecard:42be032f8e1fea6e9ef7,ecard:42be032f8e1fea6e9ef7,Quant_mvp\data\v0_3\selector_inputs\v0_3_selector_input.jsonl,Quant_mvp\data\v0_3\strategy_candidates\v0_3_strategy_candidate_registry.jsonl,,2026-05-06T14:04:50+00:00,draft,other,refine_strategy_hypothesis,false,2,3,6,8,diagnostic_context_only,0,not_collectable,diagnostic,diagnostic_backlog,,not_specified,0,low,metadata_only,not_reported,false,true,false,6,2,2026-01-08,2026,,,,missing_evaluation_evidence,,,2015-01-01,2025-12-31,,,0,false,false,,,,,,false,metric_summary_missing_or_unavailable,false,false,false,,,,,,,,,,,,unlabeled,null_missing_evidence,null_missing_evidence,Quant_mvp\config\v0_3_selector_label_rules.toml,,,,,,,,,,,,,,,,evaluation_prioritization|active_learning|uncertainty_ranking|review_triage,time_aware_required_before_training,,false,false,doi:10.2139/ssrn.5985277,doi:10.2139/ssrn.5985277,false,false,blocked_missing_evaluation_evidence,ml_rows_must_not_feed_scores_rankings_reports_backtests_trading_or_auto_adoption,production_activation_requires_later_root_approved_gate
v0_3_candidate_ml_input_0_2,"This candidate ML input row is evidence-only metadata for evaluator review. It is not a production ranking input, not a trading signal, not an adoption decision, and not automatic production activation.",sc:ecard:42fb716ca7d0d0b3578e,v0.3.0,sh:ecard:42fb716ca7d0d0b3578e,ecard:42fb716ca7d0d0b3578e,Quant_mvp\data\v0_3\selector_inputs\v0_3_selector_input.jsonl,Quant_mvp\data\v0_3\strategy_candidates\v0_3_strategy_candidate_registry.jsonl,,2026-05-06T14:04:50+00:00,draft,volatility,refine_strategy_hypothesis,false,1,1,7,8,needs_manual_or_data_review,20,low,technical,technical_score_architect,volatility_liquidity,not_specified,0,low,metadata_only,not_reported,false,false,false,6,1,1997-09-01,1997,,,,missing_evaluation_evidence,,,2015-01-01,2025-12-31,,,0,false,false,,,,,,false,metric_summary_missing_or_unavailable,false,false,false,,,,,,,,,,,,unlabeled,null_missing_evidence,null_missing_evidence,Quant_mvp\config\v0_3_selector_label_rules.toml,,,,,,,,,,,,,,,,evaluation_prioritization|active_learning|uncertainty_ranking|review_triage,time_aware_required_before_training,,false,false,doi:10.17578/1-3-2,doi:10.17578/1-3-2,false,false,blocked_missing_evaluation_evidence,ml_rows_must_not_feed_scores_rankings_reports_backtests_trading_or_auto_adoption,production_activation_requires_later_root_approved_gate
v0_3_candidate_ml_input_0_2,"This candidate ML input row is evidence-only metadata for evaluator review. It is not a production ranking input, not a trading signal, not an adoption decision, and not automatic production activation.",sc:ecard:431056e2a173da03d1e8,v0.3.0,sh:ecard:431056e2a173da03d1e8,ecard:431056e2a173da03d1e8,Quant_mvp\data\v0_3\selector_inputs\v0_3_selector_input.jsonl,Quant_mvp\data\v0_3\strategy_candidates\v0_3_strategy_candidate_registry.jsonl,Quant_mvp\backtest_mvp\docs\v0_3_evaluation_evidence\momentum_cohort_1\ee_v0_3_20260506_sc_ecard_431056e2a173da03d1e8.md,2026-05-06T14:04:50+00:00,evaluable,momentum,create_evaluation_evidence,true,0,1,7,8,eligible_for_candidate_selector_review,89,high,technical,technical_score_architect,,partial,2,low,abstract_supported,not_reported,false,false,false,6,0,2024-07-28,2024,2026-05-06,,ee_v0_3_20260506_sc_ecard_431056e2a173da03d1e8,evidence_recorded,2026-05-06,2026-05-06,2015-01-02,2025-12-02,,benchmark_reference_comparison|cost|drawdown|no_feedback|no_lookahead|oos_walk_forward_stability|turnover|volatility,8,true,true,approved_evaluation_evidence,candidate_specific,candidate_level_supervised_label_candidate,strategy_candidate,sc:ecard:431056e2a173da03d1e8,true,candidate_id_matches_candidate_level_evaluation_evidence,false,false,false,0.9478898686276229,-0.270661347208625,-0.270661347208625,1.218551215836248,-0.6092164024086726,0.2968075686560764,0.8618159203980099,0.35818175172278915,recorded_walk_forward_fail,0,0,candidate_level_evaluation_evidence,,negative,Quant_mvp\config\v0_3_selector_label_rules.toml,candidate_level_evaluation_evidence,candidate_specific,candidate_level_supervised_label_candidate,ee_v0_3_20260506_sc_ecard_431056e2a173da03d1e8,2026-05-06,,,,,,,,,,,evaluation_prioritization|active_learning|uncertainty_ranking|review_triage,time_aware_required_before_training,,true,false,doi:10.46281/bjmsr.v9i2.2226,doi:10.46281/bjmsr.v9i2.2226,true,false,eligible_candidate_level_label,ml_rows_must_not_feed_scores_rankings_reports_backtests_trading_or_auto_adoption,production_activation_requires_later_root_approved_gate
v0_3_candidate_ml_input_0_2,"This candidate ML input row is evidence-only metadata for evaluator review. It is not a production ranking input, not a trading signal, not an adoption decision, and not automatic production activation.",sc:ecard:434d8f174030c22dd03a,v0.3.0,sh:ecard:434d8f174030c22dd03a,ecard:434d8f174030c22dd03a,Quant_mvp\data\v0_3\selector_inputs\v0_3_selector_input.jsonl,Quant_mvp\data\v0_3\strategy_candidates\v0_3_strategy_candidate_registry.jsonl,,2026-05-06T14:04:50+00:00,blocked,other,resolve_blocker,false,2,1,6,8,excluded_rejected_or_out_of_scope,0,not_collectable,out_of_scope,reject_log,,not_specified,0,low,metadata_only,not_reported,false,false,false,6,2,2015-10-28,2015,,,,missing_evaluation_evidence,,,2015-01-01,2025-12-31,,,0,false,false,,,,,,false,metric_summary_missing_or_unavailable,false,false,false,,,,,,,,,,,,unlabeled,null_missing_evidence,null_missing_evidence,Quant_mvp\config\v0_3_selector_label_rules.toml,,,,,,,,,,,,,,,,evaluation_prioritization|active_learning|uncertainty_ranking|review_triage,time_aware_required_before_training,,false,false,doi:10.2139/ssrn.2680538,doi:10.2139/ssrn.2680538,false,false,blocked_missing_evaluation_evidence,ml_rows_must_not_feed_scores_rankings_reports_backtests_trading_or_auto_adoption,production_activation_requires_later_root_approved_gate
v0_3_candidate_ml_input_0_2,"This candidate ML input row is evidence-only metadata for evaluator review. It is not a production ranking input, not a trading signal, not an adoption decision, and not automatic production activation.",sc:ecard:44a46d8f863dc48cb825,v0.3.0,sh:ecard:44a46d8f863dc48cb825,ecard:44a46d8f863dc48cb825,Quant_mvp\data\v0_3\selector_inputs\v0_3_selector_input.jsonl,Quant_mvp\data\v0_3\strategy_candidates\v0_3_strategy_candidate_registry.jsonl,,2026-05-06T14:04:50+00:00,blocked,other,resolve_blocker,false,2,1,6,8,excluded_rejected_or_out_of_scope,0,not_collectable,out_of_scope,reject_log,,not_specified,0,low,metadata_only,not_reported,false,false,false,6,2,2023-07-07,2023,,,,missing_evaluation_evidence,,,2015-01-01,2025-12-31,,,0,false,false,,,,,,false,metric_summary_missing_or_unavailable,false,false,false,,,,,,,,,,,,unlabeled,null_missing_evidence,null_missing_evidence,Quant_mvp\config\v0_3_selector_label_rules.toml,,,,,,,,,,,,,,,,evaluation_prioritization|active_learning|uncertainty_ranking|review_triage,time_aware_required_before_training,,false,false,doi:10.2139/ssrn.4503466,doi:10.2139/ssrn.4503466,false,false,blocked_missing_evaluation_evidence,ml_rows_must_not_feed_scores_rankings_reports_backtests_trading_or_auto_adoption,production_activation_requires_later_root_approved_gate
v0_3_candidate_ml_input_0_2,"This candidate ML input row is evidence-only metadata for evaluator review. It is not a production ranking input, not a trading signal, not an adoption decision, and not automatic production activation.",sc:ecard:44b58eec3caa3cccb420,v0.3.0,sh:ecard:44b58eec3caa3cccb420,ecard:44b58eec3caa3cccb420,Quant_mvp\data\v0_3\selector_inputs\v0_3_selector_input.jsonl,Quant_mvp\data\v0_3\strategy_candidates\v0_3_strategy_candidate_registry.jsonl,,2026-05-06T14:04:50+00:00,draft,value,refine_strategy_hypothesis,false,4,2,6,8,needs_hybrid_split,3,low,hybrid,hybrid_split_required,mean_reversion,partial,0,low,abstract_supported,not_reported,false,false,false,8,4,2012-10-18,2012,,,,missing_evaluation_evidence,,,2015-01-01,2025-12-31,,,0,false,false,,,,,,false,metric_summary_missing_or_unavailable,false,false,false,,,,,,,,,,,,unlabeled,null_missing_evidence,null_missing_evidence,Quant_mvp\config\v0_3_selector_label_rules.toml,,,,,,,,,,,,,,,,evaluation_prioritization|active_learning|uncertainty_ranking|review_triage,time_aware_required_before_training,,false,false,doi:10.1016/j.rfe.2012.10.002,doi:10.1016/j.rfe.2012.10.002,false,false,blocked_missing_evaluation_evidence,ml_rows_must_not_feed_scores_rankings_reports_backtests_trading_or_auto_adoption,production_activation_requires_later_root_approved_gate
v0_3_candidate_ml_input_0_2,"This candidate ML input row is evidence-only metadata for evaluator review. It is not a production ranking input, not a trading signal, not an adoption decision, and not automatic production activation.",sc:ecard:44dc6751955eceaddd12,v0.3.0,sh:ecard:44dc6751955eceaddd12,ecard:44dc6751955eceaddd12,Quant_mvp\data\v0_3\selector_inputs\v0_3_selector_input.jsonl,Quant_mvp\data\v0_3\strategy_candidates\v0_3_strategy_candidate_registry.jsonl,,2026-05-06T14:04:50+00:00,draft,other,refine_strategy_hypothesis,false,2,3,6,8,diagnostic_context_only,0,not_collectable,diagnostic,diagnostic_backlog,,not_specified,0,low,metadata_only,not_reported,true,false,false,6,2,2007-05-11,2007,,,,missing_evaluation_evidence,,,2015-01-01,2025-12-31,,,0,false,false,,,,,,false,metric_summary_missing_or_unavailable,false,false,false,,,,,,,,,,,,unlabeled,null_missing_evidence,null_missing_evidence,Quant_mvp\config\v0_3_selector_label_rules.toml,,,,,,,,,,,,,,,,evaluation_prioritization|active_learning|uncertainty_ranking|review_triage,time_aware_required_before_training,,false,false,doi:10.1201/9781420010794-19,doi:10.1201/9781420010794-19,false,false,blocked_missing_evaluation_evidence,ml_rows_must_not_feed_scores_rankings_reports_backtests_trading_or_auto_adoption,production_activation_requires_later_root_approved_gate
v0_3_candidate_ml_input_0_2,"This candidate ML input row is evidence-only metadata for evaluator review. It is not a production ranking input, not a trading signal, not an adoption decision, and not automatic production activation.",sc:ecard:45206121293a001ded03,v0.3.0,sh:ecard:45206121293a001ded03,ecard:45206121293a001ded03,Quant_mvp\data\v0_3\selector_inputs\v0_3_selector_input.jsonl,Quant_mvp\data\v0_3\strategy_candidates\v0_3_strategy_candidate_registry.jsonl,,2026-05-06T14:04:50+00:00,draft,value,refine_strategy_hypothesis,false,4,2,6,8,needs_hybrid_split,3,low,hybrid,hybrid_split_required,,partial,0,low,abstract_supported,not_reported,false,false,false,8,4,2013-09-28,2013,,,,missing_evaluation_evidence,,,2015-01-01,2025-12-31,,,0,false,false,,,,,,false,metric_summary_missing_or_unavailable,false,false,false,,,,,,,,,,,,unlabeled,null_missing_evidence,null_missing_evidence,Quant_mvp\config\v0_3_selector_label_rules.toml,,,,,,,,,,,,,,,,evaluation_prioritization|active_learning|uncertainty_ranking|review_triage,time_aware_required_before_training,,false,false,doi:10.12735/jbm.v2i3p22,doi:10.12735/jbm.v2i3p22,false,false,blocked_missing_evaluation_evidence,ml_rows_must_not_feed_scores_rankings_reports_backtests_trading_or_auto_adoption,production_activation_requires_later_root_approved_gate
v0_3_candidate_ml_input_0_2,"This candidate ML input row is evidence-only metadata for evaluator review. It is not a production ranking input, not a trading signal, not an adoption decision, and not automatic production activation.",sc:ecard:458d4fef1a973932012c,v0.3.0,sh:ecard:458d4fef1a973932012c,ecard:458d4fef1a973932012c,Quant_mvp\data\v0_3\selector_inputs\v0_3_selector_input.jsonl,Quant_mvp\data\v0_3\strategy_candidates\v0_3_strategy_candidate_registry.jsonl,,2026-05-06T14:04:50+00:00,draft,volatility,refine_strategy_hypothesis,false,1,1,7,8,needs_manual_or_data_review,20,low,technical,technical_score_architect,volatility_liquidity,not_specified,0,low,metadata_only,not_reported,false,false,false,6,1,2025-08-01,2025,,,,missing_evaluation_evidence,,,2015-01-01,2025-12-31,,,0,false,false,,,,,,false,metric_summary_missing_or_unavailable,false,false,false,,,,,,,,,,,,unlabeled,null_missing_evidence,null_missing_evidence,Quant_mvp\config\v0_3_selector_label_rules.toml,,,,,,,,,,,,,,,,evaluation_prioritization|active_learning|uncertainty_ranking|review_triage,time_aware_required_before_training,,false,false,doi:10.24191/apmaj.v24i2-03,doi:10.24191/apmaj.v24i2-03,false,false,blocked_missing_evaluation_evidence,ml_rows_must_not_feed_scores_rankings_reports_backtests_trading_or_auto_adoption,production_activation_requires_later_root_approved_gate
v0_3_candidate_ml_input_0_2,"This candidate ML input row is evidence-only metadata for evaluator review. It is not a production ranking input, not a trading signal, not an adoption decision, and not automatic production activation.",sc:ecard:45a1f7f5546c6e1a0408,v0.3.0,sh:ecard:45a1f7f5546c6e1a0408,ecard:45a1f7f5546c6e1a0408,Quant_mvp\data\v0_3\selector_inputs\v0_3_selector_input.jsonl,Quant_mvp\data\v0_3\strategy_candidates\v0_3_strategy_candidate_registry.jsonl,,2026-05-06T14:04:50+00:00,draft,volatility,refine_strategy_hypothesis,false,2,3,7,8,diagnostic_context_only,0,not_collectable,diagnostic,diagnostic_backlog,volatility_liquidity,not_specified,0,low,metadata_only,not_reported,false,false,false,6,2,2016-03-01,2016,,,,missing_evaluation_evidence,,,2015-01-01,2025-12-31,,,0,false,false,,,,,,false,metric_summary_missing_or_unavailable,false,false,false,,,,,,,,,,,,unlabeled,null_missing_evidence,null_missing_evidence,Quant_mvp\config\v0_3_selector_label_rules.toml,,,,,,,,,,,,,,,,evaluation_prioritization|active_learning|uncertainty_ranking|review_triage,time_aware_required_before_training,,false,false,doi:10.1111/jere.12074,doi:10.1111/jere.12074,false,false,blocked_missing_evaluation_evidence,ml_rows_must_not_feed_scores_rankings_reports_backtests_trading_or_auto_adoption,production_activation_requires_later_root_approved_gate
v0_3_candidate_ml_input_0_2,"This candidate ML input row is evidence-only metadata for evaluator review. It is not a production ranking input, not a trading signal, not an adoption decision, and not automatic production activation.",sc:ecard:45a559122b5d1b894123,v0.3.0,sh:ecard:45a559122b5d1b894123,ecard:45a559122b5d1b894123,Quant_mvp\data\v0_3\selector_inputs\v0_3_selector_input.jsonl,Quant_mvp\data\v0_3\strategy_candidates\v0_3_strategy_candidate_registry.jsonl,,2026-05-06T14:04:50+00:00,draft,value,refine_strategy_hypothesis,false,4,3,6,8,excluded_valuation_lane,0,not_collectable,valuation,valuation_agent_handoff,,partial,0,medium,abstract_supported,not_reported,false,false,false,8,4,2003-01-01,2003,,,,missing_evaluation_evidence,,,2015-01-01,2025-12-31,,,0,false,false,,,,,,false,metric_summary_missing_or_unavailable,false,false,false,,,,,,,,,,,,unlabeled,null_missing_evidence,null_missing_evidence,Quant_mvp\config\v0_3_selector_label_rules.toml,,,,,,,,,,,,,,,,evaluation_prioritization|active_learning|uncertainty_ranking|review_triage,time_aware_required_before_training,,false,false,doi:10.2469/faj.v59.n1.2505,doi:10.2469/faj.v59.n1.2505,false,false,blocked_missing_evaluation_evidence,ml_rows_must_not_feed_scores_rankings_reports_backtests_trading_or_auto_adoption,production_activation_requires_later_root_approved_gate
v0_3_candidate_ml_input_0_2,"This candidate ML input row is evidence-only metadata for evaluator review. It is not a production ranking input, not a trading signal, not an adoption decision, and not automatic production activation.",sc:ecard:45d1ba5f871006f9897e,v0.3.0,sh:ecard:45d1ba5f871006f9897e,ecard:45d1ba5f871006f9897e,Quant_mvp\data\v0_3\selector_inputs\v0_3_selector_input.jsonl,Quant_mvp\data\v0_3\strategy_candidates\v0_3_strategy_candidate_registry.jsonl,,2026-05-06T14:04:50+00:00,draft,value,refine_strategy_hypothesis,false,4,3,6,8,excluded_valuation_lane,0,not_collectable,valuation,valuation_agent_handoff,,partial,0,medium,abstract_supported,not_reported,false,false,false,8,4,2025-05-19,2025,,,,missing_evaluation_evidence,,,2015-01-01,2025-12-31,,,0,false,false,,,,,,false,metric_summary_missing_or_unavailable,false,false,false,,,,,,,,,,,,unlabeled,null_missing_evidence,null_missing_evidence,Quant_mvp\config\v0_3_selector_label_rules.toml,,,,,,,,,,,,,,,,evaluation_prioritization|active_learning|uncertainty_ranking|review_triage,time_aware_required_before_training,,false,false,doi:10.3126/jems.v3i1.78640,doi:10.3126/jems.v3i1.78640,false,false,blocked_missing_evaluation_evidence,ml_rows_must_not_feed_scores_rankings_reports_backtests_trading_or_auto_adoption,production_activation_requires_later_root_approved_gate
v0_3_candidate_ml_input_0_2,"This candidate ML input row is evidence-only metadata for evaluator review. It is not a production ranking input, not a trading signal, not an adoption decision, and not automatic production activation.",sc:ecard:4646e0447be662b85e14,v0.3.0,sh:ecard:4646e0447be662b85e14,ecard:4646e0447be662b85e14,Quant_mvp\data\v0_3\selector_inputs\v0_3_selector_input.jsonl,Quant_mvp\data\v0_3\strategy_candidates\v0_3_strategy_candidate_registry.jsonl,,2026-05-06T14:04:50+00:00,draft,value,refine_strategy_hypothesis,false,4,2,6,8,needs_hybrid_split,3,low,hybrid,hybrid_split_required,volatility_liquidity,partial,0,low,abstract_supported,not_reported,false,false,false,8,4,2009-07-31,2009,,,,missing_evaluation_evidence,,,2015-01-01,2025-12-31,,,0,false,false,,,,,,false,metric_summary_missing_or_unavailable,false,false,false,,,,,,,,,,,,unlabeled,null_missing_evidence,null_missing_evidence,Quant_mvp\config\v0_3_selector_label_rules.toml,,,,,,,,,,,,,,,,evaluation_prioritization|active_learning|uncertainty_ranking|review_triage,time_aware_required_before_training,,false,false,doi:10.1108/10867370910974026,doi:10.1108/10867370910974026,false,false,blocked_missing_evaluation_evidence,ml_rows_must_not_feed_scores_rankings_reports_backtests_trading_or_auto_adoption,production_activation_requires_later_root_approved_gate
v0_3_candidate_ml_input_0_2,"This candidate ML input row is evidence-only metadata for evaluator review. It is not a production ranking input, not a trading signal, not an adoption decision, and not automatic production activation.",sc:ecard:465773981dc1665810c3,v0.3.0,sh:ecard:465773981dc1665810c3,ecard:465773981dc1665810c3,Quant_mvp\data\v0_3\selector_inputs\v0_3_selector_input.jsonl,Quant_mvp\data\v0_3\strategy_candidates\v0_3_strategy_candidate_registry.jsonl,,2026-05-06T14:04:50+00:00,draft,volatility,refine_strategy_hypothesis,false,1,1,7,8,needs_manual_or_data_review,20,low,technical,technical_score_architect,volatility_liquidity,not_specified,0,low,metadata_only,not_reported,false,false,false,6,1,2021-09-30,2021,,,,missing_evaluation_evidence,,,2015-01-01,2025-12-31,,,0,false,false,,,,,,false,metric_summary_missing_or_unavailable,false,false,false,,,,,,,,,,,,unlabeled,null_missing_evidence,null_missing_evidence,Quant_mvp\config\v0_3_selector_label_rules.toml,,,,,,,,,,,,,,,,evaluation_prioritization|active_learning|uncertainty_ranking|review_triage,time_aware_required_before_training,,false,false,doi:10.25212/lfu.qzj.6.3.27,doi:10.25212/lfu.qzj.6.3.27,false,false,blocked_missing_evaluation_evidence,ml_rows_must_not_feed_scores_rankings_reports_backtests_trading_or_auto_adoption,production_activation_requires_later_root_approved_gate
v0_3_candidate_ml_input_0_2,"This candidate ML input row is evidence-only metadata for evaluator review. It is not a production ranking input, not a trading signal, not an adoption decision, and not automatic production activation.",sc:ecard:46b78a134ac4cecd762d,v0.3.0,sh:ecard:46b78a134ac4cecd762d,ecard:46b78a134ac4cecd762d,Quant_mvp\data\v0_3\selector_inputs\v0_3_selector_input.jsonl,Quant_mvp\data\v0_3\strategy_candidates\v0_3_strategy_candidate_registry.jsonl,,2026-05-06T14:04:50+00:00,draft,momentum,refine_strategy_hypothesis,false,1,1,7,8,needs_manual_or_data_review,20,low,technical,technical_score_architect,breakout,not_specified,0,low,metadata_only,not_reported,false,false,false,6,1,2023-04-03,2023,,,,missing_evaluation_evidence,,,2015-01-01,2025-12-31,,,0,false,false,,,,,,false,metric_summary_missing_or_unavailable,false,false,false,,,,,,,,,,,,unlabeled,null_missing_evidence,null_missing_evidence,Quant_mvp\config\v0_3_selector_label_rules.toml,,,,,,,,,,,,,,,,evaluation_prioritization|active_learning|uncertainty_ranking|review_triage,time_aware_required_before_training,,false,false,doi:10.1080/07317131.2023.2187113,doi:10.1080/07317131.2023.2187113,false,false,blocked_missing_evaluation_evidence,ml_rows_must_not_feed_scores_rankings_reports_backtests_trading_or_auto_adoption,production_activation_requires_later_root_approved_gate
v0_3_candidate_ml_input_0_2,"This candidate ML input row is evidence-only metadata for evaluator review. It is not a production ranking input, not a trading signal, not an adoption decision, and not automatic production activation.",sc:ecard:4777bfe9b3d202b4e010,v0.3.0,sh:ecard:4777bfe9b3d202b4e010,ecard:4777bfe9b3d202b4e010,Quant_mvp\data\v0_3\selector_inputs\v0_3_selector_input.jsonl,Quant_mvp\data\v0_3\strategy_candidates\v0_3_strategy_candidate_registry.jsonl,,2026-05-06T14:04:50+00:00,draft,value,refine_strategy_hypothesis,false,4,2,6,8,needs_hybrid_split,3,low,hybrid,hybrid_split_required,momentum,partial,0,low,abstract_supported,not_reported,false,false,false,8,4,1997-03-01,1997,,,,missing_evaluation_evidence,,,2015-01-01,2025-12-31,,,0,false,false,,,,,,false,metric_summary_missing_or_unavailable,false,false,false,,,,,,,,,,,,unlabeled,null_missing_evidence,null_missing_evidence,Quant_mvp\config\v0_3_selector_label_rules.toml,,,,,,,,,,,,,,,,evaluation_prioritization|active_learning|uncertainty_ranking|review_triage,time_aware_required_before_training,,false,false,doi:10.1111/j.1540-6261.1997.tb03808.x,doi:10.1111/j.1540-6261.1997.tb03808.x,false,false,blocked_missing_evaluation_evidence,ml_rows_must_not_feed_scores_rankings_reports_backtests_trading_or_auto_adoption,production_activation_requires_later_root_approved_gate
v0_3_candidate_ml_input_0_2,"This candidate ML input row is evidence-only metadata for evaluator review. It is not a production ranking input, not a trading signal, not an adoption decision, and not automatic production activation.",sc:ecard:478497b34ee2f4e3e47c,v0.3.0,sh:ecard:478497b34ee2f4e3e47c,ecard:478497b34ee2f4e3e47c,Quant_mvp\data\v0_3\selector_inputs\v0_3_selector_input.jsonl,Quant_mvp\data\v0_3\strategy_candidates\v0_3_strategy_candidate_registry.jsonl,,2026-05-06T14:04:50+00:00,draft,value,refine_strategy_hypothesis,false,4,2,6,8,needs_hybrid_split,3,low,hybrid,hybrid_split_required,momentum,partial,0,low,abstract_supported,not_reported,false,false,false,8,4,2021-12-03,2021,,,,missing_evaluation_evidence,,,2015-01-01,2025-12-31,,,0,false,false,,,,,,false,metric_summary_missing_or_unavailable,false,false,false,,,,,,,,,,,,unlabeled,null_missing_evidence,null_missing_evidence,Quant_mvp\config\v0_3_selector_label_rules.toml,,,,,,,,,,,,,,,,evaluation_prioritization|active_learning|uncertainty_ranking|review_triage,time_aware_required_before_training,,false,false,doi:10.21511/imfi.18(4).2021.25,doi:10.21511/imfi.18(4).2021.25,false,false,blocked_missing_evaluation_evidence,ml_rows_must_not_feed_scores_rankings_reports_backtests_trading_or_auto_adoption,production_activation_requires_later_root_approved_gate
v0_3_candidate_ml_input_0_2,"This candidate ML input row is evidence-only metadata for evaluator review. It is not a production ranking input, not a trading signal, not an adoption decision, and not automatic production activation.",sc:ecard:48685527170b2f527785,v0.3.0,sh:ecard:48685527170b2f527785,ecard:48685527170b2f527785,Quant_mvp\data\v0_3\selector_inputs\v0_3_selector_input.jsonl,Quant_mvp\data\v0_3\strategy_candidates\v0_3_strategy_candidate_registry.jsonl,,2026-05-06T14:04:50+00:00,blocked,momentum,resolve_blocker,false,3,1,7,8,excluded_rejected_or_out_of_scope,0,not_collectable,out_of_scope,reject_log,momentum,partial,0,low,abstract_supported,not_reported,false,false,false,6,3,2024-10-18,2024,,,,missing_evaluation_evidence,,,2015-01-01,2025-12-31,,,0,false,false,,,,,,false,metric_summary_missing_or_unavailable,false,false,false,,,,,,,,,,,,unlabeled,null_missing_evidence,null_missing_evidence,Quant_mvp\config\v0_3_selector_label_rules.toml,,,,,,,,,,,,,,,,evaluation_prioritization|active_learning|uncertainty_ranking|review_triage,time_aware_required_before_training,,false,false,arxiv:2410.14841,arxiv:2410.14841,false,false,blocked_missing_evaluation_evidence,ml_rows_must_not_feed_scores_rankings_reports_backtests_trading_or_auto_adoption,production_activation_requires_later_root_approved_gate
v0_3_candidate_ml_input_0_2,"This candidate ML input row is evidence-only metadata for evaluator review. It is not a production ranking input, not a trading signal, not an adoption decision, and not automatic production activation.",sc:ecard:48ddce0dfb3a380a1032,v0.3.0,sh:ecard:48ddce0dfb3a380a1032,ecard:48ddce0dfb3a380a1032,Quant_mvp\data\v0_3\selector_inputs\v0_3_selector_input.jsonl,Quant_mvp\data\v0_3\strategy_candidates\v0_3_strategy_candidate_registry.jsonl,,2026-05-06T14:04:50+00:00,draft,other,refine_strategy_hypothesis,false,1,1,6,8,needs_manual_or_data_review,20,low,technical,technical_score_architect,,not_specified,0,low,metadata_only,,false,false,false,6,1,2020-10-13,2020,,,,missing_evaluation_evidence,,,2015-01-01,2025-12-31,,,0,false,false,,,,,,false,metric_summary_missing_or_unavailable,false,false,false,,,,,,,,,,,,unlabeled,null_missing_evidence,null_missing_evidence,Quant_mvp\config\v0_3_selector_label_rules.toml,,,,,,,,,,,,,,,,evaluation_prioritization|active_learning|uncertainty_ranking|review_triage,time_aware_required_before_training,,false,false,doi:10.1002/9781119295594.ch6,doi:10.1002/9781119295594.ch6,false,false,blocked_missing_evaluation_evidence,ml_rows_must_not_feed_scores_rankings_reports_backtests_trading_or_auto_adoption,production_activation_requires_later_root_approved_gate
v0_3_candidate_ml_input_0_2,"This candidate ML input row is evidence-only metadata for evaluator review. It is not a production ranking input, not a trading signal, not an adoption decision, and not automatic production activation.",sc:ecard:49047e5a71ebe1325d2a,v0.3.0,sh:ecard:49047e5a71ebe1325d2a,ecard:49047e5a71ebe1325d2a,Quant_mvp\data\v0_3\selector_inputs\v0_3_selector_input.jsonl,Quant_mvp\data\v0_3\strategy_candidates\v0_3_strategy_candidate_registry.jsonl,,2026-05-06T14:04:50+00:00,draft,value,refine_strategy_hypothesis,false,4,2,6,8,needs_hybrid_split,3,low,hybrid,hybrid_split_required,volatility_liquidity,partial,0,low,abstract_supported,not_reported,false,false,false,8,4,2008-10-08,2008,,,,missing_evaluation_evidence,,,2015-01-01,2025-12-31,,,0,false,false,,,,,,false,metric_summary_missing_or_unavailable,false,false,false,,,,,,,,,,,,unlabeled,null_missing_evidence,null_missing_evidence,Quant_mvp\config\v0_3_selector_label_rules.toml,,,,,,,,,,,,,,,,evaluation_prioritization|active_learning|uncertainty_ranking|review_triage,time_aware_required_before_training,,false,false,doi:10.1111/j.1475-679x.2008.00306.x,doi:10.1111/j.1475-679x.2008.00306.x,false,false,blocked_missing_evaluation_evidence,ml_rows_must_not_feed_scores_rankings_reports_backtests_trading_or_auto_adoption,production_activation_requires_later_root_approved_gate
v0_3_candidate_ml_input_0_2,"This candidate ML input row is evidence-only metadata for evaluator review. It is not a production ranking input, not a trading signal, not an adoption decision, and not automatic production activation.",sc:ecard:4994cbaf3cc5a409e4fa,v0.3.0,sh:ecard:4994cbaf3cc5a409e4fa,ecard:4994cbaf3cc5a409e4fa,Quant_mvp\data\v0_3\selector_inputs\v0_3_selector_input.jsonl,Quant_mvp\data\v0_3\strategy_candidates\v0_3_strategy_candidate_registry.jsonl,,2026-05-06T14:04:50+00:00,draft,value,refine_strategy_hypothesis,false,4,3,6,8,excluded_valuation_lane,0,not_collectable,valuation,valuation_agent_handoff,,not_specified,0,low,metadata_only,not_reported,false,false,false,8,4,2019-10-22,2019,,,,missing_evaluation_evidence,,,2015-01-01,2025-12-31,,,0,false,false,,,,,,false,metric_summary_missing_or_unavailable,false,false,false,,,,,,,,,,,,unlabeled,null_missing_evidence,null_missing_evidence,Quant_mvp\config\v0_3_selector_label_rules.toml,,,,,,,,,,,,,,,,evaluation_prioritization|active_learning|uncertainty_ranking|review_triage,time_aware_required_before_training,,false,false,doi:10.2139/ssrn.3467747,doi:10.2139/ssrn.3467747,false,false,blocked_missing_evaluation_evidence,ml_rows_must_not_feed_scores_rankings_reports_backtests_trading_or_auto_adoption,production_activation_requires_later_root_approved_gate
v0_3_candidate_ml_input_0_2,"This candidate ML input row is evidence-only metadata for evaluator review. It is not a production ranking input, not a trading signal, not an adoption decision, and not automatic production activation.",sc:ecard:4a35127dc16c46c5cbae,v0.3.0,sh:ecard:4a35127dc16c46c5cbae,ecard:4a35127dc16c46c5cbae,Quant_mvp\data\v0_3\selector_inputs\v0_3_selector_input.jsonl,Quant_mvp\data\v0_3\strategy_candidates\v0_3_strategy_candidate_registry.jsonl,,2026-05-06T14:04:50+00:00,draft,statistical_arbitrage,refine_strategy_hypothesis,false,2,3,7,8,diagnostic_context_only,0,not_collectable,diagnostic,diagnostic_backlog,,not_specified,0,low,metadata_only,not_reported,false,false,false,6,2,2022-12-02,2022,,,,missing_evaluation_evidence,,,2015-01-01,2025-12-31,,,0,false,false,,,,,,false,metric_summary_missing_or_unavailable,false,false,false,,,,,,,,,,,,unlabeled,null_missing_evidence,null_missing_evidence,Quant_mvp\config\v0_3_selector_label_rules.toml,,,,,,,,,,,,,,,,evaluation_prioritization|active_learning|uncertainty_ranking|review_triage,time_aware_required_before_training,,false,false,doi:10.7717/peerj.14407/fig-5,doi:10.7717/peerj.14407/fig-5,false,false,blocked_missing_evaluation_evidence,ml_rows_must_not_feed_scores_rankings_reports_backtests_trading_or_auto_adoption,production_activation_requires_later_root_approved_gate
v0_3_candidate_ml_input_0_2,"This candidate ML input row is evidence-only metadata for evaluator review. It is not a production ranking input, not a trading signal, not an adoption decision, and not automatic production activation.",sc:ecard:4ade835960df882b6d9e,v0.3.0,sh:ecard:4ade835960df882b6d9e,ecard:4ade835960df882b6d9e,Quant_mvp\data\v0_3\selector_inputs\v0_3_selector_input.jsonl,Quant_mvp\data\v0_3\strategy_candidates\v0_3_strategy_candidate_registry.jsonl,,2026-05-06T14:04:50+00:00,blocked,other,resolve_blocker,false,2,1,6,8,excluded_rejected_or_out_of_scope,0,not_collectable,out_of_scope,reject_log,,not_specified,0,low,metadata_only,not_reported,false,false,false,6,2,2012-11-28,2012,,,,missing_evaluation_evidence,,,2015-01-01,2025-12-31,,,0,false,false,,,,,,false,metric_summary_missing_or_unavailable,false,false,false,,,,,,,,,,,,unlabeled,null_missing_evidence,null_missing_evidence,Quant_mvp\config\v0_3_selector_label_rules.toml,,,,,,,,,,,,,,,,evaluation_prioritization|active_learning|uncertainty_ranking|review_triage,time_aware_required_before_training,,false,false,doi:10.1201/b14301-26,doi:10.1201/b14301-26,false,false,blocked_missing_evaluation_evidence,ml_rows_must_not_feed_scores_rankings_reports_backtests_trading_or_auto_adoption,production_activation_requires_later_root_approved_gate
v0_3_candidate_ml_input_0_2,"This candidate ML input row is evidence-only metadata for evaluator review. It is not a production ranking input, not a trading signal, not an adoption decision, and not automatic production activation.",sc:ecard:4b04f4808bf65f26fc2f,v0.3.0,sh:ecard:4b04f4808bf65f26fc2f,ecard:4b04f4808bf65f26fc2f,Quant_mvp\data\v0_3\selector_inputs\v0_3_selector_input.jsonl,Quant_mvp\data\v0_3\strategy_candidates\v0_3_strategy_candidate_registry.jsonl,,2026-05-06T14:04:50+00:00,draft,value,refine_strategy_hypothesis,false,4,3,6,8,excluded_valuation_lane,0,not_collectable,valuation,valuation_agent_handoff,,not_specified,0,low,metadata_only,not_reported,false,false,false,8,4,2019-05-18,2019,,,,missing_evaluation_evidence,,,2015-01-01,2025-12-31,,,0,false,false,,,,,,false,metric_summary_missing_or_unavailable,false,false,false,,,,,,,,,,,,unlabeled,null_missing_evidence,null_missing_evidence,Quant_mvp\config\v0_3_selector_label_rules.toml,,,,,,,,,,,,,,,,evaluation_prioritization|active_learning|uncertainty_ranking|review_triage,time_aware_required_before_training,,false,false,doi:10.1016/j.jfineco.2019.05.013,doi:10.1016/j.jfineco.2019.05.013,false,false,blocked_missing_evaluation_evidence,ml_rows_must_not_feed_scores_rankings_reports_backtests_trading_or_auto_adoption,production_activation_requires_later_root_approved_gate
v0_3_candidate_ml_input_0_2,"This candidate ML input row is evidence-only metadata for evaluator review. It is not a production ranking input, not a trading signal, not an adoption decision, and not automatic production activation.",sc:ecard:4b52b354d3c426b09408,v0.3.0,sh:ecard:4b52b354d3c426b09408,ecard:4b52b354d3c426b09408,Quant_mvp\data\v0_3\selector_inputs\v0_3_selector_input.jsonl,Quant_mvp\data\v0_3\strategy_candidates\v0_3_strategy_candidate_registry.jsonl,,2026-05-06T14:04:50+00:00,draft,value,refine_strategy_hypothesis,false,4,3,6,8,excluded_valuation_lane,0,not_collectable,valuation,valuation_agent_handoff,,partial,0,low,abstract_supported,not_reported,true,false,false,8,4,2019-08-30,2019,,,,missing_evaluation_evidence,,,2015-01-01,2025-12-31,,,0,false,false,,,,,,false,metric_summary_missing_or_unavailable,false,false,false,,,,,,,,,,,,unlabeled,null_missing_evidence,null_missing_evidence,Quant_mvp\config\v0_3_selector_label_rules.toml,,,,,,,,,,,,,,,,evaluation_prioritization|active_learning|uncertainty_ranking|review_triage,time_aware_required_before_training,,false,false,doi:10.1007/s10479-019-03357-1,doi:10.1007/s10479-019-03357-1,false,false,blocked_missing_evaluation_evidence,ml_rows_must_not_feed_scores_rankings_reports_backtests_trading_or_auto_adoption,production_activation_requires_later_root_approved_gate
v0_3_candidate_ml_input_0_2,"This candidate ML input row is evidence-only metadata for evaluator review. It is not a production ranking input, not a trading signal, not an adoption decision, and not automatic production activation.",sc:ecard:4b890ca5f469facc84eb,v0.3.0,sh:ecard:4b890ca5f469facc84eb,ecard:4b890ca5f469facc84eb,Quant_mvp\data\v0_3\selector_inputs\v0_3_selector_input.jsonl,Quant_mvp\data\v0_3\strategy_candidates\v0_3_strategy_candidate_registry.jsonl,,2026-05-06T14:04:50+00:00,blocked,other,resolve_blocker,false,2,1,6,8,excluded_rejected_or_out_of_scope,0,not_collectable,out_of_scope,reject_log,,not_specified,0,low,metadata_only,not_reported,false,false,false,6,2,2014-12-21,2014,,,,missing_evaluation_evidence,,,2015-01-01,2025-12-31,,,0,false,false,,,,,,false,metric_summary_missing_or_unavailable,false,false,false,,,,,,,,,,,,unlabeled,null_missing_evidence,null_missing_evidence,Quant_mvp\config\v0_3_selector_label_rules.toml,,,,,,,,,,,,,,,,evaluation_prioritization|active_learning|uncertainty_ranking|review_triage,time_aware_required_before_training,,false,false,doi:10.5539/ijbm.v10n1p92,doi:10.5539/ijbm.v10n1p92,false,false,blocked_missing_evaluation_evidence,ml_rows_must_not_feed_scores_rankings_reports_backtests_trading_or_auto_adoption,production_activation_requires_later_root_approved_gate
v0_3_candidate_ml_input_0_2,"This candidate ML input row is evidence-only metadata for evaluator review. It is not a production ranking input, not a trading signal, not an adoption decision, and not automatic production activation.",sc:ecard:4bdc08b14b34fa127ad8,v0.3.0,sh:ecard:4bdc08b14b34fa127ad8,ecard:4bdc08b14b34fa127ad8,Quant_mvp\data\v0_3\selector_inputs\v0_3_selector_input.jsonl,Quant_mvp\data\v0_3\strategy_candidates\v0_3_strategy_candidate_registry.jsonl,,2026-05-06T14:04:50+00:00,draft,machine_learning,refine_strategy_hypothesis,false,2,3,6,8,diagnostic_context_only,0,not_collectable,diagnostic,diagnostic_backlog,,not_specified,0,low,metadata_only,not_reported,false,false,false,6,2,2026-03-23,2026,,,,missing_evaluation_evidence,,,2015-01-01,2025-12-31,,,0,false,false,,,,,,false,metric_summary_missing_or_unavailable,false,false,false,,,,,,,,,,,,unlabeled,null_missing_evidence,null_missing_evidence,Quant_mvp\config\v0_3_selector_label_rules.toml,,,,,,,,,,,,,,,,evaluation_prioritization|active_learning|uncertainty_ranking|review_triage,time_aware_required_before_training,,false,false,doi:10.21203/rs.3.rs-9180656/v1,doi:10.21203/rs.3.rs-9180656/v1,false,false,blocked_missing_evaluation_evidence,ml_rows_must_not_feed_scores_rankings_reports_backtests_trading_or_auto_adoption,production_activation_requires_later_root_approved_gate
v0_3_candidate_ml_input_0_2,"This candidate ML input row is evidence-only metadata for evaluator review. It is not a production ranking input, not a trading signal, not an adoption decision, and not automatic production activation.",sc:ecard:4c5d1c7eee59e3f494ec,v0.3.0,sh:ecard:4c5d1c7eee59e3f494ec,ecard:4c5d1c7eee59e3f494ec,Quant_mvp\data\v0_3\selector_inputs\v0_3_selector_input.jsonl,Quant_mvp\data\v0_3\strategy_candidates\v0_3_strategy_candidate_registry.jsonl,,2026-05-06T14:04:50+00:00,draft,statistical_arbitrage,refine_strategy_hypothesis,false,2,3,7,8,diagnostic_context_only,0,not_collectable,diagnostic,diagnostic_backlog,,not_specified,0,low,metadata_only,not_reported,false,false,false,6,2,2017-02-06,2017,,,,missing_evaluation_evidence,,,2015-01-01,2025-12-31,,,0,false,false,,,,,,false,metric_summary_missing_or_unavailable,false,false,false,,,,,,,,,,,,unlabeled,null_missing_evidence,null_missing_evidence,Quant_mvp\config\v0_3_selector_label_rules.toml,,,,,,,,,,,,,,,,evaluation_prioritization|active_learning|uncertainty_ranking|review_triage,time_aware_required_before_training,,false,false,doi:10.7554/elife.24040.015,doi:10.7554/elife.24040.015,false,false,blocked_missing_evaluation_evidence,ml_rows_must_not_feed_scores_rankings_reports_backtests_trading_or_auto_adoption,production_activation_requires_later_root_approved_gate
v0_3_candidate_ml_input_0_2,"This candidate ML input row is evidence-only metadata for evaluator review. It is not a production ranking input, not a trading signal, not an adoption decision, and not automatic production activation.",sc:ecard:4cbc5c3db86a241db467,v0.3.0,sh:ecard:4cbc5c3db86a241db467,ecard:4cbc5c3db86a241db467,Quant_mvp\data\v0_3\selector_inputs\v0_3_selector_input.jsonl,Quant_mvp\data\v0_3\strategy_candidates\v0_3_strategy_candidate_registry.jsonl,,2026-05-06T14:04:50+00:00,draft,other,refine_strategy_hypothesis,false,2,3,6,8,diagnostic_context_only,0,not_collectable,diagnostic,diagnostic_backlog,,not_specified,0,low,metadata_only,not_reported,true,false,false,6,2,2006-01-01,2006,,,,missing_evaluation_evidence,,,2015-01-01,2025-12-31,,,0,false,false,,,,,,false,metric_summary_missing_or_unavailable,false,false,false,,,,,,,,,,,,unlabeled,null_missing_evidence,null_missing_evidence,Quant_mvp\config\v0_3_selector_label_rules.toml,,,,,,,,,,,,,,,,evaluation_prioritization|active_learning|uncertainty_ranking|review_triage,time_aware_required_before_training,,false,false,doi:10.1142/s0219871106000251,doi:10.1142/s0219871106000251,false,false,blocked_missing_evaluation_evidence,ml_rows_must_not_feed_scores_rankings_reports_backtests_trading_or_auto_adoption,production_activation_requires_later_root_approved_gate
v0_3_candidate_ml_input_0_2,"This candidate ML input row is evidence-only metadata for evaluator review. It is not a production ranking input, not a trading signal, not an adoption decision, and not automatic production activation.",sc:ecard:4cdefe6a8fd686ab4b2a,v0.3.0,sh:ecard:4cdefe6a8fd686ab4b2a,ecard:4cdefe6a8fd686ab4b2a,Quant_mvp\data\v0_3\selector_inputs\v0_3_selector_input.jsonl,Quant_mvp\data\v0_3\strategy_candidates\v0_3_strategy_candidate_registry.jsonl,,2026-05-06T14:04:50+00:00,blocked,other,resolve_blocker,false,2,1,6,8,excluded_rejected_or_out_of_scope,0,not_collectable,out_of_scope,reject_log,,not_specified,0,low,metadata_only,not_reported,false,false,false,6,2,2005-11-02,2005,,,,missing_evaluation_evidence,,,2015-01-01,2025-12-31,,,0,false,false,,,,,,false,metric_summary_missing_or_unavailable,false,false,false,,,,,,,,,,,,unlabeled,null_missing_evidence,null_missing_evidence,Quant_mvp\config\v0_3_selector_label_rules.toml,,,,,,,,,,,,,,,,evaluation_prioritization|active_learning|uncertainty_ranking|review_triage,time_aware_required_before_training,,false,false,doi:10.2139/ssrn.391669,doi:10.2139/ssrn.391669,false,false,blocked_missing_evaluation_evidence,ml_rows_must_not_feed_scores_rankings_reports_backtests_trading_or_auto_adoption,production_activation_requires_later_root_approved_gate
v0_3_candidate_ml_input_0_2,"This candidate ML input row is evidence-only metadata for evaluator review. It is not a production ranking input, not a trading signal, not an adoption decision, and not automatic production activation.",sc:ecard:4ce24ec601199c059d56,v0.3.0,sh:ecard:4ce24ec601199c059d56,ecard:4ce24ec601199c059d56,Quant_mvp\data\v0_3\selector_inputs\v0_3_selector_input.jsonl,Quant_mvp\data\v0_3\strategy_candidates\v0_3_strategy_candidate_registry.jsonl,,2026-05-06T14:04:50+00:00,draft,statistical_arbitrage,refine_strategy_hypothesis,false,2,3,7,8,diagnostic_context_only,0,not_collectable,diagnostic,diagnostic_backlog,volatility_liquidity,not_specified,0,low,metadata_only,not_reported,false,false,false,6,2,1992-10-01,1992,,,,missing_evaluation_evidence,,,2015-01-01,2025-12-31,,,0,false,false,,,,,,false,metric_summary_missing_or_unavailable,false,false,false,,,,,,,,,,,,unlabeled,null_missing_evidence,null_missing_evidence,Quant_mvp\config\v0_3_selector_label_rules.toml,,,,,,,,,,,,,,,,evaluation_prioritization|active_learning|uncertainty_ranking|review_triage,time_aware_required_before_training,,false,false,doi:10.3386/w4193,doi:10.3386/w4193,false,false,blocked_missing_evaluation_evidence,ml_rows_must_not_feed_scores_rankings_reports_backtests_trading_or_auto_adoption,production_activation_requires_later_root_approved_gate
v0_3_candidate_ml_input_0_2,"This candidate ML input row is evidence-only metadata for evaluator review. It is not a production ranking input, not a trading signal, not an adoption decision, and not automatic production activation.",sc:ecard:4cff812c38c88684aaf2,v0.3.0,sh:ecard:4cff812c38c88684aaf2,ecard:4cff812c38c88684aaf2,Quant_mvp\data\v0_3\selector_inputs\v0_3_selector_input.jsonl,Quant_mvp\data\v0_3\strategy_candidates\v0_3_strategy_candidate_registry.jsonl,,2026-05-06T14:04:50+00:00,draft,other,refine_strategy_hypothesis,false,2,3,6,8,diagnostic_context_only,0,not_collectable,diagnostic,diagnostic_backlog,,not_specified,0,low,metadata_only,not_reported,false,false,true,6,2,2025-12-16,2025,,,,missing_evaluation_evidence,,,2015-01-01,2025-12-31,,,0,false,false,,,,,,false,metric_summary_missing_or_unavailable,false,false,false,,,,,,,,,,,,unlabeled,null_missing_evidence,null_missing_evidence,Quant_mvp\config\v0_3_selector_label_rules.toml,,,,,,,,,,,,,,,,evaluation_prioritization|active_learning|uncertainty_ranking|review_triage,time_aware_required_before_training,,false,false,doi:10.2139/ssrn.5719682,doi:10.2139/ssrn.5719682,false,false,blocked_missing_evaluation_evidence,ml_rows_must_not_feed_scores_rankings_reports_backtests_trading_or_auto_adoption,production_activation_requires_later_root_approved_gate
v0_3_candidate_ml_input_0_2,"This candidate ML input row is evidence-only metadata for evaluator review. It is not a production ranking input, not a trading signal, not an adoption decision, and not automatic production activation.",sc:ecard:4d20e747a758b2274f12,v0.3.0,sh:ecard:4d20e747a758b2274f12,ecard:4d20e747a758b2274f12,Quant_mvp\data\v0_3\selector_inputs\v0_3_selector_input.jsonl,Quant_mvp\data\v0_3\strategy_candidates\v0_3_strategy_candidate_registry.jsonl,,2026-05-06T14:04:50+00:00,draft,other,refine_strategy_hypothesis,false,2,3,6,8,diagnostic_context_only,0,not_collectable,diagnostic,diagnostic_backlog,,not_specified,0,low,metadata_only,not_reported,true,false,false,6,2,2023-12-11,2023,,,,missing_evaluation_evidence,,,2015-01-01,2025-12-31,,,0,false,false,,,,,,false,metric_summary_missing_or_unavailable,false,false,false,,,,,,,,,,,,unlabeled,null_missing_evidence,null_missing_evidence,Quant_mvp\config\v0_3_selector_label_rules.toml,,,,,,,,,,,,,,,,evaluation_prioritization|active_learning|uncertainty_ranking|review_triage,time_aware_required_before_training,,false,false,doi:10.7717/peerjcs.1695/table-3,doi:10.7717/peerjcs.1695/table-3,false,false,blocked_missing_evaluation_evidence,ml_rows_must_not_feed_scores_rankings_reports_backtests_trading_or_auto_adoption,production_activation_requires_later_root_approved_gate
v0_3_candidate_ml_input_0_2,"This candidate ML input row is evidence-only metadata for evaluator review. It is not a production ranking input, not a trading signal, not an adoption decision, and not automatic production activation.",sc:ecard:4d766cd64abe8e3e1e4c,v0.3.0,sh:ecard:4d766cd64abe8e3e1e4c,ecard:4d766cd64abe8e3e1e4c,Quant_mvp\data\v0_3\selector_inputs\v0_3_selector_input.jsonl,Quant_mvp\data\v0_3\strategy_candidates\v0_3_strategy_candidate_registry.jsonl,,2026-05-06T14:04:50+00:00,draft,other,refine_strategy_hypothesis,false,2,3,6,8,diagnostic_context_only,0,not_collectable,diagnostic,diagnostic_backlog,,not_specified,0,low,metadata_only,not_reported,false,false,false,6,2,2012-01-05,2012,,,,missing_evaluation_evidence,,,2015-01-01,2025-12-31,,,0,false,false,,,,,,false,metric_summary_missing_or_unavailable,false,false,false,,,,,,,,,,,,unlabeled,null_missing_evidence,null_missing_evidence,Quant_mvp\config\v0_3_selector_label_rules.toml,,,,,,,,,,,,,,,,evaluation_prioritization|active_learning|uncertainty_ranking|review_triage,time_aware_required_before_training,,false,false,doi:10.2139/ssrn.1787554,doi:10.2139/ssrn.1787554,false,false,blocked_missing_evaluation_evidence,ml_rows_must_not_feed_scores_rankings_reports_backtests_trading_or_auto_adoption,production_activation_requires_later_root_approved_gate
v0_3_candidate_ml_input_0_2,"This candidate ML input row is evidence-only metadata for evaluator review. It is not a production ranking input, not a trading signal, not an adoption decision, and not automatic production activation.",sc:ecard:4dc5462792bd924f4e26,v0.3.0,sh:ecard:4dc5462792bd924f4e26,ecard:4dc5462792bd924f4e26,Quant_mvp\data\v0_3\selector_inputs\v0_3_selector_input.jsonl,Quant_mvp\data\v0_3\strategy_candidates\v0_3_strategy_candidate_registry.jsonl,,2026-05-06T14:04:50+00:00,draft,volatility,refine_strategy_hypothesis,false,1,1,7,8,needs_manual_or_data_review,20,low,technical,technical_score_architect,volatility_liquidity,not_specified,0,low,metadata_only,not_reported,false,false,false,6,1,2003-01-01,2003,,,,missing_evaluation_evidence,,,2015-01-01,2025-12-31,,,0,false,false,,,,,,false,metric_summary_missing_or_unavailable,false,false,false,,,,,,,,,,,,unlabeled,null_missing_evidence,null_missing_evidence,Quant_mvp\config\v0_3_selector_label_rules.toml,,,,,,,,,,,,,,,,evaluation_prioritization|active_learning|uncertainty_ranking|review_triage,time_aware_required_before_training,,false,false,doi:10.20955/wp.2003.028,doi:10.20955/wp.2003.028,false,false,blocked_missing_evaluation_evidence,ml_rows_must_not_feed_scores_rankings_reports_backtests_trading_or_auto_adoption,production_activation_requires_later_root_approved_gate
v0_3_candidate_ml_input_0_2,"This candidate ML input row is evidence-only metadata for evaluator review. It is not a production ranking input, not a trading signal, not an adoption decision, and not automatic production activation.",sc:ecard:4ded4157c1cd58225875,v0.3.0,sh:ecard:4ded4157c1cd58225875,ecard:4ded4157c1cd58225875,Quant_mvp\data\v0_3\selector_inputs\v0_3_selector_input.jsonl,Quant_mvp\data\v0_3\strategy_candidates\v0_3_strategy_candidate_registry.jsonl,,2026-05-06T14:04:50+00:00,draft,other,refine_strategy_hypothesis,false,2,3,6,8,diagnostic_context_only,0,not_collectable,diagnostic,diagnostic_backlog,,not_specified,0,low,metadata_only,not_reported,true,false,false,6,2,2011-12-28,2011,,,,missing_evaluation_evidence,,,2015-01-01,2025-12-31,,,0,false,false,,,,,,false,metric_summary_missing_or_unavailable,false,false,false,,,,,,,,,,,,unlabeled,null_missing_evidence,null_missing_evidence,Quant_mvp\config\v0_3_selector_label_rules.toml,,,,,,,,,,,,,,,,evaluation_prioritization|active_learning|uncertainty_ranking|review_triage,time_aware_required_before_training,,false,false,doi:10.2139/ssrn.1099955,doi:10.2139/ssrn.1099955,false,false,blocked_missing_evaluation_evidence,ml_rows_must_not_feed_scores_rankings_reports_backtests_trading_or_auto_adoption,production_activation_requires_later_root_approved_gate
v0_3_candidate_ml_input_0_2,"This candidate ML input row is evidence-only metadata for evaluator review. It is not a production ranking input, not a trading signal, not an adoption decision, and not automatic production activation.",sc:ecard:4e03539aa75478a2cbdb,v0.3.0,sh:ecard:4e03539aa75478a2cbdb,ecard:4e03539aa75478a2cbdb,Quant_mvp\data\v0_3\selector_inputs\v0_3_selector_input.jsonl,Quant_mvp\data\v0_3\strategy_candidates\v0_3_strategy_candidate_registry.jsonl,,2026-05-06T14:04:50+00:00,draft,value,refine_strategy_hypothesis,false,4,3,6,8,excluded_valuation_lane,0,not_collectable,valuation,valuation_agent_handoff,,partial,0,medium,abstract_supported,not_reported,false,false,false,8,4,2015-07-28,2015,,,,missing_evaluation_evidence,,,2015-01-01,2025-12-31,,,0,false,false,,,,,,false,metric_summary_missing_or_unavailable,false,false,false,,,,,,,,,,,,unlabeled,null_missing_evidence,null_missing_evidence,Quant_mvp\config\v0_3_selector_label_rules.toml,,,,,,,,,,,,,,,,evaluation_prioritization|active_learning|uncertainty_ranking|review_triage,time_aware_required_before_training,,false,false,openalex:https://openalex.org/W1409731933,openalex:https://openalex.org/W1409731933,false,false,blocked_missing_evaluation_evidence,ml_rows_must_not_feed_scores_rankings_reports_backtests_trading_or_auto_adoption,production_activation_requires_later_root_approved_gate
v0_3_candidate_ml_input_0_2,"This candidate ML input row is evidence-only metadata for evaluator review. It is not a production ranking input, not a trading signal, not an adoption decision, and not automatic production activation.",sc:ecard:4e24ed3aafffe9cf987b,v0.3.0,sh:ecard:4e24ed3aafffe9cf987b,ecard:4e24ed3aafffe9cf987b,Quant_mvp\data\v0_3\selector_inputs\v0_3_selector_input.jsonl,Quant_mvp\data\v0_3\strategy_candidates\v0_3_strategy_candidate_registry.jsonl,,2026-05-06T14:04:50+00:00,draft,other,refine_strategy_hypothesis,false,2,3,6,8,diagnostic_context_only,0,not_collectable,diagnostic,diagnostic_backlog,,not_specified,0,low,metadata_only,not_reported,false,false,false,6,2,2005-07-01,2005,,,,missing_evaluation_evidence,,,2015-01-01,2025-12-31,,,0,false,false,,,,,,false,metric_summary_missing_or_unavailable,false,false,false,,,,,,,,,,,,unlabeled,null_missing_evidence,null_missing_evidence,Quant_mvp\config\v0_3_selector_label_rules.toml,,,,,,,,,,,,,,,,evaluation_prioritization|active_learning|uncertainty_ranking|review_triage,time_aware_required_before_training,,false,false,doi:10.1111/j.1468-0262.2005.00615.x,doi:10.1111/j.1468-0262.2005.00615.x,false,false,blocked_missing_evaluation_evidence,ml_rows_must_not_feed_scores_rankings_reports_backtests_trading_or_auto_adoption,production_activation_requires_later_root_approved_gate
v0_3_candidate_ml_input_0_2,"This candidate ML input row is evidence-only metadata for evaluator review. It is not a production ranking input, not a trading signal, not an adoption decision, and not automatic production activation.",sc:ecard:4e6b5c0867797eec3df8,v0.3.0,sh:ecard:4e6b5c0867797eec3df8,ecard:4e6b5c0867797eec3df8,Quant_mvp\data\v0_3\selector_inputs\v0_3_selector_input.jsonl,Quant_mvp\data\v0_3\strategy_candidates\v0_3_strategy_candidate_registry.jsonl,Quant_mvp\backtest_mvp\docs\v0_3_evaluation_evidence\momentum_cohort_1\ee_v0_3_20260506_sc_ecard_4e6b5c0867797eec3df8.md,2026-05-06T14:04:50+00:00,evaluable,momentum,create_evaluation_evidence,true,0,1,7,8,eligible_for_candidate_selector_review,94,high,technical,technical_score_architect,momentum,partial,2,medium,abstract_supported,not_reported,false,false,false,6,0,2026-01-07,2026,2026-05-06,,ee_v0_3_20260506_sc_ecard_4e6b5c0867797eec3df8,evidence_recorded,2026-05-06,2026-05-06,2015-01-02,2025-12-02,,benchmark_reference_comparison|cost|drawdown|no_feedback|no_lookahead|oos_walk_forward_stability|turnover|volatility,8,true,true,approved_evaluation_evidence,candidate_specific,candidate_level_supervised_label_candidate,strategy_candidate,sc:ecard:4e6b5c0867797eec3df8,true,candidate_id_matches_candidate_level_evaluation_evidence,false,false,false,0.9478898686276229,-0.270661347208625,-0.270661347208625,1.218551215836248,-0.6092164024086726,0.2968075686560764,0.8618159203980099,0.35818175172278915,recorded_walk_forward_fail,0,0,candidate_level_evaluation_evidence,,negative,Quant_mvp\config\v0_3_selector_label_rules.toml,candidate_level_evaluation_evidence,candidate_specific,candidate_level_supervised_label_candidate,ee_v0_3_20260506_sc_ecard_4e6b5c0867797eec3df8,2026-05-06,,,,,,,,,,,evaluation_prioritization|active_learning|uncertainty_ranking|review_triage,time_aware_required_before_training,,true,false,doi:10.3390/jrfm19010046,doi:10.3390/jrfm19010046,true,false,eligible_candidate_level_label,ml_rows_must_not_feed_scores_rankings_reports_backtests_trading_or_auto_adoption,production_activation_requires_later_root_approved_gate
v0_3_candidate_ml_input_0_2,"This candidate ML input row is evidence-only metadata for evaluator review. It is not a production ranking input, not a trading signal, not an adoption decision, and not automatic production activation.",sc:ecard:4eae70a6b23089b7711c,v0.3.0,sh:ecard:4eae70a6b23089b7711c,ecard:4eae70a6b23089b7711c,Quant_mvp\data\v0_3\selector_inputs\v0_3_selector_input.jsonl,Quant_mvp\data\v0_3\strategy_candidates\v0_3_strategy_candidate_registry.jsonl,,2026-05-06T14:04:50+00:00,draft,other,refine_strategy_hypothesis,false,2,3,6,8,diagnostic_context_only,0,not_collectable,diagnostic,diagnostic_backlog,,not_specified,0,low,metadata_only,not_reported,false,false,false,6,2,2016-12-21,2016,,,,missing_evaluation_evidence,,,2015-01-01,2025-12-31,,,0,false,false,,,,,,false,metric_summary_missing_or_unavailable,false,false,false,,,,,,,,,,,,unlabeled,null_missing_evidence,null_missing_evidence,Quant_mvp\config\v0_3_selector_label_rules.toml,,,,,,,,,,,,,,,,evaluation_prioritization|active_learning|uncertainty_ranking|review_triage,time_aware_required_before_training,,false,false,doi:10.2139/ssrn.2858619,doi:10.2139/ssrn.2858619,false,false,blocked_missing_evaluation_evidence,ml_rows_must_not_feed_scores_rankings_reports_backtests_trading_or_auto_adoption,production_activation_requires_later_root_approved_gate
v0_3_candidate_ml_input_0_2,"This candidate ML input row is evidence-only metadata for evaluator review. It is not a production ranking input, not a trading signal, not an adoption decision, and not automatic production activation.",sc:ecard:4ecd3f61f4f8f0e2066f,v0.3.0,sh:ecard:4ecd3f61f4f8f0e2066f,ecard:4ecd3f61f4f8f0e2066f,Quant_mvp\data\v0_3\selector_inputs\v0_3_selector_input.jsonl,Quant_mvp\data\v0_3\strategy_candidates\v0_3_strategy_candidate_registry.jsonl,,2026-05-06T14:04:50+00:00,draft,volatility,refine_strategy_hypothesis,false,1,1,7,8,needs_manual_or_data_review,20,low,technical,technical_score_architect,volatility_liquidity,not_specified,0,low,metadata_only,not_reported,false,false,false,6,1,2023-12-31,2023,,,,missing_evaluation_evidence,,,2015-01-01,2025-12-31,,,0,false,false,,,,,,false,metric_summary_missing_or_unavailable,false,false,false,,,,,,,,,,,,unlabeled,null_missing_evidence,null_missing_evidence,Quant_mvp\config\v0_3_selector_label_rules.toml,,,,,,,,,,,,,,,,evaluation_prioritization|active_learning|uncertainty_ranking|review_triage,time_aware_required_before_training,,false,false,doi:10.35484/pssr.2023(7-iv)48,doi:10.35484/pssr.2023(7-iv)48,false,false,blocked_missing_evaluation_evidence,ml_rows_must_not_feed_scores_rankings_reports_backtests_trading_or_auto_adoption,production_activation_requires_later_root_approved_gate
v0_3_candidate_ml_input_0_2,"This candidate ML input row is evidence-only metadata for evaluator review. It is not a production ranking input, not a trading signal, not an adoption decision, and not automatic production activation.",sc:ecard:4ee75833af94cc0299df,v0.3.0,sh:ecard:4ee75833af94cc0299df,ecard:4ee75833af94cc0299df,Quant_mvp\data\v0_3\selector_inputs\v0_3_selector_input.jsonl,Quant_mvp\data\v0_3\strategy_candidates\v0_3_strategy_candidate_registry.jsonl,,2026-05-06T14:04:50+00:00,draft,value,refine_strategy_hypothesis,false,4,2,6,8,needs_hybrid_split,3,low,hybrid,hybrid_split_required,momentum,partial,0,low,abstract_supported,not_reported,false,false,false,8,4,2011-12-28,2011,,,,missing_evaluation_evidence,,,2015-01-01,2025-12-31,,,0,false,false,,,,,,false,metric_summary_missing_or_unavailable,false,false,false,,,,,,,,,,,,unlabeled,null_missing_evidence,null_missing_evidence,Quant_mvp\config\v0_3_selector_label_rules.toml,,,,,,,,,,,,,,,,evaluation_prioritization|active_learning|uncertainty_ranking|review_triage,time_aware_required_before_training,,false,false,doi:10.2139/ssrn.962867,doi:10.2139/ssrn.962867,false,false,blocked_missing_evaluation_evidence,ml_rows_must_not_feed_scores_rankings_reports_backtests_trading_or_auto_adoption,production_activation_requires_later_root_approved_gate
v0_3_candidate_ml_input_0_2,"This candidate ML input row is evidence-only metadata for evaluator review. It is not a production ranking input, not a trading signal, not an adoption decision, and not automatic production activation.",sc:ecard:4f0bfc709abe4bb79704,v0.3.0,sh:ecard:4f0bfc709abe4bb79704,ecard:4f0bfc709abe4bb79704,Quant_mvp\data\v0_3\selector_inputs\v0_3_selector_input.jsonl,Quant_mvp\data\v0_3\strategy_candidates\v0_3_strategy_candidate_registry.jsonl,,2026-05-06T14:04:50+00:00,draft,reversal,refine_strategy_hypothesis,false,1,1,7,8,needs_manual_or_data_review,20,low,technical,technical_score_architect,momentum,not_specified,0,low,metadata_only,not_reported,false,false,false,6,1,2013-03-13,2013,,,,missing_evaluation_evidence,,,2015-01-01,2025-12-31,,,0,false,false,,,,,,false,metric_summary_missing_or_unavailable,false,false,false,,,,,,,,,,,,unlabeled,null_missing_evidence,null_missing_evidence,Quant_mvp\config\v0_3_selector_label_rules.toml,,,,,,,,,,,,,,,,evaluation_prioritization|active_learning|uncertainty_ranking|review_triage,time_aware_required_before_training,,false,false,doi:10.2139/ssrn.2229604,doi:10.2139/ssrn.2229604,false,false,blocked_missing_evaluation_evidence,ml_rows_must_not_feed_scores_rankings_reports_backtests_trading_or_auto_adoption,production_activation_requires_later_root_approved_gate
v0_3_candidate_ml_input_0_2,"This candidate ML input row is evidence-only metadata for evaluator review. It is not a production ranking input, not a trading signal, not an adoption decision, and not automatic production activation.",sc:ecard:4fae101062936d760009,v0.3.0,sh:ecard:4fae101062936d760009,ecard:4fae101062936d760009,Quant_mvp\data\v0_3\selector_inputs\v0_3_selector_input.jsonl,Quant_mvp\data\v0_3\strategy_candidates\v0_3_strategy_candidate_registry.jsonl,,2026-05-06T14:04:50+00:00,blocked,other,resolve_blocker,false,2,1,6,8,excluded_rejected_or_out_of_scope,0,not_collectable,out_of_scope,reject_log,,not_specified,0,low,metadata_only,not_reported,false,false,false,6,2,2020-01-01,2020,,,,missing_evaluation_evidence,,,2015-01-01,2025-12-31,,,0,false,false,,,,,,false,metric_summary_missing_or_unavailable,false,false,false,,,,,,,,,,,,unlabeled,null_missing_evidence,null_missing_evidence,Quant_mvp\config\v0_3_selector_label_rules.toml,,,,,,,,,,,,,,,,evaluation_prioritization|active_learning|uncertainty_ranking|review_triage,time_aware_required_before_training,,false,false,doi:10.1007/978-1-4842-5647-3_3,doi:10.1007/978-1-4842-5647-3_3,false,false,blocked_missing_evaluation_evidence,ml_rows_must_not_feed_scores_rankings_reports_backtests_trading_or_auto_adoption,production_activation_requires_later_root_approved_gate
v0_3_candidate_ml_input_0_2,"This candidate ML input row is evidence-only metadata for evaluator review. It is not a production ranking input, not a trading signal, not an adoption decision, and not automatic production activation.",sc:ecard:50471ea748afe6de7a25,v0.3.0,sh:ecard:50471ea748afe6de7a25,ecard:50471ea748afe6de7a25,Quant_mvp\data\v0_3\selector_inputs\v0_3_selector_input.jsonl,Quant_mvp\data\v0_3\strategy_candidates\v0_3_strategy_candidate_registry.jsonl,,2026-05-06T14:04:50+00:00,draft,other,refine_strategy_hypothesis,false,1,1,6,8,needs_manual_or_data_review,20,low,technical,technical_score_architect,,not_specified,0,low,metadata_only,not_reported,false,false,false,6,1,2011-12-28,2011,,,,missing_evaluation_evidence,,,2015-01-01,2025-12-31,,,0,false,false,,,,,,false,metric_summary_missing_or_unavailable,false,false,false,,,,,,,,,,,,unlabeled,null_missing_evidence,null_missing_evidence,Quant_mvp\config\v0_3_selector_label_rules.toml,,,,,,,,,,,,,,,,evaluation_prioritization|active_learning|uncertainty_ranking|review_triage,time_aware_required_before_training,,false,false,doi:10.2139/ssrn.966154,doi:10.2139/ssrn.966154,false,false,blocked_missing_evaluation_evidence,ml_rows_must_not_feed_scores_rankings_reports_backtests_trading_or_auto_adoption,production_activation_requires_later_root_approved_gate
v0_3_candidate_ml_input_0_2,"This candidate ML input row is evidence-only metadata for evaluator review. It is not a production ranking input, not a trading signal, not an adoption decision, and not automatic production activation.",sc:ecard:517b468f436df3cffdde,v0.3.0,sh:ecard:517b468f436df3cffdde,ecard:517b468f436df3cffdde,Quant_mvp\data\v0_3\selector_inputs\v0_3_selector_input.jsonl,Quant_mvp\data\v0_3\strategy_candidates\v0_3_strategy_candidate_registry.jsonl,,2026-05-06T14:04:50+00:00,draft,other,refine_strategy_hypothesis,false,1,3,6,8,diagnostic_context_only,24,low,diagnostic,diagnostic_backlog,,partial,2,low,abstract_supported,not_reported,false,false,false,6,1,2007-05-01,2007,,,,missing_evaluation_evidence,,,2015-01-01,2025-12-31,,,0,false,false,,,,,,false,metric_summary_missing_or_unavailable,false,false,false,,,,,,,,,,,,unlabeled,null_missing_evidence,null_missing_evidence,Quant_mvp\config\v0_3_selector_label_rules.toml,,,,,,,,,,,,,,,,evaluation_prioritization|active_learning|uncertainty_ranking|review_triage,time_aware_required_before_training,,false,false,openalex:https://openalex.org/W1880850757,openalex:https://openalex.org/W1880850757,false,false,blocked_missing_evaluation_evidence,ml_rows_must_not_feed_scores_rankings_reports_backtests_trading_or_auto_adoption,production_activation_requires_later_root_approved_gate
v0_3_candidate_ml_input_0_2,"This candidate ML input row is evidence-only metadata for evaluator review. It is not a production ranking input, not a trading signal, not an adoption decision, and not automatic production activation.",sc:ecard:51c9d7b100511a4c227e,v0.3.0,sh:ecard:51c9d7b100511a4c227e,ecard:51c9d7b100511a4c227e,Quant_mvp\data\v0_3\selector_inputs\v0_3_selector_input.jsonl,Quant_mvp\data\v0_3\strategy_candidates\v0_3_strategy_candidate_registry.jsonl,,2026-05-06T14:04:50+00:00,draft,other,refine_strategy_hypothesis,false,2,3,6,8,diagnostic_context_only,0,not_collectable,diagnostic,diagnostic_backlog,,not_specified,0,low,metadata_only,not_reported,false,false,false,6,2,2010-01-01,2010,,,,missing_evaluation_evidence,,,2015-01-01,2025-12-31,,,0,false,false,,,,,,false,metric_summary_missing_or_unavailable,false,false,false,,,,,,,,,,,,unlabeled,null_missing_evidence,null_missing_evidence,Quant_mvp\config\v0_3_selector_label_rules.toml,,,,,,,,,,,,,,,,evaluation_prioritization|active_learning|uncertainty_ranking|review_triage,time_aware_required_before_training,,false,false,doi:10.1016/j.ejor.2009.01.009,doi:10.1016/j.ejor.2009.01.009,false,false,blocked_missing_evaluation_evidence,ml_rows_must_not_feed_scores_rankings_reports_backtests_trading_or_auto_adoption,production_activation_requires_later_root_approved_gate
v0_3_candidate_ml_input_0_2,"This candidate ML input row is evidence-only metadata for evaluator review. It is not a production ranking input, not a trading signal, not an adoption decision, and not automatic production activation.",sc:ecard:52af607441df1616c2b1,v0.3.0,sh:ecard:52af607441df1616c2b1,ecard:52af607441df1616c2b1,Quant_mvp\data\v0_3\selector_inputs\v0_3_selector_input.jsonl,Quant_mvp\data\v0_3\strategy_candidates\v0_3_strategy_candidate_registry.jsonl,,2026-05-06T14:04:50+00:00,draft,other,refine_strategy_hypothesis,false,1,3,6,8,diagnostic_context_only,24,low,diagnostic,diagnostic_backlog,,partial,2,low,abstract_supported,not_reported,false,false,false,6,1,1985-10-01,1985,,,,missing_evaluation_evidence,,,2015-01-01,2025-12-31,,,0,false,false,,,,,,false,metric_summary_missing_or_unavailable,false,false,false,,,,,,,,,,,,unlabeled,null_missing_evidence,null_missing_evidence,Quant_mvp\config\v0_3_selector_label_rules.toml,,,,,,,,,,,,,,,,evaluation_prioritization|active_learning|uncertainty_ranking|review_triage,time_aware_required_before_training,,false,false,doi:10.4271/851824,doi:10.4271/851824,false,false,blocked_missing_evaluation_evidence,ml_rows_must_not_feed_scores_rankings_reports_backtests_trading_or_auto_adoption,production_activation_requires_later_root_approved_gate
v0_3_candidate_ml_input_0_2,"This candidate ML input row is evidence-only metadata for evaluator review. It is not a production ranking input, not a trading signal, not an adoption decision, and not automatic production activation.",sc:ecard:52e8dc91a1ea057d50ad,v0.3.0,sh:ecard:52e8dc91a1ea057d50ad,ecard:52e8dc91a1ea057d50ad,Quant_mvp\data\v0_3\selector_inputs\v0_3_selector_input.jsonl,Quant_mvp\data\v0_3\strategy_candidates\v0_3_strategy_candidate_registry.jsonl,,2026-05-06T14:04:50+00:00,blocked,volatility,resolve_blocker,false,3,1,7,8,excluded_rejected_or_out_of_scope,0,not_collectable,out_of_scope,reject_log,volatility_liquidity,partial,0,low,abstract_supported,not_reported,true,true,false,6,3,2025-12-15,2025,,,,missing_evaluation_evidence,,,2015-01-01,2025-12-31,,,0,false,false,,,,,,false,metric_summary_missing_or_unavailable,false,false,false,,,,,,,,,,,,unlabeled,null_missing_evidence,null_missing_evidence,Quant_mvp\config\v0_3_selector_label_rules.toml,,,,,,,,,,,,,,,,evaluation_prioritization|active_learning|uncertainty_ranking|review_triage,time_aware_required_before_training,,false,false,doi:10.48550/arxiv.2512.12924,doi:10.48550/arxiv.2512.12924,false,false,blocked_missing_evaluation_evidence,ml_rows_must_not_feed_scores_rankings_reports_backtests_trading_or_auto_adoption,production_activation_requires_later_root_approved_gate
v0_3_candidate_ml_input_0_2,"This candidate ML input row is evidence-only metadata for evaluator review. It is not a production ranking input, not a trading signal, not an adoption decision, and not automatic production activation.",sc:ecard:52f9e9d4e4a5ef2e8dd5,v0.3.0,sh:ecard:52f9e9d4e4a5ef2e8dd5,ecard:52f9e9d4e4a5ef2e8dd5,Quant_mvp\data\v0_3\selector_inputs\v0_3_selector_input.jsonl,Quant_mvp\data\v0_3\strategy_candidates\v0_3_strategy_candidate_registry.jsonl,,2026-05-06T14:04:50+00:00,draft,other,refine_strategy_hypothesis,false,2,3,6,8,diagnostic_context_only,0,not_collectable,diagnostic,diagnostic_backlog,,not_specified,0,low,metadata_only,not_reported,false,false,false,6,2,2018-03-23,2018,,,,missing_evaluation_evidence,,,2015-01-01,2025-12-31,,,0,false,false,,,,,,false,metric_summary_missing_or_unavailable,false,false,false,,,,,,,,,,,,unlabeled,null_missing_evidence,null_missing_evidence,Quant_mvp\config\v0_3_selector_label_rules.toml,,,,,,,,,,,,,,,,evaluation_prioritization|active_learning|uncertainty_ranking|review_triage,time_aware_required_before_training,,false,false,doi:10.2139/ssrn.2972011,doi:10.2139/ssrn.2972011,false,false,blocked_missing_evaluation_evidence,ml_rows_must_not_feed_scores_rankings_reports_backtests_trading_or_auto_adoption,production_activation_requires_later_root_approved_gate
v0_3_candidate_ml_input_0_2,"This candidate ML input row is evidence-only metadata for evaluator review. It is not a production ranking input, not a trading signal, not an adoption decision, and not automatic production activation.",sc:ecard:5357dba22bbca1555e77,v0.3.0,sh:ecard:5357dba22bbca1555e77,ecard:5357dba22bbca1555e77,Quant_mvp\data\v0_3\selector_inputs\v0_3_selector_input.jsonl,Quant_mvp\data\v0_3\strategy_candidates\v0_3_strategy_candidate_registry.jsonl,,2026-05-06T14:04:50+00:00,blocked,other,resolve_blocker,false,2,1,6,8,excluded_rejected_or_out_of_scope,0,not_collectable,out_of_scope,reject_log,,not_specified,0,low,metadata_only,not_reported,false,false,false,6,2,2024-11-01,2024,,,,missing_evaluation_evidence,,,2015-01-01,2025-12-31,,,0,false,false,,,,,,false,metric_summary_missing_or_unavailable,false,false,false,,,,,,,,,,,,unlabeled,null_missing_evidence,null_missing_evidence,Quant_mvp\config\v0_3_selector_label_rules.toml,,,,,,,,,,,,,,,,evaluation_prioritization|active_learning|uncertainty_ranking|review_triage,time_aware_required_before_training,,false,false,doi:10.1016/j.eneco.2024.107903,doi:10.1016/j.eneco.2024.107903,false,false,blocked_missing_evaluation_evidence,ml_rows_must_not_feed_scores_rankings_reports_backtests_trading_or_auto_adoption,production_activation_requires_later_root_approved_gate
v0_3_candidate_ml_input_0_2,"This candidate ML input row is evidence-only metadata for evaluator review. It is not a production ranking input, not a trading signal, not an adoption decision, and not automatic production activation.",sc:ecard:53d405c4caaaae74e068,v0.3.0,sh:ecard:53d405c4caaaae74e068,ecard:53d405c4caaaae74e068,Quant_mvp\data\v0_3\selector_inputs\v0_3_selector_input.jsonl,Quant_mvp\data\v0_3\strategy_candidates\v0_3_strategy_candidate_registry.jsonl,,2026-05-06T14:04:50+00:00,draft,seasonality,refine_strategy_hypothesis,false,1,3,6,8,diagnostic_context_only,24,low,diagnostic,diagnostic_backlog,,partial,2,low,abstract_supported,not_reported,false,false,false,6,1,1998-06-01,1998,,,,missing_evaluation_evidence,,,2015-01-01,2025-12-31,,,0,false,false,,,,,,false,metric_summary_missing_or_unavailable,false,false,false,,,,,,,,,,,,unlabeled,null_missing_evidence,null_missing_evidence,Quant_mvp\config\v0_3_selector_label_rules.toml,,,,,,,,,,,,,,,,evaluation_prioritization|active_learning|uncertainty_ranking|review_triage,time_aware_required_before_training,,false,false,openalex:https://openalex.org/W1573427243,openalex:https://openalex.org/W1573427243,false,false,blocked_missing_evaluation_evidence,ml_rows_must_not_feed_scores_rankings_reports_backtests_trading_or_auto_adoption,production_activation_requires_later_root_approved_gate
v0_3_candidate_ml_input_0_2,"This candidate ML input row is evidence-only metadata for evaluator review. It is not a production ranking input, not a trading signal, not an adoption decision, and not automatic production activation.",sc:ecard:54e302b2640130c9d61e,v0.3.0,sh:ecard:54e302b2640130c9d61e,ecard:54e302b2640130c9d61e,Quant_mvp\data\v0_3\selector_inputs\v0_3_selector_input.jsonl,Quant_mvp\data\v0_3\strategy_candidates\v0_3_strategy_candidate_registry.jsonl,,2026-05-06T14:04:50+00:00,draft,volatility,refine_strategy_hypothesis,false,1,1,7,8,needs_manual_or_data_review,20,low,technical,technical_score_architect,volatility_liquidity,not_specified,0,low,metadata_only,,false,false,false,6,1,2015-04-22,2015,,,,missing_evaluation_evidence,,,2015-01-01,2025-12-31,,,0,false,false,,,,,,false,metric_summary_missing_or_unavailable,false,false,false,,,,,,,,,,,,unlabeled,null_missing_evidence,null_missing_evidence,Quant_mvp\config\v0_3_selector_label_rules.toml,,,,,,,,,,,,,,,,evaluation_prioritization|active_learning|uncertainty_ranking|review_triage,time_aware_required_before_training,,false,false,doi:10.1016/j.gfj.2015.04.001,doi:10.1016/j.gfj.2015.04.001,false,false,blocked_missing_evaluation_evidence,ml_rows_must_not_feed_scores_rankings_reports_backtests_trading_or_auto_adoption,production_activation_requires_later_root_approved_gate
v0_3_candidate_ml_input_0_2,"This candidate ML input row is evidence-only metadata for evaluator review. It is not a production ranking input, not a trading signal, not an adoption decision, and not automatic production activation.",sc:ecard:568f25dc8eef788c3c43,v0.3.0,sh:ecard:568f25dc8eef788c3c43,ecard:568f25dc8eef788c3c43,Quant_mvp\data\v0_3\selector_inputs\v0_3_selector_input.jsonl,Quant_mvp\data\v0_3\strategy_candidates\v0_3_strategy_candidate_registry.jsonl,,2026-05-06T14:04:50+00:00,draft,value,refine_strategy_hypothesis,false,4,3,6,8,excluded_valuation_lane,0,not_collectable,valuation,valuation_agent_handoff,,partial,0,medium,abstract_supported,not_reported,false,false,false,8,4,2005-01-01,2005,,,,missing_evaluation_evidence,,,2015-01-01,2025-12-31,,,0,false,false,,,,,,false,metric_summary_missing_or_unavailable,false,false,false,,,,,,,,,,,,unlabeled,null_missing_evidence,null_missing_evidence,Quant_mvp\config\v0_3_selector_label_rules.toml,,,,,,,,,,,,,,,,evaluation_prioritization|active_learning|uncertainty_ranking|review_triage,time_aware_required_before_training,,false,false,openalex:https://openalex.org/W1497789111,openalex:https://openalex.org/W1497789111,false,false,blocked_missing_evaluation_evidence,ml_rows_must_not_feed_scores_rankings_reports_backtests_trading_or_auto_adoption,production_activation_requires_later_root_approved_gate
v0_3_candidate_ml_input_0_2,"This candidate ML input row is evidence-only metadata for evaluator review. It is not a production ranking input, not a trading signal, not an adoption decision, and not automatic production activation.",sc:ecard:56e1694574a9dd67f381,v0.3.0,sh:ecard:56e1694574a9dd67f381,ecard:56e1694574a9dd67f381,Quant_mvp\data\v0_3\selector_inputs\v0_3_selector_input.jsonl,Quant_mvp\data\v0_3\strategy_candidates\v0_3_strategy_candidate_registry.jsonl,,2026-05-06T14:04:50+00:00,draft,other,refine_strategy_hypothesis,false,2,3,6,8,diagnostic_context_only,0,not_collectable,diagnostic,diagnostic_backlog,,not_specified,0,low,metadata_only,not_reported,true,false,false,6,2,2023-12-11,2023,,,,missing_evaluation_evidence,,,2015-01-01,2025-12-31,,,0,false,false,,,,,,false,metric_summary_missing_or_unavailable,false,false,false,,,,,,,,,,,,unlabeled,null_missing_evidence,null_missing_evidence,Quant_mvp\config\v0_3_selector_label_rules.toml,,,,,,,,,,,,,,,,evaluation_prioritization|active_learning|uncertainty_ranking|review_triage,time_aware_required_before_training,,false,false,doi:10.7717/peerjcs.1695/table-2,doi:10.7717/peerjcs.1695/table-2,false,false,blocked_missing_evaluation_evidence,ml_rows_must_not_feed_scores_rankings_reports_backtests_trading_or_auto_adoption,production_activation_requires_later_root_approved_gate
v0_3_candidate_ml_input_0_2,"This candidate ML input row is evidence-only metadata for evaluator review. It is not a production ranking input, not a trading signal, not an adoption decision, and not automatic production activation.",sc:ecard:5799eebe821a1d0ea1e5,v0.3.0,sh:ecard:5799eebe821a1d0ea1e5,ecard:5799eebe821a1d0ea1e5,Quant_mvp\data\v0_3\selector_inputs\v0_3_selector_input.jsonl,Quant_mvp\data\v0_3\strategy_candidates\v0_3_strategy_candidate_registry.jsonl,,2026-05-06T14:04:50+00:00,blocked,seasonality,resolve_blocker,false,3,1,6,8,excluded_rejected_or_out_of_scope,0,not_collectable,out_of_scope,reject_log,volatility_liquidity,partial,0,low,abstract_supported,not_reported,false,false,false,6,3,2004-07-01,2004,,,,missing_evaluation_evidence,,,2015-01-01,2025-12-31,,,0,false,false,,,,,,false,metric_summary_missing_or_unavailable,false,false,false,,,,,,,,,,,,unlabeled,null_missing_evidence,null_missing_evidence,Quant_mvp\config\v0_3_selector_label_rules.toml,,,,,,,,,,,,,,,,evaluation_prioritization|active_learning|uncertainty_ranking|review_triage,time_aware_required_before_training,,false,false,doi:10.1177/0256090920040303,doi:10.1177/0256090920040303,false,false,blocked_missing_evaluation_evidence,ml_rows_must_not_feed_scores_rankings_reports_backtests_trading_or_auto_adoption,production_activation_requires_later_root_approved_gate
v0_3_candidate_ml_input_0_2,"This candidate ML input row is evidence-only metadata for evaluator review. It is not a production ranking input, not a trading signal, not an adoption decision, and not automatic production activation.",sc:ecard:57b2375d7ab900c1da1b,v0.3.0,sh:ecard:57b2375d7ab900c1da1b,ecard:57b2375d7ab900c1da1b,Quant_mvp\data\v0_3\selector_inputs\v0_3_selector_input.jsonl,Quant_mvp\data\v0_3\strategy_candidates\v0_3_strategy_candidate_registry.jsonl,Quant_mvp\backtest_mvp\docs\v0_3_evaluation_evidence\non_momentum_cohort_1\ee_v0_3_20260506_sc_ecard_57b2375d7ab900c1da1b.md,2026-05-06T14:04:50+00:00,evaluable,volatility,create_evaluation_evidence,true,0,1,7,8,eligible_for_candidate_selector_review,89,high,technical,technical_score_architect,volatility_liquidity,partial,2,low,abstract_supported,not_reported,false,false,false,6,0,2015-10-09,2015,2026-05-06,,ee_v0_3_20260506_sc_ecard_57b2375d7ab900c1da1b,evidence_recorded,2026-05-06,2026-05-06,2015-01-02,2025-12-02,,benchmark_reference_comparison|cost|drawdown|no_feedback|no_lookahead|oos_walk_forward_stability|turnover|volatility,8,true,true,approved_evaluation_evidence,candidate_specific,candidate_level_supervised_label_candidate,strategy_candidate,sc:ecard:57b2375d7ab900c1da1b,true,candidate_id_matches_candidate_level_evaluation_evidence,false,false,false,4.59248614414884,-0.26420150156471234,-0.26420150156471234,4.856687645713552,-0.49924422265194046,0.39104534114120565,0.686318407960199,0.5932409139655367,recorded_walk_forward_pass,0,1,candidate_level_evaluation_evidence,,positive,Quant_mvp\config\v0_3_selector_label_rules.toml,candidate_level_evaluation_evidence,candidate_specific,candidate_level_supervised_label_candidate,ee_v0_3_20260506_sc_ecard_57b2375d7ab900c1da1b,2026-05-06,,,,,,,,,,,evaluation_prioritization|active_learning|uncertainty_ranking|review_triage,time_aware_required_before_training,,true,false,doi:10.1093/rfs/hhv059,doi:10.1093/rfs/hhv059,true,false,eligible_candidate_level_label,ml_rows_must_not_feed_scores_rankings_reports_backtests_trading_or_auto_adoption,production_activation_requires_later_root_approved_gate
v0_3_candidate_ml_input_0_2,"This candidate ML input row is evidence-only metadata for evaluator review. It is not a production ranking input, not a trading signal, not an adoption decision, and not automatic production activation.",sc:ecard:581454c600054a1b7317,v0.3.0,sh:ecard:581454c600054a1b7317,ecard:581454c600054a1b7317,Quant_mvp\data\v0_3\selector_inputs\v0_3_selector_input.jsonl,Quant_mvp\data\v0_3\strategy_candidates\v0_3_strategy_candidate_registry.jsonl,,2026-05-06T14:04:50+00:00,blocked,volatility,resolve_blocker,false,3,1,7,8,excluded_rejected_or_out_of_scope,0,not_collectable,out_of_scope,reject_log,volatility_liquidity,partial,0,low,abstract_supported,not_reported,false,false,false,6,3,2017-05-01,2017,,,,missing_evaluation_evidence,,,2015-01-01,2025-12-31,,,0,false,false,,,,,,false,metric_summary_missing_or_unavailable,false,false,false,,,,,,,,,,,,unlabeled,null_missing_evidence,null_missing_evidence,Quant_mvp\config\v0_3_selector_label_rules.toml,,,,,,,,,,,,,,,,evaluation_prioritization|active_learning|uncertainty_ranking|review_triage,time_aware_required_before_training,,false,false,doi:10.3386/w23394,doi:10.3386/w23394,false,false,blocked_missing_evaluation_evidence,ml_rows_must_not_feed_scores_rankings_reports_backtests_trading_or_auto_adoption,production_activation_requires_later_root_approved_gate
v0_3_candidate_ml_input_0_2,"This candidate ML input row is evidence-only metadata for evaluator review. It is not a production ranking input, not a trading signal, not an adoption decision, and not automatic production activation.",sc:ecard:585a4f189352330f033a,v0.3.0,sh:ecard:585a4f189352330f033a,ecard:585a4f189352330f033a,Quant_mvp\data\v0_3\selector_inputs\v0_3_selector_input.jsonl,Quant_mvp\data\v0_3\strategy_candidates\v0_3_strategy_candidate_registry.jsonl,Quant_mvp\backtest_mvp\docs\v0_3_evaluation_evidence\momentum_cohort_1\ee_v0_3_20260506_sc_ecard_585a4f189352330f033a.md,2026-05-06T14:04:50+00:00,evaluable,momentum,create_evaluation_evidence,true,0,1,7,8,eligible_for_candidate_selector_review,89,high,technical,technical_score_architect,momentum,partial,2,low,abstract_supported,not_reported,false,false,false,6,0,2024-04-07,2024,2026-05-06,,ee_v0_3_20260506_sc_ecard_585a4f189352330f033a,evidence_recorded,2026-05-06,2026-05-06,2015-01-02,2025-12-02,,benchmark_reference_comparison|cost|drawdown|no_feedback|no_lookahead|oos_walk_forward_stability|turnover|volatility,8,true,true,approved_evaluation_evidence,candidate_specific,candidate_level_supervised_label_candidate,strategy_candidate,sc:ecard:585a4f189352330f033a,true,candidate_id_matches_candidate_level_evaluation_evidence,false,false,false,0.9478898686276229,-0.270661347208625,-0.270661347208625,1.218551215836248,-0.6092164024086726,0.2968075686560764,0.8618159203980099,0.35818175172278915,recorded_walk_forward_fail,0,0,candidate_level_evaluation_evidence,,negative,Quant_mvp\config\v0_3_selector_label_rules.toml,candidate_level_evaluation_evidence,candidate_specific,candidate_level_supervised_label_candidate,ee_v0_3_20260506_sc_ecard_585a4f189352330f033a,2026-05-06,,,,,,,,,,,evaluation_prioritization|active_learning|uncertainty_ranking|review_triage,time_aware_required_before_training,,true,false,arxiv:2404.05101,arxiv:2404.05101,true,false,eligible_candidate_level_label,ml_rows_must_not_feed_scores_rankings_reports_backtests_trading_or_auto_adoption,production_activation_requires_later_root_approved_gate
v0_3_candidate_ml_input_0_2,"This candidate ML input row is evidence-only metadata for evaluator review. It is not a production ranking input, not a trading signal, not an adoption decision, and not automatic production activation.",sc:ecard:58e6a31ef69fe10ca909,v0.3.0,sh:ecard:58e6a31ef69fe10ca909,ecard:58e6a31ef69fe10ca909,Quant_mvp\data\v0_3\selector_inputs\v0_3_selector_input.jsonl,Quant_mvp\data\v0_3\strategy_candidates\v0_3_strategy_candidate_registry.jsonl,,2026-05-06T14:04:50+00:00,draft,seasonality,refine_strategy_hypothesis,false,1,3,6,8,diagnostic_context_only,24,low,diagnostic,diagnostic_backlog,,partial,2,low,abstract_supported,not_reported,false,false,false,6,1,1989-11-01,1989,,,,missing_evaluation_evidence,,,2015-01-01,2025-12-31,,,0,false,false,,,,,,false,metric_summary_missing_or_unavailable,false,false,false,,,,,,,,,,,,unlabeled,null_missing_evidence,null_missing_evidence,Quant_mvp\config\v0_3_selector_label_rules.toml,,,,,,,,,,,,,,,,evaluation_prioritization|active_learning|uncertainty_ranking|review_triage,time_aware_required_before_training,,false,false,doi:10.1111/j.1540-6288.1989.tb00359.x,doi:10.1111/j.1540-6288.1989.tb00359.x,false,false,blocked_missing_evaluation_evidence,ml_rows_must_not_feed_scores_rankings_reports_backtests_trading_or_auto_adoption,production_activation_requires_later_root_approved_gate
v0_3_candidate_ml_input_0_2,"This candidate ML input row is evidence-only metadata for evaluator review. It is not a production ranking input, not a trading signal, not an adoption decision, and not automatic production activation.",sc:ecard:58f5b4cfe9ef85ca9063,v0.3.0,sh:ecard:58f5b4cfe9ef85ca9063,ecard:58f5b4cfe9ef85ca9063,Quant_mvp\data\v0_3\selector_inputs\v0_3_selector_input.jsonl,Quant_mvp\data\v0_3\strategy_candidates\v0_3_strategy_candidate_registry.jsonl,,2026-05-06T14:04:50+00:00,draft,value,refine_strategy_hypothesis,false,4,3,6,8,excluded_valuation_lane,0,not_collectable,valuation,valuation_agent_handoff,,partial,0,medium,abstract_supported,not_reported,false,false,false,8,4,1977-05-01,1977,,,,missing_evaluation_evidence,,,2015-01-01,2025-12-31,,,0,false,false,,,,,,false,metric_summary_missing_or_unavailable,false,false,false,,,,,,,,,,,,unlabeled,null_missing_evidence,null_missing_evidence,Quant_mvp\config\v0_3_selector_label_rules.toml,,,,,,,,,,,,,,,,evaluation_prioritization|active_learning|uncertainty_ranking|review_triage,time_aware_required_before_training,,false,false,doi:10.1111/j.1540-6261.1977.tb03267.x,doi:10.1111/j.1540-6261.1977.tb03267.x,false,false,blocked_missing_evaluation_evidence,ml_rows_must_not_feed_scores_rankings_reports_backtests_trading_or_auto_adoption,production_activation_requires_later_root_approved_gate
v0_3_candidate_ml_input_0_2,"This candidate ML input row is evidence-only metadata for evaluator review. It is not a production ranking input, not a trading signal, not an adoption decision, and not automatic production activation.",sc:ecard:590ccd874455c27b0efa,v0.3.0,sh:ecard:590ccd874455c27b0efa,ecard:590ccd874455c27b0efa,Quant_mvp\data\v0_3\selector_inputs\v0_3_selector_input.jsonl,Quant_mvp\data\v0_3\strategy_candidates\v0_3_strategy_candidate_registry.jsonl,,2026-05-06T14:04:50+00:00,draft,volatility,refine_strategy_hypothesis,false,1,1,7,8,needs_manual_or_data_review,20,low,technical,technical_score_architect,volatility_liquidity,not_specified,0,low,metadata_only,not_reported,false,false,false,6,1,2017-03-11,2017,,,,missing_evaluation_evidence,,,2015-01-01,2025-12-31,,,0,false,false,,,,,,false,metric_summary_missing_or_unavailable,false,false,false,,,,,,,,,,,,unlabeled,null_missing_evidence,null_missing_evidence,Quant_mvp\config\v0_3_selector_label_rules.toml,,,,,,,,,,,,,,,,evaluation_prioritization|active_learning|uncertainty_ranking|review_triage,time_aware_required_before_training,,false,false,doi:10.1016/j.econmod.2017.03.002,doi:10.1016/j.econmod.2017.03.002,false,false,blocked_missing_evaluation_evidence,ml_rows_must_not_feed_scores_rankings_reports_backtests_trading_or_auto_adoption,production_activation_requires_later_root_approved_gate
v0_3_candidate_ml_input_0_2,"This candidate ML input row is evidence-only metadata for evaluator review. It is not a production ranking input, not a trading signal, not an adoption decision, and not automatic production activation.",sc:ecard:597cecadb2587bf83de7,v0.3.0,sh:ecard:597cecadb2587bf83de7,ecard:597cecadb2587bf83de7,Quant_mvp\data\v0_3\selector_inputs\v0_3_selector_input.jsonl,Quant_mvp\data\v0_3\strategy_candidates\v0_3_strategy_candidate_registry.jsonl,,2026-05-06T14:04:50+00:00,draft,other,refine_strategy_hypothesis,false,2,3,6,8,diagnostic_context_only,0,not_collectable,diagnostic,diagnostic_backlog,,not_specified,0,low,metadata_only,not_reported,false,false,false,6,2,2020-11-25,2020,,,,missing_evaluation_evidence,,,2015-01-01,2025-12-31,,,0,false,false,,,,,,false,metric_summary_missing_or_unavailable,false,false,false,,,,,,,,,,,,unlabeled,null_missing_evidence,null_missing_evidence,Quant_mvp\config\v0_3_selector_label_rules.toml,,,,,,,,,,,,,,,,evaluation_prioritization|active_learning|uncertainty_ranking|review_triage,time_aware_required_before_training,,false,false,doi:10.4324/9781003073468-6,doi:10.4324/9781003073468-6,false,false,blocked_missing_evaluation_evidence,ml_rows_must_not_feed_scores_rankings_reports_backtests_trading_or_auto_adoption,production_activation_requires_later_root_approved_gate
v0_3_candidate_ml_input_0_2,"This candidate ML input row is evidence-only metadata for evaluator review. It is not a production ranking input, not a trading signal, not an adoption decision, and not automatic production activation.",sc:ecard:5997637c4b0ce0d52550,v0.3.0,sh:ecard:5997637c4b0ce0d52550,ecard:5997637c4b0ce0d52550,Quant_mvp\data\v0_3\selector_inputs\v0_3_selector_input.jsonl,Quant_mvp\data\v0_3\strategy_candidates\v0_3_strategy_candidate_registry.jsonl,,2026-05-06T14:04:50+00:00,draft,volatility,refine_strategy_hypothesis,false,1,3,7,8,diagnostic_context_only,24,low,diagnostic,diagnostic_backlog,volatility_liquidity,partial,2,low,abstract_supported,not_reported,true,false,false,6,1,2007-07-24,2007,,,,missing_evaluation_evidence,,,2015-01-01,2025-12-31,,,0,false,false,,,,,,false,metric_summary_missing_or_unavailable,false,false,false,,,,,,,,,,,,unlabeled,null_missing_evidence,null_missing_evidence,Quant_mvp\config\v0_3_selector_label_rules.toml,,,,,,,,,,,,,,,,evaluation_prioritization|active_learning|uncertainty_ranking|review_triage,time_aware_required_before_training,,false,false,doi:10.1093/rfs/hhm030,doi:10.1093/rfs/hhm030,false,false,blocked_missing_evaluation_evidence,ml_rows_must_not_feed_scores_rankings_reports_backtests_trading_or_auto_adoption,production_activation_requires_later_root_approved_gate
v0_3_candidate_ml_input_0_2,"This candidate ML input row is evidence-only metadata for evaluator review. It is not a production ranking input, not a trading signal, not an adoption decision, and not automatic production activation.",sc:ecard:59a4bc45d19bbb7b4a01,v0.3.0,sh:ecard:59a4bc45d19bbb7b4a01,ecard:59a4bc45d19bbb7b4a01,Quant_mvp\data\v0_3\selector_inputs\v0_3_selector_input.jsonl,Quant_mvp\data\v0_3\strategy_candidates\v0_3_strategy_candidate_registry.jsonl,,2026-05-06T14:04:50+00:00,draft,volatility,refine_strategy_hypothesis,false,2,3,7,8,diagnostic_context_only,0,not_collectable,diagnostic,diagnostic_backlog,volatility_liquidity,not_specified,0,low,metadata_only,not_reported,false,false,false,6,2,2023-01-09,2023,,,,missing_evaluation_evidence,,,2015-01-01,2025-12-31,,,0,false,false,,,,,,false,metric_summary_missing_or_unavailable,false,false,false,,,,,,,,,,,,unlabeled,null_missing_evidence,null_missing_evidence,Quant_mvp\config\v0_3_selector_label_rules.toml,,,,,,,,,,,,,,,,evaluation_prioritization|active_learning|uncertainty_ranking|review_triage,time_aware_required_before_training,,false,false,doi:10.1007/s43546-022-00417-w,doi:10.1007/s43546-022-00417-w,false,false,blocked_missing_evaluation_evidence,ml_rows_must_not_feed_scores_rankings_reports_backtests_trading_or_auto_adoption,production_activation_requires_later_root_approved_gate
v0_3_candidate_ml_input_0_2,"This candidate ML input row is evidence-only metadata for evaluator review. It is not a production ranking input, not a trading signal, not an adoption decision, and not automatic production activation.",sc:ecard:59cc077a35326fd6ded9,v0.3.0,sh:ecard:59cc077a35326fd6ded9,ecard:59cc077a35326fd6ded9,Quant_mvp\data\v0_3\selector_inputs\v0_3_selector_input.jsonl,Quant_mvp\data\v0_3\strategy_candidates\v0_3_strategy_candidate_registry.jsonl,,2026-05-06T14:04:50+00:00,blocked,volatility,resolve_blocker,false,3,1,7,8,excluded_rejected_or_out_of_scope,0,not_collectable,out_of_scope,reject_log,volatility_liquidity,partial,0,low,abstract_supported,not_reported,false,false,false,6,3,2001-12-01,2001,,,,missing_evaluation_evidence,,,2015-01-01,2025-12-31,,,0,false,false,,,,,,false,metric_summary_missing_or_unavailable,false,false,false,,,,,,,,,,,,unlabeled,null_missing_evidence,null_missing_evidence,Quant_mvp\config\v0_3_selector_label_rules.toml,,,,,,,,,,,,,,,,evaluation_prioritization|active_learning|uncertainty_ranking|review_triage,time_aware_required_before_training,,false,false,openalex:https://openalex.org/W3121399269,openalex:https://openalex.org/W3121399269,false,false,blocked_missing_evaluation_evidence,ml_rows_must_not_feed_scores_rankings_reports_backtests_trading_or_auto_adoption,production_activation_requires_later_root_approved_gate
v0_3_candidate_ml_input_0_2,"This candidate ML input row is evidence-only metadata for evaluator review. It is not a production ranking input, not a trading signal, not an adoption decision, and not automatic production activation.",sc:ecard:5a01b98126f013c64f4a,v0.3.0,sh:ecard:5a01b98126f013c64f4a,ecard:5a01b98126f013c64f4a,Quant_mvp\data\v0_3\selector_inputs\v0_3_selector_input.jsonl,Quant_mvp\data\v0_3\strategy_candidates\v0_3_strategy_candidate_registry.jsonl,,2026-05-06T14:04:50+00:00,draft,other,refine_strategy_hypothesis,false,1,3,6,8,diagnostic_context_only,24,low,diagnostic,diagnostic_backlog,,partial,2,low,abstract_supported,not_reported,false,true,false,6,1,2025-02-28,2025,,,,missing_evaluation_evidence,,,2015-01-01,2025-12-31,,,0,false,false,,,,,,false,metric_summary_missing_or_unavailable,false,false,false,,,,,,,,,,,,unlabeled,null_missing_evidence,null_missing_evidence,Quant_mvp\config\v0_3_selector_label_rules.toml,,,,,,,,,,,,,,,,evaluation_prioritization|active_learning|uncertainty_ranking|review_triage,time_aware_required_before_training,,false,false,arxiv:2502.21206,arxiv:2502.21206,false,false,blocked_missing_evaluation_evidence,ml_rows_must_not_feed_scores_rankings_reports_backtests_trading_or_auto_adoption,production_activation_requires_later_root_approved_gate
v0_3_candidate_ml_input_0_2,"This candidate ML input row is evidence-only metadata for evaluator review. It is not a production ranking input, not a trading signal, not an adoption decision, and not automatic production activation.",sc:ecard:5ae96bc223f16e4ab626,v0.3.0,sh:ecard:5ae96bc223f16e4ab626,ecard:5ae96bc223f16e4ab626,Quant_mvp\data\v0_3\selector_inputs\v0_3_selector_input.jsonl,Quant_mvp\data\v0_3\strategy_candidates\v0_3_strategy_candidate_registry.jsonl,,2026-05-06T14:04:50+00:00,draft,other,refine_strategy_hypothesis,false,2,3,6,8,diagnostic_context_only,0,not_collectable,diagnostic,diagnostic_backlog,,not_specified,0,low,metadata_only,not_reported,false,false,false,6,2,1990-10-01,1990,,,,missing_evaluation_evidence,,,2015-01-01,2025-12-31,,,0,false,false,,,,,,false,metric_summary_missing_or_unavailable,false,false,false,,,,,,,,,,,,unlabeled,null_missing_evidence,null_missing_evidence,Quant_mvp\config\v0_3_selector_label_rules.toml,,,,,,,,,,,,,,,,evaluation_prioritization|active_learning|uncertainty_ranking|review_triage,time_aware_required_before_training,,false,false,doi:10.1007/bf01731421,doi:10.1007/bf01731421,false,false,blocked_missing_evaluation_evidence,ml_rows_must_not_feed_scores_rankings_reports_backtests_trading_or_auto_adoption,production_activation_requires_later_root_approved_gate
v0_3_candidate_ml_input_0_2,"This candidate ML input row is evidence-only metadata for evaluator review. It is not a production ranking input, not a trading signal, not an adoption decision, and not automatic production activation.",sc:ecard:5b3c87cc5f32e9f3402d,v0.3.0,sh:ecard:5b3c87cc5f32e9f3402d,ecard:5b3c87cc5f32e9f3402d,Quant_mvp\data\v0_3\selector_inputs\v0_3_selector_input.jsonl,Quant_mvp\data\v0_3\strategy_candidates\v0_3_strategy_candidate_registry.jsonl,,2026-05-06T14:04:50+00:00,draft,value,refine_strategy_hypothesis,false,4,3,6,8,excluded_valuation_lane,0,not_collectable,valuation,valuation_agent_handoff,,partial,0,medium,abstract_supported,not_reported,false,false,false,8,4,2017-05-02,2017,,,,missing_evaluation_evidence,,,2015-01-01,2025-12-31,,,0,false,false,,,,,,false,metric_summary_missing_or_unavailable,false,false,false,,,,,,,,,,,,unlabeled,null_missing_evidence,null_missing_evidence,Quant_mvp\config\v0_3_selector_label_rules.toml,,,,,,,,,,,,,,,,evaluation_prioritization|active_learning|uncertainty_ranking|review_triage,time_aware_required_before_training,,false,false,doi:10.31289/jab.v3i1.421,doi:10.31289/jab.v3i1.421,false,false,blocked_missing_evaluation_evidence,ml_rows_must_not_feed_scores_rankings_reports_backtests_trading_or_auto_adoption,production_activation_requires_later_root_approved_gate
v0_3_candidate_ml_input_0_2,"This candidate ML input row is evidence-only metadata for evaluator review. It is not a production ranking input, not a trading signal, not an adoption decision, and not automatic production activation.",sc:ecard:5b8a620e557095c20c1f,v0.3.0,sh:ecard:5b8a620e557095c20c1f,ecard:5b8a620e557095c20c1f,Quant_mvp\data\v0_3\selector_inputs\v0_3_selector_input.jsonl,Quant_mvp\data\v0_3\strategy_candidates\v0_3_strategy_candidate_registry.jsonl,,2026-05-06T14:04:50+00:00,draft,momentum,refine_strategy_hypothesis,false,1,1,7,8,needs_manual_or_data_review,20,low,technical,technical_score_architect,momentum,not_specified,0,low,metadata_only,not_reported,false,false,false,6,1,2018-08-01,2018,,,,missing_evaluation_evidence,,,2015-01-01,2025-12-31,,,0,false,false,,,,,,false,metric_summary_missing_or_unavailable,false,false,false,,,,,,,,,,,,unlabeled,null_missing_evidence,null_missing_evidence,Quant_mvp\config\v0_3_selector_label_rules.toml,,,,,,,,,,,,,,,,evaluation_prioritization|active_learning|uncertainty_ranking|review_triage,time_aware_required_before_training,,false,false,doi:10.2139/ssrn.3211305,doi:10.2139/ssrn.3211305,false,false,blocked_missing_evaluation_evidence,ml_rows_must_not_feed_scores_rankings_reports_backtests_trading_or_auto_adoption,production_activation_requires_later_root_approved_gate
v0_3_candidate_ml_input_0_2,"This candidate ML input row is evidence-only metadata for evaluator review. It is not a production ranking input, not a trading signal, not an adoption decision, and not automatic production activation.",sc:ecard:5d35ce2b19c594ccdca7,v0.3.0,sh:ecard:5d35ce2b19c594ccdca7,ecard:5d35ce2b19c594ccdca7,Quant_mvp\data\v0_3\selector_inputs\v0_3_selector_input.jsonl,Quant_mvp\data\v0_3\strategy_candidates\v0_3_strategy_candidate_registry.jsonl,,2026-05-06T14:04:50+00:00,draft,other,refine_strategy_hypothesis,false,2,3,6,8,diagnostic_context_only,0,not_collectable,diagnostic,diagnostic_backlog,,not_specified,0,low,metadata_only,not_reported,true,false,false,6,2,2009-09-21,2009,,,,missing_evaluation_evidence,,,2015-01-01,2025-12-31,,,0,false,false,,,,,,false,metric_summary_missing_or_unavailable,false,false,false,,,,,,,,,,,,unlabeled,null_missing_evidence,null_missing_evidence,Quant_mvp\config\v0_3_selector_label_rules.toml,,,,,,,,,,,,,,,,evaluation_prioritization|active_learning|uncertainty_ranking|review_triage,time_aware_required_before_training,,false,false,doi:10.1002/9781118267059.ch12,doi:10.1002/9781118267059.ch12,false,false,blocked_missing_evaluation_evidence,ml_rows_must_not_feed_scores_rankings_reports_backtests_trading_or_auto_adoption,production_activation_requires_later_root_approved_gate
v0_3_candidate_ml_input_0_2,"This candidate ML input row is evidence-only metadata for evaluator review. It is not a production ranking input, not a trading signal, not an adoption decision, and not automatic production activation.",sc:ecard:5d755aff02b8932c4716,v0.3.0,sh:ecard:5d755aff02b8932c4716,ecard:5d755aff02b8932c4716,Quant_mvp\data\v0_3\selector_inputs\v0_3_selector_input.jsonl,Quant_mvp\data\v0_3\strategy_candidates\v0_3_strategy_candidate_registry.jsonl,,2026-05-06T14:04:50+00:00,draft,value,refine_strategy_hypothesis,false,4,2,6,8,needs_hybrid_split,3,low,hybrid,hybrid_split_required,volatility_liquidity,partial,0,low,abstract_supported,not_reported,false,false,false,8,4,2017-02-15,2017,,,,missing_evaluation_evidence,,,2015-01-01,2025-12-31,,,0,false,false,,,,,,false,metric_summary_missing_or_unavailable,false,false,false,,,,,,,,,,,,unlabeled,null_missing_evidence,null_missing_evidence,Quant_mvp\config\v0_3_selector_label_rules.toml,,,,,,,,,,,,,,,,evaluation_prioritization|active_learning|uncertainty_ranking|review_triage,time_aware_required_before_training,,false,false,doi:10.5539/ijef.v9n3p91,doi:10.5539/ijef.v9n3p91,false,false,blocked_missing_evaluation_evidence,ml_rows_must_not_feed_scores_rankings_reports_backtests_trading_or_auto_adoption,production_activation_requires_later_root_approved_gate
v0_3_candidate_ml_input_0_2,"This candidate ML input row is evidence-only metadata for evaluator review. It is not a production ranking input, not a trading signal, not an adoption decision, and not automatic production activation.",sc:ecard:5dd58d92064a3c21b12a,v0.3.0,sh:ecard:5dd58d92064a3c21b12a,ecard:5dd58d92064a3c21b12a,Quant_mvp\data\v0_3\selector_inputs\v0_3_selector_input.jsonl,Quant_mvp\data\v0_3\strategy_candidates\v0_3_strategy_candidate_registry.jsonl,,2026-05-06T14:04:50+00:00,draft,volatility,refine_strategy_hypothesis,false,1,1,7,8,needs_manual_or_data_review,20,low,technical,technical_score_architect,volatility_liquidity,not_specified,0,low,metadata_only,not_reported,false,false,false,6,1,2010-01-01,2010,,,,missing_evaluation_evidence,,,2015-01-01,2025-12-31,,,0,false,false,,,,,,false,metric_summary_missing_or_unavailable,false,false,false,,,,,,,,,,,,unlabeled,null_missing_evidence,null_missing_evidence,Quant_mvp\config\v0_3_selector_label_rules.toml,,,,,,,,,,,,,,,,evaluation_prioritization|active_learning|uncertainty_ranking|review_triage,time_aware_required_before_training,,false,false,doi:10.1007/978-3-8349-8716-7_2,doi:10.1007/978-3-8349-8716-7_2,false,false,blocked_missing_evaluation_evidence,ml_rows_must_not_feed_scores_rankings_reports_backtests_trading_or_auto_adoption,production_activation_requires_later_root_approved_gate
v0_3_candidate_ml_input_0_2,"This candidate ML input row is evidence-only metadata for evaluator review. It is not a production ranking input, not a trading signal, not an adoption decision, and not automatic production activation.",sc:ecard:5eb2846ffe731c212bba,v0.3.0,sh:ecard:5eb2846ffe731c212bba,ecard:5eb2846ffe731c212bba,Quant_mvp\data\v0_3\selector_inputs\v0_3_selector_input.jsonl,Quant_mvp\data\v0_3\strategy_candidates\v0_3_strategy_candidate_registry.jsonl,,2026-05-06T14:04:50+00:00,draft,other,refine_strategy_hypothesis,false,2,3,6,8,diagnostic_context_only,0,not_collectable,diagnostic,diagnostic_backlog,,not_specified,0,low,metadata_only,not_reported,false,false,false,6,2,1994-10-01,1994,,,,missing_evaluation_evidence,,,2015-01-01,2025-12-31,,,0,false,false,,,,,,false,metric_summary_missing_or_unavailable,false,false,false,,,,,,,,,,,,unlabeled,null_missing_evidence,null_missing_evidence,Quant_mvp\config\v0_3_selector_label_rules.toml,,,,,,,,,,,,,,,,evaluation_prioritization|active_learning|uncertainty_ranking|review_triage,time_aware_required_before_training,,false,false,doi:10.1007/bf01739203,doi:10.1007/bf01739203,false,false,blocked_missing_evaluation_evidence,ml_rows_must_not_feed_scores_rankings_reports_backtests_trading_or_auto_adoption,production_activation_requires_later_root_approved_gate
v0_3_candidate_ml_input_0_2,"This candidate ML input row is evidence-only metadata for evaluator review. It is not a production ranking input, not a trading signal, not an adoption decision, and not automatic production activation.",sc:ecard:5f0ce358f1ebe477c3dc,v0.3.0,sh:ecard:5f0ce358f1ebe477c3dc,ecard:5f0ce358f1ebe477c3dc,Quant_mvp\data\v0_3\selector_inputs\v0_3_selector_input.jsonl,Quant_mvp\data\v0_3\strategy_candidates\v0_3_strategy_candidate_registry.jsonl,,2026-05-06T14:04:50+00:00,draft,volatility,refine_strategy_hypothesis,false,1,1,7,8,needs_manual_or_data_review,20,low,technical,technical_score_architect,volatility_liquidity,not_specified,0,low,metadata_only,not_reported,false,false,false,6,1,2021-01-01,2021,,,,missing_evaluation_evidence,,,2015-01-01,2025-12-31,,,0,false,false,,,,,,false,metric_summary_missing_or_unavailable,false,false,false,,,,,,,,,,,,unlabeled,null_missing_evidence,null_missing_evidence,Quant_mvp\config\v0_3_selector_label_rules.toml,,,,,,,,,,,,,,,,evaluation_prioritization|active_learning|uncertainty_ranking|review_triage,time_aware_required_before_training,,false,false,doi:10.20955/es.2003.3,doi:10.20955/es.2003.3,false,false,blocked_missing_evaluation_evidence,ml_rows_must_not_feed_scores_rankings_reports_backtests_trading_or_auto_adoption,production_activation_requires_later_root_approved_gate
v0_3_candidate_ml_input_0_2,"This candidate ML input row is evidence-only metadata for evaluator review. It is not a production ranking input, not a trading signal, not an adoption decision, and not automatic production activation.",sc:ecard:5f0fdba3001f46dd57d4,v0.3.0,sh:ecard:5f0fdba3001f46dd57d4,ecard:5f0fdba3001f46dd57d4,Quant_mvp\data\v0_3\selector_inputs\v0_3_selector_input.jsonl,Quant_mvp\data\v0_3\strategy_candidates\v0_3_strategy_candidate_registry.jsonl,,2026-05-06T14:04:50+00:00,draft,other,refine_strategy_hypothesis,false,1,3,6,8,diagnostic_context_only,24,low,diagnostic,diagnostic_backlog,,partial,2,low,abstract_supported,not_reported,true,false,false,6,1,2025-07-17,2025,,,,missing_evaluation_evidence,,,2015-01-01,2025-12-31,,,0,false,false,,,,,,false,metric_summary_missing_or_unavailable,false,false,false,,,,,,,,,,,,unlabeled,null_missing_evidence,null_missing_evidence,Quant_mvp\config\v0_3_selector_label_rules.toml,,,,,,,,,,,,,,,,evaluation_prioritization|active_learning|uncertainty_ranking|review_triage,time_aware_required_before_training,,false,false,doi:10.21203/rs.3.rs-7012315/v1,doi:10.21203/rs.3.rs-7012315/v1,false,false,blocked_missing_evaluation_evidence,ml_rows_must_not_feed_scores_rankings_reports_backtests_trading_or_auto_adoption,production_activation_requires_later_root_approved_gate
v0_3_candidate_ml_input_0_2,"This candidate ML input row is evidence-only metadata for evaluator review. It is not a production ranking input, not a trading signal, not an adoption decision, and not automatic production activation.",sc:ecard:5f857c0b276dc4e7c83f,v0.3.0,sh:ecard:5f857c0b276dc4e7c83f,ecard:5f857c0b276dc4e7c83f,Quant_mvp\data\v0_3\selector_inputs\v0_3_selector_input.jsonl,Quant_mvp\data\v0_3\strategy_candidates\v0_3_strategy_candidate_registry.jsonl,,2026-05-06T14:04:50+00:00,draft,other,refine_strategy_hypothesis,false,2,3,6,8,diagnostic_context_only,0,not_collectable,diagnostic,diagnostic_backlog,,not_specified,0,low,metadata_only,not_reported,true,false,false,6,2,1999-11-30,1999,,,,missing_evaluation_evidence,,,2015-01-01,2025-12-31,,,0,false,false,,,,,,false,metric_summary_missing_or_unavailable,false,false,false,,,,,,,,,,,,unlabeled,null_missing_evidence,null_missing_evidence,Quant_mvp\config\v0_3_selector_label_rules.toml,,,,,,,,,,,,,,,,evaluation_prioritization|active_learning|uncertainty_ranking|review_triage,time_aware_required_before_training,,false,false,doi:10.1596/1813-9450-1456,doi:10.1596/1813-9450-1456,false,false,blocked_missing_evaluation_evidence,ml_rows_must_not_feed_scores_rankings_reports_backtests_trading_or_auto_adoption,production_activation_requires_later_root_approved_gate
v0_3_candidate_ml_input_0_2,"This candidate ML input row is evidence-only metadata for evaluator review. It is not a production ranking input, not a trading signal, not an adoption decision, and not automatic production activation.",sc:ecard:5fe413f22c0754fe4992,v0.3.0,sh:ecard:5fe413f22c0754fe4992,ecard:5fe413f22c0754fe4992,Quant_mvp\data\v0_3\selector_inputs\v0_3_selector_input.jsonl,Quant_mvp\data\v0_3\strategy_candidates\v0_3_strategy_candidate_registry.jsonl,,2026-05-06T14:04:50+00:00,draft,volatility,refine_strategy_hypothesis,false,2,3,7,8,diagnostic_context_only,0,not_collectable,diagnostic,diagnostic_backlog,volatility_liquidity,not_specified,0,low,metadata_only,not_reported,false,false,false,6,2,2005-08-22,2005,,,,missing_evaluation_evidence,,,2015-01-01,2025-12-31,,,0,false,false,,,,,,false,metric_summary_missing_or_unavailable,false,false,false,,,,,,,,,,,,unlabeled,null_missing_evidence,null_missing_evidence,Quant_mvp\config\v0_3_selector_label_rules.toml,,,,,,,,,,,,,,,,evaluation_prioritization|active_learning|uncertainty_ranking|review_triage,time_aware_required_before_training,,false,false,doi:10.2139/ssrn.263939,doi:10.2139/ssrn.263939,false,false,blocked_missing_evaluation_evidence,ml_rows_must_not_feed_scores_rankings_reports_backtests_trading_or_auto_adoption,production_activation_requires_later_root_approved_gate
v0_3_candidate_ml_input_0_2,"This candidate ML input row is evidence-only metadata for evaluator review. It is not a production ranking input, not a trading signal, not an adoption decision, and not automatic production activation.",sc:ecard:5ffdc549e56d4d14172b,v0.3.0,sh:ecard:5ffdc549e56d4d14172b,ecard:5ffdc549e56d4d14172b,Quant_mvp\data\v0_3\selector_inputs\v0_3_selector_input.jsonl,Quant_mvp\data\v0_3\strategy_candidates\v0_3_strategy_candidate_registry.jsonl,,2026-05-06T14:04:50+00:00,draft,volatility,refine_strategy_hypothesis,false,1,1,7,8,needs_manual_or_data_review,20,low,technical,technical_score_architect,volatility_liquidity,not_specified,0,low,metadata_only,,false,false,false,6,1,2014-11-05,2014,,,,missing_evaluation_evidence,,,2015-01-01,2025-12-31,,,0,false,false,,,,,,false,metric_summary_missing_or_unavailable,false,false,false,,,,,,,,,,,,unlabeled,null_missing_evidence,null_missing_evidence,Quant_mvp\config\v0_3_selector_label_rules.toml,,,,,,,,,,,,,,,,evaluation_prioritization|active_learning|uncertainty_ranking|review_triage,time_aware_required_before_training,,false,false,doi:10.1016/j.jbankfin.2014.09.007,doi:10.1016/j.jbankfin.2014.09.007,false,false,blocked_missing_evaluation_evidence,ml_rows_must_not_feed_scores_rankings_reports_backtests_trading_or_auto_adoption,production_activation_requires_later_root_approved_gate
v0_3_candidate_ml_input_0_2,"This candidate ML input row is evidence-only metadata for evaluator review. It is not a production ranking input, not a trading signal, not an adoption decision, and not automatic production activation.",sc:ecard:6078f60bd827785683bf,v0.3.0,sh:ecard:6078f60bd827785683bf,ecard:6078f60bd827785683bf,Quant_mvp\data\v0_3\selector_inputs\v0_3_selector_input.jsonl,Quant_mvp\data\v0_3\strategy_candidates\v0_3_strategy_candidate_registry.jsonl,Quant_mvp\backtest_mvp\docs\v0_3_evaluation_evidence\non_momentum_cohort_1\ee_v0_3_20260506_sc_ecard_6078f60bd827785683bf.md,2026-05-06T14:04:50+00:00,evaluable,other,create_evaluation_evidence,true,0,1,6,8,eligible_for_candidate_selector_review,89,high,technical,technical_score_architect,,partial,2,low,abstract_supported,not_reported,false,false,false,6,0,2011-07-01,2011,2026-05-06,,ee_v0_3_20260506_sc_ecard_6078f60bd827785683bf,evidence_recorded,2026-05-06,2026-05-06,2015-01-02,2025-12-02,,benchmark_reference_comparison|cost|drawdown|no_feedback|no_lookahead|oos_walk_forward_stability|turnover|volatility,8,true,true,approved_evaluation_evidence,candidate_specific,candidate_level_supervised_label_candidate,strategy_candidate,sc:ecard:6078f60bd827785683bf,true,candidate_id_matches_candidate_level_evaluation_evidence,false,false,false,0.9478898686276229,-0.270661347208625,-0.270661347208625,1.218551215836248,-0.6092164024086726,0.2968075686560764,0.8618159203980099,0.35818175172278915,recorded_walk_forward_fail,0,0,candidate_level_evaluation_evidence,,negative,Quant_mvp\config\v0_3_selector_label_rules.toml,candidate_level_evaluation_evidence,candidate_specific,candidate_level_supervised_label_candidate,ee_v0_3_20260506_sc_ecard_6078f60bd827785683bf,2026-05-06,,,,,,,,,,,evaluation_prioritization|active_learning|uncertainty_ranking|review_triage,time_aware_required_before_training,,true,false,doi:10.4028/www.scientific.net/amm.66-68.1703,doi:10.4028/www.scientific.net/amm.66-68.1703,true,false,eligible_candidate_level_label,ml_rows_must_not_feed_scores_rankings_reports_backtests_trading_or_auto_adoption,production_activation_requires_later_root_approved_gate
v0_3_candidate_ml_input_0_2,"This candidate ML input row is evidence-only metadata for evaluator review. It is not a production ranking input, not a trading signal, not an adoption decision, and not automatic production activation.",sc:ecard:6126b3c321f9cc88e9a7,v0.3.0,sh:ecard:6126b3c321f9cc88e9a7,ecard:6126b3c321f9cc88e9a7,Quant_mvp\data\v0_3\selector_inputs\v0_3_selector_input.jsonl,Quant_mvp\data\v0_3\strategy_candidates\v0_3_strategy_candidate_registry.jsonl,,2026-05-06T14:04:50+00:00,draft,volatility,refine_strategy_hypothesis,false,1,1,7,8,needs_manual_or_data_review,20,low,technical,technical_score_architect,volatility_liquidity,not_specified,0,low,metadata_only,not_reported,false,false,false,6,1,2001-09-01,2001,,,,missing_evaluation_evidence,,,2015-01-01,2025-12-31,,,0,false,false,,,,,,false,metric_summary_missing_or_unavailable,false,false,false,,,,,,,,,,,,unlabeled,null_missing_evidence,null_missing_evidence,Quant_mvp\config\v0_3_selector_label_rules.toml,,,,,,,,,,,,,,,,evaluation_prioritization|active_learning|uncertainty_ranking|review_triage,time_aware_required_before_training,,false,false,doi:10.3386/w8462,doi:10.3386/w8462,false,false,blocked_missing_evaluation_evidence,ml_rows_must_not_feed_scores_rankings_reports_backtests_trading_or_auto_adoption,production_activation_requires_later_root_approved_gate
v0_3_candidate_ml_input_0_2,"This candidate ML input row is evidence-only metadata for evaluator review. It is not a production ranking input, not a trading signal, not an adoption decision, and not automatic production activation.",sc:ecard:612e55d52541213ea473,v0.3.0,sh:ecard:612e55d52541213ea473,ecard:612e55d52541213ea473,Quant_mvp\data\v0_3\selector_inputs\v0_3_selector_input.jsonl,Quant_mvp\data\v0_3\strategy_candidates\v0_3_strategy_candidate_registry.jsonl,,2026-05-06T14:04:50+00:00,draft,volatility,refine_strategy_hypothesis,false,2,3,7,8,diagnostic_context_only,0,not_collectable,diagnostic,diagnostic_backlog,volatility_liquidity,not_specified,0,low,metadata_only,not_reported,false,false,false,6,2,2013-12-04,2013,,,,missing_evaluation_evidence,,,2015-01-01,2025-12-31,,,0,false,false,,,,,,false,metric_summary_missing_or_unavailable,false,false,false,,,,,,,,,,,,unlabeled,null_missing_evidence,null_missing_evidence,Quant_mvp\config\v0_3_selector_label_rules.toml,,,,,,,,,,,,,,,,evaluation_prioritization|active_learning|uncertainty_ranking|review_triage,time_aware_required_before_training,,false,false,doi:10.2139/ssrn.2361628,doi:10.2139/ssrn.2361628,false,false,blocked_missing_evaluation_evidence,ml_rows_must_not_feed_scores_rankings_reports_backtests_trading_or_auto_adoption,production_activation_requires_later_root_approved_gate
v0_3_candidate_ml_input_0_2,"This candidate ML input row is evidence-only metadata for evaluator review. It is not a production ranking input, not a trading signal, not an adoption decision, and not automatic production activation.",sc:ecard:6158b2b72c32b1813077,v0.3.0,sh:ecard:6158b2b72c32b1813077,ecard:6158b2b72c32b1813077,Quant_mvp\data\v0_3\selector_inputs\v0_3_selector_input.jsonl,Quant_mvp\data\v0_3\strategy_candidates\v0_3_strategy_candidate_registry.jsonl,,2026-05-06T14:04:50+00:00,draft,other,refine_strategy_hypothesis,false,2,3,6,8,diagnostic_context_only,0,not_collectable,diagnostic,diagnostic_backlog,,not_specified,0,low,metadata_only,not_reported,false,false,false,6,2,2023-05-16,2023,,,,missing_evaluation_evidence,,,2015-01-01,2025-12-31,,,0,false,false,,,,,,false,metric_summary_missing_or_unavailable,false,false,false,,,,,,,,,,,,unlabeled,null_missing_evidence,null_missing_evidence,Quant_mvp\config\v0_3_selector_label_rules.toml,,,,,,,,,,,,,,,,evaluation_prioritization|active_learning|uncertainty_ranking|review_triage,time_aware_required_before_training,,false,false,doi:10.2139/ssrn.4449864,doi:10.2139/ssrn.4449864,false,false,blocked_missing_evaluation_evidence,ml_rows_must_not_feed_scores_rankings_reports_backtests_trading_or_auto_adoption,production_activation_requires_later_root_approved_gate
v0_3_candidate_ml_input_0_2,"This candidate ML input row is evidence-only metadata for evaluator review. It is not a production ranking input, not a trading signal, not an adoption decision, and not automatic production activation.",sc:ecard:6183ffc5441403750bc2,v0.3.0,sh:ecard:6183ffc5441403750bc2,ecard:6183ffc5441403750bc2,Quant_mvp\data\v0_3\selector_inputs\v0_3_selector_input.jsonl,Quant_mvp\data\v0_3\strategy_candidates\v0_3_strategy_candidate_registry.jsonl,,2026-05-06T14:04:50+00:00,blocked,momentum,resolve_blocker,false,3,1,7,8,excluded_rejected_or_out_of_scope,0,not_collectable,out_of_scope,reject_log,momentum,partial,0,low,abstract_supported,not_reported,false,false,false,6,3,2014-06-24,2014,,,,missing_evaluation_evidence,,,2015-01-01,2025-12-31,,,0,false,false,,,,,,false,metric_summary_missing_or_unavailable,false,false,false,,,,,,,,,,,,unlabeled,null_missing_evidence,null_missing_evidence,Quant_mvp\config\v0_3_selector_label_rules.toml,,,,,,,,,,,,,,,,evaluation_prioritization|active_learning|uncertainty_ranking|review_triage,time_aware_required_before_training,,false,false,doi:10.1103/physreve.90.032126,doi:10.1103/physreve.90.032126,false,false,blocked_missing_evaluation_evidence,ml_rows_must_not_feed_scores_rankings_reports_backtests_trading_or_auto_adoption,production_activation_requires_later_root_approved_gate
v0_3_candidate_ml_input_0_2,"This candidate ML input row is evidence-only metadata for evaluator review. It is not a production ranking input, not a trading signal, not an adoption decision, and not automatic production activation.",sc:ecard:62ae3673655a9b8836b8,v0.3.0,sh:ecard:62ae3673655a9b8836b8,ecard:62ae3673655a9b8836b8,Quant_mvp\data\v0_3\selector_inputs\v0_3_selector_input.jsonl,Quant_mvp\data\v0_3\strategy_candidates\v0_3_strategy_candidate_registry.jsonl,,2026-05-06T14:04:50+00:00,blocked,value,resolve_blocker,false,3,1,6,8,excluded_rejected_or_out_of_scope,0,not_collectable,out_of_scope,reject_log,momentum,not_specified,0,low,metadata_only,not_reported,false,false,false,6,3,2014-06-01,2014,,,,missing_evaluation_evidence,,,2015-01-01,2025-12-31,,,0,false,false,,,,,,false,metric_summary_missing_or_unavailable,false,false,false,,,,,,,,,,,,unlabeled,null_missing_evidence,null_missing_evidence,Quant_mvp\config\v0_3_selector_label_rules.toml,,,,,,,,,,,,,,,,evaluation_prioritization|active_learning|uncertainty_ranking|review_triage,time_aware_required_before_training,,false,false,doi:10.1016/j.jimonfin.2013.12.005,doi:10.1016/j.jimonfin.2013.12.005,false,false,blocked_missing_evaluation_evidence,ml_rows_must_not_feed_scores_rankings_reports_backtests_trading_or_auto_adoption,production_activation_requires_later_root_approved_gate
v0_3_candidate_ml_input_0_2,"This candidate ML input row is evidence-only metadata for evaluator review. It is not a production ranking input, not a trading signal, not an adoption decision, and not automatic production activation.",sc:ecard:62d299c6c602db34823c,v0.3.0,sh:ecard:62d299c6c602db34823c,ecard:62d299c6c602db34823c,Quant_mvp\data\v0_3\selector_inputs\v0_3_selector_input.jsonl,Quant_mvp\data\v0_3\strategy_candidates\v0_3_strategy_candidate_registry.jsonl,,2026-05-06T14:04:50+00:00,blocked,momentum,resolve_blocker,false,3,1,7,8,excluded_rejected_or_out_of_scope,0,not_collectable,out_of_scope,reject_log,momentum,partial,0,low,abstract_supported,not_reported,false,false,false,6,3,2018-11-01,2018,,,,missing_evaluation_evidence,,,2015-01-01,2025-12-31,,,0,false,false,,,,,,false,metric_summary_missing_or_unavailable,false,false,false,,,,,,,,,,,,unlabeled,null_missing_evidence,null_missing_evidence,Quant_mvp\config\v0_3_selector_label_rules.toml,,,,,,,,,,,,,,,,evaluation_prioritization|active_learning|uncertainty_ranking|review_triage,time_aware_required_before_training,,false,false,doi:10.1063/1.5041955,doi:10.1063/1.5041955,false,false,blocked_missing_evaluation_evidence,ml_rows_must_not_feed_scores_rankings_reports_backtests_trading_or_auto_adoption,production_activation_requires_later_root_approved_gate
v0_3_candidate_ml_input_0_2,"This candidate ML input row is evidence-only metadata for evaluator review. It is not a production ranking input, not a trading signal, not an adoption decision, and not automatic production activation.",sc:ecard:63448c665723df82fb62,v0.3.0,sh:ecard:63448c665723df82fb62,ecard:63448c665723df82fb62,Quant_mvp\data\v0_3\selector_inputs\v0_3_selector_input.jsonl,Quant_mvp\data\v0_3\strategy_candidates\v0_3_strategy_candidate_registry.jsonl,,2026-05-06T14:04:50+00:00,draft,volatility,refine_strategy_hypothesis,false,1,1,7,8,needs_manual_or_data_review,20,low,technical,technical_score_architect,volatility_liquidity,not_specified,0,low,metadata_only,not_reported,false,false,false,6,1,2011-12-28,2011,,,,missing_evaluation_evidence,,,2015-01-01,2025-12-31,,,0,false,false,,,,,,false,metric_summary_missing_or_unavailable,false,false,false,,,,,,,,,,,,unlabeled,null_missing_evidence,null_missing_evidence,Quant_mvp\config\v0_3_selector_label_rules.toml,,,,,,,,,,,,,,,,evaluation_prioritization|active_learning|uncertainty_ranking|review_triage,time_aware_required_before_training,,false,false,doi:10.2139/ssrn.980887,doi:10.2139/ssrn.980887,false,false,blocked_missing_evaluation_evidence,ml_rows_must_not_feed_scores_rankings_reports_backtests_trading_or_auto_adoption,production_activation_requires_later_root_approved_gate
v0_3_candidate_ml_input_0_2,"This candidate ML input row is evidence-only metadata for evaluator review. It is not a production ranking input, not a trading signal, not an adoption decision, and not automatic production activation.",sc:ecard:64aa90f4ecfc0e36188a,v0.3.0,sh:ecard:64aa90f4ecfc0e36188a,ecard:64aa90f4ecfc0e36188a,Quant_mvp\data\v0_3\selector_inputs\v0_3_selector_input.jsonl,Quant_mvp\data\v0_3\strategy_candidates\v0_3_strategy_candidate_registry.jsonl,,2026-05-06T14:04:50+00:00,draft,value,refine_strategy_hypothesis,false,4,2,6,8,needs_hybrid_split,3,low,hybrid,hybrid_split_required,volatility_liquidity,partial,0,low,abstract_supported,not_reported,false,false,false,8,4,2017-03-30,2017,,,,missing_evaluation_evidence,,,2015-01-01,2025-12-31,,,0,false,false,,,,,,false,metric_summary_missing_or_unavailable,false,false,false,,,,,,,,,,,,unlabeled,null_missing_evidence,null_missing_evidence,Quant_mvp\config\v0_3_selector_label_rules.toml,,,,,,,,,,,,,,,,evaluation_prioritization|active_learning|uncertainty_ranking|review_triage,time_aware_required_before_training,,false,false,doi:10.65301/dias.2016.13.2.260,doi:10.65301/dias.2016.13.2.260,false,false,blocked_missing_evaluation_evidence,ml_rows_must_not_feed_scores_rankings_reports_backtests_trading_or_auto_adoption,production_activation_requires_later_root_approved_gate
v0_3_candidate_ml_input_0_2,"This candidate ML input row is evidence-only metadata for evaluator review. It is not a production ranking input, not a trading signal, not an adoption decision, and not automatic production activation.",sc:ecard:64fdb021bdbc9934bc33,v0.3.0,sh:ecard:64fdb021bdbc9934bc33,ecard:64fdb021bdbc9934bc33,Quant_mvp\data\v0_3\selector_inputs\v0_3_selector_input.jsonl,Quant_mvp\data\v0_3\strategy_candidates\v0_3_strategy_candidate_registry.jsonl,,2026-05-06T14:04:50+00:00,draft,volatility,refine_strategy_hypothesis,false,1,1,7,8,needs_manual_or_data_review,20,low,technical,technical_score_architect,volatility_liquidity,not_specified,0,low,metadata_only,not_reported,false,false,false,6,1,2012-01-05,2012,,,,missing_evaluation_evidence,,,2015-01-01,2025-12-31,,,0,false,false,,,,,,false,metric_summary_missing_or_unavailable,false,false,false,,,,,,,,,,,,unlabeled,null_missing_evidence,null_missing_evidence,Quant_mvp\config\v0_3_selector_label_rules.toml,,,,,,,,,,,,,,,,evaluation_prioritization|active_learning|uncertainty_ranking|review_triage,time_aware_required_before_training,,false,false,doi:10.2139/ssrn.1786991,doi:10.2139/ssrn.1786991,false,false,blocked_missing_evaluation_evidence,ml_rows_must_not_feed_scores_rankings_reports_backtests_trading_or_auto_adoption,production_activation_requires_later_root_approved_gate
v0_3_candidate_ml_input_0_2,"This candidate ML input row is evidence-only metadata for evaluator review. It is not a production ranking input, not a trading signal, not an adoption decision, and not automatic production activation.",sc:ecard:650670d9179ba31c1479,v0.3.0,sh:ecard:650670d9179ba31c1479,ecard:650670d9179ba31c1479,Quant_mvp\data\v0_3\selector_inputs\v0_3_selector_input.jsonl,Quant_mvp\data\v0_3\strategy_candidates\v0_3_strategy_candidate_registry.jsonl,,2026-05-06T14:04:50+00:00,blocked,other,resolve_blocker,false,2,1,6,8,excluded_rejected_or_out_of_scope,0,not_collectable,out_of_scope,reject_log,,not_specified,0,low,metadata_only,not_reported,false,false,false,6,2,2012-11-28,2012,,,,missing_evaluation_evidence,,,2015-01-01,2025-12-31,,,0,false,false,,,,,,false,metric_summary_missing_or_unavailable,false,false,false,,,,,,,,,,,,unlabeled,null_missing_evidence,null_missing_evidence,Quant_mvp\config\v0_3_selector_label_rules.toml,,,,,,,,,,,,,,,,evaluation_prioritization|active_learning|uncertainty_ranking|review_triage,time_aware_required_before_training,,false,false,doi:10.1201/b14301-2,doi:10.1201/b14301-2,false,false,blocked_missing_evaluation_evidence,ml_rows_must_not_feed_scores_rankings_reports_backtests_trading_or_auto_adoption,production_activation_requires_later_root_approved_gate
v0_3_candidate_ml_input_0_2,"This candidate ML input row is evidence-only metadata for evaluator review. It is not a production ranking input, not a trading signal, not an adoption decision, and not automatic production activation.",sc:ecard:650aa97f55f3ebd87fb7,v0.3.0,sh:ecard:650aa97f55f3ebd87fb7,ecard:650aa97f55f3ebd87fb7,Quant_mvp\data\v0_3\selector_inputs\v0_3_selector_input.jsonl,Quant_mvp\data\v0_3\strategy_candidates\v0_3_strategy_candidate_registry.jsonl,,2026-05-06T14:04:50+00:00,draft,value,refine_strategy_hypothesis,false,4,2,6,8,needs_hybrid_split,3,low,hybrid,hybrid_split_required,volatility_liquidity,partial,0,low,abstract_supported,not_reported,false,false,false,8,4,2017-01-01,2017,,,,missing_evaluation_evidence,,,2015-01-01,2025-12-31,,,0,false,false,,,,,,false,metric_summary_missing_or_unavailable,false,false,false,,,,,,,,,,,,unlabeled,null_missing_evidence,null_missing_evidence,Quant_mvp\config\v0_3_selector_label_rules.toml,,,,,,,,,,,,,,,,evaluation_prioritization|active_learning|uncertainty_ranking|review_triage,time_aware_required_before_training,,false,false,doi:10.4236/me.2017.81002,doi:10.4236/me.2017.81002,false,false,blocked_missing_evaluation_evidence,ml_rows_must_not_feed_scores_rankings_reports_backtests_trading_or_auto_adoption,production_activation_requires_later_root_approved_gate
v0_3_candidate_ml_input_0_2,"This candidate ML input row is evidence-only metadata for evaluator review. It is not a production ranking input, not a trading signal, not an adoption decision, and not automatic production activation.",sc:ecard:656c0e933053305192d3,v0.3.0,sh:ecard:656c0e933053305192d3,ecard:656c0e933053305192d3,Quant_mvp\data\v0_3\selector_inputs\v0_3_selector_input.jsonl,Quant_mvp\data\v0_3\strategy_candidates\v0_3_strategy_candidate_registry.jsonl,,2026-05-06T14:04:50+00:00,blocked,momentum,resolve_blocker,false,3,1,7,8,excluded_rejected_or_out_of_scope,0,not_collectable,out_of_scope,reject_log,momentum,partial,0,low,abstract_supported,not_reported,false,false,false,6,3,2025-12-11,2025,,,,missing_evaluation_evidence,,,2015-01-01,2025-12-31,,,0,false,false,,,,,,false,metric_summary_missing_or_unavailable,false,false,false,,,,,,,,,,,,unlabeled,null_missing_evidence,null_missing_evidence,Quant_mvp\config\v0_3_selector_label_rules.toml,,,,,,,,,,,,,,,,evaluation_prioritization|active_learning|uncertainty_ranking|review_triage,time_aware_required_before_training,,false,false,arxiv:2512.11913,arxiv:2512.11913,false,false,blocked_missing_evaluation_evidence,ml_rows_must_not_feed_scores_rankings_reports_backtests_trading_or_auto_adoption,production_activation_requires_later_root_approved_gate
v0_3_candidate_ml_input_0_2,"This candidate ML input row is evidence-only metadata for evaluator review. It is not a production ranking input, not a trading signal, not an adoption decision, and not automatic production activation.",sc:ecard:665038ceead244b7d155,v0.3.0,sh:ecard:665038ceead244b7d155,ecard:665038ceead244b7d155,Quant_mvp\data\v0_3\selector_inputs\v0_3_selector_input.jsonl,Quant_mvp\data\v0_3\strategy_candidates\v0_3_strategy_candidate_registry.jsonl,,2026-05-06T14:04:50+00:00,draft,value,refine_strategy_hypothesis,false,4,3,6,8,excluded_valuation_lane,0,not_collectable,valuation,valuation_agent_handoff,,partial,0,low,abstract_supported,not_reported,false,false,false,8,4,2006-06-20,2006,,,,missing_evaluation_evidence,,,2015-01-01,2025-12-31,,,0,false,false,,,,,,false,metric_summary_missing_or_unavailable,false,false,false,,,,,,,,,,,,unlabeled,null_missing_evidence,null_missing_evidence,Quant_mvp\config\v0_3_selector_label_rules.toml,,,,,,,,,,,,,,,,evaluation_prioritization|active_learning|uncertainty_ranking|review_triage,time_aware_required_before_training,,false,false,doi:10.1111/j.1475-679x.2006.00216.x,doi:10.1111/j.1475-679x.2006.00216.x,false,false,blocked_missing_evaluation_evidence,ml_rows_must_not_feed_scores_rankings_reports_backtests_trading_or_auto_adoption,production_activation_requires_later_root_approved_gate
v0_3_candidate_ml_input_0_2,"This candidate ML input row is evidence-only metadata for evaluator review. It is not a production ranking input, not a trading signal, not an adoption decision, and not automatic production activation.",sc:ecard:6662290e29da98ab5c15,v0.3.0,sh:ecard:6662290e29da98ab5c15,ecard:6662290e29da98ab5c15,Quant_mvp\data\v0_3\selector_inputs\v0_3_selector_input.jsonl,Quant_mvp\data\v0_3\strategy_candidates\v0_3_strategy_candidate_registry.jsonl,Quant_mvp\backtest_mvp\docs\v0_3_evaluation_evidence\non_momentum_cohort_1\ee_v0_3_20260506_sc_ecard_6662290e29da98ab5c15.md,2026-05-06T14:04:50+00:00,evaluable,reversal,create_evaluation_evidence,true,0,1,7,8,eligible_for_candidate_selector_review,94,high,technical,technical_score_architect,momentum,partial,2,medium,abstract_supported,not_reported,false,false,false,6,0,2026-03-01,2026,2026-05-06,,ee_v0_3_20260506_sc_ecard_6662290e29da98ab5c15,evidence_recorded,2026-05-06,2026-05-06,2015-01-02,2025-12-02,,benchmark_reference_comparison|cost|drawdown|no_feedback|no_lookahead|oos_walk_forward_stability|turnover|volatility,8,true,true,approved_evaluation_evidence,candidate_specific,candidate_level_supervised_label_candidate,strategy_candidate,sc:ecard:6662290e29da98ab5c15,true,candidate_id_matches_candidate_level_evaluation_evidence,false,false,false,-0.06993676616043398,-0.12291489424292013,-0.12291489424292013,0.05297812808248614,-0.43446907470055085,0.3344231353969896,0.8769900497512437,0.0738775881276168,recorded_walk_forward_pass,0,1,candidate_level_evaluation_evidence,,positive,Quant_mvp\config\v0_3_selector_label_rules.toml,candidate_level_evaluation_evidence,candidate_specific,candidate_level_supervised_label_candidate,ee_v0_3_20260506_sc_ecard_6662290e29da98ab5c15,2026-05-06,,,,,,,,,,,evaluation_prioritization|active_learning|uncertainty_ranking|review_triage,time_aware_required_before_training,,true,false,doi:10.1111/eufm.70023,doi:10.1111/eufm.70023,true,false,eligible_candidate_level_label,ml_rows_must_not_feed_scores_rankings_reports_backtests_trading_or_auto_adoption,production_activation_requires_later_root_approved_gate
v0_3_candidate_ml_input_0_2,"This candidate ML input row is evidence-only metadata for evaluator review. It is not a production ranking input, not a trading signal, not an adoption decision, and not automatic production activation.",sc:ecard:672c7702566416fb767e,v0.3.0,sh:ecard:672c7702566416fb767e,ecard:672c7702566416fb767e,Quant_mvp\data\v0_3\selector_inputs\v0_3_selector_input.jsonl,Quant_mvp\data\v0_3\strategy_candidates\v0_3_strategy_candidate_registry.jsonl,,2026-05-06T14:04:50+00:00,blocked,other,resolve_blocker,false,2,1,6,8,excluded_rejected_or_out_of_scope,0,not_collectable,out_of_scope,reject_log,,not_specified,0,low,metadata_only,not_reported,false,false,false,6,2,2025-07-24,2025,,,,missing_evaluation_evidence,,,2015-01-01,2025-12-31,,,0,false,false,,,,,,false,metric_summary_missing_or_unavailable,false,false,false,,,,,,,,,,,,unlabeled,null_missing_evidence,null_missing_evidence,Quant_mvp\config\v0_3_selector_label_rules.toml,,,,,,,,,,,,,,,,evaluation_prioritization|active_learning|uncertainty_ranking|review_triage,time_aware_required_before_training,,false,false,doi:10.2139/ssrn.5363287,doi:10.2139/ssrn.5363287,false,false,blocked_missing_evaluation_evidence,ml_rows_must_not_feed_scores_rankings_reports_backtests_trading_or_auto_adoption,production_activation_requires_later_root_approved_gate
v0_3_candidate_ml_input_0_2,"This candidate ML input row is evidence-only metadata for evaluator review. It is not a production ranking input, not a trading signal, not an adoption decision, and not automatic production activation.",sc:ecard:6748f43bfe6c38a3d7eb,v0.3.0,sh:ecard:6748f43bfe6c38a3d7eb,ecard:6748f43bfe6c38a3d7eb,Quant_mvp\data\v0_3\selector_inputs\v0_3_selector_input.jsonl,Quant_mvp\data\v0_3\strategy_candidates\v0_3_strategy_candidate_registry.jsonl,,2026-05-06T14:04:50+00:00,draft,other,refine_strategy_hypothesis,false,1,1,6,8,needs_manual_or_data_review,20,low,technical,technical_score_architect,,not_specified,0,low,metadata_only,not_reported,false,false,false,6,1,2009-01-01,2009,,,,missing_evaluation_evidence,,,2015-01-01,2025-12-31,,,0,false,false,,,,,,false,metric_summary_missing_or_unavailable,false,false,false,,,,,,,,,,,,unlabeled,null_missing_evidence,null_missing_evidence,Quant_mvp\config\v0_3_selector_label_rules.toml,,,,,,,,,,,,,,,,evaluation_prioritization|active_learning|uncertainty_ranking|review_triage,time_aware_required_before_training,,false,false,doi:10.1109/aici.2009.418,doi:10.1109/aici.2009.418,false,false,blocked_missing_evaluation_evidence,ml_rows_must_not_feed_scores_rankings_reports_backtests_trading_or_auto_adoption,production_activation_requires_later_root_approved_gate
v0_3_candidate_ml_input_0_2,"This candidate ML input row is evidence-only metadata for evaluator review. It is not a production ranking input, not a trading signal, not an adoption decision, and not automatic production activation.",sc:ecard:676b65918845c056b61a,v0.3.0,sh:ecard:676b65918845c056b61a,ecard:676b65918845c056b61a,Quant_mvp\data\v0_3\selector_inputs\v0_3_selector_input.jsonl,Quant_mvp\data\v0_3\strategy_candidates\v0_3_strategy_candidate_registry.jsonl,,2026-05-06T14:04:50+00:00,blocked,momentum,resolve_blocker,false,3,1,7,8,excluded_rejected_or_out_of_scope,0,not_collectable,out_of_scope,reject_log,momentum,partial,0,low,abstract_supported,not_reported,false,false,false,6,3,2015-08-03,2015,,,,missing_evaluation_evidence,,,2015-01-01,2025-12-31,,,0,false,false,,,,,,false,metric_summary_missing_or_unavailable,false,false,false,,,,,,,,,,,,unlabeled,null_missing_evidence,null_missing_evidence,Quant_mvp\config\v0_3_selector_label_rules.toml,,,,,,,,,,,,,,,,evaluation_prioritization|active_learning|uncertainty_ranking|review_triage,time_aware_required_before_training,,false,false,doi:10.1108/jabs-06-2014-0040,doi:10.1108/jabs-06-2014-0040,false,false,blocked_missing_evaluation_evidence,ml_rows_must_not_feed_scores_rankings_reports_backtests_trading_or_auto_adoption,production_activation_requires_later_root_approved_gate
v0_3_candidate_ml_input_0_2,"This candidate ML input row is evidence-only metadata for evaluator review. It is not a production ranking input, not a trading signal, not an adoption decision, and not automatic production activation.",sc:ecard:67c7e42eba230422de51,v0.3.0,sh:ecard:67c7e42eba230422de51,ecard:67c7e42eba230422de51,Quant_mvp\data\v0_3\selector_inputs\v0_3_selector_input.jsonl,Quant_mvp\data\v0_3\strategy_candidates\v0_3_strategy_candidate_registry.jsonl,,2026-05-06T14:04:50+00:00,draft,other,refine_strategy_hypothesis,false,2,3,6,8,diagnostic_context_only,0,not_collectable,diagnostic,diagnostic_backlog,,not_specified,0,low,metadata_only,not_reported,true,false,false,6,2,2011-08-01,2011,,,,missing_evaluation_evidence,,,2015-01-01,2025-12-31,,,0,false,false,,,,,,false,metric_summary_missing_or_unavailable,false,false,false,,,,,,,,,,,,unlabeled,null_missing_evidence,null_missing_evidence,Quant_mvp\config\v0_3_selector_label_rules.toml,,,,,,,,,,,,,,,,evaluation_prioritization|active_learning|uncertainty_ranking|review_triage,time_aware_required_before_training,,false,false,doi:10.1007/springerreference_2720,doi:10.1007/springerreference_2720,false,false,blocked_missing_evaluation_evidence,ml_rows_must_not_feed_scores_rankings_reports_backtests_trading_or_auto_adoption,production_activation_requires_later_root_approved_gate
v0_3_candidate_ml_input_0_2,"This candidate ML input row is evidence-only metadata for evaluator review. It is not a production ranking input, not a trading signal, not an adoption decision, and not automatic production activation.",sc:ecard:67dad10be6480f4be0e0,v0.3.0,sh:ecard:67dad10be6480f4be0e0,ecard:67dad10be6480f4be0e0,Quant_mvp\data\v0_3\selector_inputs\v0_3_selector_input.jsonl,Quant_mvp\data\v0_3\strategy_candidates\v0_3_strategy_candidate_registry.jsonl,,2026-05-06T14:04:50+00:00,draft,other,refine_strategy_hypothesis,false,2,3,6,8,diagnostic_context_only,0,not_collectable,diagnostic,diagnostic_backlog,,not_specified,0,low,metadata_only,not_reported,false,false,false,6,2,2007-11-02,2007,,,,missing_evaluation_evidence,,,2015-01-01,2025-12-31,,,0,false,false,,,,,,false,metric_summary_missing_or_unavailable,false,false,false,,,,,,,,,,,,unlabeled,null_missing_evidence,null_missing_evidence,Quant_mvp\config\v0_3_selector_label_rules.toml,,,,,,,,,,,,,,,,evaluation_prioritization|active_learning|uncertainty_ranking|review_triage,time_aware_required_before_training,,false,false,doi:10.1007/978-3-8350-9103-0_2,doi:10.1007/978-3-8350-9103-0_2,false,false,blocked_missing_evaluation_evidence,ml_rows_must_not_feed_scores_rankings_reports_backtests_trading_or_auto_adoption,production_activation_requires_later_root_approved_gate
v0_3_candidate_ml_input_0_2,"This candidate ML input row is evidence-only metadata for evaluator review. It is not a production ranking input, not a trading signal, not an adoption decision, and not automatic production activation.",sc:ecard:6818a41460a2138a197a,v0.3.0,sh:ecard:6818a41460a2138a197a,ecard:6818a41460a2138a197a,Quant_mvp\data\v0_3\selector_inputs\v0_3_selector_input.jsonl,Quant_mvp\data\v0_3\strategy_candidates\v0_3_strategy_candidate_registry.jsonl,,2026-05-06T14:04:50+00:00,draft,momentum,refine_strategy_hypothesis,false,1,1,7,8,needs_manual_or_data_review,20,low,technical,technical_score_architect,momentum,not_specified,0,low,metadata_only,not_reported,false,false,false,6,1,2025-08-26,2025,,,,missing_evaluation_evidence,,,2015-01-01,2025-12-31,,,0,false,false,,,,,,false,metric_summary_missing_or_unavailable,false,false,false,,,,,,,,,,,,unlabeled,null_missing_evidence,null_missing_evidence,Quant_mvp\config\v0_3_selector_label_rules.toml,,,,,,,,,,,,,,,,evaluation_prioritization|active_learning|uncertainty_ranking|review_triage,time_aware_required_before_training,,false,false,doi:10.2139/ssrn.5404764,doi:10.2139/ssrn.5404764,false,false,blocked_missing_evaluation_evidence,ml_rows_must_not_feed_scores_rankings_reports_backtests_trading_or_auto_adoption,production_activation_requires_later_root_approved_gate
v0_3_candidate_ml_input_0_2,"This candidate ML input row is evidence-only metadata for evaluator review. It is not a production ranking input, not a trading signal, not an adoption decision, and not automatic production activation.",sc:ecard:6828a0047564da84fe43,v0.3.0,sh:ecard:6828a0047564da84fe43,ecard:6828a0047564da84fe43,Quant_mvp\data\v0_3\selector_inputs\v0_3_selector_input.jsonl,Quant_mvp\data\v0_3\strategy_candidates\v0_3_strategy_candidate_registry.jsonl,Quant_mvp\backtest_mvp\docs\v0_3_evaluation_evidence\non_momentum_cohort_1\ee_v0_3_20260506_sc_ecard_6828a0047564da84fe43.md,2026-05-06T14:04:50+00:00,evaluable,volatility,create_evaluation_evidence,true,0,1,7,8,eligible_for_candidate_selector_review,94,high,technical,technical_score_architect,volatility_liquidity,partial,2,medium,abstract_supported,not_reported,false,false,false,6,0,1996-05-01,1996,2026-05-06,,ee_v0_3_20260506_sc_ecard_6828a0047564da84fe43,evidence_recorded,2026-05-06,2026-05-06,2015-01-02,2025-12-02,,benchmark_reference_comparison|cost|drawdown|no_feedback|no_lookahead|oos_walk_forward_stability|turnover|volatility,8,true,true,approved_evaluation_evidence,candidate_specific,candidate_level_supervised_label_candidate,strategy_candidate,sc:ecard:6828a0047564da84fe43,true,candidate_id_matches_candidate_level_evaluation_evidence,false,false,false,4.59248614414884,-0.26420150156471234,-0.26420150156471234,4.856687645713552,-0.49924422265194046,0.39104534114120565,0.686318407960199,0.5932409139655367,recorded_walk_forward_pass,0,1,candidate_level_evaluation_evidence,,positive,Quant_mvp\config\v0_3_selector_label_rules.toml,candidate_level_evaluation_evidence,candidate_specific,candidate_level_supervised_label_candidate,ee_v0_3_20260506_sc_ecard_6828a0047564da84fe43,2026-05-06,,,,,,,,,,,evaluation_prioritization|active_learning|uncertainty_ranking|review_triage,time_aware_required_before_training,,true,false,doi:10.1111/j.1467-629x.1996.tb00300.x,doi:10.1111/j.1467-629x.1996.tb00300.x,true,false,eligible_candidate_level_label,ml_rows_must_not_feed_scores_rankings_reports_backtests_trading_or_auto_adoption,production_activation_requires_later_root_approved_gate
v0_3_candidate_ml_input_0_2,"This candidate ML input row is evidence-only metadata for evaluator review. It is not a production ranking input, not a trading signal, not an adoption decision, and not automatic production activation.",sc:ecard:682fcc26dd1faaefbf9e,v0.3.0,sh:ecard:682fcc26dd1faaefbf9e,ecard:682fcc26dd1faaefbf9e,Quant_mvp\data\v0_3\selector_inputs\v0_3_selector_input.jsonl,Quant_mvp\data\v0_3\strategy_candidates\v0_3_strategy_candidate_registry.jsonl,,2026-05-06T14:04:50+00:00,draft,volatility,refine_strategy_hypothesis,false,1,1,7,8,needs_manual_or_data_review,20,low,technical,technical_score_architect,volatility_liquidity,not_specified,0,low,metadata_only,not_reported,false,false,false,6,1,2023-10-11,2023,,,,missing_evaluation_evidence,,,2015-01-01,2025-12-31,,,0,false,false,,,,,,false,metric_summary_missing_or_unavailable,false,false,false,,,,,,,,,,,,unlabeled,null_missing_evidence,null_missing_evidence,Quant_mvp\config\v0_3_selector_label_rules.toml,,,,,,,,,,,,,,,,evaluation_prioritization|active_learning|uncertainty_ranking|review_triage,time_aware_required_before_training,,false,false,doi:10.2139/ssrn.4599029,doi:10.2139/ssrn.4599029,false,false,blocked_missing_evaluation_evidence,ml_rows_must_not_feed_scores_rankings_reports_backtests_trading_or_auto_adoption,production_activation_requires_later_root_approved_gate
v0_3_candidate_ml_input_0_2,"This candidate ML input row is evidence-only metadata for evaluator review. It is not a production ranking input, not a trading signal, not an adoption decision, and not automatic production activation.",sc:ecard:684a358946b2733dbde2,v0.3.0,sh:ecard:684a358946b2733dbde2,ecard:684a358946b2733dbde2,Quant_mvp\data\v0_3\selector_inputs\v0_3_selector_input.jsonl,Quant_mvp\data\v0_3\strategy_candidates\v0_3_strategy_candidate_registry.jsonl,,2026-05-06T14:04:50+00:00,draft,other,refine_strategy_hypothesis,false,2,3,6,8,diagnostic_context_only,0,not_collectable,diagnostic,diagnostic_backlog,,not_specified,0,low,metadata_only,not_reported,false,false,false,6,2,2012-01-05,2012,,,,missing_evaluation_evidence,,,2015-01-01,2025-12-31,,,0,false,false,,,,,,false,metric_summary_missing_or_unavailable,false,false,false,,,,,,,,,,,,unlabeled,null_missing_evidence,null_missing_evidence,Quant_mvp\config\v0_3_selector_label_rules.toml,,,,,,,,,,,,,,,,evaluation_prioritization|active_learning|uncertainty_ranking|review_triage,time_aware_required_before_training,,false,false,doi:10.2139/ssrn.1618183,doi:10.2139/ssrn.1618183,false,false,blocked_missing_evaluation_evidence,ml_rows_must_not_feed_scores_rankings_reports_backtests_trading_or_auto_adoption,production_activation_requires_later_root_approved_gate
v0_3_candidate_ml_input_0_2,"This candidate ML input row is evidence-only metadata for evaluator review. It is not a production ranking input, not a trading signal, not an adoption decision, and not automatic production activation.",sc:ecard:687ac3f1e09c49b3e725,v0.3.0,sh:ecard:687ac3f1e09c49b3e725,ecard:687ac3f1e09c49b3e725,Quant_mvp\data\v0_3\selector_inputs\v0_3_selector_input.jsonl,Quant_mvp\data\v0_3\strategy_candidates\v0_3_strategy_candidate_registry.jsonl,Quant_mvp\backtest_mvp\docs\v0_3_evaluation_evidence\non_momentum_cohort_1\ee_v0_3_20260506_sc_ecard_687ac3f1e09c49b3e725.md,2026-05-06T14:04:50+00:00,evaluable,volatility,create_evaluation_evidence,true,0,1,7,8,eligible_for_candidate_selector_review,94,high,technical,technical_score_architect,volatility_liquidity,partial,2,medium,abstract_supported,not_reported,false,false,false,6,0,2025-01-01,2025,2026-05-06,,ee_v0_3_20260506_sc_ecard_687ac3f1e09c49b3e725,evidence_recorded,2026-05-06,2026-05-06,2015-01-02,2025-12-02,,benchmark_reference_comparison|cost|drawdown|no_feedback|no_lookahead|oos_walk_forward_stability|turnover|volatility,8,true,true,approved_evaluation_evidence,candidate_specific,candidate_level_supervised_label_candidate,strategy_candidate,sc:ecard:687ac3f1e09c49b3e725,true,candidate_id_matches_candidate_level_evaluation_evidence,false,false,false,4.59248614414884,-0.26420150156471234,-0.26420150156471234,4.856687645713552,-0.49924422265194046,0.39104534114120565,0.686318407960199,0.5932409139655367,recorded_walk_forward_pass,0,1,candidate_level_evaluation_evidence,,positive,Quant_mvp\config\v0_3_selector_label_rules.toml,candidate_level_evaluation_evidence,candidate_specific,candidate_level_supervised_label_candidate,ee_v0_3_20260506_sc_ecard_687ac3f1e09c49b3e725,2026-05-06,,,,,,,,,,,evaluation_prioritization|active_learning|uncertainty_ranking|review_triage,time_aware_required_before_training,,true,false,doi:10.5267/j.ac.2024.11.001,doi:10.5267/j.ac.2024.11.001,true,false,eligible_candidate_level_label,ml_rows_must_not_feed_scores_rankings_reports_backtests_trading_or_auto_adoption,production_activation_requires_later_root_approved_gate
v0_3_candidate_ml_input_0_2,"This candidate ML input row is evidence-only metadata for evaluator review. It is not a production ranking input, not a trading signal, not an adoption decision, and not automatic production activation.",sc:ecard:688e8194d06c1fbd8f2b,v0.3.0,sh:ecard:688e8194d06c1fbd8f2b,ecard:688e8194d06c1fbd8f2b,Quant_mvp\data\v0_3\selector_inputs\v0_3_selector_input.jsonl,Quant_mvp\data\v0_3\strategy_candidates\v0_3_strategy_candidate_registry.jsonl,,2026-05-06T14:04:50+00:00,blocked,value,resolve_blocker,false,3,1,6,8,excluded_rejected_or_out_of_scope,0,not_collectable,out_of_scope,reject_log,momentum,partial,0,low,abstract_supported,not_reported,false,false,false,6,3,2017-09-01,2017,,,,missing_evaluation_evidence,,,2015-01-01,2025-12-31,,,0,false,false,,,,,,false,metric_summary_missing_or_unavailable,false,false,false,,,,,,,,,,,,unlabeled,null_missing_evidence,null_missing_evidence,Quant_mvp\config\v0_3_selector_label_rules.toml,,,,,,,,,,,,,,,,evaluation_prioritization|active_learning|uncertainty_ranking|review_triage,time_aware_required_before_training,,false,false,doi:10.1515/ijme-2017-0017,doi:10.1515/ijme-2017-0017,false,false,blocked_missing_evaluation_evidence,ml_rows_must_not_feed_scores_rankings_reports_backtests_trading_or_auto_adoption,production_activation_requires_later_root_approved_gate
v0_3_candidate_ml_input_0_2,"This candidate ML input row is evidence-only metadata for evaluator review. It is not a production ranking input, not a trading signal, not an adoption decision, and not automatic production activation.",sc:ecard:6895251eaa6816818f6f,v0.3.0,sh:ecard:6895251eaa6816818f6f,ecard:6895251eaa6816818f6f,Quant_mvp\data\v0_3\selector_inputs\v0_3_selector_input.jsonl,Quant_mvp\data\v0_3\strategy_candidates\v0_3_strategy_candidate_registry.jsonl,,2026-05-06T14:04:50+00:00,blocked,volatility,resolve_blocker,false,2,1,7,8,excluded_rejected_or_out_of_scope,0,not_collectable,out_of_scope,reject_log,volatility_liquidity,not_specified,0,low,metadata_only,not_reported,false,false,false,6,2,2011-12-28,2011,,,,missing_evaluation_evidence,,,2015-01-01,2025-12-31,,,0,false,false,,,,,,false,metric_summary_missing_or_unavailable,false,false,false,,,,,,,,,,,,unlabeled,null_missing_evidence,null_missing_evidence,Quant_mvp\config\v0_3_selector_label_rules.toml,,,,,,,,,,,,,,,,evaluation_prioritization|active_learning|uncertainty_ranking|review_triage,time_aware_required_before_training,,false,false,doi:10.2139/ssrn.493062,doi:10.2139/ssrn.493062,false,false,blocked_missing_evaluation_evidence,ml_rows_must_not_feed_scores_rankings_reports_backtests_trading_or_auto_adoption,production_activation_requires_later_root_approved_gate
v0_3_candidate_ml_input_0_2,"This candidate ML input row is evidence-only metadata for evaluator review. It is not a production ranking input, not a trading signal, not an adoption decision, and not automatic production activation.",sc:ecard:693f00572fe0a04e73cf,v0.3.0,sh:ecard:693f00572fe0a04e73cf,ecard:693f00572fe0a04e73cf,Quant_mvp\data\v0_3\selector_inputs\v0_3_selector_input.jsonl,Quant_mvp\data\v0_3\strategy_candidates\v0_3_strategy_candidate_registry.jsonl,,2026-05-06T14:04:50+00:00,draft,momentum,refine_strategy_hypothesis,false,1,1,7,8,needs_manual_or_data_review,20,low,technical,technical_score_architect,momentum,not_specified,0,low,metadata_only,not_reported,false,false,false,6,1,2025-03-08,2025,,,,missing_evaluation_evidence,,,2015-01-01,2025-12-31,,,0,false,false,,,,,,false,metric_summary_missing_or_unavailable,false,false,false,,,,,,,,,,,,unlabeled,null_missing_evidence,null_missing_evidence,Quant_mvp\config\v0_3_selector_label_rules.toml,,,,,,,,,,,,,,,,evaluation_prioritization|active_learning|uncertainty_ranking|review_triage,time_aware_required_before_training,,false,false,doi:10.2139/ssrn.5170379,doi:10.2139/ssrn.5170379,false,false,blocked_missing_evaluation_evidence,ml_rows_must_not_feed_scores_rankings_reports_backtests_trading_or_auto_adoption,production_activation_requires_later_root_approved_gate
v0_3_candidate_ml_input_0_2,"This candidate ML input row is evidence-only metadata for evaluator review. It is not a production ranking input, not a trading signal, not an adoption decision, and not automatic production activation.",sc:ecard:6a5dcbcb015cb2784314,v0.3.0,sh:ecard:6a5dcbcb015cb2784314,ecard:6a5dcbcb015cb2784314,Quant_mvp\data\v0_3\selector_inputs\v0_3_selector_input.jsonl,Quant_mvp\data\v0_3\strategy_candidates\v0_3_strategy_candidate_registry.jsonl,Quant_mvp\backtest_mvp\docs\v0_3_evaluation_evidence\momentum_cohort_1\ee_v0_3_20260506_sc_ecard_6a5dcbcb015cb2784314.md,2026-05-06T14:04:50+00:00,evaluable,momentum,create_evaluation_evidence,true,0,1,7,8,eligible_for_candidate_selector_review,94,high,technical,technical_score_architect,momentum,partial,2,medium,abstract_supported,not_reported,false,false,false,6,0,2017-07-01,2017,2026-05-06,,ee_v0_3_20260506_sc_ecard_6a5dcbcb015cb2784314,evidence_recorded,2026-05-06,2026-05-06,2015-01-02,2025-12-02,,benchmark_reference_comparison|cost|drawdown|no_feedback|no_lookahead|oos_walk_forward_stability|turnover|volatility,8,true,true,approved_evaluation_evidence,candidate_specific,candidate_level_supervised_label_candidate,strategy_candidate,sc:ecard:6a5dcbcb015cb2784314,true,candidate_id_matches_candidate_level_evaluation_evidence,false,false,false,0.9478898686276229,-0.270661347208625,-0.270661347208625,1.218551215836248,-0.6092164024086726,0.2968075686560764,0.8618159203980099,0.35818175172278915,recorded_walk_forward_fail,0,0,candidate_level_evaluation_evidence,,negative,Quant_mvp\config\v0_3_selector_label_rules.toml,candidate_level_evaluation_evidence,candidate_specific,candidate_level_supervised_label_candidate,ee_v0_3_20260506_sc_ecard_6a5dcbcb015cb2784314,2026-05-06,,,,,,,,,,,evaluation_prioritization|active_learning|uncertainty_ranking|review_triage,time_aware_required_before_training,,true,false,doi:10.1093/rof/rfw048,doi:10.1093/rof/rfw048,true,false,eligible_candidate_level_label,ml_rows_must_not_feed_scores_rankings_reports_backtests_trading_or_auto_adoption,production_activation_requires_later_root_approved_gate
v0_3_candidate_ml_input_0_2,"This candidate ML input row is evidence-only metadata for evaluator review. It is not a production ranking input, not a trading signal, not an adoption decision, and not automatic production activation.",sc:ecard:6a9cffea47a4d33bd9eb,v0.3.0,sh:ecard:6a9cffea47a4d33bd9eb,ecard:6a9cffea47a4d33bd9eb,Quant_mvp\data\v0_3\selector_inputs\v0_3_selector_input.jsonl,Quant_mvp\data\v0_3\strategy_candidates\v0_3_strategy_candidate_registry.jsonl,Quant_mvp\backtest_mvp\docs\v0_3_evaluation_evidence\non_momentum_cohort_1\ee_v0_3_20260506_sc_ecard_6a9cffea47a4d33bd9eb.md,2026-05-06T14:04:50+00:00,evaluable,volatility,create_evaluation_evidence,true,0,1,7,8,eligible_for_candidate_selector_review,94,high,technical,technical_score_architect,volatility_liquidity,partial,2,medium,abstract_supported,not_reported,false,false,false,6,0,2011-05-01,2011,2026-05-06,,ee_v0_3_20260506_sc_ecard_6a9cffea47a4d33bd9eb,evidence_recorded,2026-05-06,2026-05-06,2015-01-02,2025-12-02,,benchmark_reference_comparison|cost|drawdown|no_feedback|no_lookahead|oos_walk_forward_stability|turnover|volatility,8,true,true,approved_evaluation_evidence,candidate_specific,candidate_level_supervised_label_candidate,strategy_candidate,sc:ecard:6a9cffea47a4d33bd9eb,true,candidate_id_matches_candidate_level_evaluation_evidence,false,false,false,4.59248614414884,-0.26420150156471234,-0.26420150156471234,4.856687645713552,-0.49924422265194046,0.39104534114120565,0.686318407960199,0.5932409139655367,recorded_walk_forward_pass,0,1,candidate_level_evaluation_evidence,,positive,Quant_mvp\config\v0_3_selector_label_rules.toml,candidate_level_evaluation_evidence,candidate_specific,candidate_level_supervised_label_candidate,ee_v0_3_20260506_sc_ecard_6a9cffea47a4d33bd9eb,2026-05-06,,,,,,,,,,,evaluation_prioritization|active_learning|uncertainty_ranking|review_triage,time_aware_required_before_training,,true,false,doi:10.1142/s1793005711001925,doi:10.1142/s1793005711001925,true,false,eligible_candidate_level_label,ml_rows_must_not_feed_scores_rankings_reports_backtests_trading_or_auto_adoption,production_activation_requires_later_root_approved_gate
v0_3_candidate_ml_input_0_2,"This candidate ML input row is evidence-only metadata for evaluator review. It is not a production ranking input, not a trading signal, not an adoption decision, and not automatic production activation.",sc:ecard:6b18e3c91e477c6c5d97,v0.3.0,sh:ecard:6b18e3c91e477c6c5d97,ecard:6b18e3c91e477c6c5d97,Quant_mvp\data\v0_3\selector_inputs\v0_3_selector_input.jsonl,Quant_mvp\data\v0_3\strategy_candidates\v0_3_strategy_candidate_registry.jsonl,,2026-05-06T14:04:50+00:00,draft,value,refine_strategy_hypothesis,false,4,2,6,8,needs_hybrid_split,0,not_collectable,hybrid,hybrid_split_required,momentum,not_specified,0,low,metadata_only,not_reported,false,false,false,8,4,2009-01-09,2009,,,,missing_evaluation_evidence,,,2015-01-01,2025-12-31,,,0,false,false,,,,,,false,metric_summary_missing_or_unavailable,false,false,false,,,,,,,,,,,,unlabeled,null_missing_evidence,null_missing_evidence,Quant_mvp\config\v0_3_selector_label_rules.toml,,,,,,,,,,,,,,,,evaluation_prioritization|active_learning|uncertainty_ranking|review_triage,time_aware_required_before_training,,false,false,doi:10.1016/j.pacfin.2009.01.001,doi:10.1016/j.pacfin.2009.01.001,false,false,blocked_missing_evaluation_evidence,ml_rows_must_not_feed_scores_rankings_reports_backtests_trading_or_auto_adoption,production_activation_requires_later_root_approved_gate
v0_3_candidate_ml_input_0_2,"This candidate ML input row is evidence-only metadata for evaluator review. It is not a production ranking input, not a trading signal, not an adoption decision, and not automatic production activation.",sc:ecard:6b518b5cf3ef82feac73,v0.3.0,sh:ecard:6b518b5cf3ef82feac73,ecard:6b518b5cf3ef82feac73,Quant_mvp\data\v0_3\selector_inputs\v0_3_selector_input.jsonl,Quant_mvp\data\v0_3\strategy_candidates\v0_3_strategy_candidate_registry.jsonl,,2026-05-06T14:04:50+00:00,draft,momentum,refine_strategy_hypothesis,false,2,3,7,8,diagnostic_context_only,0,not_collectable,diagnostic,diagnostic_backlog,momentum,not_specified,0,low,metadata_only,not_reported,false,false,false,6,2,2022-12-05,2022,,,,missing_evaluation_evidence,,,2015-01-01,2025-12-31,,,0,false,false,,,,,,false,metric_summary_missing_or_unavailable,false,false,false,,,,,,,,,,,,unlabeled,null_missing_evidence,null_missing_evidence,Quant_mvp\config\v0_3_selector_label_rules.toml,,,,,,,,,,,,,,,,evaluation_prioritization|active_learning|uncertainty_ranking|review_triage,time_aware_required_before_training,,false,false,doi:10.4324/9781003298069-9,doi:10.4324/9781003298069-9,false,false,blocked_missing_evaluation_evidence,ml_rows_must_not_feed_scores_rankings_reports_backtests_trading_or_auto_adoption,production_activation_requires_later_root_approved_gate
v0_3_candidate_ml_input_0_2,"This candidate ML input row is evidence-only metadata for evaluator review. It is not a production ranking input, not a trading signal, not an adoption decision, and not automatic production activation.",sc:ecard:6b945092552777cd4a04,v0.3.0,sh:ecard:6b945092552777cd4a04,ecard:6b945092552777cd4a04,Quant_mvp\data\v0_3\selector_inputs\v0_3_selector_input.jsonl,Quant_mvp\data\v0_3\strategy_candidates\v0_3_strategy_candidate_registry.jsonl,,2026-05-06T14:04:50+00:00,draft,momentum,refine_strategy_hypothesis,false,1,1,7,8,needs_manual_or_data_review,20,low,technical,technical_score_architect,momentum,not_specified,0,low,metadata_only,,false,false,false,6,1,2013-03-06,2013,,,,missing_evaluation_evidence,,,2015-01-01,2025-12-31,,,0,false,false,,,,,,false,metric_summary_missing_or_unavailable,false,false,false,,,,,,,,,,,,unlabeled,null_missing_evidence,null_missing_evidence,Quant_mvp\config\v0_3_selector_label_rules.toml,,,,,,,,,,,,,,,,evaluation_prioritization|active_learning|uncertainty_ranking|review_triage,time_aware_required_before_training,,false,false,doi:10.2139/ssrn.2225551,doi:10.2139/ssrn.2225551,false,false,blocked_missing_evaluation_evidence,ml_rows_must_not_feed_scores_rankings_reports_backtests_trading_or_auto_adoption,production_activation_requires_later_root_approved_gate
v0_3_candidate_ml_input_0_2,"This candidate ML input row is evidence-only metadata for evaluator review. It is not a production ranking input, not a trading signal, not an adoption decision, and not automatic production activation.",sc:ecard:6b9bf75b3fc8e1590649,v0.3.0,sh:ecard:6b9bf75b3fc8e1590649,ecard:6b9bf75b3fc8e1590649,Quant_mvp\data\v0_3\selector_inputs\v0_3_selector_input.jsonl,Quant_mvp\data\v0_3\strategy_candidates\v0_3_strategy_candidate_registry.jsonl,,2026-05-06T14:04:50+00:00,draft,volatility,refine_strategy_hypothesis,false,1,1,7,8,needs_manual_or_data_review,20,low,technical,technical_score_architect,volatility_liquidity,not_specified,0,low,metadata_only,not_reported,false,false,false,6,1,2015-02-18,2015,,,,missing_evaluation_evidence,,,2015-01-01,2025-12-31,,,0,false,false,,,,,,false,metric_summary_missing_or_unavailable,false,false,false,,,,,,,,,,,,unlabeled,null_missing_evidence,null_missing_evidence,Quant_mvp\config\v0_3_selector_label_rules.toml,,,,,,,,,,,,,,,,evaluation_prioritization|active_learning|uncertainty_ranking|review_triage,time_aware_required_before_training,,false,false,doi:10.2139/ssrn.2565660,doi:10.2139/ssrn.2565660,false,false,blocked_missing_evaluation_evidence,ml_rows_must_not_feed_scores_rankings_reports_backtests_trading_or_auto_adoption,production_activation_requires_later_root_approved_gate
v0_3_candidate_ml_input_0_2,"This candidate ML input row is evidence-only metadata for evaluator review. It is not a production ranking input, not a trading signal, not an adoption decision, and not automatic production activation.",sc:ecard:6bce063efe1be4c5a451,v0.3.0,sh:ecard:6bce063efe1be4c5a451,ecard:6bce063efe1be4c5a451,Quant_mvp\data\v0_3\selector_inputs\v0_3_selector_input.jsonl,Quant_mvp\data\v0_3\strategy_candidates\v0_3_strategy_candidate_registry.jsonl,,2026-05-06T14:04:50+00:00,draft,value,refine_strategy_hypothesis,false,4,2,6,8,needs_hybrid_split,3,low,hybrid,hybrid_split_required,volatility_liquidity,partial,0,low,abstract_supported,not_reported,false,false,false,8,4,1995-09-30,1995,,,,missing_evaluation_evidence,,,2015-01-01,2025-12-31,,,0,false,false,,,,,,false,metric_summary_missing_or_unavailable,false,false,false,,,,,,,,,,,,unlabeled,null_missing_evidence,null_missing_evidence,Quant_mvp\config\v0_3_selector_label_rules.toml,,,,,,,,,,,,,,,,evaluation_prioritization|active_learning|uncertainty_ranking|review_triage,time_aware_required_before_training,,false,false,openalex:https://openalex.org/W3125293570,openalex:https://openalex.org/W3125293570,false,false,blocked_missing_evaluation_evidence,ml_rows_must_not_feed_scores_rankings_reports_backtests_trading_or_auto_adoption,production_activation_requires_later_root_approved_gate
v0_3_candidate_ml_input_0_2,"This candidate ML input row is evidence-only metadata for evaluator review. It is not a production ranking input, not a trading signal, not an adoption decision, and not automatic production activation.",sc:ecard:6c5e1401420149582887,v0.3.0,sh:ecard:6c5e1401420149582887,ecard:6c5e1401420149582887,Quant_mvp\data\v0_3\selector_inputs\v0_3_selector_input.jsonl,Quant_mvp\data\v0_3\strategy_candidates\v0_3_strategy_candidate_registry.jsonl,,2026-05-06T14:04:50+00:00,draft,momentum,refine_strategy_hypothesis,false,1,1,7,8,needs_manual_or_data_review,20,low,technical,technical_score_architect,momentum,not_specified,0,low,metadata_only,not_reported,false,false,false,6,1,2023-04-19,2023,,,,missing_evaluation_evidence,,,2015-01-01,2025-12-31,,,0,false,false,,,,,,false,metric_summary_missing_or_unavailable,false,false,false,,,,,,,,,,,,unlabeled,null_missing_evidence,null_missing_evidence,Quant_mvp\config\v0_3_selector_label_rules.toml,,,,,,,,,,,,,,,,evaluation_prioritization|active_learning|uncertainty_ranking|review_triage,time_aware_required_before_training,,false,false,doi:10.48047/nq.2021.19.10.nq2174,doi:10.48047/nq.2021.19.10.nq2174,false,false,blocked_missing_evaluation_evidence,ml_rows_must_not_feed_scores_rankings_reports_backtests_trading_or_auto_adoption,production_activation_requires_later_root_approved_gate
v0_3_candidate_ml_input_0_2,"This candidate ML input row is evidence-only metadata for evaluator review. It is not a production ranking input, not a trading signal, not an adoption decision, and not automatic production activation.",sc:ecard:6cfff5947b3117d829ac,v0.3.0,sh:ecard:6cfff5947b3117d829ac,ecard:6cfff5947b3117d829ac,Quant_mvp\data\v0_3\selector_inputs\v0_3_selector_input.jsonl,Quant_mvp\data\v0_3\strategy_candidates\v0_3_strategy_candidate_registry.jsonl,,2026-05-06T14:04:50+00:00,draft,other,refine_strategy_hypothesis,false,2,3,6,8,diagnostic_context_only,0,not_collectable,diagnostic,diagnostic_backlog,,not_specified,0,low,metadata_only,not_reported,false,false,true,6,2,2006-03-31,2006,,,,missing_evaluation_evidence,,,2015-01-01,2025-12-31,,,0,false,false,,,,,,false,metric_summary_missing_or_unavailable,false,false,false,,,,,,,,,,,,unlabeled,null_missing_evidence,null_missing_evidence,Quant_mvp\config\v0_3_selector_label_rules.toml,,,,,,,,,,,,,,,,evaluation_prioritization|active_learning|uncertainty_ranking|review_triage,time_aware_required_before_training,,false,false,doi:10.3905/jot.2006.628196,doi:10.3905/jot.2006.628196,false,false,blocked_missing_evaluation_evidence,ml_rows_must_not_feed_scores_rankings_reports_backtests_trading_or_auto_adoption,production_activation_requires_later_root_approved_gate
v0_3_candidate_ml_input_0_2,"This candidate ML input row is evidence-only metadata for evaluator review. It is not a production ranking input, not a trading signal, not an adoption decision, and not automatic production activation.",sc:ecard:6d187d9bbf1dd7aa1798,v0.3.0,sh:ecard:6d187d9bbf1dd7aa1798,ecard:6d187d9bbf1dd7aa1798,Quant_mvp\data\v0_3\selector_inputs\v0_3_selector_input.jsonl,Quant_mvp\data\v0_3\strategy_candidates\v0_3_strategy_candidate_registry.jsonl,,2026-05-06T14:04:50+00:00,draft,other,refine_strategy_hypothesis,false,2,3,6,8,diagnostic_context_only,0,not_collectable,diagnostic,diagnostic_backlog,,not_specified,0,low,metadata_only,not_reported,false,false,false,6,2,2015-12-01,2015,,,,missing_evaluation_evidence,,,2015-01-01,2025-12-31,,,0,false,false,,,,,,false,metric_summary_missing_or_unavailable,false,false,false,,,,,,,,,,,,unlabeled,null_missing_evidence,null_missing_evidence,Quant_mvp\config\v0_3_selector_label_rules.toml,,,,,,,,,,,,,,,,evaluation_prioritization|active_learning|uncertainty_ranking|review_triage,time_aware_required_before_training,,false,false,doi:10.18107/japs.2015.22.4.006,doi:10.18107/japs.2015.22.4.006,false,false,blocked_missing_evaluation_evidence,ml_rows_must_not_feed_scores_rankings_reports_backtests_trading_or_auto_adoption,production_activation_requires_later_root_approved_gate
v0_3_candidate_ml_input_0_2,"This candidate ML input row is evidence-only metadata for evaluator review. It is not a production ranking input, not a trading signal, not an adoption decision, and not automatic production activation.",sc:ecard:6dc0fa6d804bb3e0bb3e,v0.3.0,sh:ecard:6dc0fa6d804bb3e0bb3e,ecard:6dc0fa6d804bb3e0bb3e,Quant_mvp\data\v0_3\selector_inputs\v0_3_selector_input.jsonl,Quant_mvp\data\v0_3\strategy_candidates\v0_3_strategy_candidate_registry.jsonl,,2026-05-06T14:04:50+00:00,draft,other,refine_strategy_hypothesis,false,1,3,6,8,diagnostic_context_only,24,low,diagnostic,diagnostic_backlog,,partial,2,low,abstract_supported,not_reported,true,false,false,6,1,2003-01-01,2003,,,,missing_evaluation_evidence,,,2015-01-01,2025-12-31,,,0,false,false,,,,,,false,metric_summary_missing_or_unavailable,false,false,false,,,,,,,,,,,,unlabeled,null_missing_evidence,null_missing_evidence,Quant_mvp\config\v0_3_selector_label_rules.toml,,,,,,,,,,,,,,,,evaluation_prioritization|active_learning|uncertainty_ranking|review_triage,time_aware_required_before_training,,false,false,doi:10.1086/ma.18.3585252,doi:10.1086/ma.18.3585252,false,false,blocked_missing_evaluation_evidence,ml_rows_must_not_feed_scores_rankings_reports_backtests_trading_or_auto_adoption,production_activation_requires_later_root_approved_gate
v0_3_candidate_ml_input_0_2,"This candidate ML input row is evidence-only metadata for evaluator review. It is not a production ranking input, not a trading signal, not an adoption decision, and not automatic production activation.",sc:ecard:6e08b48020f5bcc4e43a,v0.3.0,sh:ecard:6e08b48020f5bcc4e43a,ecard:6e08b48020f5bcc4e43a,Quant_mvp\data\v0_3\selector_inputs\v0_3_selector_input.jsonl,Quant_mvp\data\v0_3\strategy_candidates\v0_3_strategy_candidate_registry.jsonl,,2026-05-06T14:04:50+00:00,draft,reversal,refine_strategy_hypothesis,false,1,1,7,8,needs_manual_or_data_review,20,low,technical,technical_score_architect,mean_reversion,not_specified,0,low,metadata_only,not_reported,false,false,false,6,1,2014-08-29,2014,,,,missing_evaluation_evidence,,,2015-01-01,2025-12-31,,,0,false,false,,,,,,false,metric_summary_missing_or_unavailable,false,false,false,,,,,,,,,,,,unlabeled,null_missing_evidence,null_missing_evidence,Quant_mvp\config\v0_3_selector_label_rules.toml,,,,,,,,,,,,,,,,evaluation_prioritization|active_learning|uncertainty_ranking|review_triage,time_aware_required_before_training,,false,false,doi:10.1057/9781137359070.0010,doi:10.1057/9781137359070.0010,false,false,blocked_missing_evaluation_evidence,ml_rows_must_not_feed_scores_rankings_reports_backtests_trading_or_auto_adoption,production_activation_requires_later_root_approved_gate
v0_3_candidate_ml_input_0_2,"This candidate ML input row is evidence-only metadata for evaluator review. It is not a production ranking input, not a trading signal, not an adoption decision, and not automatic production activation.",sc:ecard:6e37311a6b42df0a1de7,v0.3.0,sh:ecard:6e37311a6b42df0a1de7,ecard:6e37311a6b42df0a1de7,Quant_mvp\data\v0_3\selector_inputs\v0_3_selector_input.jsonl,Quant_mvp\data\v0_3\strategy_candidates\v0_3_strategy_candidate_registry.jsonl,,2026-05-06T14:04:50+00:00,draft,hybrid,refine_strategy_hypothesis,false,1,1,6,8,eligible_for_candidate_selector_review,94,high,technical,technical_score_architect,momentum,partial,2,medium,abstract_supported,not_reported,false,false,false,6,0,2022-01-11,2022,,,,missing_evaluation_evidence,,,2015-01-01,2025-12-31,,,0,false,false,,,,,,false,metric_summary_missing_or_unavailable,false,false,false,,,,,,,,,,,,unlabeled,null_missing_evidence,null_missing_evidence,Quant_mvp\config\v0_3_selector_label_rules.toml,,,,,,,,,,,,,,,,evaluation_prioritization|active_learning|uncertainty_ranking|review_triage,time_aware_required_before_training,,false,false,arxiv:2201.04965,arxiv:2201.04965,false,false,blocked_missing_evaluation_evidence,ml_rows_must_not_feed_scores_rankings_reports_backtests_trading_or_auto_adoption,production_activation_requires_later_root_approved_gate
v0_3_candidate_ml_input_0_2,"This candidate ML input row is evidence-only metadata for evaluator review. It is not a production ranking input, not a trading signal, not an adoption decision, and not automatic production activation.",sc:ecard:6e8380f934e50e41874e,v0.3.0,sh:ecard:6e8380f934e50e41874e,ecard:6e8380f934e50e41874e,Quant_mvp\data\v0_3\selector_inputs\v0_3_selector_input.jsonl,Quant_mvp\data\v0_3\strategy_candidates\v0_3_strategy_candidate_registry.jsonl,,2026-05-06T14:04:50+00:00,draft,value,refine_strategy_hypothesis,false,2,3,6,8,diagnostic_context_only,0,not_collectable,diagnostic,diagnostic_backlog,,not_specified,0,low,metadata_only,not_reported,false,false,false,6,2,2022-09-03,2022,,,,missing_evaluation_evidence,,,2015-01-01,2025-12-31,,,0,false,false,,,,,,false,metric_summary_missing_or_unavailable,false,false,false,,,,,,,,,,,,unlabeled,null_missing_evidence,null_missing_evidence,Quant_mvp\config\v0_3_selector_label_rules.toml,,,,,,,,,,,,,,,,evaluation_prioritization|active_learning|uncertainty_ranking|review_triage,time_aware_required_before_training,,false,false,doi:10.1080/00396265.2021.1968176,doi:10.1080/00396265.2021.1968176,false,false,blocked_missing_evaluation_evidence,ml_rows_must_not_feed_scores_rankings_reports_backtests_trading_or_auto_adoption,production_activation_requires_later_root_approved_gate
v0_3_candidate_ml_input_0_2,"This candidate ML input row is evidence-only metadata for evaluator review. It is not a production ranking input, not a trading signal, not an adoption decision, and not automatic production activation.",sc:ecard:6f12ee942ada9775314a,v0.3.0,sh:ecard:6f12ee942ada9775314a,ecard:6f12ee942ada9775314a,Quant_mvp\data\v0_3\selector_inputs\v0_3_selector_input.jsonl,Quant_mvp\data\v0_3\strategy_candidates\v0_3_strategy_candidate_registry.jsonl,,2026-05-06T14:04:50+00:00,draft,momentum,refine_strategy_hypothesis,false,1,1,7,8,needs_manual_or_data_review,20,low,technical,technical_score_architect,momentum,not_specified,0,low,metadata_only,not_reported,false,false,false,6,1,2023-01-01,2023,,,,missing_evaluation_evidence,,,2015-01-01,2025-12-31,,,0,false,false,,,,,,false,metric_summary_missing_or_unavailable,false,false,false,,,,,,,,,,,,unlabeled,null_missing_evidence,null_missing_evidence,Quant_mvp\config\v0_3_selector_label_rules.toml,,,,,,,,,,,,,,,,evaluation_prioritization|active_learning|uncertainty_ranking|review_triage,time_aware_required_before_training,,false,false,doi:10.1016/j.heliyon.2023.e12989,doi:10.1016/j.heliyon.2023.e12989,false,false,blocked_missing_evaluation_evidence,ml_rows_must_not_feed_scores_rankings_reports_backtests_trading_or_auto_adoption,production_activation_requires_later_root_approved_gate
v0_3_candidate_ml_input_0_2,"This candidate ML input row is evidence-only metadata for evaluator review. It is not a production ranking input, not a trading signal, not an adoption decision, and not automatic production activation.",sc:ecard:70a15fc68d130f02dd6f,v0.3.0,sh:ecard:70a15fc68d130f02dd6f,ecard:70a15fc68d130f02dd6f,Quant_mvp\data\v0_3\selector_inputs\v0_3_selector_input.jsonl,Quant_mvp\data\v0_3\strategy_candidates\v0_3_strategy_candidate_registry.jsonl,,2026-05-06T14:04:50+00:00,draft,other,refine_strategy_hypothesis,false,1,1,6,8,needs_manual_or_data_review,20,low,technical,technical_score_architect,,not_specified,0,low,metadata_only,,false,false,false,6,1,2018-08-20,2018,,,,missing_evaluation_evidence,,,2015-01-01,2025-12-31,,,0,false,false,,,,,,false,metric_summary_missing_or_unavailable,false,false,false,,,,,,,,,,,,unlabeled,null_missing_evidence,null_missing_evidence,Quant_mvp\config\v0_3_selector_label_rules.toml,,,,,,,,,,,,,,,,evaluation_prioritization|active_learning|uncertainty_ranking|review_triage,time_aware_required_before_training,,false,false,doi:10.2139/ssrn.3218478,doi:10.2139/ssrn.3218478,false,false,blocked_missing_evaluation_evidence,ml_rows_must_not_feed_scores_rankings_reports_backtests_trading_or_auto_adoption,production_activation_requires_later_root_approved_gate
v0_3_candidate_ml_input_0_2,"This candidate ML input row is evidence-only metadata for evaluator review. It is not a production ranking input, not a trading signal, not an adoption decision, and not automatic production activation.",sc:ecard:70bc748a8635cc32194b,v0.3.0,sh:ecard:70bc748a8635cc32194b,ecard:70bc748a8635cc32194b,Quant_mvp\data\v0_3\selector_inputs\v0_3_selector_input.jsonl,Quant_mvp\data\v0_3\strategy_candidates\v0_3_strategy_candidate_registry.jsonl,,2026-05-06T14:04:50+00:00,draft,value,refine_strategy_hypothesis,false,4,2,6,8,needs_hybrid_split,0,not_collectable,hybrid,hybrid_split_required,volatility_liquidity,not_specified,0,low,metadata_only,not_reported,false,false,false,8,4,2020-05-27,2020,,,,missing_evaluation_evidence,,,2015-01-01,2025-12-31,,,0,false,false,,,,,,false,metric_summary_missing_or_unavailable,false,false,false,,,,,,,,,,,,unlabeled,null_missing_evidence,null_missing_evidence,Quant_mvp\config\v0_3_selector_label_rules.toml,,,,,,,,,,,,,,,,evaluation_prioritization|active_learning|uncertainty_ranking|review_triage,time_aware_required_before_training,,false,false,doi:10.26226/morressier.5ebc4ce5ffea6f735881a75c,doi:10.26226/morressier.5ebc4ce5ffea6f735881a75c,false,false,blocked_missing_evaluation_evidence,ml_rows_must_not_feed_scores_rankings_reports_backtests_trading_or_auto_adoption,production_activation_requires_later_root_approved_gate
v0_3_candidate_ml_input_0_2,"This candidate ML input row is evidence-only metadata for evaluator review. It is not a production ranking input, not a trading signal, not an adoption decision, and not automatic production activation.",sc:ecard:720418f3be28007ddfe3,v0.3.0,sh:ecard:720418f3be28007ddfe3,ecard:720418f3be28007ddfe3,Quant_mvp\data\v0_3\selector_inputs\v0_3_selector_input.jsonl,Quant_mvp\data\v0_3\strategy_candidates\v0_3_strategy_candidate_registry.jsonl,,2026-05-06T14:04:50+00:00,draft,volatility,refine_strategy_hypothesis,false,1,3,7,8,diagnostic_context_only,32,low,diagnostic,diagnostic_backlog,volatility_liquidity,partial,2,low,abstract_supported,not_reported,false,false,false,6,1,2021-01-24,2021,,,,missing_evaluation_evidence,,,2015-01-01,2025-12-31,,,0,false,false,,,,,,false,metric_summary_missing_or_unavailable,false,false,false,,,,,,,,,,,,unlabeled,null_missing_evidence,null_missing_evidence,Quant_mvp\config\v0_3_selector_label_rules.toml,,,,,,,,,,,,,,,,evaluation_prioritization|active_learning|uncertainty_ranking|review_triage,time_aware_required_before_training,,false,false,doi:10.3390/jrfm14020048,doi:10.3390/jrfm14020048,false,false,blocked_missing_evaluation_evidence,ml_rows_must_not_feed_scores_rankings_reports_backtests_trading_or_auto_adoption,production_activation_requires_later_root_approved_gate
v0_3_candidate_ml_input_0_2,"This candidate ML input row is evidence-only metadata for evaluator review. It is not a production ranking input, not a trading signal, not an adoption decision, and not automatic production activation.",sc:ecard:728a1c04ee2d6d6bdf23,v0.3.0,sh:ecard:728a1c04ee2d6d6bdf23,ecard:728a1c04ee2d6d6bdf23,Quant_mvp\data\v0_3\selector_inputs\v0_3_selector_input.jsonl,Quant_mvp\data\v0_3\strategy_candidates\v0_3_strategy_candidate_registry.jsonl,,2026-05-06T14:04:50+00:00,draft,other,refine_strategy_hypothesis,false,1,3,6,8,diagnostic_context_only,29,low,diagnostic,diagnostic_backlog,,partial,2,medium,abstract_supported,not_reported,false,false,false,6,1,2014-10-01,2014,,,,missing_evaluation_evidence,,,2015-01-01,2025-12-31,,,0,false,false,,,,,,false,metric_summary_missing_or_unavailable,false,false,false,,,,,,,,,,,,unlabeled,null_missing_evidence,null_missing_evidence,Quant_mvp\config\v0_3_selector_label_rules.toml,,,,,,,,,,,,,,,,evaluation_prioritization|active_learning|uncertainty_ranking|review_triage,time_aware_required_before_training,,false,false,doi:10.3386/w20592,doi:10.3386/w20592,false,false,blocked_missing_evaluation_evidence,ml_rows_must_not_feed_scores_rankings_reports_backtests_trading_or_auto_adoption,production_activation_requires_later_root_approved_gate
v0_3_candidate_ml_input_0_2,"This candidate ML input row is evidence-only metadata for evaluator review. It is not a production ranking input, not a trading signal, not an adoption decision, and not automatic production activation.",sc:ecard:72b25e793091bd43a3da,v0.3.0,sh:ecard:72b25e793091bd43a3da,ecard:72b25e793091bd43a3da,Quant_mvp\data\v0_3\selector_inputs\v0_3_selector_input.jsonl,Quant_mvp\data\v0_3\strategy_candidates\v0_3_strategy_candidate_registry.jsonl,Quant_mvp\backtest_mvp\docs\v0_3_evaluation_evidence\non_momentum_cohort_1\ee_v0_3_20260506_sc_ecard_72b25e793091bd43a3da.md,2026-05-06T14:04:50+00:00,evaluable,other,create_evaluation_evidence,true,0,1,6,8,eligible_for_candidate_selector_review,89,high,technical,technical_score_architect,,partial,2,low,abstract_supported,not_reported,true,false,false,6,0,2011-01-16,2011,2026-05-06,,ee_v0_3_20260506_sc_ecard_72b25e793091bd43a3da,evidence_recorded,2026-05-06,2026-05-06,2015-01-02,2025-12-02,,benchmark_reference_comparison|cost|drawdown|no_feedback|no_lookahead|oos_walk_forward_stability|turnover|volatility,8,true,true,approved_evaluation_evidence,candidate_specific,candidate_level_supervised_label_candidate,strategy_candidate,sc:ecard:72b25e793091bd43a3da,true,candidate_id_matches_candidate_level_evaluation_evidence,false,false,false,0.9478898686276229,-0.270661347208625,-0.270661347208625,1.218551215836248,-0.6092164024086726,0.2968075686560764,0.8618159203980099,0.35818175172278915,recorded_walk_forward_fail,0,0,candidate_level_evaluation_evidence,,negative,Quant_mvp\config\v0_3_selector_label_rules.toml,candidate_level_evaluation_evidence,candidate_specific,candidate_level_supervised_label_candidate,ee_v0_3_20260506_sc_ecard_72b25e793091bd43a3da,2026-05-06,,,,,,,,,,,evaluation_prioritization|active_learning|uncertainty_ranking|review_triage,time_aware_required_before_training,,true,false,doi:10.19030/jabr.v24i1.1372,doi:10.19030/jabr.v24i1.1372,true,false,eligible_candidate_level_label,ml_rows_must_not_feed_scores_rankings_reports_backtests_trading_or_auto_adoption,production_activation_requires_later_root_approved_gate
v0_3_candidate_ml_input_0_2,"This candidate ML input row is evidence-only metadata for evaluator review. It is not a production ranking input, not a trading signal, not an adoption decision, and not automatic production activation.",sc:ecard:72e5b76e82bb0103ade8,v0.3.0,sh:ecard:72e5b76e82bb0103ade8,ecard:72e5b76e82bb0103ade8,Quant_mvp\data\v0_3\selector_inputs\v0_3_selector_input.jsonl,Quant_mvp\data\v0_3\strategy_candidates\v0_3_strategy_candidate_registry.jsonl,,2026-05-06T14:04:50+00:00,draft,momentum,refine_strategy_hypothesis,false,1,1,7,8,needs_manual_or_data_review,20,low,technical,technical_score_architect,momentum,not_specified,0,low,metadata_only,not_reported,false,false,false,6,1,2019-12-20,2019,,,,missing_evaluation_evidence,,,2015-01-01,2025-12-31,,,0,false,false,,,,,,false,metric_summary_missing_or_unavailable,false,false,false,,,,,,,,,,,,unlabeled,null_missing_evidence,null_missing_evidence,Quant_mvp\config\v0_3_selector_label_rules.toml,,,,,,,,,,,,,,,,evaluation_prioritization|active_learning|uncertainty_ranking|review_triage,time_aware_required_before_training,,false,false,doi:10.2139/ssrn.3497805,doi:10.2139/ssrn.3497805,false,false,blocked_missing_evaluation_evidence,ml_rows_must_not_feed_scores_rankings_reports_backtests_trading_or_auto_adoption,production_activation_requires_later_root_approved_gate
v0_3_candidate_ml_input_0_2,"This candidate ML input row is evidence-only metadata for evaluator review. It is not a production ranking input, not a trading signal, not an adoption decision, and not automatic production activation.",sc:ecard:7311345b53117b266265,v0.3.0,sh:ecard:7311345b53117b266265,ecard:7311345b53117b266265,Quant_mvp\data\v0_3\selector_inputs\v0_3_selector_input.jsonl,Quant_mvp\data\v0_3\strategy_candidates\v0_3_strategy_candidate_registry.jsonl,,2026-05-06T14:04:50+00:00,draft,volatility,refine_strategy_hypothesis,false,1,3,7,8,diagnostic_context_only,24,low,diagnostic,diagnostic_backlog,volatility_liquidity,partial,2,low,abstract_supported,not_reported,false,false,false,6,1,2002-06-28,2002,,,,missing_evaluation_evidence,,,2015-01-01,2025-12-31,,,0,false,false,,,,,,false,metric_summary_missing_or_unavailable,false,false,false,,,,,,,,,,,,unlabeled,null_missing_evidence,null_missing_evidence,Quant_mvp\config\v0_3_selector_label_rules.toml,,,,,,,,,,,,,,,,evaluation_prioritization|active_learning|uncertainty_ranking|review_triage,time_aware_required_before_training,,false,false,doi:10.14783/maruoneri.683209,doi:10.14783/maruoneri.683209,false,false,blocked_missing_evaluation_evidence,ml_rows_must_not_feed_scores_rankings_reports_backtests_trading_or_auto_adoption,production_activation_requires_later_root_approved_gate
v0_3_candidate_ml_input_0_2,"This candidate ML input row is evidence-only metadata for evaluator review. It is not a production ranking input, not a trading signal, not an adoption decision, and not automatic production activation.",sc:ecard:73585afd70d220809c31,v0.3.0,sh:ecard:73585afd70d220809c31,ecard:73585afd70d220809c31,Quant_mvp\data\v0_3\selector_inputs\v0_3_selector_input.jsonl,Quant_mvp\data\v0_3\strategy_candidates\v0_3_strategy_candidate_registry.jsonl,,2026-05-06T14:04:50+00:00,draft,other,refine_strategy_hypothesis,false,2,3,6,8,diagnostic_context_only,0,not_collectable,diagnostic,diagnostic_backlog,,not_specified,0,low,metadata_only,not_reported,false,false,false,6,2,2025-11-27,2025,,,,missing_evaluation_evidence,,,2015-01-01,2025-12-31,,,0,false,false,,,,,,false,metric_summary_missing_or_unavailable,false,false,false,,,,,,,,,,,,unlabeled,null_missing_evidence,null_missing_evidence,Quant_mvp\config\v0_3_selector_label_rules.toml,,,,,,,,,,,,,,,,evaluation_prioritization|active_learning|uncertainty_ranking|review_triage,time_aware_required_before_training,,false,false,doi:10.2139/ssrn.5817224,doi:10.2139/ssrn.5817224,false,false,blocked_missing_evaluation_evidence,ml_rows_must_not_feed_scores_rankings_reports_backtests_trading_or_auto_adoption,production_activation_requires_later_root_approved_gate
v0_3_candidate_ml_input_0_2,"This candidate ML input row is evidence-only metadata for evaluator review. It is not a production ranking input, not a trading signal, not an adoption decision, and not automatic production activation.",sc:ecard:735c074604b4a4ef7647,v0.3.0,sh:ecard:735c074604b4a4ef7647,ecard:735c074604b4a4ef7647,Quant_mvp\data\v0_3\selector_inputs\v0_3_selector_input.jsonl,Quant_mvp\data\v0_3\strategy_candidates\v0_3_strategy_candidate_registry.jsonl,,2026-05-06T14:04:50+00:00,draft,value,refine_strategy_hypothesis,false,4,2,6,8,needs_hybrid_split,3,low,hybrid,hybrid_split_required,momentum,partial,0,low,abstract_supported,not_reported,false,false,false,8,4,2012-04-23,2012,,,,missing_evaluation_evidence,,,2015-01-01,2025-12-31,,,0,false,false,,,,,,false,metric_summary_missing_or_unavailable,false,false,false,,,,,,,,,,,,unlabeled,null_missing_evidence,null_missing_evidence,Quant_mvp\config\v0_3_selector_label_rules.toml,,,,,,,,,,,,,,,,evaluation_prioritization|active_learning|uncertainty_ranking|review_triage,time_aware_required_before_training,,false,false,arxiv:1204.5055,arxiv:1204.5055,false,false,blocked_missing_evaluation_evidence,ml_rows_must_not_feed_scores_rankings_reports_backtests_trading_or_auto_adoption,production_activation_requires_later_root_approved_gate
v0_3_candidate_ml_input_0_2,"This candidate ML input row is evidence-only metadata for evaluator review. It is not a production ranking input, not a trading signal, not an adoption decision, and not automatic production activation.",sc:ecard:73b6a8ad7257f8de6798,v0.3.0,sh:ecard:73b6a8ad7257f8de6798,ecard:73b6a8ad7257f8de6798,Quant_mvp\data\v0_3\selector_inputs\v0_3_selector_input.jsonl,Quant_mvp\data\v0_3\strategy_candidates\v0_3_strategy_candidate_registry.jsonl,,2026-05-06T14:04:50+00:00,blocked,volatility,resolve_blocker,false,2,1,7,8,excluded_rejected_or_out_of_scope,0,not_collectable,out_of_scope,reject_log,volatility_liquidity,partial,0,low,abstract_supported,not_reported,false,false,false,6,2,2013-03-01,2013,,,,missing_evaluation_evidence,,,2015-01-01,2025-12-31,,,0,false,false,,,,,,false,metric_summary_missing_or_unavailable,false,false,false,,,,,,,,,,,,unlabeled,null_missing_evidence,null_missing_evidence,Quant_mvp\config\v0_3_selector_label_rules.toml,,,,,,,,,,,,,,,,evaluation_prioritization|active_learning|uncertainty_ranking|review_triage,time_aware_required_before_training,,false,false,openalex:https://openalex.org/W246088316,openalex:https://openalex.org/W246088316,false,false,blocked_missing_evaluation_evidence,ml_rows_must_not_feed_scores_rankings_reports_backtests_trading_or_auto_adoption,production_activation_requires_later_root_approved_gate
v0_3_candidate_ml_input_0_2,"This candidate ML input row is evidence-only metadata for evaluator review. It is not a production ranking input, not a trading signal, not an adoption decision, and not automatic production activation.",sc:ecard:7571fb23754d4b8da4dc,v0.3.0,sh:ecard:7571fb23754d4b8da4dc,ecard:7571fb23754d4b8da4dc,Quant_mvp\data\v0_3\selector_inputs\v0_3_selector_input.jsonl,Quant_mvp\data\v0_3\strategy_candidates\v0_3_strategy_candidate_registry.jsonl,,2026-05-06T14:04:50+00:00,blocked,other,resolve_blocker,false,2,1,6,8,excluded_rejected_or_out_of_scope,0,not_collectable,out_of_scope,reject_log,,partial,0,low,abstract_supported,not_reported,false,false,false,6,2,2026-04-20,2026,,,,missing_evaluation_evidence,,,2015-01-01,2025-12-31,,,0,false,false,,,,,,false,metric_summary_missing_or_unavailable,false,false,false,,,,,,,,,,,,unlabeled,null_missing_evidence,null_missing_evidence,Quant_mvp\config\v0_3_selector_label_rules.toml,,,,,,,,,,,,,,,,evaluation_prioritization|active_learning|uncertainty_ranking|review_triage,time_aware_required_before_training,,false,false,doi:10.2139/ssrn.6392800,doi:10.2139/ssrn.6392800,false,false,blocked_missing_evaluation_evidence,ml_rows_must_not_feed_scores_rankings_reports_backtests_trading_or_auto_adoption,production_activation_requires_later_root_approved_gate
v0_3_candidate_ml_input_0_2,"This candidate ML input row is evidence-only metadata for evaluator review. It is not a production ranking input, not a trading signal, not an adoption decision, and not automatic production activation.",sc:ecard:763690a9f7ff9ba1bdec,v0.3.0,sh:ecard:763690a9f7ff9ba1bdec,ecard:763690a9f7ff9ba1bdec,Quant_mvp\data\v0_3\selector_inputs\v0_3_selector_input.jsonl,Quant_mvp\data\v0_3\strategy_candidates\v0_3_strategy_candidate_registry.jsonl,,2026-05-06T14:04:50+00:00,draft,value,refine_strategy_hypothesis,false,4,2,6,8,needs_hybrid_split,3,low,hybrid,hybrid_split_required,momentum,partial,0,low,abstract_supported,not_reported,false,false,false,8,4,2017-04-06,2017,,,,missing_evaluation_evidence,,,2015-01-01,2025-12-31,,,0,false,false,,,,,,false,metric_summary_missing_or_unavailable,false,false,false,,,,,,,,,,,,unlabeled,null_missing_evidence,null_missing_evidence,Quant_mvp\config\v0_3_selector_label_rules.toml,,,,,,,,,,,,,,,,evaluation_prioritization|active_learning|uncertainty_ranking|review_triage,time_aware_required_before_training,,false,false,doi:10.1111/jofi.12513,doi:10.1111/jofi.12513,false,false,blocked_missing_evaluation_evidence,ml_rows_must_not_feed_scores_rankings_reports_backtests_trading_or_auto_adoption,production_activation_requires_later_root_approved_gate
v0_3_candidate_ml_input_0_2,"This candidate ML input row is evidence-only metadata for evaluator review. It is not a production ranking input, not a trading signal, not an adoption decision, and not automatic production activation.",sc:ecard:766854429b175de4d236,v0.3.0,sh:ecard:766854429b175de4d236,ecard:766854429b175de4d236,Quant_mvp\data\v0_3\selector_inputs\v0_3_selector_input.jsonl,Quant_mvp\data\v0_3\strategy_candidates\v0_3_strategy_candidate_registry.jsonl,,2026-05-06T14:04:50+00:00,draft,machine_learning,refine_strategy_hypothesis,false,1,1,6,8,needs_manual_or_data_review,20,low,technical,technical_score_architect,volatility_liquidity,not_specified,0,low,metadata_only,not_reported,false,false,false,6,1,2025-11-06,2025,,,,missing_evaluation_evidence,,,2015-01-01,2025-12-31,,,0,false,false,,,,,,false,metric_summary_missing_or_unavailable,false,false,false,,,,,,,,,,,,unlabeled,null_missing_evidence,null_missing_evidence,Quant_mvp\config\v0_3_selector_label_rules.toml,,,,,,,,,,,,,,,,evaluation_prioritization|active_learning|uncertainty_ranking|review_triage,time_aware_required_before_training,,false,false,doi:10.1109/silcon67893.2025.11327015,doi:10.1109/silcon67893.2025.11327015,false,false,blocked_missing_evaluation_evidence,ml_rows_must_not_feed_scores_rankings_reports_backtests_trading_or_auto_adoption,production_activation_requires_later_root_approved_gate
v0_3_candidate_ml_input_0_2,"This candidate ML input row is evidence-only metadata for evaluator review. It is not a production ranking input, not a trading signal, not an adoption decision, and not automatic production activation.",sc:ecard:76bfe05098ce3dd93cf8,v0.3.0,sh:ecard:76bfe05098ce3dd93cf8,ecard:76bfe05098ce3dd93cf8,Quant_mvp\data\v0_3\selector_inputs\v0_3_selector_input.jsonl,Quant_mvp\data\v0_3\strategy_candidates\v0_3_strategy_candidate_registry.jsonl,Quant_mvp\backtest_mvp\docs\v0_3_evaluation_evidence\non_momentum_cohort_1\ee_v0_3_20260506_sc_ecard_76bfe05098ce3dd93cf8.md,2026-05-06T14:04:50+00:00,evaluable,volatility,create_evaluation_evidence,true,0,1,7,8,eligible_for_candidate_selector_review,94,high,technical,technical_score_architect,volatility_liquidity,partial,2,medium,abstract_supported,not_reported,false,false,false,6,0,2015-08-01,2015,2026-05-06,,ee_v0_3_20260506_sc_ecard_76bfe05098ce3dd93cf8,evidence_recorded,2026-05-06,2026-05-06,2015-01-02,2025-12-02,,benchmark_reference_comparison|cost|drawdown|no_feedback|no_lookahead|oos_walk_forward_stability|turnover|volatility,8,true,true,approved_evaluation_evidence,candidate_specific,candidate_level_supervised_label_candidate,strategy_candidate,sc:ecard:76bfe05098ce3dd93cf8,true,candidate_id_matches_candidate_level_evaluation_evidence,false,false,false,4.59248614414884,-0.26420150156471234,-0.26420150156471234,4.856687645713552,-0.49924422265194046,0.39104534114120565,0.686318407960199,0.5932409139655367,recorded_walk_forward_pass,0,1,candidate_level_evaluation_evidence,,positive,Quant_mvp\config\v0_3_selector_label_rules.toml,candidate_level_evaluation_evidence,candidate_specific,candidate_level_supervised_label_candidate,ee_v0_3_20260506_sc_ecard_76bfe05098ce3dd93cf8,2026-05-06,,,,,,,,,,,evaluation_prioritization|active_learning|uncertainty_ranking|review_triage,time_aware_required_before_training,,true,false,doi:10.18800/economia.201501.003,doi:10.18800/economia.201501.003,true,false,eligible_candidate_level_label,ml_rows_must_not_feed_scores_rankings_reports_backtests_trading_or_auto_adoption,production_activation_requires_later_root_approved_gate
v0_3_candidate_ml_input_0_2,"This candidate ML input row is evidence-only metadata for evaluator review. It is not a production ranking input, not a trading signal, not an adoption decision, and not automatic production activation.",sc:ecard:76d83789c7a9e7ed7c5d,v0.3.0,sh:ecard:76d83789c7a9e7ed7c5d,ecard:76d83789c7a9e7ed7c5d,Quant_mvp\data\v0_3\selector_inputs\v0_3_selector_input.jsonl,Quant_mvp\data\v0_3\strategy_candidates\v0_3_strategy_candidate_registry.jsonl,,2026-05-06T14:04:50+00:00,draft,value,refine_strategy_hypothesis,false,4,3,6,8,excluded_valuation_lane,0,not_collectable,valuation,valuation_agent_handoff,,not_specified,0,low,metadata_only,not_reported,false,false,false,8,4,1997-05-01,1997,,,,missing_evaluation_evidence,,,2015-01-01,2025-12-31,,,0,false,false,,,,,,false,metric_summary_missing_or_unavailable,false,false,false,,,,,,,,,,,,unlabeled,null_missing_evidence,null_missing_evidence,Quant_mvp\config\v0_3_selector_label_rules.toml,,,,,,,,,,,,,,,,evaluation_prioritization|active_learning|uncertainty_ranking|review_triage,time_aware_required_before_training,,false,false,doi:10.1016/s0304-405x(97)00002-0,doi:10.1016/s0304-405x(97)00002-0,false,false,blocked_missing_evaluation_evidence,ml_rows_must_not_feed_scores_rankings_reports_backtests_trading_or_auto_adoption,production_activation_requires_later_root_approved_gate
v0_3_candidate_ml_input_0_2,"This candidate ML input row is evidence-only metadata for evaluator review. It is not a production ranking input, not a trading signal, not an adoption decision, and not automatic production activation.",sc:ecard:77113a389567c866ac6d,v0.3.0,sh:ecard:77113a389567c866ac6d,ecard:77113a389567c866ac6d,Quant_mvp\data\v0_3\selector_inputs\v0_3_selector_input.jsonl,Quant_mvp\data\v0_3\strategy_candidates\v0_3_strategy_candidate_registry.jsonl,,2026-05-06T14:04:50+00:00,draft,momentum,refine_strategy_hypothesis,false,1,1,7,8,needs_manual_or_data_review,20,low,technical,technical_score_architect,momentum,not_specified,0,low,metadata_only,not_reported,false,false,false,6,1,2015-03-12,2015,,,,missing_evaluation_evidence,,,2015-01-01,2025-12-31,,,0,false,false,,,,,,false,metric_summary_missing_or_unavailable,false,false,false,,,,,,,,,,,,unlabeled,null_missing_evidence,null_missing_evidence,Quant_mvp\config\v0_3_selector_label_rules.toml,,,,,,,,,,,,,,,,evaluation_prioritization|active_learning|uncertainty_ranking|review_triage,time_aware_required_before_training,,false,false,doi:10.1002/9781119209737.ch9,doi:10.1002/9781119209737.ch9,false,false,blocked_missing_evaluation_evidence,ml_rows_must_not_feed_scores_rankings_reports_backtests_trading_or_auto_adoption,production_activation_requires_later_root_approved_gate
v0_3_candidate_ml_input_0_2,"This candidate ML input row is evidence-only metadata for evaluator review. It is not a production ranking input, not a trading signal, not an adoption decision, and not automatic production activation.",sc:ecard:77963a23b1712c35aade,v0.3.0,sh:ecard:77963a23b1712c35aade,ecard:77963a23b1712c35aade,Quant_mvp\data\v0_3\selector_inputs\v0_3_selector_input.jsonl,Quant_mvp\data\v0_3\strategy_candidates\v0_3_strategy_candidate_registry.jsonl,,2026-05-06T14:04:50+00:00,draft,value,refine_strategy_hypothesis,false,4,3,6,8,excluded_valuation_lane,0,not_collectable,valuation,valuation_agent_handoff,,not_specified,0,low,metadata_only,not_reported,false,false,false,8,4,2016-08-01,2016,,,,missing_evaluation_evidence,,,2015-01-01,2025-12-31,,,0,false,false,,,,,,false,metric_summary_missing_or_unavailable,false,false,false,,,,,,,,,,,,unlabeled,null_missing_evidence,null_missing_evidence,Quant_mvp\config\v0_3_selector_label_rules.toml,,,,,,,,,,,,,,,,evaluation_prioritization|active_learning|uncertainty_ranking|review_triage,time_aware_required_before_training,,false,false,doi:10.3386/w22520,doi:10.3386/w22520,false,false,blocked_missing_evaluation_evidence,ml_rows_must_not_feed_scores_rankings_reports_backtests_trading_or_auto_adoption,production_activation_requires_later_root_approved_gate
v0_3_candidate_ml_input_0_2,"This candidate ML input row is evidence-only metadata for evaluator review. It is not a production ranking input, not a trading signal, not an adoption decision, and not automatic production activation.",sc:ecard:7798609103933be3c7b4,v0.3.0,sh:ecard:7798609103933be3c7b4,ecard:7798609103933be3c7b4,Quant_mvp\data\v0_3\selector_inputs\v0_3_selector_input.jsonl,Quant_mvp\data\v0_3\strategy_candidates\v0_3_strategy_candidate_registry.jsonl,,2026-05-06T14:04:50+00:00,draft,volatility,refine_strategy_hypothesis,false,1,1,7,8,needs_manual_or_data_review,20,low,technical,technical_score_architect,volatility_liquidity,not_specified,0,low,metadata_only,,false,false,false,6,1,2003-01-01,2003,,,,missing_evaluation_evidence,,,2015-01-01,2025-12-31,,,0,false,false,,,,,,false,metric_summary_missing_or_unavailable,false,false,false,,,,,,,,,,,,unlabeled,null_missing_evidence,null_missing_evidence,Quant_mvp\config\v0_3_selector_label_rules.toml,,,,,,,,,,,,,,,,evaluation_prioritization|active_learning|uncertainty_ranking|review_triage,time_aware_required_before_training,,false,false,doi:10.2139/ssrn.306479,doi:10.2139/ssrn.306479,false,false,blocked_missing_evaluation_evidence,ml_rows_must_not_feed_scores_rankings_reports_backtests_trading_or_auto_adoption,production_activation_requires_later_root_approved_gate
v0_3_candidate_ml_input_0_2,"This candidate ML input row is evidence-only metadata for evaluator review. It is not a production ranking input, not a trading signal, not an adoption decision, and not automatic production activation.",sc:ecard:779e0fd37a388ff5fbc5,v0.3.0,sh:ecard:779e0fd37a388ff5fbc5,ecard:779e0fd37a388ff5fbc5,Quant_mvp\data\v0_3\selector_inputs\v0_3_selector_input.jsonl,Quant_mvp\data\v0_3\strategy_candidates\v0_3_strategy_candidate_registry.jsonl,,2026-05-06T14:04:50+00:00,draft,value,refine_strategy_hypothesis,false,4,2,6,8,needs_hybrid_split,11,low,hybrid,hybrid_split_required,momentum,partial,0,low,abstract_supported,not_reported,false,false,false,8,4,2014-02-12,2014,,,,missing_evaluation_evidence,,,2015-01-01,2025-12-31,,,0,false,false,,,,,,false,metric_summary_missing_or_unavailable,false,false,false,,,,,,,,,,,,unlabeled,null_missing_evidence,null_missing_evidence,Quant_mvp\config\v0_3_selector_label_rules.toml,,,,,,,,,,,,,,,,evaluation_prioritization|active_learning|uncertainty_ranking|review_triage,time_aware_required_before_training,,false,false,doi:10.1080/09603107.2014.884696,doi:10.1080/09603107.2014.884696,false,false,blocked_missing_evaluation_evidence,ml_rows_must_not_feed_scores_rankings_reports_backtests_trading_or_auto_adoption,production_activation_requires_later_root_approved_gate
v0_3_candidate_ml_input_0_2,"This candidate ML input row is evidence-only metadata for evaluator review. It is not a production ranking input, not a trading signal, not an adoption decision, and not automatic production activation.",sc:ecard:794112ac90687d0a7cf4,v0.3.0,sh:ecard:794112ac90687d0a7cf4,ecard:794112ac90687d0a7cf4,Quant_mvp\data\v0_3\selector_inputs\v0_3_selector_input.jsonl,Quant_mvp\data\v0_3\strategy_candidates\v0_3_strategy_candidate_registry.jsonl,,2026-05-06T14:04:50+00:00,draft,other,refine_strategy_hypothesis,false,2,3,6,8,diagnostic_context_only,0,not_collectable,diagnostic,diagnostic_backlog,,not_specified,0,low,metadata_only,not_reported,false,false,false,6,2,2007-01-01,2007,,,,missing_evaluation_evidence,,,2015-01-01,2025-12-31,,,0,false,false,,,,,,false,metric_summary_missing_or_unavailable,false,false,false,,,,,,,,,,,,unlabeled,null_missing_evidence,null_missing_evidence,Quant_mvp\config\v0_3_selector_label_rules.toml,,,,,,,,,,,,,,,,evaluation_prioritization|active_learning|uncertainty_ranking|review_triage,time_aware_required_before_training,,false,false,doi:10.1142/s0219871107000336,doi:10.1142/s0219871107000336,false,false,blocked_missing_evaluation_evidence,ml_rows_must_not_feed_scores_rankings_reports_backtests_trading_or_auto_adoption,production_activation_requires_later_root_approved_gate
v0_3_candidate_ml_input_0_2,"This candidate ML input row is evidence-only metadata for evaluator review. It is not a production ranking input, not a trading signal, not an adoption decision, and not automatic production activation.",sc:ecard:798691f374e22d436694,v0.3.0,sh:ecard:798691f374e22d436694,ecard:798691f374e22d436694,Quant_mvp\data\v0_3\selector_inputs\v0_3_selector_input.jsonl,Quant_mvp\data\v0_3\strategy_candidates\v0_3_strategy_candidate_registry.jsonl,,2026-05-06T14:04:50+00:00,draft,volatility,refine_strategy_hypothesis,false,1,1,7,8,needs_manual_or_data_review,20,low,technical,technical_score_architect,volatility_liquidity,not_specified,0,low,metadata_only,not_reported,false,false,false,6,1,2019-01-27,2019,,,,missing_evaluation_evidence,,,2015-01-01,2025-12-31,,,0,false,false,,,,,,false,metric_summary_missing_or_unavailable,false,false,false,,,,,,,,,,,,unlabeled,null_missing_evidence,null_missing_evidence,Quant_mvp\config\v0_3_selector_label_rules.toml,,,,,,,,,,,,,,,,evaluation_prioritization|active_learning|uncertainty_ranking|review_triage,time_aware_required_before_training,,false,false,doi:10.1016/j.ememar.2019.01.001,doi:10.1016/j.ememar.2019.01.001,false,false,blocked_missing_evaluation_evidence,ml_rows_must_not_feed_scores_rankings_reports_backtests_trading_or_auto_adoption,production_activation_requires_later_root_approved_gate
v0_3_candidate_ml_input_0_2,"This candidate ML input row is evidence-only metadata for evaluator review. It is not a production ranking input, not a trading signal, not an adoption decision, and not automatic production activation.",sc:ecard:7987fd1f64086adc122e,v0.3.0,sh:ecard:7987fd1f64086adc122e,ecard:7987fd1f64086adc122e,Quant_mvp\data\v0_3\selector_inputs\v0_3_selector_input.jsonl,Quant_mvp\data\v0_3\strategy_candidates\v0_3_strategy_candidate_registry.jsonl,,2026-05-06T14:04:50+00:00,blocked,other,resolve_blocker,false,2,1,6,8,excluded_rejected_or_out_of_scope,0,not_collectable,out_of_scope,reject_log,,not_specified,0,low,metadata_only,not_reported,false,false,false,6,2,2015-01-01,2015,,,,missing_evaluation_evidence,,,2015-01-01,2025-12-31,,,0,false,false,,,,,,false,metric_summary_missing_or_unavailable,false,false,false,,,,,,,,,,,,unlabeled,null_missing_evidence,null_missing_evidence,Quant_mvp\config\v0_3_selector_label_rules.toml,,,,,,,,,,,,,,,,evaluation_prioritization|active_learning|uncertainty_ranking|review_triage,time_aware_required_before_training,,false,false,doi:10.5220/0006018200110014,doi:10.5220/0006018200110014,false,false,blocked_missing_evaluation_evidence,ml_rows_must_not_feed_scores_rankings_reports_backtests_trading_or_auto_adoption,production_activation_requires_later_root_approved_gate
v0_3_candidate_ml_input_0_2,"This candidate ML input row is evidence-only metadata for evaluator review. It is not a production ranking input, not a trading signal, not an adoption decision, and not automatic production activation.",sc:ecard:79df0b8ff42e78258dde,v0.3.0,sh:ecard:79df0b8ff42e78258dde,ecard:79df0b8ff42e78258dde,Quant_mvp\data\v0_3\selector_inputs\v0_3_selector_input.jsonl,Quant_mvp\data\v0_3\strategy_candidates\v0_3_strategy_candidate_registry.jsonl,,2026-05-06T14:04:50+00:00,blocked,reversal,resolve_blocker,false,2,1,7,8,excluded_rejected_or_out_of_scope,0,not_collectable,out_of_scope,reject_log,mean_reversion,partial,0,low,abstract_supported,,false,false,false,6,2,2026-03-13,2026,,,,missing_evaluation_evidence,,,2015-01-01,2025-12-31,,,0,false,false,,,,,,false,metric_summary_missing_or_unavailable,false,false,false,,,,,,,,,,,,unlabeled,null_missing_evidence,null_missing_evidence,Quant_mvp\config\v0_3_selector_label_rules.toml,,,,,,,,,,,,,,,,evaluation_prioritization|active_learning|uncertainty_ranking|review_triage,time_aware_required_before_training,,false,false,doi:10.2139/ssrn.6411294,doi:10.2139/ssrn.6411294,false,false,blocked_missing_evaluation_evidence,ml_rows_must_not_feed_scores_rankings_reports_backtests_trading_or_auto_adoption,production_activation_requires_later_root_approved_gate
v0_3_candidate_ml_input_0_2,"This candidate ML input row is evidence-only metadata for evaluator review. It is not a production ranking input, not a trading signal, not an adoption decision, and not automatic production activation.",sc:ecard:7af7459800529b9a12e1,v0.3.0,sh:ecard:7af7459800529b9a12e1,ecard:7af7459800529b9a12e1,Quant_mvp\data\v0_3\selector_inputs\v0_3_selector_input.jsonl,Quant_mvp\data\v0_3\strategy_candidates\v0_3_strategy_candidate_registry.jsonl,,2026-05-06T14:04:50+00:00,draft,machine_learning,refine_strategy_hypothesis,false,1,1,6,8,eligible_for_candidate_selector_review,100,high,technical,technical_score_architect,volatility_liquidity,partial,2,medium,abstract_supported,not_reported,false,false,false,6,0,2022-08-07,2022,,,,missing_evaluation_evidence,,,2015-01-01,2025-12-31,,,0,false,false,,,,,,false,metric_summary_missing_or_unavailable,false,false,false,,,,,,,,,,,,unlabeled,null_missing_evidence,null_missing_evidence,Quant_mvp\config\v0_3_selector_label_rules.toml,,,,,,,,,,,,,,,,evaluation_prioritization|active_learning|uncertainty_ranking|review_triage,time_aware_required_before_training,,false,false,doi:10.3390/jrfm15080350,doi:10.3390/jrfm15080350,false,false,blocked_missing_evaluation_evidence,ml_rows_must_not_feed_scores_rankings_reports_backtests_trading_or_auto_adoption,production_activation_requires_later_root_approved_gate
v0_3_candidate_ml_input_0_2,"This candidate ML input row is evidence-only metadata for evaluator review. It is not a production ranking input, not a trading signal, not an adoption decision, and not automatic production activation.",sc:ecard:7baa4ff1b55d48d146b5,v0.3.0,sh:ecard:7baa4ff1b55d48d146b5,ecard:7baa4ff1b55d48d146b5,Quant_mvp\data\v0_3\selector_inputs\v0_3_selector_input.jsonl,Quant_mvp\data\v0_3\strategy_candidates\v0_3_strategy_candidate_registry.jsonl,,2026-05-06T14:04:50+00:00,draft,other,refine_strategy_hypothesis,false,2,3,6,8,diagnostic_context_only,0,not_collectable,diagnostic,diagnostic_backlog,,not_specified,0,low,metadata_only,not_reported,false,false,true,6,2,2025-12-10,2025,,,,missing_evaluation_evidence,,,2015-01-01,2025-12-31,,,0,false,false,,,,,,false,metric_summary_missing_or_unavailable,false,false,false,,,,,,,,,,,,unlabeled,null_missing_evidence,null_missing_evidence,Quant_mvp\config\v0_3_selector_label_rules.toml,,,,,,,,,,,,,,,,evaluation_prioritization|active_learning|uncertainty_ranking|review_triage,time_aware_required_before_training,,false,false,doi:10.2139/ssrn.5833162,doi:10.2139/ssrn.5833162,false,false,blocked_missing_evaluation_evidence,ml_rows_must_not_feed_scores_rankings_reports_backtests_trading_or_auto_adoption,production_activation_requires_later_root_approved_gate
v0_3_candidate_ml_input_0_2,"This candidate ML input row is evidence-only metadata for evaluator review. It is not a production ranking input, not a trading signal, not an adoption decision, and not automatic production activation.",sc:ecard:7c607e3bd3fe2ff2feea,v0.3.0,sh:ecard:7c607e3bd3fe2ff2feea,ecard:7c607e3bd3fe2ff2feea,Quant_mvp\data\v0_3\selector_inputs\v0_3_selector_input.jsonl,Quant_mvp\data\v0_3\strategy_candidates\v0_3_strategy_candidate_registry.jsonl,,2026-05-06T14:04:50+00:00,draft,other,refine_strategy_hypothesis,false,2,3,6,8,diagnostic_context_only,0,not_collectable,diagnostic,diagnostic_backlog,,not_specified,0,low,metadata_only,not_reported,false,false,false,6,2,2014-04-23,2014,,,,missing_evaluation_evidence,,,2015-01-01,2025-12-31,,,0,false,false,,,,,,false,metric_summary_missing_or_unavailable,false,false,false,,,,,,,,,,,,unlabeled,null_missing_evidence,null_missing_evidence,Quant_mvp\config\v0_3_selector_label_rules.toml,,,,,,,,,,,,,,,,evaluation_prioritization|active_learning|uncertainty_ranking|review_triage,time_aware_required_before_training,,false,false,doi:10.2139/ssrn.2425551,doi:10.2139/ssrn.2425551,false,false,blocked_missing_evaluation_evidence,ml_rows_must_not_feed_scores_rankings_reports_backtests_trading_or_auto_adoption,production_activation_requires_later_root_approved_gate
v0_3_candidate_ml_input_0_2,"This candidate ML input row is evidence-only metadata for evaluator review. It is not a production ranking input, not a trading signal, not an adoption decision, and not automatic production activation.",sc:ecard:7cafe552845b4d3a6e41,v0.3.0,sh:ecard:7cafe552845b4d3a6e41,ecard:7cafe552845b4d3a6e41,Quant_mvp\data\v0_3\selector_inputs\v0_3_selector_input.jsonl,Quant_mvp\data\v0_3\strategy_candidates\v0_3_strategy_candidate_registry.jsonl,,2026-05-06T14:04:50+00:00,draft,value,refine_strategy_hypothesis,false,1,1,6,8,eligible_for_candidate_selector_review,94,high,technical,technical_score_architect,momentum,partial,2,medium,abstract_supported,not_reported,false,false,false,6,0,2023-07-13,2023,,,,missing_evaluation_evidence,,,2015-01-01,2025-12-31,,,0,false,false,,,,,,false,metric_summary_missing_or_unavailable,false,false,false,,,,,,,,,,,,unlabeled,null_missing_evidence,null_missing_evidence,Quant_mvp\config\v0_3_selector_label_rules.toml,,,,,,,,,,,,,,,,evaluation_prioritization|active_learning|uncertainty_ranking|review_triage,time_aware_required_before_training,,false,false,doi:10.3126/qjmss.v5i1.56295,doi:10.3126/qjmss.v5i1.56295,false,false,blocked_missing_evaluation_evidence,ml_rows_must_not_feed_scores_rankings_reports_backtests_trading_or_auto_adoption,production_activation_requires_later_root_approved_gate
v0_3_candidate_ml_input_0_2,"This candidate ML input row is evidence-only metadata for evaluator review. It is not a production ranking input, not a trading signal, not an adoption decision, and not automatic production activation.",sc:ecard:7d1e3d662bd3f3b26c42,v0.3.0,sh:ecard:7d1e3d662bd3f3b26c42,ecard:7d1e3d662bd3f3b26c42,Quant_mvp\data\v0_3\selector_inputs\v0_3_selector_input.jsonl,Quant_mvp\data\v0_3\strategy_candidates\v0_3_strategy_candidate_registry.jsonl,,2026-05-06T14:04:50+00:00,blocked,other,resolve_blocker,false,2,1,6,8,excluded_rejected_or_out_of_scope,0,not_collectable,out_of_scope,reject_log,,not_specified,0,low,metadata_only,not_reported,false,false,false,6,2,2007-02-13,2007,,,,missing_evaluation_evidence,,,2015-01-01,2025-12-31,,,0,false,false,,,,,,false,metric_summary_missing_or_unavailable,false,false,false,,,,,,,,,,,,unlabeled,null_missing_evidence,null_missing_evidence,Quant_mvp\config\v0_3_selector_label_rules.toml,,,,,,,,,,,,,,,,evaluation_prioritization|active_learning|uncertainty_ranking|review_triage,time_aware_required_before_training,,false,false,doi:10.1201/9781420013146-54,doi:10.1201/9781420013146-54,false,false,blocked_missing_evaluation_evidence,ml_rows_must_not_feed_scores_rankings_reports_backtests_trading_or_auto_adoption,production_activation_requires_later_root_approved_gate
v0_3_candidate_ml_input_0_2,"This candidate ML input row is evidence-only metadata for evaluator review. It is not a production ranking input, not a trading signal, not an adoption decision, and not automatic production activation.",sc:ecard:7d3a91e15b0700e5d66f,v0.3.0,sh:ecard:7d3a91e15b0700e5d66f,ecard:7d3a91e15b0700e5d66f,Quant_mvp\data\v0_3\selector_inputs\v0_3_selector_input.jsonl,Quant_mvp\data\v0_3\strategy_candidates\v0_3_strategy_candidate_registry.jsonl,,2026-05-06T14:04:50+00:00,blocked,other,resolve_blocker,false,2,1,6,8,excluded_rejected_or_out_of_scope,0,not_collectable,out_of_scope,reject_log,,not_specified,0,low,metadata_only,not_reported,false,false,false,6,2,2009-03-10,2009,,,,missing_evaluation_evidence,,,2015-01-01,2025-12-31,,,0,false,false,,,,,,false,metric_summary_missing_or_unavailable,false,false,false,,,,,,,,,,,,unlabeled,null_missing_evidence,null_missing_evidence,Quant_mvp\config\v0_3_selector_label_rules.toml,,,,,,,,,,,,,,,,evaluation_prioritization|active_learning|uncertainty_ranking|review_triage,time_aware_required_before_training,,false,false,doi:10.1016/j.jfineco.2008.07.002,doi:10.1016/j.jfineco.2008.07.002,false,false,blocked_missing_evaluation_evidence,ml_rows_must_not_feed_scores_rankings_reports_backtests_trading_or_auto_adoption,production_activation_requires_later_root_approved_gate
v0_3_candidate_ml_input_0_2,"This candidate ML input row is evidence-only metadata for evaluator review. It is not a production ranking input, not a trading signal, not an adoption decision, and not automatic production activation.",sc:ecard:7df38f77acf30d5a6f7e,v0.3.0,sh:ecard:7df38f77acf30d5a6f7e,ecard:7df38f77acf30d5a6f7e,Quant_mvp\data\v0_3\selector_inputs\v0_3_selector_input.jsonl,Quant_mvp\data\v0_3\strategy_candidates\v0_3_strategy_candidate_registry.jsonl,,2026-05-06T14:04:50+00:00,draft,other,refine_strategy_hypothesis,false,2,3,6,8,diagnostic_context_only,0,not_collectable,diagnostic,diagnostic_backlog,,not_specified,0,low,metadata_only,not_reported,false,false,false,6,2,2019-01-01,2019,,,,missing_evaluation_evidence,,,2015-01-01,2025-12-31,,,0,false,false,,,,,,false,metric_summary_missing_or_unavailable,false,false,false,,,,,,,,,,,,unlabeled,null_missing_evidence,null_missing_evidence,Quant_mvp\config\v0_3_selector_label_rules.toml,,,,,,,,,,,,,,,,evaluation_prioritization|active_learning|uncertainty_ranking|review_triage,time_aware_required_before_training,,false,false,doi:10.14569/ijacsa.2019.0100660,doi:10.14569/ijacsa.2019.0100660,false,false,blocked_missing_evaluation_evidence,ml_rows_must_not_feed_scores_rankings_reports_backtests_trading_or_auto_adoption,production_activation_requires_later_root_approved_gate
v0_3_candidate_ml_input_0_2,"This candidate ML input row is evidence-only metadata for evaluator review. It is not a production ranking input, not a trading signal, not an adoption decision, and not automatic production activation.",sc:ecard:7e503b052761a39e178d,v0.3.0,sh:ecard:7e503b052761a39e178d,ecard:7e503b052761a39e178d,Quant_mvp\data\v0_3\selector_inputs\v0_3_selector_input.jsonl,Quant_mvp\data\v0_3\strategy_candidates\v0_3_strategy_candidate_registry.jsonl,,2026-05-06T14:04:50+00:00,blocked,other,resolve_blocker,false,2,1,6,8,excluded_rejected_or_out_of_scope,0,not_collectable,out_of_scope,reject_log,,not_specified,0,low,metadata_only,not_reported,false,false,false,6,2,2007-02-13,2007,,,,missing_evaluation_evidence,,,2015-01-01,2025-12-31,,,0,false,false,,,,,,false,metric_summary_missing_or_unavailable,false,false,false,,,,,,,,,,,,unlabeled,null_missing_evidence,null_missing_evidence,Quant_mvp\config\v0_3_selector_label_rules.toml,,,,,,,,,,,,,,,,evaluation_prioritization|active_learning|uncertainty_ranking|review_triage,time_aware_required_before_training,,false,false,doi:10.1201/9781420013146-31,doi:10.1201/9781420013146-31,false,false,blocked_missing_evaluation_evidence,ml_rows_must_not_feed_scores_rankings_reports_backtests_trading_or_auto_adoption,production_activation_requires_later_root_approved_gate
v0_3_candidate_ml_input_0_2,"This candidate ML input row is evidence-only metadata for evaluator review. It is not a production ranking input, not a trading signal, not an adoption decision, and not automatic production activation.",sc:ecard:7eacf8a35ca049075bda,v0.3.0,sh:ecard:7eacf8a35ca049075bda,ecard:7eacf8a35ca049075bda,Quant_mvp\data\v0_3\selector_inputs\v0_3_selector_input.jsonl,Quant_mvp\data\v0_3\strategy_candidates\v0_3_strategy_candidate_registry.jsonl,Quant_mvp\backtest_mvp\docs\v0_3_evaluation_evidence\non_momentum_cohort_1\ee_v0_3_20260506_sc_ecard_7eacf8a35ca049075bda.md,2026-05-06T14:04:50+00:00,evaluable,volatility,create_evaluation_evidence,true,0,1,7,8,eligible_for_candidate_selector_review,94,high,technical,technical_score_architect,volatility_liquidity,partial,2,medium,abstract_supported,not_reported,false,false,false,6,0,2013-07-15,2013,2026-05-06,,ee_v0_3_20260506_sc_ecard_7eacf8a35ca049075bda,evidence_recorded,2026-05-06,2026-05-06,2015-01-02,2025-12-02,,benchmark_reference_comparison|cost|drawdown|no_feedback|no_lookahead|oos_walk_forward_stability|turnover|volatility,8,true,true,approved_evaluation_evidence,candidate_specific,candidate_level_supervised_label_candidate,strategy_candidate,sc:ecard:7eacf8a35ca049075bda,true,candidate_id_matches_candidate_level_evaluation_evidence,false,false,false,4.59248614414884,-0.26420150156471234,-0.26420150156471234,4.856687645713552,-0.49924422265194046,0.39104534114120565,0.686318407960199,0.5932409139655367,recorded_walk_forward_pass,0,1,candidate_level_evaluation_evidence,,positive,Quant_mvp\config\v0_3_selector_label_rules.toml,candidate_level_evaluation_evidence,candidate_specific,candidate_level_supervised_label_candidate,ee_v0_3_20260506_sc_ecard_7eacf8a35ca049075bda,2026-05-06,,,,,,,,,,,evaluation_prioritization|active_learning|uncertainty_ranking|review_triage,time_aware_required_before_training,,true,false,doi:10.1080/02664763.2013.818624,doi:10.1080/02664763.2013.818624,true,false,eligible_candidate_level_label,ml_rows_must_not_feed_scores_rankings_reports_backtests_trading_or_auto_adoption,production_activation_requires_later_root_approved_gate
v0_3_candidate_ml_input_0_2,"This candidate ML input row is evidence-only metadata for evaluator review. It is not a production ranking input, not a trading signal, not an adoption decision, and not automatic production activation.",sc:ecard:7ef5f08c03e3200137c4,v0.3.0,sh:ecard:7ef5f08c03e3200137c4,ecard:7ef5f08c03e3200137c4,Quant_mvp\data\v0_3\selector_inputs\v0_3_selector_input.jsonl,Quant_mvp\data\v0_3\strategy_candidates\v0_3_strategy_candidate_registry.jsonl,,2026-05-06T14:04:50+00:00,draft,other,refine_strategy_hypothesis,false,2,3,6,8,diagnostic_context_only,0,not_collectable,diagnostic,diagnostic_backlog,,not_specified,0,low,metadata_only,not_reported,false,false,false,6,2,2019-03-01,2019,,,,missing_evaluation_evidence,,,2015-01-01,2025-12-31,,,0,false,false,,,,,,false,metric_summary_missing_or_unavailable,false,false,false,,,,,,,,,,,,unlabeled,null_missing_evidence,null_missing_evidence,Quant_mvp\config\v0_3_selector_label_rules.toml,,,,,,,,,,,,,,,,evaluation_prioritization|active_learning|uncertainty_ranking|review_triage,time_aware_required_before_training,,false,false,doi:10.1016/j.apmrv.2018.01.003,doi:10.1016/j.apmrv.2018.01.003,false,false,blocked_missing_evaluation_evidence,ml_rows_must_not_feed_scores_rankings_reports_backtests_trading_or_auto_adoption,production_activation_requires_later_root_approved_gate
v0_3_candidate_ml_input_0_2,"This candidate ML input row is evidence-only metadata for evaluator review. It is not a production ranking input, not a trading signal, not an adoption decision, and not automatic production activation.",sc:ecard:7f51fabbb7934e6e1752,v0.3.0,sh:ecard:7f51fabbb7934e6e1752,ecard:7f51fabbb7934e6e1752,Quant_mvp\data\v0_3\selector_inputs\v0_3_selector_input.jsonl,Quant_mvp\data\v0_3\strategy_candidates\v0_3_strategy_candidate_registry.jsonl,,2026-05-06T14:04:50+00:00,draft,value,refine_strategy_hypothesis,false,4,2,6,8,needs_hybrid_split,3,low,hybrid,hybrid_split_required,momentum,partial,0,low,abstract_supported,not_reported,false,false,false,8,4,2023-01-26,2023,,,,missing_evaluation_evidence,,,2015-01-01,2025-12-31,,,0,false,false,,,,,,false,metric_summary_missing_or_unavailable,false,false,false,,,,,,,,,,,,unlabeled,null_missing_evidence,null_missing_evidence,Quant_mvp\config\v0_3_selector_label_rules.toml,,,,,,,,,,,,,,,,evaluation_prioritization|active_learning|uncertainty_ranking|review_triage,time_aware_required_before_training,,false,false,arxiv:2301.11394,arxiv:2301.11394,false,false,blocked_missing_evaluation_evidence,ml_rows_must_not_feed_scores_rankings_reports_backtests_trading_or_auto_adoption,production_activation_requires_later_root_approved_gate
v0_3_candidate_ml_input_0_2,"This candidate ML input row is evidence-only metadata for evaluator review. It is not a production ranking input, not a trading signal, not an adoption decision, and not automatic production activation.",sc:ecard:7f8f63e0b7f6b3515a1f,v0.3.0,sh:ecard:7f8f63e0b7f6b3515a1f,ecard:7f8f63e0b7f6b3515a1f,Quant_mvp\data\v0_3\selector_inputs\v0_3_selector_input.jsonl,Quant_mvp\data\v0_3\strategy_candidates\v0_3_strategy_candidate_registry.jsonl,,2026-05-06T14:04:50+00:00,draft,value,refine_strategy_hypothesis,false,4,3,6,8,excluded_valuation_lane,0,not_collectable,valuation,valuation_agent_handoff,,partial,0,medium,abstract_supported,not_reported,false,false,false,8,4,2018-04-18,2018,,,,missing_evaluation_evidence,,,2015-01-01,2025-12-31,,,0,false,false,,,,,,false,metric_summary_missing_or_unavailable,false,false,false,,,,,,,,,,,,unlabeled,null_missing_evidence,null_missing_evidence,Quant_mvp\config\v0_3_selector_label_rules.toml,,,,,,,,,,,,,,,,evaluation_prioritization|active_learning|uncertainty_ranking|review_triage,time_aware_required_before_training,,false,false,doi:10.1093/rfs/hhy030,doi:10.1093/rfs/hhy030,false,false,blocked_missing_evaluation_evidence,ml_rows_must_not_feed_scores_rankings_reports_backtests_trading_or_auto_adoption,production_activation_requires_later_root_approved_gate
v0_3_candidate_ml_input_0_2,"This candidate ML input row is evidence-only metadata for evaluator review. It is not a production ranking input, not a trading signal, not an adoption decision, and not automatic production activation.",sc:ecard:804c33f44268262857cd,v0.3.0,sh:ecard:804c33f44268262857cd,ecard:804c33f44268262857cd,Quant_mvp\data\v0_3\selector_inputs\v0_3_selector_input.jsonl,Quant_mvp\data\v0_3\strategy_candidates\v0_3_strategy_candidate_registry.jsonl,Quant_mvp\backtest_mvp\docs\v0_3_evaluation_evidence\momentum_cohort_1\ee_v0_3_20260506_sc_ecard_804c33f44268262857cd.md,2026-05-06T14:04:50+00:00,evaluable,momentum,create_evaluation_evidence,true,0,1,7,8,eligible_for_candidate_selector_review,94,high,technical,technical_score_architect,momentum,partial,2,medium,abstract_supported,not_reported,false,false,false,6,0,2014-02-26,2014,2026-05-06,,ee_v0_3_20260506_sc_ecard_804c33f44268262857cd,evidence_recorded,2026-05-06,2026-05-06,2015-01-02,2025-12-02,,benchmark_reference_comparison|cost|drawdown|no_feedback|no_lookahead|oos_walk_forward_stability|turnover|volatility,8,true,true,approved_evaluation_evidence,candidate_specific,candidate_level_supervised_label_candidate,strategy_candidate,sc:ecard:804c33f44268262857cd,true,candidate_id_matches_candidate_level_evaluation_evidence,false,false,false,0.9478898686276229,-0.270661347208625,-0.270661347208625,1.218551215836248,-0.6092164024086726,0.2968075686560764,0.8618159203980099,0.35818175172278915,recorded_walk_forward_fail,0,0,candidate_level_evaluation_evidence,,negative,Quant_mvp\config\v0_3_selector_label_rules.toml,candidate_level_evaluation_evidence,candidate_specific,candidate_level_supervised_label_candidate,ee_v0_3_20260506_sc_ecard_804c33f44268262857cd,2026-05-06,,,,,,,,,,,evaluation_prioritization|active_learning|uncertainty_ranking|review_triage,time_aware_required_before_training,,true,false,doi:10.3390/jrfm7010001,doi:10.3390/jrfm7010001,true,false,eligible_candidate_level_label,ml_rows_must_not_feed_scores_rankings_reports_backtests_trading_or_auto_adoption,production_activation_requires_later_root_approved_gate
v0_3_candidate_ml_input_0_2,"This candidate ML input row is evidence-only metadata for evaluator review. It is not a production ranking input, not a trading signal, not an adoption decision, and not automatic production activation.",sc:ecard:8068c6af8ec6cb223d42,v0.3.0,sh:ecard:8068c6af8ec6cb223d42,ecard:8068c6af8ec6cb223d42,Quant_mvp\data\v0_3\selector_inputs\v0_3_selector_input.jsonl,Quant_mvp\data\v0_3\strategy_candidates\v0_3_strategy_candidate_registry.jsonl,,2026-05-06T14:04:50+00:00,draft,value,refine_strategy_hypothesis,false,4,2,6,8,needs_hybrid_split,3,low,hybrid,hybrid_split_required,volatility_liquidity,partial,0,low,abstract_supported,not_reported,false,false,false,8,4,2016-06-05,2016,,,,missing_evaluation_evidence,,,2015-01-01,2025-12-31,,,0,false,false,,,,,,false,metric_summary_missing_or_unavailable,false,false,false,,,,,,,,,,,,unlabeled,null_missing_evidence,null_missing_evidence,Quant_mvp\config\v0_3_selector_label_rules.toml,,,,,,,,,,,,,,,,evaluation_prioritization|active_learning|uncertainty_ranking|review_triage,time_aware_required_before_training,,false,false,doi:10.1080/13504851.2016.1186788,doi:10.1080/13504851.2016.1186788,false,false,blocked_missing_evaluation_evidence,ml_rows_must_not_feed_scores_rankings_reports_backtests_trading_or_auto_adoption,production_activation_requires_later_root_approved_gate
v0_3_candidate_ml_input_0_2,"This candidate ML input row is evidence-only metadata for evaluator review. It is not a production ranking input, not a trading signal, not an adoption decision, and not automatic production activation.",sc:ecard:8093c904c2a76542b301,v0.3.0,sh:ecard:8093c904c2a76542b301,ecard:8093c904c2a76542b301,Quant_mvp\data\v0_3\selector_inputs\v0_3_selector_input.jsonl,Quant_mvp\data\v0_3\strategy_candidates\v0_3_strategy_candidate_registry.jsonl,,2026-05-06T14:04:50+00:00,blocked,other,resolve_blocker,false,2,1,6,8,excluded_rejected_or_out_of_scope,0,not_collectable,out_of_scope,reject_log,,not_specified,0,low,metadata_only,not_reported,false,false,false,6,2,2023-01-30,2023,,,,missing_evaluation_evidence,,,2015-01-01,2025-12-31,,,0,false,false,,,,,,false,metric_summary_missing_or_unavailable,false,false,false,,,,,,,,,,,,unlabeled,null_missing_evidence,null_missing_evidence,Quant_mvp\config\v0_3_selector_label_rules.toml,,,,,,,,,,,,,,,,evaluation_prioritization|active_learning|uncertainty_ranking|review_triage,time_aware_required_before_training,,false,false,doi:10.2139/ssrn.4277254,doi:10.2139/ssrn.4277254,false,false,blocked_missing_evaluation_evidence,ml_rows_must_not_feed_scores_rankings_reports_backtests_trading_or_auto_adoption,production_activation_requires_later_root_approved_gate
v0_3_candidate_ml_input_0_2,"This candidate ML input row is evidence-only metadata for evaluator review. It is not a production ranking input, not a trading signal, not an adoption decision, and not automatic production activation.",sc:ecard:80ed752510c42cad019c,v0.3.0,sh:ecard:80ed752510c42cad019c,ecard:80ed752510c42cad019c,Quant_mvp\data\v0_3\selector_inputs\v0_3_selector_input.jsonl,Quant_mvp\data\v0_3\strategy_candidates\v0_3_strategy_candidate_registry.jsonl,,2026-05-06T14:04:50+00:00,draft,value,refine_strategy_hypothesis,false,4,3,6,8,excluded_valuation_lane,0,not_collectable,valuation,valuation_agent_handoff,,partial,0,medium,abstract_supported,not_reported,false,false,false,8,4,2020-09-10,2020,,,,missing_evaluation_evidence,,,2015-01-01,2025-12-31,,,0,false,false,,,,,,false,metric_summary_missing_or_unavailable,false,false,false,,,,,,,,,,,,unlabeled,null_missing_evidence,null_missing_evidence,Quant_mvp\config\v0_3_selector_label_rules.toml,,,,,,,,,,,,,,,,evaluation_prioritization|active_learning|uncertainty_ranking|review_triage,time_aware_required_before_training,,false,false,doi:10.1093/rapstu/raaa016,doi:10.1093/rapstu/raaa016,false,false,blocked_missing_evaluation_evidence,ml_rows_must_not_feed_scores_rankings_reports_backtests_trading_or_auto_adoption,production_activation_requires_later_root_approved_gate
v0_3_candidate_ml_input_0_2,"This candidate ML input row is evidence-only metadata for evaluator review. It is not a production ranking input, not a trading signal, not an adoption decision, and not automatic production activation.",sc:ecard:81690cf6a0f38863363d,v0.3.0,sh:ecard:81690cf6a0f38863363d,ecard:81690cf6a0f38863363d,Quant_mvp\data\v0_3\selector_inputs\v0_3_selector_input.jsonl,Quant_mvp\data\v0_3\strategy_candidates\v0_3_strategy_candidate_registry.jsonl,,2026-05-06T14:04:50+00:00,draft,value,refine_strategy_hypothesis,false,4,3,6,8,excluded_valuation_lane,0,not_collectable,valuation,valuation_agent_handoff,,partial,0,low,abstract_supported,not_reported,false,false,false,8,4,2004-01-01,2004,,,,missing_evaluation_evidence,,,2015-01-01,2025-12-31,,,0,false,false,,,,,,false,metric_summary_missing_or_unavailable,false,false,false,,,,,,,,,,,,unlabeled,null_missing_evidence,null_missing_evidence,Quant_mvp\config\v0_3_selector_label_rules.toml,,,,,,,,,,,,,,,,evaluation_prioritization|active_learning|uncertainty_ranking|review_triage,time_aware_required_before_training,,false,false,doi:10.3386/w10200,doi:10.3386/w10200,false,false,blocked_missing_evaluation_evidence,ml_rows_must_not_feed_scores_rankings_reports_backtests_trading_or_auto_adoption,production_activation_requires_later_root_approved_gate
v0_3_candidate_ml_input_0_2,"This candidate ML input row is evidence-only metadata for evaluator review. It is not a production ranking input, not a trading signal, not an adoption decision, and not automatic production activation.",sc:ecard:818d2ce145ade662c21a,v0.3.0,sh:ecard:818d2ce145ade662c21a,ecard:818d2ce145ade662c21a,Quant_mvp\data\v0_3\selector_inputs\v0_3_selector_input.jsonl,Quant_mvp\data\v0_3\strategy_candidates\v0_3_strategy_candidate_registry.jsonl,,2026-05-06T14:04:50+00:00,draft,other,refine_strategy_hypothesis,false,2,3,6,8,diagnostic_context_only,0,not_collectable,diagnostic,diagnostic_backlog,,not_specified,0,low,metadata_only,not_reported,false,false,false,6,2,2002-01-01,2002,,,,missing_evaluation_evidence,,,2015-01-01,2025-12-31,,,0,false,false,,,,,,false,metric_summary_missing_or_unavailable,false,false,false,,,,,,,,,,,,unlabeled,null_missing_evidence,null_missing_evidence,Quant_mvp\config\v0_3_selector_label_rules.toml,,,,,,,,,,,,,,,,evaluation_prioritization|active_learning|uncertainty_ranking|review_triage,time_aware_required_before_training,,false,false,doi:10.1007/0-306-47579-0_16,doi:10.1007/0-306-47579-0_16,false,false,blocked_missing_evaluation_evidence,ml_rows_must_not_feed_scores_rankings_reports_backtests_trading_or_auto_adoption,production_activation_requires_later_root_approved_gate
v0_3_candidate_ml_input_0_2,"This candidate ML input row is evidence-only metadata for evaluator review. It is not a production ranking input, not a trading signal, not an adoption decision, and not automatic production activation.",sc:ecard:81b83a3d83e4e0c71362,v0.3.0,sh:ecard:81b83a3d83e4e0c71362,ecard:81b83a3d83e4e0c71362,Quant_mvp\data\v0_3\selector_inputs\v0_3_selector_input.jsonl,Quant_mvp\data\v0_3\strategy_candidates\v0_3_strategy_candidate_registry.jsonl,,2026-05-06T14:04:50+00:00,draft,other,refine_strategy_hypothesis,false,2,3,6,8,diagnostic_context_only,0,not_collectable,diagnostic,diagnostic_backlog,,not_specified,0,low,metadata_only,not_reported,false,false,false,6,2,2021-05-01,2021,,,,missing_evaluation_evidence,,,2015-01-01,2025-12-31,,,0,false,false,,,,,,false,metric_summary_missing_or_unavailable,false,false,false,,,,,,,,,,,,unlabeled,null_missing_evidence,null_missing_evidence,Quant_mvp\config\v0_3_selector_label_rules.toml,,,,,,,,,,,,,,,,evaluation_prioritization|active_learning|uncertainty_ranking|review_triage,time_aware_required_before_training,,false,false,doi:10.1016/j.jbankfin.2021.106113,doi:10.1016/j.jbankfin.2021.106113,false,false,blocked_missing_evaluation_evidence,ml_rows_must_not_feed_scores_rankings_reports_backtests_trading_or_auto_adoption,production_activation_requires_later_root_approved_gate
v0_3_candidate_ml_input_0_2,"This candidate ML input row is evidence-only metadata for evaluator review. It is not a production ranking input, not a trading signal, not an adoption decision, and not automatic production activation.",sc:ecard:81c258f4bb5c5afc8615,v0.3.0,sh:ecard:81c258f4bb5c5afc8615,ecard:81c258f4bb5c5afc8615,Quant_mvp\data\v0_3\selector_inputs\v0_3_selector_input.jsonl,Quant_mvp\data\v0_3\strategy_candidates\v0_3_strategy_candidate_registry.jsonl,,2026-05-06T14:04:50+00:00,draft,other,refine_strategy_hypothesis,false,2,3,6,8,diagnostic_context_only,0,not_collectable,diagnostic,diagnostic_backlog,,not_specified,0,low,metadata_only,not_reported,false,false,false,6,2,2011-12-28,2011,,,,missing_evaluation_evidence,,,2015-01-01,2025-12-31,,,0,false,false,,,,,,false,metric_summary_missing_or_unavailable,false,false,false,,,,,,,,,,,,unlabeled,null_missing_evidence,null_missing_evidence,Quant_mvp\config\v0_3_selector_label_rules.toml,,,,,,,,,,,,,,,,evaluation_prioritization|active_learning|uncertainty_ranking|review_triage,time_aware_required_before_training,,false,false,doi:10.2139/ssrn.563209,doi:10.2139/ssrn.563209,false,false,blocked_missing_evaluation_evidence,ml_rows_must_not_feed_scores_rankings_reports_backtests_trading_or_auto_adoption,production_activation_requires_later_root_approved_gate
v0_3_candidate_ml_input_0_2,"This candidate ML input row is evidence-only metadata for evaluator review. It is not a production ranking input, not a trading signal, not an adoption decision, and not automatic production activation.",sc:ecard:81c6f39d239cbda9daf7,v0.3.0,sh:ecard:81c6f39d239cbda9daf7,ecard:81c6f39d239cbda9daf7,Quant_mvp\data\v0_3\selector_inputs\v0_3_selector_input.jsonl,Quant_mvp\data\v0_3\strategy_candidates\v0_3_strategy_candidate_registry.jsonl,,2026-05-06T14:04:50+00:00,blocked,momentum,resolve_blocker,false,2,1,7,8,excluded_rejected_or_out_of_scope,0,not_collectable,out_of_scope,reject_log,momentum,partial,0,low,abstract_supported,not_reported,true,false,false,6,2,2023-06-08,2023,,,,missing_evaluation_evidence,,,2015-01-01,2025-12-31,,,0,false,false,,,,,,false,metric_summary_missing_or_unavailable,false,false,false,,,,,,,,,,,,unlabeled,null_missing_evidence,null_missing_evidence,Quant_mvp\config\v0_3_selector_label_rules.toml,,,,,,,,,,,,,,,,evaluation_prioritization|active_learning|uncertainty_ranking|review_triage,time_aware_required_before_training,,false,false,doi:10.1016/j.eswa.2023.120587,doi:10.1016/j.eswa.2023.120587,false,false,blocked_missing_evaluation_evidence,ml_rows_must_not_feed_scores_rankings_reports_backtests_trading_or_auto_adoption,production_activation_requires_later_root_approved_gate
v0_3_candidate_ml_input_0_2,"This candidate ML input row is evidence-only metadata for evaluator review. It is not a production ranking input, not a trading signal, not an adoption decision, and not automatic production activation.",sc:ecard:8302a9e22ca4a8c24cd8,v0.3.0,sh:ecard:8302a9e22ca4a8c24cd8,ecard:8302a9e22ca4a8c24cd8,Quant_mvp\data\v0_3\selector_inputs\v0_3_selector_input.jsonl,Quant_mvp\data\v0_3\strategy_candidates\v0_3_strategy_candidate_registry.jsonl,,2026-05-06T14:04:50+00:00,draft,other,refine_strategy_hypothesis,false,2,3,6,8,diagnostic_context_only,0,not_collectable,diagnostic,diagnostic_backlog,,not_specified,0,low,metadata_only,not_reported,true,false,false,6,2,2011-12-28,2011,,,,missing_evaluation_evidence,,,2015-01-01,2025-12-31,,,0,false,false,,,,,,false,metric_summary_missing_or_unavailable,false,false,false,,,,,,,,,,,,unlabeled,null_missing_evidence,null_missing_evidence,Quant_mvp\config\v0_3_selector_label_rules.toml,,,,,,,,,,,,,,,,evaluation_prioritization|active_learning|uncertainty_ranking|review_triage,time_aware_required_before_training,,false,false,doi:10.2139/ssrn.674282,doi:10.2139/ssrn.674282,false,false,blocked_missing_evaluation_evidence,ml_rows_must_not_feed_scores_rankings_reports_backtests_trading_or_auto_adoption,production_activation_requires_later_root_approved_gate
v0_3_candidate_ml_input_0_2,"This candidate ML input row is evidence-only metadata for evaluator review. It is not a production ranking input, not a trading signal, not an adoption decision, and not automatic production activation.",sc:ecard:837088479f3620ef8058,v0.3.0,sh:ecard:837088479f3620ef8058,ecard:837088479f3620ef8058,Quant_mvp\data\v0_3\selector_inputs\v0_3_selector_input.jsonl,Quant_mvp\data\v0_3\strategy_candidates\v0_3_strategy_candidate_registry.jsonl,,2026-05-06T14:04:50+00:00,blocked,other,resolve_blocker,false,2,1,6,8,excluded_rejected_or_out_of_scope,0,not_collectable,out_of_scope,reject_log,,not_specified,0,low,metadata_only,not_reported,false,false,false,6,2,2018-08-13,2018,,,,missing_evaluation_evidence,,,2015-01-01,2025-12-31,,,0,false,false,,,,,,false,metric_summary_missing_or_unavailable,false,false,false,,,,,,,,,,,,unlabeled,null_missing_evidence,null_missing_evidence,Quant_mvp\config\v0_3_selector_label_rules.toml,,,,,,,,,,,,,,,,evaluation_prioritization|active_learning|uncertainty_ranking|review_triage,time_aware_required_before_training,,false,false,doi:10.31274/rtd-180813-8437,doi:10.31274/rtd-180813-8437,false,false,blocked_missing_evaluation_evidence,ml_rows_must_not_feed_scores_rankings_reports_backtests_trading_or_auto_adoption,production_activation_requires_later_root_approved_gate
v0_3_candidate_ml_input_0_2,"This candidate ML input row is evidence-only metadata for evaluator review. It is not a production ranking input, not a trading signal, not an adoption decision, and not automatic production activation.",sc:ecard:842fa164f624ff534f33,v0.3.0,sh:ecard:842fa164f624ff534f33,ecard:842fa164f624ff534f33,Quant_mvp\data\v0_3\selector_inputs\v0_3_selector_input.jsonl,Quant_mvp\data\v0_3\strategy_candidates\v0_3_strategy_candidate_registry.jsonl,,2026-05-06T14:04:50+00:00,draft,other,refine_strategy_hypothesis,false,1,3,6,8,diagnostic_context_only,24,low,diagnostic,diagnostic_backlog,,partial,2,low,abstract_supported,not_reported,true,false,false,6,1,2026-03-24,2026,,,,missing_evaluation_evidence,,,2015-01-01,2025-12-31,,,0,false,false,,,,,,false,metric_summary_missing_or_unavailable,false,false,false,,,,,,,,,,,,unlabeled,null_missing_evidence,null_missing_evidence,Quant_mvp\config\v0_3_selector_label_rules.toml,,,,,,,,,,,,,,,,evaluation_prioritization|active_learning|uncertainty_ranking|review_triage,time_aware_required_before_training,,false,false,doi:10.54254/2754-1169/2026.ld32333,doi:10.54254/2754-1169/2026.ld32333,false,false,blocked_missing_evaluation_evidence,ml_rows_must_not_feed_scores_rankings_reports_backtests_trading_or_auto_adoption,production_activation_requires_later_root_approved_gate
v0_3_candidate_ml_input_0_2,"This candidate ML input row is evidence-only metadata for evaluator review. It is not a production ranking input, not a trading signal, not an adoption decision, and not automatic production activation.",sc:ecard:84d9b215e84deb8c1efa,v0.3.0,sh:ecard:84d9b215e84deb8c1efa,ecard:84d9b215e84deb8c1efa,Quant_mvp\data\v0_3\selector_inputs\v0_3_selector_input.jsonl,Quant_mvp\data\v0_3\strategy_candidates\v0_3_strategy_candidate_registry.jsonl,,2026-05-06T14:04:50+00:00,blocked,other,resolve_blocker,false,2,1,6,8,excluded_rejected_or_out_of_scope,0,not_collectable,out_of_scope,reject_log,,not_specified,0,low,metadata_only,not_reported,false,false,false,6,2,2014-03-05,2014,,,,missing_evaluation_evidence,,,2015-01-01,2025-12-31,,,0,false,false,,,,,,false,metric_summary_missing_or_unavailable,false,false,false,,,,,,,,,,,,unlabeled,null_missing_evidence,null_missing_evidence,Quant_mvp\config\v0_3_selector_label_rules.toml,,,,,,,,,,,,,,,,evaluation_prioritization|active_learning|uncertainty_ranking|review_triage,time_aware_required_before_training,,false,false,doi:10.2139/ssrn.2404037,doi:10.2139/ssrn.2404037,false,false,blocked_missing_evaluation_evidence,ml_rows_must_not_feed_scores_rankings_reports_backtests_trading_or_auto_adoption,production_activation_requires_later_root_approved_gate
v0_3_candidate_ml_input_0_2,"This candidate ML input row is evidence-only metadata for evaluator review. It is not a production ranking input, not a trading signal, not an adoption decision, and not automatic production activation.",sc:ecard:8530fbc96de367a86cf1,v0.3.0,sh:ecard:8530fbc96de367a86cf1,ecard:8530fbc96de367a86cf1,Quant_mvp\data\v0_3\selector_inputs\v0_3_selector_input.jsonl,Quant_mvp\data\v0_3\strategy_candidates\v0_3_strategy_candidate_registry.jsonl,Quant_mvp\backtest_mvp\docs\v0_3_evaluation_evidence\momentum_cohort_1\ee_v0_3_20260506_sc_ecard_8530fbc96de367a86cf1.md,2026-05-06T14:04:50+00:00,evaluable,momentum,create_evaluation_evidence,true,0,1,7,8,eligible_for_candidate_selector_review,94,high,technical,technical_score_architect,momentum,partial,2,medium,abstract_supported,not_reported,false,false,false,6,0,2022-11-07,2022,2026-05-06,,ee_v0_3_20260506_sc_ecard_8530fbc96de367a86cf1,evidence_recorded,2026-05-06,2026-05-06,2015-01-02,2025-12-02,,benchmark_reference_comparison|cost|drawdown|no_feedback|no_lookahead|oos_walk_forward_stability|turnover|volatility,8,true,true,approved_evaluation_evidence,candidate_specific,candidate_level_supervised_label_candidate,strategy_candidate,sc:ecard:8530fbc96de367a86cf1,true,candidate_id_matches_candidate_level_evaluation_evidence,false,false,false,0.9478898686276229,-0.270661347208625,-0.270661347208625,1.218551215836248,-0.6092164024086726,0.2968075686560764,0.8618159203980099,0.35818175172278915,recorded_walk_forward_fail,0,0,candidate_level_evaluation_evidence,,negative,Quant_mvp\config\v0_3_selector_label_rules.toml,candidate_level_evaluation_evidence,candidate_specific,candidate_level_supervised_label_candidate,ee_v0_3_20260506_sc_ecard_8530fbc96de367a86cf1,2026-05-06,,,,,,,,,,,evaluation_prioritization|active_learning|uncertainty_ranking|review_triage,time_aware_required_before_training,,true,false,doi:10.21511/imfi.19(4).2022.10,doi:10.21511/imfi.19(4).2022.10,true,false,eligible_candidate_level_label,ml_rows_must_not_feed_scores_rankings_reports_backtests_trading_or_auto_adoption,production_activation_requires_later_root_approved_gate
v0_3_candidate_ml_input_0_2,"This candidate ML input row is evidence-only metadata for evaluator review. It is not a production ranking input, not a trading signal, not an adoption decision, and not automatic production activation.",sc:ecard:854f00d2aeed040417ab,v0.3.0,sh:ecard:854f00d2aeed040417ab,ecard:854f00d2aeed040417ab,Quant_mvp\data\v0_3\selector_inputs\v0_3_selector_input.jsonl,Quant_mvp\data\v0_3\strategy_candidates\v0_3_strategy_candidate_registry.jsonl,,2026-05-06T14:04:50+00:00,draft,value,refine_strategy_hypothesis,false,4,3,6,8,excluded_valuation_lane,0,not_collectable,valuation,valuation_agent_handoff,,not_specified,0,low,metadata_only,not_reported,false,false,false,8,4,2007-08-01,2007,,,,missing_evaluation_evidence,,,2015-01-01,2025-12-31,,,0,false,false,,,,,,false,metric_summary_missing_or_unavailable,false,false,false,,,,,,,,,,,,unlabeled,null_missing_evidence,null_missing_evidence,Quant_mvp\config\v0_3_selector_label_rules.toml,,,,,,,,,,,,,,,,evaluation_prioritization|active_learning|uncertainty_ranking|review_triage,time_aware_required_before_training,,false,false,doi:10.2469/dig.v37.n3.4785,doi:10.2469/dig.v37.n3.4785,false,false,blocked_missing_evaluation_evidence,ml_rows_must_not_feed_scores_rankings_reports_backtests_trading_or_auto_adoption,production_activation_requires_later_root_approved_gate
v0_3_candidate_ml_input_0_2,"This candidate ML input row is evidence-only metadata for evaluator review. It is not a production ranking input, not a trading signal, not an adoption decision, and not automatic production activation.",sc:ecard:857b444f9c11099c7871,v0.3.0,sh:ecard:857b444f9c11099c7871,ecard:857b444f9c11099c7871,Quant_mvp\data\v0_3\selector_inputs\v0_3_selector_input.jsonl,Quant_mvp\data\v0_3\strategy_candidates\v0_3_strategy_candidate_registry.jsonl,,2026-05-06T14:04:50+00:00,draft,other,refine_strategy_hypothesis,false,2,3,6,8,diagnostic_context_only,0,not_collectable,diagnostic,diagnostic_backlog,,not_specified,0,low,metadata_only,not_reported,false,false,false,6,2,2006-10-01,2006,,,,missing_evaluation_evidence,,,2015-01-01,2025-12-31,,,0,false,false,,,,,,false,metric_summary_missing_or_unavailable,false,false,false,,,,,,,,,,,,unlabeled,null_missing_evidence,null_missing_evidence,Quant_mvp\config\v0_3_selector_label_rules.toml,,,,,,,,,,,,,,,,evaluation_prioritization|active_learning|uncertainty_ranking|review_triage,time_aware_required_before_training,,false,false,doi:10.3386/w12658,doi:10.3386/w12658,false,false,blocked_missing_evaluation_evidence,ml_rows_must_not_feed_scores_rankings_reports_backtests_trading_or_auto_adoption,production_activation_requires_later_root_approved_gate
v0_3_candidate_ml_input_0_2,"This candidate ML input row is evidence-only metadata for evaluator review. It is not a production ranking input, not a trading signal, not an adoption decision, and not automatic production activation.",sc:ecard:858f2fed6218c06aad52,v0.3.0,sh:ecard:858f2fed6218c06aad52,ecard:858f2fed6218c06aad52,Quant_mvp\data\v0_3\selector_inputs\v0_3_selector_input.jsonl,Quant_mvp\data\v0_3\strategy_candidates\v0_3_strategy_candidate_registry.jsonl,,2026-05-06T14:04:50+00:00,draft,value,refine_strategy_hypothesis,false,4,2,6,8,needs_hybrid_split,3,low,hybrid,hybrid_split_required,,partial,0,low,abstract_supported,not_reported,true,false,false,8,4,2009-05-19,2009,,,,missing_evaluation_evidence,,,2015-01-01,2025-12-31,,,0,false,false,,,,,,false,metric_summary_missing_or_unavailable,false,false,false,,,,,,,,,,,,unlabeled,null_missing_evidence,null_missing_evidence,Quant_mvp\config\v0_3_selector_label_rules.toml,,,,,,,,,,,,,,,,evaluation_prioritization|active_learning|uncertainty_ranking|review_triage,time_aware_required_before_training,,false,false,doi:10.1080/00036840902817805,doi:10.1080/00036840902817805,false,false,blocked_missing_evaluation_evidence,ml_rows_must_not_feed_scores_rankings_reports_backtests_trading_or_auto_adoption,production_activation_requires_later_root_approved_gate
v0_3_candidate_ml_input_0_2,"This candidate ML input row is evidence-only metadata for evaluator review. It is not a production ranking input, not a trading signal, not an adoption decision, and not automatic production activation.",sc:ecard:85fafb595ee573d25b2b,v0.3.0,sh:ecard:85fafb595ee573d25b2b,ecard:85fafb595ee573d25b2b,Quant_mvp\data\v0_3\selector_inputs\v0_3_selector_input.jsonl,Quant_mvp\data\v0_3\strategy_candidates\v0_3_strategy_candidate_registry.jsonl,,2026-05-06T14:04:50+00:00,draft,other,refine_strategy_hypothesis,false,2,3,6,8,diagnostic_context_only,0,not_collectable,diagnostic,diagnostic_backlog,,not_specified,0,low,metadata_only,not_reported,false,false,false,6,2,2013-12-01,2013,,,,missing_evaluation_evidence,,,2015-01-01,2025-12-31,,,0,false,false,,,,,,false,metric_summary_missing_or_unavailable,false,false,false,,,,,,,,,,,,unlabeled,null_missing_evidence,null_missing_evidence,Quant_mvp\config\v0_3_selector_label_rules.toml,,,,,,,,,,,,,,,,evaluation_prioritization|active_learning|uncertainty_ranking|review_triage,time_aware_required_before_training,,false,false,doi:10.1016/j.econlet.2013.10.020,doi:10.1016/j.econlet.2013.10.020,false,false,blocked_missing_evaluation_evidence,ml_rows_must_not_feed_scores_rankings_reports_backtests_trading_or_auto_adoption,production_activation_requires_later_root_approved_gate
v0_3_candidate_ml_input_0_2,"This candidate ML input row is evidence-only metadata for evaluator review. It is not a production ranking input, not a trading signal, not an adoption decision, and not automatic production activation.",sc:ecard:86209d144d7bedc11de6,v0.3.0,sh:ecard:86209d144d7bedc11de6,ecard:86209d144d7bedc11de6,Quant_mvp\data\v0_3\selector_inputs\v0_3_selector_input.jsonl,Quant_mvp\data\v0_3\strategy_candidates\v0_3_strategy_candidate_registry.jsonl,,2026-05-06T14:04:50+00:00,draft,other,refine_strategy_hypothesis,false,2,3,6,8,diagnostic_context_only,0,not_collectable,diagnostic,diagnostic_backlog,,not_specified,0,low,metadata_only,not_reported,false,false,false,6,2,1999-12-01,1999,,,,missing_evaluation_evidence,,,2015-01-01,2025-12-31,,,0,false,false,,,,,,false,metric_summary_missing_or_unavailable,false,false,false,,,,,,,,,,,,unlabeled,null_missing_evidence,null_missing_evidence,Quant_mvp\config\v0_3_selector_label_rules.toml,,,,,,,,,,,,,,,,evaluation_prioritization|active_learning|uncertainty_ranking|review_triage,time_aware_required_before_training,,false,false,doi:10.1023/a:1010060611391,doi:10.1023/a:1010060611391,false,false,blocked_missing_evaluation_evidence,ml_rows_must_not_feed_scores_rankings_reports_backtests_trading_or_auto_adoption,production_activation_requires_later_root_approved_gate
v0_3_candidate_ml_input_0_2,"This candidate ML input row is evidence-only metadata for evaluator review. It is not a production ranking input, not a trading signal, not an adoption decision, and not automatic production activation.",sc:ecard:86291900d11facd76ef9,v0.3.0,sh:ecard:86291900d11facd76ef9,ecard:86291900d11facd76ef9,Quant_mvp\data\v0_3\selector_inputs\v0_3_selector_input.jsonl,Quant_mvp\data\v0_3\strategy_candidates\v0_3_strategy_candidate_registry.jsonl,,2026-05-06T14:04:50+00:00,draft,volatility,refine_strategy_hypothesis,false,2,3,7,8,diagnostic_context_only,0,not_collectable,diagnostic,diagnostic_backlog,volatility_liquidity,not_specified,0,low,metadata_only,not_reported,false,false,false,6,2,2024-10-01,2024,,,,missing_evaluation_evidence,,,2015-01-01,2025-12-31,,,0,false,false,,,,,,false,metric_summary_missing_or_unavailable,false,false,false,,,,,,,,,,,,unlabeled,null_missing_evidence,null_missing_evidence,Quant_mvp\config\v0_3_selector_label_rules.toml,,,,,,,,,,,,,,,,evaluation_prioritization|active_learning|uncertainty_ranking|review_triage,time_aware_required_before_training,,false,false,doi:10.1016/j.ecosta.2021.08.002,doi:10.1016/j.ecosta.2021.08.002,false,false,blocked_missing_evaluation_evidence,ml_rows_must_not_feed_scores_rankings_reports_backtests_trading_or_auto_adoption,production_activation_requires_later_root_approved_gate
v0_3_candidate_ml_input_0_2,"This candidate ML input row is evidence-only metadata for evaluator review. It is not a production ranking input, not a trading signal, not an adoption decision, and not automatic production activation.",sc:ecard:8635ea1ab6202f1bb58d,v0.3.0,sh:ecard:8635ea1ab6202f1bb58d,ecard:8635ea1ab6202f1bb58d,Quant_mvp\data\v0_3\selector_inputs\v0_3_selector_input.jsonl,Quant_mvp\data\v0_3\strategy_candidates\v0_3_strategy_candidate_registry.jsonl,,2026-05-06T14:04:50+00:00,draft,value,refine_strategy_hypothesis,false,4,2,6,8,needs_hybrid_split,3,low,hybrid,hybrid_split_required,volatility_liquidity,partial,0,low,abstract_supported,not_reported,true,false,false,8,4,1998-09-01,1998,,,,missing_evaluation_evidence,,,2015-01-01,2025-12-31,,,0,false,false,,,,,,false,metric_summary_missing_or_unavailable,false,false,false,,,,,,,,,,,,unlabeled,null_missing_evidence,null_missing_evidence,Quant_mvp\config\v0_3_selector_label_rules.toml,,,,,,,,,,,,,,,,evaluation_prioritization|active_learning|uncertainty_ranking|review_triage,time_aware_required_before_training,,false,false,doi:10.1002/(sici)1099-131x(1998090)17:5/6<401::aid-for704>3.0.co;2-c,doi:10.1002/(sici)1099-131x(1998090)17:5/6<401::aid-for704>3.0.co;2-c,false,false,blocked_missing_evaluation_evidence,ml_rows_must_not_feed_scores_rankings_reports_backtests_trading_or_auto_adoption,production_activation_requires_later_root_approved_gate
v0_3_candidate_ml_input_0_2,"This candidate ML input row is evidence-only metadata for evaluator review. It is not a production ranking input, not a trading signal, not an adoption decision, and not automatic production activation.",sc:ecard:869738f84e2823fbd84c,v0.3.0,sh:ecard:869738f84e2823fbd84c,ecard:869738f84e2823fbd84c,Quant_mvp\data\v0_3\selector_inputs\v0_3_selector_input.jsonl,Quant_mvp\data\v0_3\strategy_candidates\v0_3_strategy_candidate_registry.jsonl,,2026-05-06T14:04:50+00:00,draft,other,refine_strategy_hypothesis,false,2,3,6,8,diagnostic_context_only,0,not_collectable,diagnostic,diagnostic_backlog,,not_specified,0,low,metadata_only,not_reported,false,false,false,6,2,2013-01-01,2013,,,,missing_evaluation_evidence,,,2015-01-01,2025-12-31,,,0,false,false,,,,,,false,metric_summary_missing_or_unavailable,false,false,false,,,,,,,,,,,,unlabeled,null_missing_evidence,null_missing_evidence,Quant_mvp\config\v0_3_selector_label_rules.toml,,,,,,,,,,,,,,,,evaluation_prioritization|active_learning|uncertainty_ranking|review_triage,time_aware_required_before_training,,false,false,doi:10.2139/ssrn.2349739,doi:10.2139/ssrn.2349739,false,false,blocked_missing_evaluation_evidence,ml_rows_must_not_feed_scores_rankings_reports_backtests_trading_or_auto_adoption,production_activation_requires_later_root_approved_gate
v0_3_candidate_ml_input_0_2,"This candidate ML input row is evidence-only metadata for evaluator review. It is not a production ranking input, not a trading signal, not an adoption decision, and not automatic production activation.",sc:ecard:86d7f94c4c6c142ee973,v0.3.0,sh:ecard:86d7f94c4c6c142ee973,ecard:86d7f94c4c6c142ee973,Quant_mvp\data\v0_3\selector_inputs\v0_3_selector_input.jsonl,Quant_mvp\data\v0_3\strategy_candidates\v0_3_strategy_candidate_registry.jsonl,Quant_mvp\backtest_mvp\docs\v0_3_evaluation_evidence\non_momentum_cohort_1\ee_v0_3_20260506_sc_ecard_86d7f94c4c6c142ee973.md,2026-05-06T14:04:50+00:00,evaluable,volatility,create_evaluation_evidence,true,0,1,7,8,eligible_for_candidate_selector_review,94,high,technical,technical_score_architect,volatility_liquidity,partial,2,medium,abstract_supported,not_reported,false,false,false,6,0,2021-05-20,2021,2026-05-06,,ee_v0_3_20260506_sc_ecard_86d7f94c4c6c142ee973,evidence_recorded,2026-05-06,2026-05-06,2015-01-02,2025-12-02,,benchmark_reference_comparison|cost|drawdown|no_feedback|no_lookahead|oos_walk_forward_stability|turnover|volatility,8,true,true,approved_evaluation_evidence,candidate_specific,candidate_level_supervised_label_candidate,strategy_candidate,sc:ecard:86d7f94c4c6c142ee973,true,candidate_id_matches_candidate_level_evaluation_evidence,false,false,false,4.59248614414884,-0.26420150156471234,-0.26420150156471234,4.856687645713552,-0.49924422265194046,0.39104534114120565,0.686318407960199,0.5932409139655367,recorded_walk_forward_pass,0,1,candidate_level_evaluation_evidence,,positive,Quant_mvp\config\v0_3_selector_label_rules.toml,candidate_level_evaluation_evidence,candidate_specific,candidate_level_supervised_label_candidate,ee_v0_3_20260506_sc_ecard_86d7f94c4c6c142ee973,2026-05-06,,,,,,,,,,,evaluation_prioritization|active_learning|uncertainty_ranking|review_triage,time_aware_required_before_training,,true,false,doi:10.15388/omee.2021.12.51,doi:10.15388/omee.2021.12.51,true,false,eligible_candidate_level_label,ml_rows_must_not_feed_scores_rankings_reports_backtests_trading_or_auto_adoption,production_activation_requires_later_root_approved_gate
v0_3_candidate_ml_input_0_2,"This candidate ML input row is evidence-only metadata for evaluator review. It is not a production ranking input, not a trading signal, not an adoption decision, and not automatic production activation.",sc:ecard:873328ce5a50ae07690f,v0.3.0,sh:ecard:873328ce5a50ae07690f,ecard:873328ce5a50ae07690f,Quant_mvp\data\v0_3\selector_inputs\v0_3_selector_input.jsonl,Quant_mvp\data\v0_3\strategy_candidates\v0_3_strategy_candidate_registry.jsonl,,2026-05-06T14:04:50+00:00,draft,other,refine_strategy_hypothesis,false,2,3,6,8,diagnostic_context_only,0,not_collectable,diagnostic,diagnostic_backlog,,not_specified,0,low,metadata_only,not_reported,false,false,false,6,2,2011-12-28,2011,,,,missing_evaluation_evidence,,,2015-01-01,2025-12-31,,,0,false,false,,,,,,false,metric_summary_missing_or_unavailable,false,false,false,,,,,,,,,,,,unlabeled,null_missing_evidence,null_missing_evidence,Quant_mvp\config\v0_3_selector_label_rules.toml,,,,,,,,,,,,,,,,evaluation_prioritization|active_learning|uncertainty_ranking|review_triage,time_aware_required_before_training,,false,false,doi:10.2139/ssrn.1343896,doi:10.2139/ssrn.1343896,false,false,blocked_missing_evaluation_evidence,ml_rows_must_not_feed_scores_rankings_reports_backtests_trading_or_auto_adoption,production_activation_requires_later_root_approved_gate
v0_3_candidate_ml_input_0_2,"This candidate ML input row is evidence-only metadata for evaluator review. It is not a production ranking input, not a trading signal, not an adoption decision, and not automatic production activation.",sc:ecard:874849c476bc77fb2cc4,v0.3.0,sh:ecard:874849c476bc77fb2cc4,ecard:874849c476bc77fb2cc4,Quant_mvp\data\v0_3\selector_inputs\v0_3_selector_input.jsonl,Quant_mvp\data\v0_3\strategy_candidates\v0_3_strategy_candidate_registry.jsonl,,2026-05-06T14:04:50+00:00,draft,volatility,refine_strategy_hypothesis,false,1,1,7,8,needs_manual_or_data_review,20,low,technical,technical_score_architect,volatility_liquidity,not_specified,0,low,metadata_only,not_reported,false,false,false,6,1,2011-01-01,2011,,,,missing_evaluation_evidence,,,2015-01-01,2025-12-31,,,0,false,false,,,,,,false,metric_summary_missing_or_unavailable,false,false,false,,,,,,,,,,,,unlabeled,null_missing_evidence,null_missing_evidence,Quant_mvp\config\v0_3_selector_label_rules.toml,,,,,,,,,,,,,,,,evaluation_prioritization|active_learning|uncertainty_ranking|review_triage,time_aware_required_before_training,,false,false,doi:10.2139/ssrn.4172147,doi:10.2139/ssrn.4172147,false,false,blocked_missing_evaluation_evidence,ml_rows_must_not_feed_scores_rankings_reports_backtests_trading_or_auto_adoption,production_activation_requires_later_root_approved_gate
v0_3_candidate_ml_input_0_2,"This candidate ML input row is evidence-only metadata for evaluator review. It is not a production ranking input, not a trading signal, not an adoption decision, and not automatic production activation.",sc:ecard:879f0712deaf4f995c36,v0.3.0,sh:ecard:879f0712deaf4f995c36,ecard:879f0712deaf4f995c36,Quant_mvp\data\v0_3\selector_inputs\v0_3_selector_input.jsonl,Quant_mvp\data\v0_3\strategy_candidates\v0_3_strategy_candidate_registry.jsonl,Quant_mvp\backtest_mvp\docs\v0_3_evaluation_evidence\non_momentum_cohort_1\ee_v0_3_20260506_sc_ecard_879f0712deaf4f995c36.md,2026-05-06T14:04:50+00:00,evaluable,other,create_evaluation_evidence,true,0,1,6,8,eligible_for_candidate_selector_review,89,high,technical,technical_score_architect,,partial,2,low,abstract_supported,not_reported,false,false,false,6,0,2015-01-01,2015,2026-05-06,,ee_v0_3_20260506_sc_ecard_879f0712deaf4f995c36,evidence_recorded,2026-05-06,2026-05-06,2015-01-02,2025-12-02,,benchmark_reference_comparison|cost|drawdown|no_feedback|no_lookahead|oos_walk_forward_stability|turnover|volatility,8,true,true,approved_evaluation_evidence,candidate_specific,candidate_level_supervised_label_candidate,strategy_candidate,sc:ecard:879f0712deaf4f995c36,true,candidate_id_matches_candidate_level_evaluation_evidence,false,false,false,0.9478898686276229,-0.270661347208625,-0.270661347208625,1.218551215836248,-0.6092164024086726,0.2968075686560764,0.8618159203980099,0.35818175172278915,recorded_walk_forward_fail,0,0,candidate_level_evaluation_evidence,,negative,Quant_mvp\config\v0_3_selector_label_rules.toml,candidate_level_evaluation_evidence,candidate_specific,candidate_level_supervised_label_candidate,ee_v0_3_20260506_sc_ecard_879f0712deaf4f995c36,2026-05-06,,,,,,,,,,,evaluation_prioritization|active_learning|uncertainty_ranking|review_triage,time_aware_required_before_training,,true,false,doi:10.1016/s2212-5671(15)01518-x,doi:10.1016/s2212-5671(15)01518-x,true,false,eligible_candidate_level_label,ml_rows_must_not_feed_scores_rankings_reports_backtests_trading_or_auto_adoption,production_activation_requires_later_root_approved_gate
v0_3_candidate_ml_input_0_2,"This candidate ML input row is evidence-only metadata for evaluator review. It is not a production ranking input, not a trading signal, not an adoption decision, and not automatic production activation.",sc:ecard:87d639f8c5b0be9d8805,v0.3.0,sh:ecard:87d639f8c5b0be9d8805,ecard:87d639f8c5b0be9d8805,Quant_mvp\data\v0_3\selector_inputs\v0_3_selector_input.jsonl,Quant_mvp\data\v0_3\strategy_candidates\v0_3_strategy_candidate_registry.jsonl,,2026-05-06T14:04:50+00:00,draft,value,refine_strategy_hypothesis,false,4,2,6,8,needs_hybrid_split,0,not_collectable,hybrid,hybrid_split_required,,not_specified,0,low,metadata_only,not_reported,false,false,false,8,4,2025-03-07,2025,,,,missing_evaluation_evidence,,,2015-01-01,2025-12-31,,,0,false,false,,,,,,false,metric_summary_missing_or_unavailable,false,false,false,,,,,,,,,,,,unlabeled,null_missing_evidence,null_missing_evidence,Quant_mvp\config\v0_3_selector_label_rules.toml,,,,,,,,,,,,,,,,evaluation_prioritization|active_learning|uncertainty_ranking|review_triage,time_aware_required_before_training,,false,false,doi:10.2139/ssrn.5170261,doi:10.2139/ssrn.5170261,false,false,blocked_missing_evaluation_evidence,ml_rows_must_not_feed_scores_rankings_reports_backtests_trading_or_auto_adoption,production_activation_requires_later_root_approved_gate
v0_3_candidate_ml_input_0_2,"This candidate ML input row is evidence-only metadata for evaluator review. It is not a production ranking input, not a trading signal, not an adoption decision, and not automatic production activation.",sc:ecard:886a2ecb7a77c6be450c,v0.3.0,sh:ecard:886a2ecb7a77c6be450c,ecard:886a2ecb7a77c6be450c,Quant_mvp\data\v0_3\selector_inputs\v0_3_selector_input.jsonl,Quant_mvp\data\v0_3\strategy_candidates\v0_3_strategy_candidate_registry.jsonl,,2026-05-06T14:04:50+00:00,draft,value,refine_strategy_hypothesis,false,4,2,6,8,needs_hybrid_split,0,not_collectable,hybrid,hybrid_split_required,momentum,not_specified,0,low,metadata_only,not_reported,false,false,false,8,4,2002-01-01,2002,,,,missing_evaluation_evidence,,,2015-01-01,2025-12-31,,,0,false,false,,,,,,false,metric_summary_missing_or_unavailable,false,false,false,,,,,,,,,,,,unlabeled,null_missing_evidence,null_missing_evidence,Quant_mvp\config\v0_3_selector_label_rules.toml,,,,,,,,,,,,,,,,evaluation_prioritization|active_learning|uncertainty_ranking|review_triage,time_aware_required_before_training,,false,false,doi:10.2139/ssrn.315379,doi:10.2139/ssrn.315379,false,false,blocked_missing_evaluation_evidence,ml_rows_must_not_feed_scores_rankings_reports_backtests_trading_or_auto_adoption,production_activation_requires_later_root_approved_gate
v0_3_candidate_ml_input_0_2,"This candidate ML input row is evidence-only metadata for evaluator review. It is not a production ranking input, not a trading signal, not an adoption decision, and not automatic production activation.",sc:ecard:888510c30d7b82b9122b,v0.3.0,sh:ecard:888510c30d7b82b9122b,ecard:888510c30d7b82b9122b,Quant_mvp\data\v0_3\selector_inputs\v0_3_selector_input.jsonl,Quant_mvp\data\v0_3\strategy_candidates\v0_3_strategy_candidate_registry.jsonl,,2026-05-06T14:04:50+00:00,draft,volatility,refine_strategy_hypothesis,false,2,3,7,8,diagnostic_context_only,0,not_collectable,diagnostic,diagnostic_backlog,volatility_liquidity,not_specified,0,low,metadata_only,not_reported,false,false,false,6,2,2016-01-27,2016,,,,missing_evaluation_evidence,,,2015-01-01,2025-12-31,,,0,false,false,,,,,,false,metric_summary_missing_or_unavailable,false,false,false,,,,,,,,,,,,unlabeled,null_missing_evidence,null_missing_evidence,Quant_mvp\config\v0_3_selector_label_rules.toml,,,,,,,,,,,,,,,,evaluation_prioritization|active_learning|uncertainty_ranking|review_triage,time_aware_required_before_training,,false,false,doi:10.2139/ssrn.2718845,doi:10.2139/ssrn.2718845,false,false,blocked_missing_evaluation_evidence,ml_rows_must_not_feed_scores_rankings_reports_backtests_trading_or_auto_adoption,production_activation_requires_later_root_approved_gate
v0_3_candidate_ml_input_0_2,"This candidate ML input row is evidence-only metadata for evaluator review. It is not a production ranking input, not a trading signal, not an adoption decision, and not automatic production activation.",sc:ecard:888826b22cd22b4fc3de,v0.3.0,sh:ecard:888826b22cd22b4fc3de,ecard:888826b22cd22b4fc3de,Quant_mvp\data\v0_3\selector_inputs\v0_3_selector_input.jsonl,Quant_mvp\data\v0_3\strategy_candidates\v0_3_strategy_candidate_registry.jsonl,,2026-05-06T14:04:50+00:00,draft,statistical_arbitrage,refine_strategy_hypothesis,false,2,3,7,8,diagnostic_context_only,0,not_collectable,diagnostic,diagnostic_backlog,,not_specified,0,low,metadata_only,not_reported,true,false,false,6,2,2017-06-28,2017,,,,missing_evaluation_evidence,,,2015-01-01,2025-12-31,,,0,false,false,,,,,,false,metric_summary_missing_or_unavailable,false,false,false,,,,,,,,,,,,unlabeled,null_missing_evidence,null_missing_evidence,Quant_mvp\config\v0_3_selector_label_rules.toml,,,,,,,,,,,,,,,,evaluation_prioritization|active_learning|uncertainty_ranking|review_triage,time_aware_required_before_training,,false,false,doi:10.2139/ssrn.2939845,doi:10.2139/ssrn.2939845,false,false,blocked_missing_evaluation_evidence,ml_rows_must_not_feed_scores_rankings_reports_backtests_trading_or_auto_adoption,production_activation_requires_later_root_approved_gate
v0_3_candidate_ml_input_0_2,"This candidate ML input row is evidence-only metadata for evaluator review. It is not a production ranking input, not a trading signal, not an adoption decision, and not automatic production activation.",sc:ecard:88fe7fd9d439020c5925,v0.3.0,sh:ecard:88fe7fd9d439020c5925,ecard:88fe7fd9d439020c5925,Quant_mvp\data\v0_3\selector_inputs\v0_3_selector_input.jsonl,Quant_mvp\data\v0_3\strategy_candidates\v0_3_strategy_candidate_registry.jsonl,,2026-05-06T14:04:50+00:00,draft,volatility,refine_strategy_hypothesis,false,1,3,7,8,diagnostic_context_only,24,low,diagnostic,diagnostic_backlog,volatility_liquidity,partial,2,low,abstract_supported,not_reported,false,false,false,6,1,2009-08-05,2009,,,,missing_evaluation_evidence,,,2015-01-01,2025-12-31,,,0,false,false,,,,,,false,metric_summary_missing_or_unavailable,false,false,false,,,,,,,,,,,,unlabeled,null_missing_evidence,null_missing_evidence,Quant_mvp\config\v0_3_selector_label_rules.toml,,,,,,,,,,,,,,,,evaluation_prioritization|active_learning|uncertainty_ranking|review_triage,time_aware_required_before_training,,false,false,doi:10.1111/j.1468-0084.2009.00561.x,doi:10.1111/j.1468-0084.2009.00561.x,false,false,blocked_missing_evaluation_evidence,ml_rows_must_not_feed_scores_rankings_reports_backtests_trading_or_auto_adoption,production_activation_requires_later_root_approved_gate
v0_3_candidate_ml_input_0_2,"This candidate ML input row is evidence-only metadata for evaluator review. It is not a production ranking input, not a trading signal, not an adoption decision, and not automatic production activation.",sc:ecard:896a64f116d59728ae75,v0.3.0,sh:ecard:896a64f116d59728ae75,ecard:896a64f116d59728ae75,Quant_mvp\data\v0_3\selector_inputs\v0_3_selector_input.jsonl,Quant_mvp\data\v0_3\strategy_candidates\v0_3_strategy_candidate_registry.jsonl,,2026-05-06T14:04:50+00:00,draft,other,refine_strategy_hypothesis,false,1,1,6,8,needs_manual_or_data_review,20,low,technical,technical_score_architect,,not_specified,0,low,metadata_only,,false,false,false,6,1,2015-01-20,2015,,,,missing_evaluation_evidence,,,2015-01-01,2025-12-31,,,0,false,false,,,,,,false,metric_summary_missing_or_unavailable,false,false,false,,,,,,,,,,,,unlabeled,null_missing_evidence,null_missing_evidence,Quant_mvp\config\v0_3_selector_label_rules.toml,,,,,,,,,,,,,,,,evaluation_prioritization|active_learning|uncertainty_ranking|review_triage,time_aware_required_before_training,,false,false,doi:10.1002/9781119209577.ch5,doi:10.1002/9781119209577.ch5,false,false,blocked_missing_evaluation_evidence,ml_rows_must_not_feed_scores_rankings_reports_backtests_trading_or_auto_adoption,production_activation_requires_later_root_approved_gate
v0_3_candidate_ml_input_0_2,"This candidate ML input row is evidence-only metadata for evaluator review. It is not a production ranking input, not a trading signal, not an adoption decision, and not automatic production activation.",sc:ecard:89b2e5cbcf45207a3e8e,v0.3.0,sh:ecard:89b2e5cbcf45207a3e8e,ecard:89b2e5cbcf45207a3e8e,Quant_mvp\data\v0_3\selector_inputs\v0_3_selector_input.jsonl,Quant_mvp\data\v0_3\strategy_candidates\v0_3_strategy_candidate_registry.jsonl,,2026-05-06T14:04:50+00:00,draft,value,refine_strategy_hypothesis,false,4,2,6,8,needs_hybrid_split,3,low,hybrid,hybrid_split_required,momentum,partial,0,low,abstract_supported,not_reported,false,false,false,8,4,2018-07-09,2018,,,,missing_evaluation_evidence,,,2015-01-01,2025-12-31,,,0,false,false,,,,,,false,metric_summary_missing_or_unavailable,false,false,false,,,,,,,,,,,,unlabeled,null_missing_evidence,null_missing_evidence,Quant_mvp\config\v0_3_selector_label_rules.toml,,,,,,,,,,,,,,,,evaluation_prioritization|active_learning|uncertainty_ranking|review_triage,time_aware_required_before_training,,false,false,doi:10.1108/rausp-04-2018-001,doi:10.1108/rausp-04-2018-001,false,false,blocked_missing_evaluation_evidence,ml_rows_must_not_feed_scores_rankings_reports_backtests_trading_or_auto_adoption,production_activation_requires_later_root_approved_gate
v0_3_candidate_ml_input_0_2,"This candidate ML input row is evidence-only metadata for evaluator review. It is not a production ranking input, not a trading signal, not an adoption decision, and not automatic production activation.",sc:ecard:8a0a3e87f7c4cfa61931,v0.3.0,sh:ecard:8a0a3e87f7c4cfa61931,ecard:8a0a3e87f7c4cfa61931,Quant_mvp\data\v0_3\selector_inputs\v0_3_selector_input.jsonl,Quant_mvp\data\v0_3\strategy_candidates\v0_3_strategy_candidate_registry.jsonl,,2026-05-06T14:04:50+00:00,draft,volatility,refine_strategy_hypothesis,false,1,3,7,8,diagnostic_context_only,24,low,diagnostic,diagnostic_backlog,volatility_liquidity,partial,2,low,abstract_supported,not_reported,false,false,false,6,1,2020-02-07,2020,,,,missing_evaluation_evidence,,,2015-01-01,2025-12-31,,,0,false,false,,,,,,false,metric_summary_missing_or_unavailable,false,false,false,,,,,,,,,,,,unlabeled,null_missing_evidence,null_missing_evidence,Quant_mvp\config\v0_3_selector_label_rules.toml,,,,,,,,,,,,,,,,evaluation_prioritization|active_learning|uncertainty_ranking|review_triage,time_aware_required_before_training,,false,false,doi:10.30587/innovation.v1i1.1189,doi:10.30587/innovation.v1i1.1189,false,false,blocked_missing_evaluation_evidence,ml_rows_must_not_feed_scores_rankings_reports_backtests_trading_or_auto_adoption,production_activation_requires_later_root_approved_gate
v0_3_candidate_ml_input_0_2,"This candidate ML input row is evidence-only metadata for evaluator review. It is not a production ranking input, not a trading signal, not an adoption decision, and not automatic production activation.",sc:ecard:8a6b0954107a301f043d,v0.3.0,sh:ecard:8a6b0954107a301f043d,ecard:8a6b0954107a301f043d,Quant_mvp\data\v0_3\selector_inputs\v0_3_selector_input.jsonl,Quant_mvp\data\v0_3\strategy_candidates\v0_3_strategy_candidate_registry.jsonl,,2026-05-06T14:04:50+00:00,draft,value,refine_strategy_hypothesis,false,4,2,6,8,needs_hybrid_split,3,low,hybrid,hybrid_split_required,,partial,0,low,abstract_supported,not_reported,true,false,false,8,4,2010-05-11,2010,,,,missing_evaluation_evidence,,,2015-01-01,2025-12-31,,,0,false,false,,,,,,false,metric_summary_missing_or_unavailable,false,false,false,,,,,,,,,,,,unlabeled,null_missing_evidence,null_missing_evidence,Quant_mvp\config\v0_3_selector_label_rules.toml,,,,,,,,,,,,,,,,evaluation_prioritization|active_learning|uncertainty_ranking|review_triage,time_aware_required_before_training,,false,false,doi:10.1080/14697680903493581,doi:10.1080/14697680903493581,false,false,blocked_missing_evaluation_evidence,ml_rows_must_not_feed_scores_rankings_reports_backtests_trading_or_auto_adoption,production_activation_requires_later_root_approved_gate
v0_3_candidate_ml_input_0_2,"This candidate ML input row is evidence-only metadata for evaluator review. It is not a production ranking input, not a trading signal, not an adoption decision, and not automatic production activation.",sc:ecard:8b76d2234b9b6b8ce7f5,v0.3.0,sh:ecard:8b76d2234b9b6b8ce7f5,ecard:8b76d2234b9b6b8ce7f5,Quant_mvp\data\v0_3\selector_inputs\v0_3_selector_input.jsonl,Quant_mvp\data\v0_3\strategy_candidates\v0_3_strategy_candidate_registry.jsonl,,2026-05-06T14:04:50+00:00,draft,value,refine_strategy_hypothesis,false,4,3,6,8,excluded_valuation_lane,0,not_collectable,valuation,valuation_agent_handoff,,not_specified,0,low,metadata_only,not_reported,false,false,false,8,4,2011-12-28,2011,,,,missing_evaluation_evidence,,,2015-01-01,2025-12-31,,,0,false,false,,,,,,false,metric_summary_missing_or_unavailable,false,false,false,,,,,,,,,,,,unlabeled,null_missing_evidence,null_missing_evidence,Quant_mvp\config\v0_3_selector_label_rules.toml,,,,,,,,,,,,,,,,evaluation_prioritization|active_learning|uncertainty_ranking|review_triage,time_aware_required_before_training,,false,false,doi:10.2139/ssrn.498243,doi:10.2139/ssrn.498243,false,false,blocked_missing_evaluation_evidence,ml_rows_must_not_feed_scores_rankings_reports_backtests_trading_or_auto_adoption,production_activation_requires_later_root_approved_gate
v0_3_candidate_ml_input_0_2,"This candidate ML input row is evidence-only metadata for evaluator review. It is not a production ranking input, not a trading signal, not an adoption decision, and not automatic production activation.",sc:ecard:8bea2464ced16a89e36f,v0.3.0,sh:ecard:8bea2464ced16a89e36f,ecard:8bea2464ced16a89e36f,Quant_mvp\data\v0_3\selector_inputs\v0_3_selector_input.jsonl,Quant_mvp\data\v0_3\strategy_candidates\v0_3_strategy_candidate_registry.jsonl,,2026-05-06T14:04:50+00:00,draft,momentum,refine_strategy_hypothesis,false,1,1,7,8,needs_manual_or_data_review,20,low,technical,technical_score_architect,momentum,not_specified,0,low,metadata_only,not_reported,false,false,false,6,1,2017-06-28,2017,,,,missing_evaluation_evidence,,,2015-01-01,2025-12-31,,,0,false,false,,,,,,false,metric_summary_missing_or_unavailable,false,false,false,,,,,,,,,,,,unlabeled,null_missing_evidence,null_missing_evidence,Quant_mvp\config\v0_3_selector_label_rules.toml,,,,,,,,,,,,,,,,evaluation_prioritization|active_learning|uncertainty_ranking|review_triage,time_aware_required_before_training,,false,false,doi:10.2139/ssrn.2931620,doi:10.2139/ssrn.2931620,false,false,blocked_missing_evaluation_evidence,ml_rows_must_not_feed_scores_rankings_reports_backtests_trading_or_auto_adoption,production_activation_requires_later_root_approved_gate
v0_3_candidate_ml_input_0_2,"This candidate ML input row is evidence-only metadata for evaluator review. It is not a production ranking input, not a trading signal, not an adoption decision, and not automatic production activation.",sc:ecard:8bf009c5a1c62025984a,v0.3.0,sh:ecard:8bf009c5a1c62025984a,ecard:8bf009c5a1c62025984a,Quant_mvp\data\v0_3\selector_inputs\v0_3_selector_input.jsonl,Quant_mvp\data\v0_3\strategy_candidates\v0_3_strategy_candidate_registry.jsonl,,2026-05-06T14:04:50+00:00,draft,volatility,refine_strategy_hypothesis,false,1,3,7,8,diagnostic_context_only,29,low,diagnostic,diagnostic_backlog,volatility_liquidity,partial,2,medium,abstract_supported,not_reported,false,false,false,6,1,2022-09-27,2022,,,,missing_evaluation_evidence,,,2015-01-01,2025-12-31,,,0,false,false,,,,,,false,metric_summary_missing_or_unavailable,false,false,false,,,,,,,,,,,,unlabeled,null_missing_evidence,null_missing_evidence,Quant_mvp\config\v0_3_selector_label_rules.toml,,,,,,,,,,,,,,,,evaluation_prioritization|active_learning|uncertainty_ranking|review_triage,time_aware_required_before_training,,false,false,arxiv:2209.13623,arxiv:2209.13623,false,false,blocked_missing_evaluation_evidence,ml_rows_must_not_feed_scores_rankings_reports_backtests_trading_or_auto_adoption,production_activation_requires_later_root_approved_gate
v0_3_candidate_ml_input_0_2,"This candidate ML input row is evidence-only metadata for evaluator review. It is not a production ranking input, not a trading signal, not an adoption decision, and not automatic production activation.",sc:ecard:8c2aef57e57f1dd5d6c8,v0.3.0,sh:ecard:8c2aef57e57f1dd5d6c8,ecard:8c2aef57e57f1dd5d6c8,Quant_mvp\data\v0_3\selector_inputs\v0_3_selector_input.jsonl,Quant_mvp\data\v0_3\strategy_candidates\v0_3_strategy_candidate_registry.jsonl,,2026-05-06T14:04:50+00:00,draft,volatility,refine_strategy_hypothesis,false,1,3,7,8,diagnostic_context_only,24,low,diagnostic,diagnostic_backlog,volatility_liquidity,partial,2,low,abstract_supported,not_reported,false,false,false,6,1,2021-03-02,2021,,,,missing_evaluation_evidence,,,2015-01-01,2025-12-31,,,0,false,false,,,,,,false,metric_summary_missing_or_unavailable,false,false,false,,,,,,,,,,,,unlabeled,null_missing_evidence,null_missing_evidence,Quant_mvp\config\v0_3_selector_label_rules.toml,,,,,,,,,,,,,,,,evaluation_prioritization|active_learning|uncertainty_ranking|review_triage,time_aware_required_before_training,,false,false,doi:10.11130/jei.2021.36.1.20,doi:10.11130/jei.2021.36.1.20,false,false,blocked_missing_evaluation_evidence,ml_rows_must_not_feed_scores_rankings_reports_backtests_trading_or_auto_adoption,production_activation_requires_later_root_approved_gate
v0_3_candidate_ml_input_0_2,"This candidate ML input row is evidence-only metadata for evaluator review. It is not a production ranking input, not a trading signal, not an adoption decision, and not automatic production activation.",sc:ecard:8c300bfdd648e5e7c17b,v0.3.0,sh:ecard:8c300bfdd648e5e7c17b,ecard:8c300bfdd648e5e7c17b,Quant_mvp\data\v0_3\selector_inputs\v0_3_selector_input.jsonl,Quant_mvp\data\v0_3\strategy_candidates\v0_3_strategy_candidate_registry.jsonl,Quant_mvp\backtest_mvp\docs\v0_3_evaluation_evidence\non_momentum_cohort_1\ee_v0_3_20260506_sc_ecard_8c300bfdd648e5e7c17b.md,2026-05-06T14:04:50+00:00,evaluable,volatility,create_evaluation_evidence,true,0,1,7,8,eligible_for_candidate_selector_review,94,high,technical,technical_score_architect,volatility_liquidity,partial,2,medium,abstract_supported,not_reported,false,false,false,6,0,2001-01-01,2001,2026-05-06,,ee_v0_3_20260506_sc_ecard_8c300bfdd648e5e7c17b,evidence_recorded,2026-05-06,2026-05-06,2015-01-02,2025-12-02,,benchmark_reference_comparison|cost|drawdown|no_feedback|no_lookahead|oos_walk_forward_stability|turnover|volatility,8,true,true,approved_evaluation_evidence,candidate_specific,candidate_level_supervised_label_candidate,strategy_candidate,sc:ecard:8c300bfdd648e5e7c17b,true,candidate_id_matches_candidate_level_evaluation_evidence,false,false,false,4.59248614414884,-0.26420150156471234,-0.26420150156471234,4.856687645713552,-0.49924422265194046,0.39104534114120565,0.686318407960199,0.5932409139655367,recorded_walk_forward_pass,0,1,candidate_level_evaluation_evidence,,positive,Quant_mvp\config\v0_3_selector_label_rules.toml,candidate_level_evaluation_evidence,candidate_specific,candidate_level_supervised_label_candidate,ee_v0_3_20260506_sc_ecard_8c300bfdd648e5e7c17b,2026-05-06,,,,,,,,,,,evaluation_prioritization|active_learning|uncertainty_ranking|review_triage,time_aware_required_before_training,,true,false,openalex:https://openalex.org/W1563307872,openalex:https://openalex.org/W1563307872,true,false,eligible_candidate_level_label,ml_rows_must_not_feed_scores_rankings_reports_backtests_trading_or_auto_adoption,production_activation_requires_later_root_approved_gate
v0_3_candidate_ml_input_0_2,"This candidate ML input row is evidence-only metadata for evaluator review. It is not a production ranking input, not a trading signal, not an adoption decision, and not automatic production activation.",sc:ecard:8ce75ad1a98432421d90,v0.3.0,sh:ecard:8ce75ad1a98432421d90,ecard:8ce75ad1a98432421d90,Quant_mvp\data\v0_3\selector_inputs\v0_3_selector_input.jsonl,Quant_mvp\data\v0_3\strategy_candidates\v0_3_strategy_candidate_registry.jsonl,,2026-05-06T14:04:50+00:00,blocked,value,resolve_blocker,false,3,1,6,8,excluded_rejected_or_out_of_scope,0,not_collectable,out_of_scope,reject_log,momentum,not_specified,0,low,metadata_only,not_reported,false,false,false,6,3,2013-09-01,2013,,,,missing_evaluation_evidence,,,2015-01-01,2025-12-31,,,0,false,false,,,,,,false,metric_summary_missing_or_unavailable,false,false,false,,,,,,,,,,,,unlabeled,null_missing_evidence,null_missing_evidence,Quant_mvp\config\v0_3_selector_label_rules.toml,,,,,,,,,,,,,,,,evaluation_prioritization|active_learning|uncertainty_ranking|review_triage,time_aware_required_before_training,,false,false,doi:10.1016/j.ememar.2013.03.001,doi:10.1016/j.ememar.2013.03.001,false,false,blocked_missing_evaluation_evidence,ml_rows_must_not_feed_scores_rankings_reports_backtests_trading_or_auto_adoption,production_activation_requires_later_root_approved_gate
v0_3_candidate_ml_input_0_2,"This candidate ML input row is evidence-only metadata for evaluator review. It is not a production ranking input, not a trading signal, not an adoption decision, and not automatic production activation.",sc:ecard:8d119571ff3ce04a6b47,v0.3.0,sh:ecard:8d119571ff3ce04a6b47,ecard:8d119571ff3ce04a6b47,Quant_mvp\data\v0_3\selector_inputs\v0_3_selector_input.jsonl,Quant_mvp\data\v0_3\strategy_candidates\v0_3_strategy_candidate_registry.jsonl,,2026-05-06T14:04:50+00:00,blocked,volatility,resolve_blocker,false,3,1,7,8,excluded_rejected_or_out_of_scope,0,not_collectable,out_of_scope,reject_log,volatility_liquidity,partial,0,low,abstract_supported,not_reported,false,false,false,6,3,2019-04-03,2019,,,,missing_evaluation_evidence,,,2015-01-01,2025-12-31,,,0,false,false,,,,,,false,metric_summary_missing_or_unavailable,false,false,false,,,,,,,,,,,,unlabeled,null_missing_evidence,null_missing_evidence,Quant_mvp\config\v0_3_selector_label_rules.toml,,,,,,,,,,,,,,,,evaluation_prioritization|active_learning|uncertainty_ranking|review_triage,time_aware_required_before_training,,false,false,doi:10.1108/ijmf-06-2017-0107,doi:10.1108/ijmf-06-2017-0107,false,false,blocked_missing_evaluation_evidence,ml_rows_must_not_feed_scores_rankings_reports_backtests_trading_or_auto_adoption,production_activation_requires_later_root_approved_gate
v0_3_candidate_ml_input_0_2,"This candidate ML input row is evidence-only metadata for evaluator review. It is not a production ranking input, not a trading signal, not an adoption decision, and not automatic production activation.",sc:ecard:8da6f57835a14479b76a,v0.3.0,sh:ecard:8da6f57835a14479b76a,ecard:8da6f57835a14479b76a,Quant_mvp\data\v0_3\selector_inputs\v0_3_selector_input.jsonl,Quant_mvp\data\v0_3\strategy_candidates\v0_3_strategy_candidate_registry.jsonl,,2026-05-06T14:04:50+00:00,draft,value,refine_strategy_hypothesis,false,4,2,6,8,needs_hybrid_split,3,low,hybrid,hybrid_split_required,mean_reversion,partial,0,low,abstract_supported,not_reported,false,false,false,8,4,2011-09-21,2011,,,,missing_evaluation_evidence,,,2015-01-01,2025-12-31,,,0,false,false,,,,,,false,metric_summary_missing_or_unavailable,false,false,false,,,,,,,,,,,,unlabeled,null_missing_evidence,null_missing_evidence,Quant_mvp\config\v0_3_selector_label_rules.toml,,,,,,,,,,,,,,,,evaluation_prioritization|active_learning|uncertainty_ranking|review_triage,time_aware_required_before_training,,false,false,doi:10.1111/j.1540-6261.2011.01679.x,doi:10.1111/j.1540-6261.2011.01679.x,false,false,blocked_missing_evaluation_evidence,ml_rows_must_not_feed_scores_rankings_reports_backtests_trading_or_auto_adoption,production_activation_requires_later_root_approved_gate
v0_3_candidate_ml_input_0_2,"This candidate ML input row is evidence-only metadata for evaluator review. It is not a production ranking input, not a trading signal, not an adoption decision, and not automatic production activation.",sc:ecard:8e2e2af4309da86a97e1,v0.3.0,sh:ecard:8e2e2af4309da86a97e1,ecard:8e2e2af4309da86a97e1,Quant_mvp\data\v0_3\selector_inputs\v0_3_selector_input.jsonl,Quant_mvp\data\v0_3\strategy_candidates\v0_3_strategy_candidate_registry.jsonl,,2026-05-06T14:04:50+00:00,draft,value,refine_strategy_hypothesis,false,4,2,6,8,needs_hybrid_split,3,low,hybrid,hybrid_split_required,mean_reversion,partial,0,low,abstract_supported,not_reported,false,false,false,8,4,2003-06-01,2003,,,,missing_evaluation_evidence,,,2015-01-01,2025-12-31,,,0,false,false,,,,,,false,metric_summary_missing_or_unavailable,false,false,false,,,,,,,,,,,,unlabeled,null_missing_evidence,null_missing_evidence,Quant_mvp\config\v0_3_selector_label_rules.toml,,,,,,,,,,,,,,,,evaluation_prioritization|active_learning|uncertainty_ranking|review_triage,time_aware_required_before_training,,false,false,doi:10.1111/1468-0297.13917,doi:10.1111/1468-0297.13917,false,false,blocked_missing_evaluation_evidence,ml_rows_must_not_feed_scores_rankings_reports_backtests_trading_or_auto_adoption,production_activation_requires_later_root_approved_gate
v0_3_candidate_ml_input_0_2,"This candidate ML input row is evidence-only metadata for evaluator review. It is not a production ranking input, not a trading signal, not an adoption decision, and not automatic production activation.",sc:ecard:8e3b7e6f1bfa43e1d5d0,v0.3.0,sh:ecard:8e3b7e6f1bfa43e1d5d0,ecard:8e3b7e6f1bfa43e1d5d0,Quant_mvp\data\v0_3\selector_inputs\v0_3_selector_input.jsonl,Quant_mvp\data\v0_3\strategy_candidates\v0_3_strategy_candidate_registry.jsonl,,2026-05-06T14:04:50+00:00,draft,other,refine_strategy_hypothesis,false,1,1,6,8,needs_manual_or_data_review,20,low,technical,technical_score_architect,,not_specified,0,low,metadata_only,,false,false,false,6,1,2012-01-02,2012,,,,missing_evaluation_evidence,,,2015-01-01,2025-12-31,,,0,false,false,,,,,,false,metric_summary_missing_or_unavailable,false,false,false,,,,,,,,,,,,unlabeled,null_missing_evidence,null_missing_evidence,Quant_mvp\config\v0_3_selector_label_rules.toml,,,,,,,,,,,,,,,,evaluation_prioritization|active_learning|uncertainty_ranking|review_triage,time_aware_required_before_training,,false,false,doi:10.1002/9781119202233.ch6,doi:10.1002/9781119202233.ch6,false,false,blocked_missing_evaluation_evidence,ml_rows_must_not_feed_scores_rankings_reports_backtests_trading_or_auto_adoption,production_activation_requires_later_root_approved_gate
v0_3_candidate_ml_input_0_2,"This candidate ML input row is evidence-only metadata for evaluator review. It is not a production ranking input, not a trading signal, not an adoption decision, and not automatic production activation.",sc:ecard:8eaeb7aabdc5bda015d8,v0.3.0,sh:ecard:8eaeb7aabdc5bda015d8,ecard:8eaeb7aabdc5bda015d8,Quant_mvp\data\v0_3\selector_inputs\v0_3_selector_input.jsonl,Quant_mvp\data\v0_3\strategy_candidates\v0_3_strategy_candidate_registry.jsonl,,2026-05-06T14:04:50+00:00,blocked,other,resolve_blocker,false,2,1,6,8,excluded_rejected_or_out_of_scope,0,not_collectable,out_of_scope,reject_log,,not_specified,0,low,metadata_only,not_reported,false,false,false,6,2,2017-11-28,2017,,,,missing_evaluation_evidence,,,2015-01-01,2025-12-31,,,0,false,false,,,,,,false,metric_summary_missing_or_unavailable,false,false,false,,,,,,,,,,,,unlabeled,null_missing_evidence,null_missing_evidence,Quant_mvp\config\v0_3_selector_label_rules.toml,,,,,,,,,,,,,,,,evaluation_prioritization|active_learning|uncertainty_ranking|review_triage,time_aware_required_before_training,,false,false,doi:10.4324/9781315149189-ch13,doi:10.4324/9781315149189-ch13,false,false,blocked_missing_evaluation_evidence,ml_rows_must_not_feed_scores_rankings_reports_backtests_trading_or_auto_adoption,production_activation_requires_later_root_approved_gate
v0_3_candidate_ml_input_0_2,"This candidate ML input row is evidence-only metadata for evaluator review. It is not a production ranking input, not a trading signal, not an adoption decision, and not automatic production activation.",sc:ecard:8efc3d0fbcba2213a189,v0.3.0,sh:ecard:8efc3d0fbcba2213a189,ecard:8efc3d0fbcba2213a189,Quant_mvp\data\v0_3\selector_inputs\v0_3_selector_input.jsonl,Quant_mvp\data\v0_3\strategy_candidates\v0_3_strategy_candidate_registry.jsonl,,2026-05-06T14:04:50+00:00,draft,volatility,refine_strategy_hypothesis,false,1,3,7,8,diagnostic_context_only,24,low,diagnostic,diagnostic_backlog,volatility_liquidity,partial,2,low,abstract_supported,not_reported,false,false,false,6,1,1999-12-01,1999,,,,missing_evaluation_evidence,,,2015-01-01,2025-12-31,,,0,false,false,,,,,,false,metric_summary_missing_or_unavailable,false,false,false,,,,,,,,,,,,unlabeled,null_missing_evidence,null_missing_evidence,Quant_mvp\config\v0_3_selector_label_rules.toml,,,,,,,,,,,,,,,,evaluation_prioritization|active_learning|uncertainty_ranking|review_triage,time_aware_required_before_training,,false,false,doi:10.1177/031289629902400203,doi:10.1177/031289629902400203,false,false,blocked_missing_evaluation_evidence,ml_rows_must_not_feed_scores_rankings_reports_backtests_trading_or_auto_adoption,production_activation_requires_later_root_approved_gate
v0_3_candidate_ml_input_0_2,"This candidate ML input row is evidence-only metadata for evaluator review. It is not a production ranking input, not a trading signal, not an adoption decision, and not automatic production activation.",sc:ecard:9045cf70f81a2fef79c9,v0.3.0,sh:ecard:9045cf70f81a2fef79c9,ecard:9045cf70f81a2fef79c9,Quant_mvp\data\v0_3\selector_inputs\v0_3_selector_input.jsonl,Quant_mvp\data\v0_3\strategy_candidates\v0_3_strategy_candidate_registry.jsonl,Quant_mvp\backtest_mvp\docs\v0_3_evaluation_evidence\momentum_cohort_1\ee_v0_3_20260506_sc_ecard_9045cf70f81a2fef79c9.md,2026-05-06T14:04:50+00:00,evaluable,momentum,create_evaluation_evidence,true,0,1,7,8,eligible_for_candidate_selector_review,94,high,technical,technical_score_architect,momentum,partial,2,medium,abstract_supported,not_reported,false,false,false,6,0,2012-12-01,2012,2026-05-06,,ee_v0_3_20260506_sc_ecard_9045cf70f81a2fef79c9,evidence_recorded,2026-05-06,2026-05-06,2015-01-02,2025-12-02,,benchmark_reference_comparison|cost|drawdown|no_feedback|no_lookahead|oos_walk_forward_stability|turnover|volatility,8,true,true,approved_evaluation_evidence,candidate_specific,candidate_level_supervised_label_candidate,strategy_candidate,sc:ecard:9045cf70f81a2fef79c9,true,candidate_id_matches_candidate_level_evaluation_evidence,false,false,false,0.9478898686276229,-0.270661347208625,-0.270661347208625,1.218551215836248,-0.6092164024086726,0.2968075686560764,0.8618159203980099,0.35818175172278915,recorded_walk_forward_fail,0,0,candidate_level_evaluation_evidence,,negative,Quant_mvp\config\v0_3_selector_label_rules.toml,candidate_level_evaluation_evidence,candidate_specific,candidate_level_supervised_label_candidate,ee_v0_3_20260506_sc_ecard_9045cf70f81a2fef79c9,2026-05-06,,,,,,,,,,,evaluation_prioritization|active_learning|uncertainty_ranking|review_triage,time_aware_required_before_training,,true,false,doi:10.30541/v51i4iipp.449-462,doi:10.30541/v51i4iipp.449-462,true,false,eligible_candidate_level_label,ml_rows_must_not_feed_scores_rankings_reports_backtests_trading_or_auto_adoption,production_activation_requires_later_root_approved_gate
v0_3_candidate_ml_input_0_2,"This candidate ML input row is evidence-only metadata for evaluator review. It is not a production ranking input, not a trading signal, not an adoption decision, and not automatic production activation.",sc:ecard:904d7a8e5f51200996ff,v0.3.0,sh:ecard:904d7a8e5f51200996ff,ecard:904d7a8e5f51200996ff,Quant_mvp\data\v0_3\selector_inputs\v0_3_selector_input.jsonl,Quant_mvp\data\v0_3\strategy_candidates\v0_3_strategy_candidate_registry.jsonl,,2026-05-06T14:04:50+00:00,draft,value,refine_strategy_hypothesis,false,4,2,6,8,needs_hybrid_split,0,not_collectable,hybrid,hybrid_split_required,,not_specified,0,low,metadata_only,not_reported,false,false,false,8,4,1998-01-01,1998,,,,missing_evaluation_evidence,,,2015-01-01,2025-12-31,,,0,false,false,,,,,,false,metric_summary_missing_or_unavailable,false,false,false,,,,,,,,,,,,unlabeled,null_missing_evidence,null_missing_evidence,Quant_mvp\config\v0_3_selector_label_rules.toml,,,,,,,,,,,,,,,,evaluation_prioritization|active_learning|uncertainty_ranking|review_triage,time_aware_required_before_training,,false,false,doi:10.2307/3666289,doi:10.2307/3666289,false,false,blocked_missing_evaluation_evidence,ml_rows_must_not_feed_scores_rankings_reports_backtests_trading_or_auto_adoption,production_activation_requires_later_root_approved_gate
v0_3_candidate_ml_input_0_2,"This candidate ML input row is evidence-only metadata for evaluator review. It is not a production ranking input, not a trading signal, not an adoption decision, and not automatic production activation.",sc:ecard:90772ec973f42ec8cdcc,v0.3.0,sh:ecard:90772ec973f42ec8cdcc,ecard:90772ec973f42ec8cdcc,Quant_mvp\data\v0_3\selector_inputs\v0_3_selector_input.jsonl,Quant_mvp\data\v0_3\strategy_candidates\v0_3_strategy_candidate_registry.jsonl,,2026-05-06T14:04:50+00:00,draft,value,refine_strategy_hypothesis,false,4,3,6,8,excluded_valuation_lane,0,not_collectable,valuation,valuation_agent_handoff,,not_specified,0,low,metadata_only,not_reported,false,false,false,8,4,2003-01-01,2003,,,,missing_evaluation_evidence,,,2015-01-01,2025-12-31,,,0,false,false,,,,,,false,metric_summary_missing_or_unavailable,false,false,false,,,,,,,,,,,,unlabeled,null_missing_evidence,null_missing_evidence,Quant_mvp\config\v0_3_selector_label_rules.toml,,,,,,,,,,,,,,,,evaluation_prioritization|active_learning|uncertainty_ranking|review_triage,time_aware_required_before_training,,false,false,doi:10.2139/ssrn.470788,doi:10.2139/ssrn.470788,false,false,blocked_missing_evaluation_evidence,ml_rows_must_not_feed_scores_rankings_reports_backtests_trading_or_auto_adoption,production_activation_requires_later_root_approved_gate
v0_3_candidate_ml_input_0_2,"This candidate ML input row is evidence-only metadata for evaluator review. It is not a production ranking input, not a trading signal, not an adoption decision, and not automatic production activation.",sc:ecard:909aa43c2f020a412c31,v0.3.0,sh:ecard:909aa43c2f020a412c31,ecard:909aa43c2f020a412c31,Quant_mvp\data\v0_3\selector_inputs\v0_3_selector_input.jsonl,Quant_mvp\data\v0_3\strategy_candidates\v0_3_strategy_candidate_registry.jsonl,,2026-05-06T14:04:50+00:00,draft,reversal,refine_strategy_hypothesis,false,2,3,7,8,diagnostic_context_only,0,not_collectable,diagnostic,diagnostic_backlog,volatility_liquidity,not_specified,0,low,metadata_only,not_reported,false,false,false,6,2,2007-06-15,2007,,,,missing_evaluation_evidence,,,2015-01-01,2025-12-31,,,0,false,false,,,,,,false,metric_summary_missing_or_unavailable,false,false,false,,,,,,,,,,,,unlabeled,null_missing_evidence,null_missing_evidence,Quant_mvp\config\v0_3_selector_label_rules.toml,,,,,,,,,,,,,,,,evaluation_prioritization|active_learning|uncertainty_ranking|review_triage,time_aware_required_before_training,,false,false,doi:10.11130/jei.2007.22.2.369,doi:10.11130/jei.2007.22.2.369,false,false,blocked_missing_evaluation_evidence,ml_rows_must_not_feed_scores_rankings_reports_backtests_trading_or_auto_adoption,production_activation_requires_later_root_approved_gate
v0_3_candidate_ml_input_0_2,"This candidate ML input row is evidence-only metadata for evaluator review. It is not a production ranking input, not a trading signal, not an adoption decision, and not automatic production activation.",sc:ecard:913438d7af4403ccdf37,v0.3.0,sh:ecard:913438d7af4403ccdf37,ecard:913438d7af4403ccdf37,Quant_mvp\data\v0_3\selector_inputs\v0_3_selector_input.jsonl,Quant_mvp\data\v0_3\strategy_candidates\v0_3_strategy_candidate_registry.jsonl,,2026-05-06T14:04:50+00:00,draft,other,refine_strategy_hypothesis,false,2,3,6,8,diagnostic_context_only,0,not_collectable,diagnostic,diagnostic_backlog,,not_specified,0,low,metadata_only,not_reported,false,false,false,6,2,2012-01-04,2012,,,,missing_evaluation_evidence,,,2015-01-01,2025-12-31,,,0,false,false,,,,,,false,metric_summary_missing_or_unavailable,false,false,false,,,,,,,,,,,,unlabeled,null_missing_evidence,null_missing_evidence,Quant_mvp\config\v0_3_selector_label_rules.toml,,,,,,,,,,,,,,,,evaluation_prioritization|active_learning|uncertainty_ranking|review_triage,time_aware_required_before_training,,false,false,doi:10.2139/ssrn.1555835,doi:10.2139/ssrn.1555835,false,false,blocked_missing_evaluation_evidence,ml_rows_must_not_feed_scores_rankings_reports_backtests_trading_or_auto_adoption,production_activation_requires_later_root_approved_gate
v0_3_candidate_ml_input_0_2,"This candidate ML input row is evidence-only metadata for evaluator review. It is not a production ranking input, not a trading signal, not an adoption decision, and not automatic production activation.",sc:ecard:915284679026559c4a8c,v0.3.0,sh:ecard:915284679026559c4a8c,ecard:915284679026559c4a8c,Quant_mvp\data\v0_3\selector_inputs\v0_3_selector_input.jsonl,Quant_mvp\data\v0_3\strategy_candidates\v0_3_strategy_candidate_registry.jsonl,,2026-05-06T14:04:50+00:00,draft,value,refine_strategy_hypothesis,false,2,3,6,8,diagnostic_context_only,0,not_collectable,diagnostic,diagnostic_backlog,,not_specified,0,low,metadata_only,not_reported,false,false,false,6,2,2001-06-01,2001,,,,missing_evaluation_evidence,,,2015-01-01,2025-12-31,,,0,false,false,,,,,,false,metric_summary_missing_or_unavailable,false,false,false,,,,,,,,,,,,unlabeled,null_missing_evidence,null_missing_evidence,Quant_mvp\config\v0_3_selector_label_rules.toml,,,,,,,,,,,,,,,,evaluation_prioritization|active_learning|uncertainty_ranking|review_triage,time_aware_required_before_training,,false,false,doi:10.1023/a:1011988915768,doi:10.1023/a:1011988915768,false,false,blocked_missing_evaluation_evidence,ml_rows_must_not_feed_scores_rankings_reports_backtests_trading_or_auto_adoption,production_activation_requires_later_root_approved_gate
v0_3_candidate_ml_input_0_2,"This candidate ML input row is evidence-only metadata for evaluator review. It is not a production ranking input, not a trading signal, not an adoption decision, and not automatic production activation.",sc:ecard:9197a57c763da8e17f64,v0.3.0,sh:ecard:9197a57c763da8e17f64,ecard:9197a57c763da8e17f64,Quant_mvp\data\v0_3\selector_inputs\v0_3_selector_input.jsonl,Quant_mvp\data\v0_3\strategy_candidates\v0_3_strategy_candidate_registry.jsonl,,2026-05-06T14:04:50+00:00,draft,value,refine_strategy_hypothesis,false,4,3,6,8,excluded_valuation_lane,0,not_collectable,valuation,valuation_agent_handoff,,not_specified,0,low,metadata_only,not_reported,false,false,false,8,4,2017-01-01,2017,,,,missing_evaluation_evidence,,,2015-01-01,2025-12-31,,,0,false,false,,,,,,false,metric_summary_missing_or_unavailable,false,false,false,,,,,,,,,,,,unlabeled,null_missing_evidence,null_missing_evidence,Quant_mvp\config\v0_3_selector_label_rules.toml,,,,,,,,,,,,,,,,evaluation_prioritization|active_learning|uncertainty_ranking|review_triage,time_aware_required_before_training,,false,false,doi:10.2139/ssrn.2924798,doi:10.2139/ssrn.2924798,false,false,blocked_missing_evaluation_evidence,ml_rows_must_not_feed_scores_rankings_reports_backtests_trading_or_auto_adoption,production_activation_requires_later_root_approved_gate
v0_3_candidate_ml_input_0_2,"This candidate ML input row is evidence-only metadata for evaluator review. It is not a production ranking input, not a trading signal, not an adoption decision, and not automatic production activation.",sc:ecard:9235090dbb5c62221ae9,v0.3.0,sh:ecard:9235090dbb5c62221ae9,ecard:9235090dbb5c62221ae9,Quant_mvp\data\v0_3\selector_inputs\v0_3_selector_input.jsonl,Quant_mvp\data\v0_3\strategy_candidates\v0_3_strategy_candidate_registry.jsonl,,2026-05-06T14:04:50+00:00,draft,seasonality,refine_strategy_hypothesis,false,2,3,6,8,diagnostic_context_only,0,not_collectable,diagnostic,diagnostic_backlog,,not_specified,0,low,metadata_only,not_reported,false,false,false,6,2,2005-08-19,2005,,,,missing_evaluation_evidence,,,2015-01-01,2025-12-31,,,0,false,false,,,,,,false,metric_summary_missing_or_unavailable,false,false,false,,,,,,,,,,,,unlabeled,null_missing_evidence,null_missing_evidence,Quant_mvp\config\v0_3_selector_label_rules.toml,,,,,,,,,,,,,,,,evaluation_prioritization|active_learning|uncertainty_ranking|review_triage,time_aware_required_before_training,,false,false,doi:10.2139/ssrn.302462,doi:10.2139/ssrn.302462,false,false,blocked_missing_evaluation_evidence,ml_rows_must_not_feed_scores_rankings_reports_backtests_trading_or_auto_adoption,production_activation_requires_later_root_approved_gate
v0_3_candidate_ml_input_0_2,"This candidate ML input row is evidence-only metadata for evaluator review. It is not a production ranking input, not a trading signal, not an adoption decision, and not automatic production activation.",sc:ecard:9251cf532ee8ca2e9463,v0.3.0,sh:ecard:9251cf532ee8ca2e9463,ecard:9251cf532ee8ca2e9463,Quant_mvp\data\v0_3\selector_inputs\v0_3_selector_input.jsonl,Quant_mvp\data\v0_3\strategy_candidates\v0_3_strategy_candidate_registry.jsonl,Quant_mvp\backtest_mvp\docs\v0_3_evaluation_evidence\momentum_cohort_1\ee_v0_3_20260506_sc_ecard_9251cf532ee8ca2e9463.md,2026-05-06T14:04:50+00:00,evaluable,momentum,create_evaluation_evidence,true,0,1,7,8,eligible_for_candidate_selector_review,94,high,technical,technical_score_architect,momentum,partial,2,medium,abstract_supported,not_reported,false,false,false,6,0,2017-01-25,2017,2026-05-06,,ee_v0_3_20260506_sc_ecard_9251cf532ee8ca2e9463,evidence_recorded,2026-05-06,2026-05-06,2015-01-02,2025-12-02,,benchmark_reference_comparison|cost|drawdown|no_feedback|no_lookahead|oos_walk_forward_stability|turnover|volatility,8,true,true,approved_evaluation_evidence,candidate_specific,candidate_level_supervised_label_candidate,strategy_candidate,sc:ecard:9251cf532ee8ca2e9463,true,candidate_id_matches_candidate_level_evaluation_evidence,false,false,false,0.9478898686276229,-0.270661347208625,-0.270661347208625,1.218551215836248,-0.6092164024086726,0.2968075686560764,0.8618159203980099,0.35818175172278915,recorded_walk_forward_fail,0,0,candidate_level_evaluation_evidence,,negative,Quant_mvp\config\v0_3_selector_label_rules.toml,candidate_level_evaluation_evidence,candidate_specific,candidate_level_supervised_label_candidate,ee_v0_3_20260506_sc_ecard_9251cf532ee8ca2e9463,2026-05-06,,,,,,,,,,,evaluation_prioritization|active_learning|uncertainty_ranking|review_triage,time_aware_required_before_training,,true,false,arxiv:1701.07175,arxiv:1701.07175,true,false,eligible_candidate_level_label,ml_rows_must_not_feed_scores_rankings_reports_backtests_trading_or_auto_adoption,production_activation_requires_later_root_approved_gate
v0_3_candidate_ml_input_0_2,"This candidate ML input row is evidence-only metadata for evaluator review. It is not a production ranking input, not a trading signal, not an adoption decision, and not automatic production activation.",sc:ecard:92fb38e9b7daf77676e7,v0.3.0,sh:ecard:92fb38e9b7daf77676e7,ecard:92fb38e9b7daf77676e7,Quant_mvp\data\v0_3\selector_inputs\v0_3_selector_input.jsonl,Quant_mvp\data\v0_3\strategy_candidates\v0_3_strategy_candidate_registry.jsonl,,2026-05-06T14:04:50+00:00,draft,volatility,refine_strategy_hypothesis,false,2,3,7,8,diagnostic_context_only,0,not_collectable,diagnostic,diagnostic_backlog,volatility_liquidity,not_specified,0,low,metadata_only,not_reported,false,false,false,6,2,2008-06-01,2008,,,,missing_evaluation_evidence,,,2015-01-01,2025-12-31,,,0,false,false,,,,,,false,metric_summary_missing_or_unavailable,false,false,false,,,,,,,,,,,,unlabeled,null_missing_evidence,null_missing_evidence,Quant_mvp\config\v0_3_selector_label_rules.toml,,,,,,,,,,,,,,,,evaluation_prioritization|active_learning|uncertainty_ranking|review_triage,time_aware_required_before_training,,false,false,doi:10.1016/j.irfa.2006.10.006,doi:10.1016/j.irfa.2006.10.006,false,false,blocked_missing_evaluation_evidence,ml_rows_must_not_feed_scores_rankings_reports_backtests_trading_or_auto_adoption,production_activation_requires_later_root_approved_gate
v0_3_candidate_ml_input_0_2,"This candidate ML input row is evidence-only metadata for evaluator review. It is not a production ranking input, not a trading signal, not an adoption decision, and not automatic production activation.",sc:ecard:930cc5e5e099182e344b,v0.3.0,sh:ecard:930cc5e5e099182e344b,ecard:930cc5e5e099182e344b,Quant_mvp\data\v0_3\selector_inputs\v0_3_selector_input.jsonl,Quant_mvp\data\v0_3\strategy_candidates\v0_3_strategy_candidate_registry.jsonl,Quant_mvp\backtest_mvp\docs\v0_3_evaluation_evidence\momentum_cohort_1\ee_v0_3_20260506_sc_ecard_930cc5e5e099182e344b.md,2026-05-06T14:04:50+00:00,evaluable,momentum,create_evaluation_evidence,true,0,1,7,8,eligible_for_candidate_selector_review,94,high,technical,technical_score_architect,momentum,partial,2,medium,abstract_supported,not_reported,false,false,false,6,0,2026-01-12,2026,2026-05-06,,ee_v0_3_20260506_sc_ecard_930cc5e5e099182e344b,evidence_recorded,2026-05-06,2026-05-06,2015-01-02,2025-12-02,,benchmark_reference_comparison|cost|drawdown|no_feedback|no_lookahead|oos_walk_forward_stability|turnover|volatility,8,true,true,approved_evaluation_evidence,candidate_specific,candidate_level_supervised_label_candidate,strategy_candidate,sc:ecard:930cc5e5e099182e344b,true,candidate_id_matches_candidate_level_evaluation_evidence,false,false,false,0.9478898686276229,-0.270661347208625,-0.270661347208625,1.218551215836248,-0.6092164024086726,0.2968075686560764,0.8618159203980099,0.35818175172278915,recorded_walk_forward_fail,0,0,candidate_level_evaluation_evidence,,negative,Quant_mvp\config\v0_3_selector_label_rules.toml,candidate_level_evaluation_evidence,candidate_specific,candidate_level_supervised_label_candidate,ee_v0_3_20260506_sc_ecard_930cc5e5e099182e344b,2026-05-06,,,,,,,,,,,evaluation_prioritization|active_learning|uncertainty_ranking|review_triage,time_aware_required_before_training,,true,false,arxiv:2601.07792,arxiv:2601.07792,true,false,eligible_candidate_level_label,ml_rows_must_not_feed_scores_rankings_reports_backtests_trading_or_auto_adoption,production_activation_requires_later_root_approved_gate
v0_3_candidate_ml_input_0_2,"This candidate ML input row is evidence-only metadata for evaluator review. It is not a production ranking input, not a trading signal, not an adoption decision, and not automatic production activation.",sc:ecard:9374375a1c49d82f025a,v0.3.0,sh:ecard:9374375a1c49d82f025a,ecard:9374375a1c49d82f025a,Quant_mvp\data\v0_3\selector_inputs\v0_3_selector_input.jsonl,Quant_mvp\data\v0_3\strategy_candidates\v0_3_strategy_candidate_registry.jsonl,,2026-05-06T14:04:50+00:00,draft,other,refine_strategy_hypothesis,false,2,3,6,8,diagnostic_context_only,0,not_collectable,diagnostic,diagnostic_backlog,,not_specified,0,low,metadata_only,not_reported,false,false,false,6,2,2022-01-01,2022,,,,missing_evaluation_evidence,,,2015-01-01,2025-12-31,,,0,false,false,,,,,,false,metric_summary_missing_or_unavailable,false,false,false,,,,,,,,,,,,unlabeled,null_missing_evidence,null_missing_evidence,Quant_mvp\config\v0_3_selector_label_rules.toml,,,,,,,,,,,,,,,,evaluation_prioritization|active_learning|uncertainty_ranking|review_triage,time_aware_required_before_training,,false,false,doi:10.4135/9781071812082.n148,doi:10.4135/9781071812082.n148,false,false,blocked_missing_evaluation_evidence,ml_rows_must_not_feed_scores_rankings_reports_backtests_trading_or_auto_adoption,production_activation_requires_later_root_approved_gate
v0_3_candidate_ml_input_0_2,"This candidate ML input row is evidence-only metadata for evaluator review. It is not a production ranking input, not a trading signal, not an adoption decision, and not automatic production activation.",sc:ecard:941f49b91555bc71ab42,v0.3.0,sh:ecard:941f49b91555bc71ab42,ecard:941f49b91555bc71ab42,Quant_mvp\data\v0_3\selector_inputs\v0_3_selector_input.jsonl,Quant_mvp\data\v0_3\strategy_candidates\v0_3_strategy_candidate_registry.jsonl,,2026-05-06T14:04:50+00:00,draft,value,refine_strategy_hypothesis,false,4,2,6,8,needs_hybrid_split,0,not_collectable,hybrid,hybrid_split_required,,not_specified,0,low,metadata_only,not_reported,false,false,false,8,4,2003-01-01,2003,,,,missing_evaluation_evidence,,,2015-01-01,2025-12-31,,,0,false,false,,,,,,false,metric_summary_missing_or_unavailable,false,false,false,,,,,,,,,,,,unlabeled,null_missing_evidence,null_missing_evidence,Quant_mvp\config\v0_3_selector_label_rules.toml,,,,,,,,,,,,,,,,evaluation_prioritization|active_learning|uncertainty_ranking|review_triage,time_aware_required_before_training,,false,false,doi:10.1080/13547860306289,doi:10.1080/13547860306289,false,false,blocked_missing_evaluation_evidence,ml_rows_must_not_feed_scores_rankings_reports_backtests_trading_or_auto_adoption,production_activation_requires_later_root_approved_gate
v0_3_candidate_ml_input_0_2,"This candidate ML input row is evidence-only metadata for evaluator review. It is not a production ranking input, not a trading signal, not an adoption decision, and not automatic production activation.",sc:ecard:948952d196ed148b85ed,v0.3.0,sh:ecard:948952d196ed148b85ed,ecard:948952d196ed148b85ed,Quant_mvp\data\v0_3\selector_inputs\v0_3_selector_input.jsonl,Quant_mvp\data\v0_3\strategy_candidates\v0_3_strategy_candidate_registry.jsonl,,2026-05-06T14:04:50+00:00,blocked,other,resolve_blocker,false,2,1,6,8,excluded_rejected_or_out_of_scope,0,not_collectable,out_of_scope,reject_log,,not_specified,0,low,metadata_only,not_reported,false,false,false,6,2,2009-02-01,2009,,,,missing_evaluation_evidence,,,2015-01-01,2025-12-31,,,0,false,false,,,,,,false,metric_summary_missing_or_unavailable,false,false,false,,,,,,,,,,,,unlabeled,null_missing_evidence,null_missing_evidence,Quant_mvp\config\v0_3_selector_label_rules.toml,,,,,,,,,,,,,,,,evaluation_prioritization|active_learning|uncertainty_ranking|review_triage,time_aware_required_before_training,,false,false,doi:10.1093/revfin/hhl046,doi:10.1093/revfin/hhl046,false,false,blocked_missing_evaluation_evidence,ml_rows_must_not_feed_scores_rankings_reports_backtests_trading_or_auto_adoption,production_activation_requires_later_root_approved_gate
v0_3_candidate_ml_input_0_2,"This candidate ML input row is evidence-only metadata for evaluator review. It is not a production ranking input, not a trading signal, not an adoption decision, and not automatic production activation.",sc:ecard:9586bc8a0ec04be390ad,v0.3.0,sh:ecard:9586bc8a0ec04be390ad,ecard:9586bc8a0ec04be390ad,Quant_mvp\data\v0_3\selector_inputs\v0_3_selector_input.jsonl,Quant_mvp\data\v0_3\strategy_candidates\v0_3_strategy_candidate_registry.jsonl,,2026-05-06T14:04:50+00:00,draft,statistical_arbitrage,refine_strategy_hypothesis,false,2,3,7,8,diagnostic_context_only,0,not_collectable,diagnostic,diagnostic_backlog,,not_specified,0,low,metadata_only,not_reported,false,false,false,6,2,2015-03-01,2015,,,,missing_evaluation_evidence,,,2015-01-01,2025-12-31,,,0,false,false,,,,,,false,metric_summary_missing_or_unavailable,false,false,false,,,,,,,,,,,,unlabeled,null_missing_evidence,null_missing_evidence,Quant_mvp\config\v0_3_selector_label_rules.toml,,,,,,,,,,,,,,,,evaluation_prioritization|active_learning|uncertainty_ranking|review_triage,time_aware_required_before_training,,false,false,doi:10.1111/eufm.12016,doi:10.1111/eufm.12016,false,false,blocked_missing_evaluation_evidence,ml_rows_must_not_feed_scores_rankings_reports_backtests_trading_or_auto_adoption,production_activation_requires_later_root_approved_gate
v0_3_candidate_ml_input_0_2,"This candidate ML input row is evidence-only metadata for evaluator review. It is not a production ranking input, not a trading signal, not an adoption decision, and not automatic production activation.",sc:ecard:9650fc4f3287878fe147,v0.3.0,sh:ecard:9650fc4f3287878fe147,ecard:9650fc4f3287878fe147,Quant_mvp\data\v0_3\selector_inputs\v0_3_selector_input.jsonl,Quant_mvp\data\v0_3\strategy_candidates\v0_3_strategy_candidate_registry.jsonl,,2026-05-06T14:04:50+00:00,blocked,volatility,resolve_blocker,false,2,1,7,8,excluded_rejected_or_out_of_scope,0,not_collectable,out_of_scope,reject_log,volatility_liquidity,partial,0,low,abstract_supported,not_reported,true,false,false,6,2,2000-03-01,2000,,,,missing_evaluation_evidence,,,2015-01-01,2025-12-31,,,0,false,false,,,,,,false,metric_summary_missing_or_unavailable,false,false,false,,,,,,,,,,,,unlabeled,null_missing_evidence,null_missing_evidence,Quant_mvp\config\v0_3_selector_label_rules.toml,,,,,,,,,,,,,,,,evaluation_prioritization|active_learning|uncertainty_ranking|review_triage,time_aware_required_before_training,,false,false,doi:10.1080/135184700336955,doi:10.1080/135184700336955,false,false,blocked_missing_evaluation_evidence,ml_rows_must_not_feed_scores_rankings_reports_backtests_trading_or_auto_adoption,production_activation_requires_later_root_approved_gate
v0_3_candidate_ml_input_0_2,"This candidate ML input row is evidence-only metadata for evaluator review. It is not a production ranking input, not a trading signal, not an adoption decision, and not automatic production activation.",sc:ecard:966f83dc90f42ed0d5a1,v0.3.0,sh:ecard:966f83dc90f42ed0d5a1,ecard:966f83dc90f42ed0d5a1,Quant_mvp\data\v0_3\selector_inputs\v0_3_selector_input.jsonl,Quant_mvp\data\v0_3\strategy_candidates\v0_3_strategy_candidate_registry.jsonl,,2026-05-06T14:04:50+00:00,draft,value,refine_strategy_hypothesis,false,4,2,6,8,needs_hybrid_split,3,low,hybrid,hybrid_split_required,volatility_liquidity,partial,0,low,abstract_supported,not_reported,true,false,false,8,4,1997-01-01,1997,,,,missing_evaluation_evidence,,,2015-01-01,2025-12-31,,,0,false,false,,,,,,false,metric_summary_missing_or_unavailable,false,false,false,,,,,,,,,,,,unlabeled,null_missing_evidence,null_missing_evidence,Quant_mvp\config\v0_3_selector_label_rules.toml,,,,,,,,,,,,,,,,evaluation_prioritization|active_learning|uncertainty_ranking|review_triage,time_aware_required_before_training,,false,false,doi:10.2202/1558-3708.1026,doi:10.2202/1558-3708.1026,false,false,blocked_missing_evaluation_evidence,ml_rows_must_not_feed_scores_rankings_reports_backtests_trading_or_auto_adoption,production_activation_requires_later_root_approved_gate
v0_3_candidate_ml_input_0_2,"This candidate ML input row is evidence-only metadata for evaluator review. It is not a production ranking input, not a trading signal, not an adoption decision, and not automatic production activation.",sc:ecard:96c52cbdf031beaa65cb,v0.3.0,sh:ecard:96c52cbdf031beaa65cb,ecard:96c52cbdf031beaa65cb,Quant_mvp\data\v0_3\selector_inputs\v0_3_selector_input.jsonl,Quant_mvp\data\v0_3\strategy_candidates\v0_3_strategy_candidate_registry.jsonl,,2026-05-06T14:04:50+00:00,blocked,volatility,resolve_blocker,false,2,1,7,8,excluded_rejected_or_out_of_scope,0,not_collectable,out_of_scope,reject_log,momentum,partial,0,low,abstract_supported,not_reported,false,false,false,6,2,2019-10-18,2019,,,,missing_evaluation_evidence,,,2015-01-01,2025-12-31,,,0,false,false,,,,,,false,metric_summary_missing_or_unavailable,false,false,false,,,,,,,,,,,,unlabeled,null_missing_evidence,null_missing_evidence,Quant_mvp\config\v0_3_selector_label_rules.toml,,,,,,,,,,,,,,,,evaluation_prioritization|active_learning|uncertainty_ranking|review_triage,time_aware_required_before_training,,false,false,arxiv:1910.13338,arxiv:1910.13338,false,false,blocked_missing_evaluation_evidence,ml_rows_must_not_feed_scores_rankings_reports_backtests_trading_or_auto_adoption,production_activation_requires_later_root_approved_gate
v0_3_candidate_ml_input_0_2,"This candidate ML input row is evidence-only metadata for evaluator review. It is not a production ranking input, not a trading signal, not an adoption decision, and not automatic production activation.",sc:ecard:96d22fc88b76ad966948,v0.3.0,sh:ecard:96d22fc88b76ad966948,ecard:96d22fc88b76ad966948,Quant_mvp\data\v0_3\selector_inputs\v0_3_selector_input.jsonl,Quant_mvp\data\v0_3\strategy_candidates\v0_3_strategy_candidate_registry.jsonl,,2026-05-06T14:04:50+00:00,draft,value,refine_strategy_hypothesis,false,4,2,6,8,needs_hybrid_split,3,low,hybrid,hybrid_split_required,momentum,partial,0,low,abstract_supported,not_reported,false,false,false,8,4,2007-03-01,2007,,,,missing_evaluation_evidence,,,2015-01-01,2025-12-31,,,0,false,false,,,,,,false,metric_summary_missing_or_unavailable,false,false,false,,,,,,,,,,,,unlabeled,null_missing_evidence,null_missing_evidence,Quant_mvp\config\v0_3_selector_label_rules.toml,,,,,,,,,,,,,,,,evaluation_prioritization|active_learning|uncertainty_ranking|review_triage,time_aware_required_before_training,,false,false,doi:10.1111/j.1468-2443.2007.00068.x,doi:10.1111/j.1468-2443.2007.00068.x,false,false,blocked_missing_evaluation_evidence,ml_rows_must_not_feed_scores_rankings_reports_backtests_trading_or_auto_adoption,production_activation_requires_later_root_approved_gate
v0_3_candidate_ml_input_0_2,"This candidate ML input row is evidence-only metadata for evaluator review. It is not a production ranking input, not a trading signal, not an adoption decision, and not automatic production activation.",sc:ecard:970d6a6eea742efb59b5,v0.3.0,sh:ecard:970d6a6eea742efb59b5,ecard:970d6a6eea742efb59b5,Quant_mvp\data\v0_3\selector_inputs\v0_3_selector_input.jsonl,Quant_mvp\data\v0_3\strategy_candidates\v0_3_strategy_candidate_registry.jsonl,Quant_mvp\backtest_mvp\docs\v0_3_evaluation_evidence\momentum_cohort_1\ee_v0_3_20260506_sc_ecard_970d6a6eea742efb59b5.md,2026-05-06T14:04:50+00:00,evaluable,momentum,create_evaluation_evidence,true,0,1,7,8,eligible_for_candidate_selector_review,94,high,technical,technical_score_architect,momentum,partial,2,medium,abstract_supported,not_reported,false,false,false,6,0,2026-04-09,2026,2026-05-06,,ee_v0_3_20260506_sc_ecard_970d6a6eea742efb59b5,evidence_recorded,2026-05-06,2026-05-06,2015-01-02,2025-12-02,,benchmark_reference_comparison|cost|drawdown|no_feedback|no_lookahead|oos_walk_forward_stability|turnover|volatility,8,true,true,approved_evaluation_evidence,candidate_specific,candidate_level_supervised_label_candidate,strategy_candidate,sc:ecard:970d6a6eea742efb59b5,true,candidate_id_matches_candidate_level_evaluation_evidence,false,false,false,0.9478898686276229,-0.270661347208625,-0.270661347208625,1.218551215836248,-0.6092164024086726,0.2968075686560764,0.8618159203980099,0.35818175172278915,recorded_walk_forward_fail,0,0,candidate_level_evaluation_evidence,,negative,Quant_mvp\config\v0_3_selector_label_rules.toml,candidate_level_evaluation_evidence,candidate_specific,candidate_level_supervised_label_candidate,ee_v0_3_20260506_sc_ecard_970d6a6eea742efb59b5,2026-05-06,,,,,,,,,,,evaluation_prioritization|active_learning|uncertainty_ranking|review_triage,time_aware_required_before_training,,true,false,doi:10.2139/ssrn.6260738,doi:10.2139/ssrn.6260738,true,false,eligible_candidate_level_label,ml_rows_must_not_feed_scores_rankings_reports_backtests_trading_or_auto_adoption,production_activation_requires_later_root_approved_gate
v0_3_candidate_ml_input_0_2,"This candidate ML input row is evidence-only metadata for evaluator review. It is not a production ranking input, not a trading signal, not an adoption decision, and not automatic production activation.",sc:ecard:97bae8b37a277f4160dd,v0.3.0,sh:ecard:97bae8b37a277f4160dd,ecard:97bae8b37a277f4160dd,Quant_mvp\data\v0_3\selector_inputs\v0_3_selector_input.jsonl,Quant_mvp\data\v0_3\strategy_candidates\v0_3_strategy_candidate_registry.jsonl,,2026-05-06T14:04:50+00:00,draft,volatility,refine_strategy_hypothesis,false,2,3,7,8,diagnostic_context_only,0,not_collectable,diagnostic,diagnostic_backlog,volatility_liquidity,not_specified,0,low,metadata_only,not_reported,false,false,false,6,2,2023-01-01,2023,,,,missing_evaluation_evidence,,,2015-01-01,2025-12-31,,,0,false,false,,,,,,false,metric_summary_missing_or_unavailable,false,false,false,,,,,,,,,,,,unlabeled,null_missing_evidence,null_missing_evidence,Quant_mvp\config\v0_3_selector_label_rules.toml,,,,,,,,,,,,,,,,evaluation_prioritization|active_learning|uncertainty_ranking|review_triage,time_aware_required_before_training,,false,false,doi:10.1016/j.jempfin.2022.11.009,doi:10.1016/j.jempfin.2022.11.009,false,false,blocked_missing_evaluation_evidence,ml_rows_must_not_feed_scores_rankings_reports_backtests_trading_or_auto_adoption,production_activation_requires_later_root_approved_gate
v0_3_candidate_ml_input_0_2,"This candidate ML input row is evidence-only metadata for evaluator review. It is not a production ranking input, not a trading signal, not an adoption decision, and not automatic production activation.",sc:ecard:981602420b23b30157be,v0.3.0,sh:ecard:981602420b23b30157be,ecard:981602420b23b30157be,Quant_mvp\data\v0_3\selector_inputs\v0_3_selector_input.jsonl,Quant_mvp\data\v0_3\strategy_candidates\v0_3_strategy_candidate_registry.jsonl,,2026-05-06T14:04:50+00:00,draft,momentum,refine_strategy_hypothesis,false,1,1,7,8,needs_manual_or_data_review,20,low,technical,technical_score_architect,,not_specified,0,low,metadata_only,not_reported,false,false,false,6,1,2020-10-31,2020,,,,missing_evaluation_evidence,,,2015-01-01,2025-12-31,,,0,false,false,,,,,,false,metric_summary_missing_or_unavailable,false,false,false,,,,,,,,,,,,unlabeled,null_missing_evidence,null_missing_evidence,Quant_mvp\config\v0_3_selector_label_rules.toml,,,,,,,,,,,,,,,,evaluation_prioritization|active_learning|uncertainty_ranking|review_triage,time_aware_required_before_training,,false,false,doi:10.3905/jpm.2020.1.186,doi:10.3905/jpm.2020.1.186,false,false,blocked_missing_evaluation_evidence,ml_rows_must_not_feed_scores_rankings_reports_backtests_trading_or_auto_adoption,production_activation_requires_later_root_approved_gate
v0_3_candidate_ml_input_0_2,"This candidate ML input row is evidence-only metadata for evaluator review. It is not a production ranking input, not a trading signal, not an adoption decision, and not automatic production activation.",sc:ecard:9816f5471b783bc8368a,v0.3.0,sh:ecard:9816f5471b783bc8368a,ecard:9816f5471b783bc8368a,Quant_mvp\data\v0_3\selector_inputs\v0_3_selector_input.jsonl,Quant_mvp\data\v0_3\strategy_candidates\v0_3_strategy_candidate_registry.jsonl,,2026-05-06T14:04:50+00:00,draft,volatility,refine_strategy_hypothesis,false,2,3,7,8,diagnostic_context_only,0,not_collectable,diagnostic,diagnostic_backlog,volatility_liquidity,not_specified,0,low,metadata_only,not_reported,false,false,false,6,2,2011-03-21,2011,,,,missing_evaluation_evidence,,,2015-01-01,2025-12-31,,,0,false,false,,,,,,false,metric_summary_missing_or_unavailable,false,false,false,,,,,,,,,,,,unlabeled,null_missing_evidence,null_missing_evidence,Quant_mvp\config\v0_3_selector_label_rules.toml,,,,,,,,,,,,,,,,evaluation_prioritization|active_learning|uncertainty_ranking|review_triage,time_aware_required_before_training,,false,false,doi:10.1002/9781118467190.ch15,doi:10.1002/9781118467190.ch15,false,false,blocked_missing_evaluation_evidence,ml_rows_must_not_feed_scores_rankings_reports_backtests_trading_or_auto_adoption,production_activation_requires_later_root_approved_gate
v0_3_candidate_ml_input_0_2,"This candidate ML input row is evidence-only metadata for evaluator review. It is not a production ranking input, not a trading signal, not an adoption decision, and not automatic production activation.",sc:ecard:98616fef2f81a506c9fb,v0.3.0,sh:ecard:98616fef2f81a506c9fb,ecard:98616fef2f81a506c9fb,Quant_mvp\data\v0_3\selector_inputs\v0_3_selector_input.jsonl,Quant_mvp\data\v0_3\strategy_candidates\v0_3_strategy_candidate_registry.jsonl,,2026-05-06T14:04:50+00:00,draft,other,refine_strategy_hypothesis,false,2,3,6,8,diagnostic_context_only,0,not_collectable,diagnostic,diagnostic_backlog,,not_specified,0,low,metadata_only,not_reported,true,false,false,6,2,1997-05-01,1997,,,,missing_evaluation_evidence,,,2015-01-01,2025-12-31,,,0,false,false,,,,,,false,metric_summary_missing_or_unavailable,false,false,false,,,,,,,,,,,,unlabeled,null_missing_evidence,null_missing_evidence,Quant_mvp\config\v0_3_selector_label_rules.toml,,,,,,,,,,,,,,,,evaluation_prioritization|active_learning|uncertainty_ranking|review_triage,time_aware_required_before_training,,false,false,doi:10.2307/976654,doi:10.2307/976654,false,false,blocked_missing_evaluation_evidence,ml_rows_must_not_feed_scores_rankings_reports_backtests_trading_or_auto_adoption,production_activation_requires_later_root_approved_gate
v0_3_candidate_ml_input_0_2,"This candidate ML input row is evidence-only metadata for evaluator review. It is not a production ranking input, not a trading signal, not an adoption decision, and not automatic production activation.",sc:ecard:98df8b0c52a69ec6a6de,v0.3.0,sh:ecard:98df8b0c52a69ec6a6de,ecard:98df8b0c52a69ec6a6de,Quant_mvp\data\v0_3\selector_inputs\v0_3_selector_input.jsonl,Quant_mvp\data\v0_3\strategy_candidates\v0_3_strategy_candidate_registry.jsonl,,2026-05-06T14:04:50+00:00,draft,other,refine_strategy_hypothesis,false,2,3,6,8,diagnostic_context_only,0,not_collectable,diagnostic,diagnostic_backlog,,not_specified,0,low,metadata_only,not_reported,true,false,false,6,2,2011-01-01,2011,,,,missing_evaluation_evidence,,,2015-01-01,2025-12-31,,,0,false,false,,,,,,false,metric_summary_missing_or_unavailable,false,false,false,,,,,,,,,,,,unlabeled,null_missing_evidence,null_missing_evidence,Quant_mvp\config\v0_3_selector_label_rules.toml,,,,,,,,,,,,,,,,evaluation_prioritization|active_learning|uncertainty_ranking|review_triage,time_aware_required_before_training,,false,false,doi:10.1057/9780230301986_11,doi:10.1057/9780230301986_11,false,false,blocked_missing_evaluation_evidence,ml_rows_must_not_feed_scores_rankings_reports_backtests_trading_or_auto_adoption,production_activation_requires_later_root_approved_gate
v0_3_candidate_ml_input_0_2,"This candidate ML input row is evidence-only metadata for evaluator review. It is not a production ranking input, not a trading signal, not an adoption decision, and not automatic production activation.",sc:ecard:99091348260fee6fbe52,v0.3.0,sh:ecard:99091348260fee6fbe52,ecard:99091348260fee6fbe52,Quant_mvp\data\v0_3\selector_inputs\v0_3_selector_input.jsonl,Quant_mvp\data\v0_3\strategy_candidates\v0_3_strategy_candidate_registry.jsonl,,2026-05-06T14:04:50+00:00,draft,volatility,refine_strategy_hypothesis,false,2,3,7,8,diagnostic_context_only,0,not_collectable,diagnostic,diagnostic_backlog,volatility_liquidity,not_specified,0,low,metadata_only,not_reported,false,false,false,6,2,2020-01-29,2020,,,,missing_evaluation_evidence,,,2015-01-01,2025-12-31,,,0,false,false,,,,,,false,metric_summary_missing_or_unavailable,false,false,false,,,,,,,,,,,,unlabeled,null_missing_evidence,null_missing_evidence,Quant_mvp\config\v0_3_selector_label_rules.toml,,,,,,,,,,,,,,,,evaluation_prioritization|active_learning|uncertainty_ranking|review_triage,time_aware_required_before_training,,false,false,doi:10.2139/ssrn.3255534,doi:10.2139/ssrn.3255534,false,false,blocked_missing_evaluation_evidence,ml_rows_must_not_feed_scores_rankings_reports_backtests_trading_or_auto_adoption,production_activation_requires_later_root_approved_gate
v0_3_candidate_ml_input_0_2,"This candidate ML input row is evidence-only metadata for evaluator review. It is not a production ranking input, not a trading signal, not an adoption decision, and not automatic production activation.",sc:ecard:9941557330efdd2e7b9d,v0.3.0,sh:ecard:9941557330efdd2e7b9d,ecard:9941557330efdd2e7b9d,Quant_mvp\data\v0_3\selector_inputs\v0_3_selector_input.jsonl,Quant_mvp\data\v0_3\strategy_candidates\v0_3_strategy_candidate_registry.jsonl,,2026-05-06T14:04:50+00:00,draft,value,refine_strategy_hypothesis,false,4,2,6,8,needs_hybrid_split,3,low,hybrid,hybrid_split_required,momentum,partial,0,low,abstract_supported,not_reported,false,false,false,8,4,2023-08-23,2023,,,,missing_evaluation_evidence,,,2015-01-01,2025-12-31,,,0,false,false,,,,,,false,metric_summary_missing_or_unavailable,false,false,false,,,,,,,,,,,,unlabeled,null_missing_evidence,null_missing_evidence,Quant_mvp\config\v0_3_selector_label_rules.toml,,,,,,,,,,,,,,,,evaluation_prioritization|active_learning|uncertainty_ranking|review_triage,time_aware_required_before_training,,false,false,arxiv:2308.12212,arxiv:2308.12212,false,false,blocked_missing_evaluation_evidence,ml_rows_must_not_feed_scores_rankings_reports_backtests_trading_or_auto_adoption,production_activation_requires_later_root_approved_gate
v0_3_candidate_ml_input_0_2,"This candidate ML input row is evidence-only metadata for evaluator review. It is not a production ranking input, not a trading signal, not an adoption decision, and not automatic production activation.",sc:ecard:996c803adb04329e0cc1,v0.3.0,sh:ecard:996c803adb04329e0cc1,ecard:996c803adb04329e0cc1,Quant_mvp\data\v0_3\selector_inputs\v0_3_selector_input.jsonl,Quant_mvp\data\v0_3\strategy_candidates\v0_3_strategy_candidate_registry.jsonl,,2026-05-06T14:04:50+00:00,draft,volatility,refine_strategy_hypothesis,false,1,1,7,8,needs_manual_or_data_review,20,low,technical,technical_score_architect,volatility_liquidity,not_specified,0,low,metadata_only,not_reported,false,false,false,6,1,1995-05-01,1995,,,,missing_evaluation_evidence,,,2015-01-01,2025-12-31,,,0,false,false,,,,,,false,metric_summary_missing_or_unavailable,false,false,false,,,,,,,,,,,,unlabeled,null_missing_evidence,null_missing_evidence,Quant_mvp\config\v0_3_selector_label_rules.toml,,,,,,,,,,,,,,,,evaluation_prioritization|active_learning|uncertainty_ranking|review_triage,time_aware_required_before_training,,false,false,doi:10.1016/0927-538x(95)99077-f,doi:10.1016/0927-538x(95)99077-f,false,false,blocked_missing_evaluation_evidence,ml_rows_must_not_feed_scores_rankings_reports_backtests_trading_or_auto_adoption,production_activation_requires_later_root_approved_gate
v0_3_candidate_ml_input_0_2,"This candidate ML input row is evidence-only metadata for evaluator review. It is not a production ranking input, not a trading signal, not an adoption decision, and not automatic production activation.",sc:ecard:99ba8844f80821b6d7d9,v0.3.0,sh:ecard:99ba8844f80821b6d7d9,ecard:99ba8844f80821b6d7d9,Quant_mvp\data\v0_3\selector_inputs\v0_3_selector_input.jsonl,Quant_mvp\data\v0_3\strategy_candidates\v0_3_strategy_candidate_registry.jsonl,,2026-05-06T14:04:50+00:00,draft,value,refine_strategy_hypothesis,false,4,2,6,8,needs_hybrid_split,3,low,hybrid,hybrid_split_required,momentum,partial,0,low,abstract_supported,not_reported,false,false,false,8,4,2022-06-18,2022,,,,missing_evaluation_evidence,,,2015-01-01,2025-12-31,,,0,false,false,,,,,,false,metric_summary_missing_or_unavailable,false,false,false,,,,,,,,,,,,unlabeled,null_missing_evidence,null_missing_evidence,Quant_mvp\config\v0_3_selector_label_rules.toml,,,,,,,,,,,,,,,,evaluation_prioritization|active_learning|uncertainty_ranking|review_triage,time_aware_required_before_training,,false,false,arxiv:2206.12282,arxiv:2206.12282,false,false,blocked_missing_evaluation_evidence,ml_rows_must_not_feed_scores_rankings_reports_backtests_trading_or_auto_adoption,production_activation_requires_later_root_approved_gate
v0_3_candidate_ml_input_0_2,"This candidate ML input row is evidence-only metadata for evaluator review. It is not a production ranking input, not a trading signal, not an adoption decision, and not automatic production activation.",sc:ecard:99dce86928c5fd6039a2,v0.3.0,sh:ecard:99dce86928c5fd6039a2,ecard:99dce86928c5fd6039a2,Quant_mvp\data\v0_3\selector_inputs\v0_3_selector_input.jsonl,Quant_mvp\data\v0_3\strategy_candidates\v0_3_strategy_candidate_registry.jsonl,,2026-05-06T14:04:50+00:00,draft,momentum,refine_strategy_hypothesis,false,1,3,7,8,diagnostic_context_only,24,low,diagnostic,diagnostic_backlog,momentum,partial,2,low,abstract_supported,not_reported,true,false,false,6,1,2024-06-06,2024,,,,missing_evaluation_evidence,,,2015-01-01,2025-12-31,,,0,false,false,,,,,,false,metric_summary_missing_or_unavailable,false,false,false,,,,,,,,,,,,unlabeled,null_missing_evidence,null_missing_evidence,Quant_mvp\config\v0_3_selector_label_rules.toml,,,,,,,,,,,,,,,,evaluation_prioritization|active_learning|uncertainty_ranking|review_triage,time_aware_required_before_training,,false,false,doi:10.3390/ijfs12020055,doi:10.3390/ijfs12020055,false,false,blocked_missing_evaluation_evidence,ml_rows_must_not_feed_scores_rankings_reports_backtests_trading_or_auto_adoption,production_activation_requires_later_root_approved_gate
v0_3_candidate_ml_input_0_2,"This candidate ML input row is evidence-only metadata for evaluator review. It is not a production ranking input, not a trading signal, not an adoption decision, and not automatic production activation.",sc:ecard:9a1edce1b306e2ddc931,v0.3.0,sh:ecard:9a1edce1b306e2ddc931,ecard:9a1edce1b306e2ddc931,Quant_mvp\data\v0_3\selector_inputs\v0_3_selector_input.jsonl,Quant_mvp\data\v0_3\strategy_candidates\v0_3_strategy_candidate_registry.jsonl,,2026-05-06T14:04:50+00:00,draft,other,refine_strategy_hypothesis,false,2,3,6,8,diagnostic_context_only,0,not_collectable,diagnostic,diagnostic_backlog,,not_specified,0,low,metadata_only,not_reported,false,false,false,6,2,2019-09-30,2019,,,,missing_evaluation_evidence,,,2015-01-01,2025-12-31,,,0,false,false,,,,,,false,metric_summary_missing_or_unavailable,false,false,false,,,,,,,,,,,,unlabeled,null_missing_evidence,null_missing_evidence,Quant_mvp\config\v0_3_selector_label_rules.toml,,,,,,,,,,,,,,,,evaluation_prioritization|active_learning|uncertainty_ranking|review_triage,time_aware_required_before_training,,false,false,doi:10.59588/2350-8329.1242,doi:10.59588/2350-8329.1242,false,false,blocked_missing_evaluation_evidence,ml_rows_must_not_feed_scores_rankings_reports_backtests_trading_or_auto_adoption,production_activation_requires_later_root_approved_gate
v0_3_candidate_ml_input_0_2,"This candidate ML input row is evidence-only metadata for evaluator review. It is not a production ranking input, not a trading signal, not an adoption decision, and not automatic production activation.",sc:ecard:9a531a3a6714dbf097af,v0.3.0,sh:ecard:9a531a3a6714dbf097af,ecard:9a531a3a6714dbf097af,Quant_mvp\data\v0_3\selector_inputs\v0_3_selector_input.jsonl,Quant_mvp\data\v0_3\strategy_candidates\v0_3_strategy_candidate_registry.jsonl,,2026-05-06T14:04:50+00:00,draft,momentum,refine_strategy_hypothesis,false,1,1,7,8,needs_manual_or_data_review,20,low,technical,technical_score_architect,momentum,not_specified,0,low,metadata_only,not_reported,false,false,false,6,1,2016-04-06,2016,,,,missing_evaluation_evidence,,,2015-01-01,2025-12-31,,,0,false,false,,,,,,false,metric_summary_missing_or_unavailable,false,false,false,,,,,,,,,,,,unlabeled,null_missing_evidence,null_missing_evidence,Quant_mvp\config\v0_3_selector_label_rules.toml,,,,,,,,,,,,,,,,evaluation_prioritization|active_learning|uncertainty_ranking|review_triage,time_aware_required_before_training,,false,false,doi:10.2139/ssrn.2758670,doi:10.2139/ssrn.2758670,false,false,blocked_missing_evaluation_evidence,ml_rows_must_not_feed_scores_rankings_reports_backtests_trading_or_auto_adoption,production_activation_requires_later_root_approved_gate
v0_3_candidate_ml_input_0_2,"This candidate ML input row is evidence-only metadata for evaluator review. It is not a production ranking input, not a trading signal, not an adoption decision, and not automatic production activation.",sc:ecard:9a6f239027057d5305e0,v0.3.0,sh:ecard:9a6f239027057d5305e0,ecard:9a6f239027057d5305e0,Quant_mvp\data\v0_3\selector_inputs\v0_3_selector_input.jsonl,Quant_mvp\data\v0_3\strategy_candidates\v0_3_strategy_candidate_registry.jsonl,,2026-05-06T14:04:50+00:00,draft,volatility,refine_strategy_hypothesis,false,1,1,7,8,needs_manual_or_data_review,20,low,technical,technical_score_architect,volatility_liquidity,not_specified,0,low,metadata_only,,false,false,false,6,1,2009-04-08,2009,,,,missing_evaluation_evidence,,,2015-01-01,2025-12-31,,,0,false,false,,,,,,false,metric_summary_missing_or_unavailable,false,false,false,,,,,,,,,,,,unlabeled,null_missing_evidence,null_missing_evidence,Quant_mvp\config\v0_3_selector_label_rules.toml,,,,,,,,,,,,,,,,evaluation_prioritization|active_learning|uncertainty_ranking|review_triage,time_aware_required_before_training,,false,false,doi:10.1201/9781420099553-32,doi:10.1201/9781420099553-32,false,false,blocked_missing_evaluation_evidence,ml_rows_must_not_feed_scores_rankings_reports_backtests_trading_or_auto_adoption,production_activation_requires_later_root_approved_gate
v0_3_candidate_ml_input_0_2,"This candidate ML input row is evidence-only metadata for evaluator review. It is not a production ranking input, not a trading signal, not an adoption decision, and not automatic production activation.",sc:ecard:9a7b49f9ac8f589c0d2c,v0.3.0,sh:ecard:9a7b49f9ac8f589c0d2c,ecard:9a7b49f9ac8f589c0d2c,Quant_mvp\data\v0_3\selector_inputs\v0_3_selector_input.jsonl,Quant_mvp\data\v0_3\strategy_candidates\v0_3_strategy_candidate_registry.jsonl,,2026-05-06T14:04:50+00:00,draft,volatility,refine_strategy_hypothesis,false,1,1,7,8,needs_manual_or_data_review,20,low,technical,technical_score_architect,volatility_liquidity,not_specified,0,low,metadata_only,not_reported,false,false,false,6,1,2012-06-20,2012,,,,missing_evaluation_evidence,,,2015-01-01,2025-12-31,,,0,false,false,,,,,,false,metric_summary_missing_or_unavailable,false,false,false,,,,,,,,,,,,unlabeled,null_missing_evidence,null_missing_evidence,Quant_mvp\config\v0_3_selector_label_rules.toml,,,,,,,,,,,,,,,,evaluation_prioritization|active_learning|uncertainty_ranking|review_triage,time_aware_required_before_training,,false,false,doi:10.2139/ssrn.2078295,doi:10.2139/ssrn.2078295,false,false,blocked_missing_evaluation_evidence,ml_rows_must_not_feed_scores_rankings_reports_backtests_trading_or_auto_adoption,production_activation_requires_later_root_approved_gate
v0_3_candidate_ml_input_0_2,"This candidate ML input row is evidence-only metadata for evaluator review. It is not a production ranking input, not a trading signal, not an adoption decision, and not automatic production activation.",sc:ecard:9b1e40ea06144d26360f,v0.3.0,sh:ecard:9b1e40ea06144d26360f,ecard:9b1e40ea06144d26360f,Quant_mvp\data\v0_3\selector_inputs\v0_3_selector_input.jsonl,Quant_mvp\data\v0_3\strategy_candidates\v0_3_strategy_candidate_registry.jsonl,,2026-05-06T14:04:50+00:00,blocked,volatility,resolve_blocker,false,2,1,7,8,excluded_rejected_or_out_of_scope,0,not_collectable,out_of_scope,reject_log,,not_specified,0,low,metadata_only,not_reported,false,false,false,6,2,2020-07-08,2020,,,,missing_evaluation_evidence,,,2015-01-01,2025-12-31,,,0,false,false,,,,,,false,metric_summary_missing_or_unavailable,false,false,false,,,,,,,,,,,,unlabeled,null_missing_evidence,null_missing_evidence,Quant_mvp\config\v0_3_selector_label_rules.toml,,,,,,,,,,,,,,,,evaluation_prioritization|active_learning|uncertainty_ranking|review_triage,time_aware_required_before_training,,false,false,doi:10.2139/ssrn.3621096,doi:10.2139/ssrn.3621096,false,false,blocked_missing_evaluation_evidence,ml_rows_must_not_feed_scores_rankings_reports_backtests_trading_or_auto_adoption,production_activation_requires_later_root_approved_gate
v0_3_candidate_ml_input_0_2,"This candidate ML input row is evidence-only metadata for evaluator review. It is not a production ranking input, not a trading signal, not an adoption decision, and not automatic production activation.",sc:ecard:9bd81ac398740aa3c464,v0.3.0,sh:ecard:9bd81ac398740aa3c464,ecard:9bd81ac398740aa3c464,Quant_mvp\data\v0_3\selector_inputs\v0_3_selector_input.jsonl,Quant_mvp\data\v0_3\strategy_candidates\v0_3_strategy_candidate_registry.jsonl,,2026-05-06T14:04:50+00:00,draft,volatility,refine_strategy_hypothesis,false,1,3,7,8,diagnostic_context_only,24,low,diagnostic,diagnostic_backlog,volatility_liquidity,partial,2,low,abstract_supported,not_reported,false,false,false,6,1,2016-04-01,2016,,,,missing_evaluation_evidence,,,2015-01-01,2025-12-31,,,0,false,false,,,,,,false,metric_summary_missing_or_unavailable,false,false,false,,,,,,,,,,,,unlabeled,null_missing_evidence,null_missing_evidence,Quant_mvp\config\v0_3_selector_label_rules.toml,,,,,,,,,,,,,,,,evaluation_prioritization|active_learning|uncertainty_ranking|review_triage,time_aware_required_before_training,,false,false,doi:10.1177/0974929216687884,doi:10.1177/0974929216687884,false,false,blocked_missing_evaluation_evidence,ml_rows_must_not_feed_scores_rankings_reports_backtests_trading_or_auto_adoption,production_activation_requires_later_root_approved_gate
v0_3_candidate_ml_input_0_2,"This candidate ML input row is evidence-only metadata for evaluator review. It is not a production ranking input, not a trading signal, not an adoption decision, and not automatic production activation.",sc:ecard:9bdf9ade91194daa2c89,v0.3.0,sh:ecard:9bdf9ade91194daa2c89,ecard:9bdf9ade91194daa2c89,Quant_mvp\data\v0_3\selector_inputs\v0_3_selector_input.jsonl,Quant_mvp\data\v0_3\strategy_candidates\v0_3_strategy_candidate_registry.jsonl,,2026-05-06T14:04:50+00:00,blocked,other,resolve_blocker,false,2,1,6,8,excluded_rejected_or_out_of_scope,0,not_collectable,out_of_scope,reject_log,,not_specified,0,low,metadata_only,not_reported,false,false,false,6,2,2022-10-01,2022,,,,missing_evaluation_evidence,,,2015-01-01,2025-12-31,,,0,false,false,,,,,,false,metric_summary_missing_or_unavailable,false,false,false,,,,,,,,,,,,unlabeled,null_missing_evidence,null_missing_evidence,Quant_mvp\config\v0_3_selector_label_rules.toml,,,,,,,,,,,,,,,,evaluation_prioritization|active_learning|uncertainty_ranking|review_triage,time_aware_required_before_training,,false,false,doi:10.2139/ssrn.4233890,doi:10.2139/ssrn.4233890,false,false,blocked_missing_evaluation_evidence,ml_rows_must_not_feed_scores_rankings_reports_backtests_trading_or_auto_adoption,production_activation_requires_later_root_approved_gate
v0_3_candidate_ml_input_0_2,"This candidate ML input row is evidence-only metadata for evaluator review. It is not a production ranking input, not a trading signal, not an adoption decision, and not automatic production activation.",sc:ecard:9beea540c72c300da67f,v0.3.0,sh:ecard:9beea540c72c300da67f,ecard:9beea540c72c300da67f,Quant_mvp\data\v0_3\selector_inputs\v0_3_selector_input.jsonl,Quant_mvp\data\v0_3\strategy_candidates\v0_3_strategy_candidate_registry.jsonl,,2026-05-06T14:04:50+00:00,draft,volatility,refine_strategy_hypothesis,false,1,1,7,8,needs_manual_or_data_review,20,low,technical,technical_score_architect,volatility_liquidity,not_specified,0,low,metadata_only,,false,false,false,6,1,2004-03-05,2004,,,,missing_evaluation_evidence,,,2015-01-01,2025-12-31,,,0,false,false,,,,,,false,metric_summary_missing_or_unavailable,false,false,false,,,,,,,,,,,,unlabeled,null_missing_evidence,null_missing_evidence,Quant_mvp\config\v0_3_selector_label_rules.toml,,,,,,,,,,,,,,,,evaluation_prioritization|active_learning|uncertainty_ranking|review_triage,time_aware_required_before_training,,false,false,doi:10.1016/j.ejor.2004.01.001,doi:10.1016/j.ejor.2004.01.001,false,false,blocked_missing_evaluation_evidence,ml_rows_must_not_feed_scores_rankings_reports_backtests_trading_or_auto_adoption,production_activation_requires_later_root_approved_gate
v0_3_candidate_ml_input_0_2,"This candidate ML input row is evidence-only metadata for evaluator review. It is not a production ranking input, not a trading signal, not an adoption decision, and not automatic production activation.",sc:ecard:9c70af10bf5d23249028,v0.3.0,sh:ecard:9c70af10bf5d23249028,ecard:9c70af10bf5d23249028,Quant_mvp\data\v0_3\selector_inputs\v0_3_selector_input.jsonl,Quant_mvp\data\v0_3\strategy_candidates\v0_3_strategy_candidate_registry.jsonl,,2026-05-06T14:04:50+00:00,draft,other,refine_strategy_hypothesis,false,1,1,6,8,needs_manual_or_data_review,20,low,technical,technical_score_architect,,not_specified,0,low,metadata_only,,false,false,false,6,1,1996-04-01,1996,,,,missing_evaluation_evidence,,,2015-01-01,2025-12-31,,,0,false,false,,,,,,false,metric_summary_missing_or_unavailable,false,false,false,,,,,,,,,,,,unlabeled,null_missing_evidence,null_missing_evidence,Quant_mvp\config\v0_3_selector_label_rules.toml,,,,,,,,,,,,,,,,evaluation_prioritization|active_learning|uncertainty_ranking|review_triage,time_aware_required_before_training,,false,false,doi:10.1002/(sici)1099-131x(199604)15:3<165::aid-for617>3.0.co;2-v,doi:10.1002/(sici)1099-131x(199604)15:3<165::aid-for617>3.0.co;2-v,false,false,blocked_missing_evaluation_evidence,ml_rows_must_not_feed_scores_rankings_reports_backtests_trading_or_auto_adoption,production_activation_requires_later_root_approved_gate
v0_3_candidate_ml_input_0_2,"This candidate ML input row is evidence-only metadata for evaluator review. It is not a production ranking input, not a trading signal, not an adoption decision, and not automatic production activation.",sc:ecard:9c84fe9eb88625b30200,v0.3.0,sh:ecard:9c84fe9eb88625b30200,ecard:9c84fe9eb88625b30200,Quant_mvp\data\v0_3\selector_inputs\v0_3_selector_input.jsonl,Quant_mvp\data\v0_3\strategy_candidates\v0_3_strategy_candidate_registry.jsonl,,2026-05-06T14:04:50+00:00,draft,momentum,refine_strategy_hypothesis,false,1,1,7,8,needs_manual_or_data_review,20,low,technical,technical_score_architect,momentum,not_specified,0,low,metadata_only,not_reported,false,false,false,6,1,2023-04-28,2023,,,,missing_evaluation_evidence,,,2015-01-01,2025-12-31,,,0,false,false,,,,,,false,metric_summary_missing_or_unavailable,false,false,false,,,,,,,,,,,,unlabeled,null_missing_evidence,null_missing_evidence,Quant_mvp\config\v0_3_selector_label_rules.toml,,,,,,,,,,,,,,,,evaluation_prioritization|active_learning|uncertainty_ranking|review_triage,time_aware_required_before_training,,false,false,doi:10.2139/ssrn.4432214,doi:10.2139/ssrn.4432214,false,false,blocked_missing_evaluation_evidence,ml_rows_must_not_feed_scores_rankings_reports_backtests_trading_or_auto_adoption,production_activation_requires_later_root_approved_gate
v0_3_candidate_ml_input_0_2,"This candidate ML input row is evidence-only metadata for evaluator review. It is not a production ranking input, not a trading signal, not an adoption decision, and not automatic production activation.",sc:ecard:9cc58a730310104b5b06,v0.3.0,sh:ecard:9cc58a730310104b5b06,ecard:9cc58a730310104b5b06,Quant_mvp\data\v0_3\selector_inputs\v0_3_selector_input.jsonl,Quant_mvp\data\v0_3\strategy_candidates\v0_3_strategy_candidate_registry.jsonl,,2026-05-06T14:04:50+00:00,draft,volatility,refine_strategy_hypothesis,false,2,3,7,8,diagnostic_context_only,0,not_collectable,diagnostic,diagnostic_backlog,volatility_liquidity,not_specified,0,low,metadata_only,not_reported,false,false,false,6,2,2006-01-01,2006,,,,missing_evaluation_evidence,,,2015-01-01,2025-12-31,,,0,false,false,,,,,,false,metric_summary_missing_or_unavailable,false,false,false,,,,,,,,,,,,unlabeled,null_missing_evidence,null_missing_evidence,Quant_mvp\config\v0_3_selector_label_rules.toml,,,,,,,,,,,,,,,,evaluation_prioritization|active_learning|uncertainty_ranking|review_triage,time_aware_required_before_training,,false,false,doi:10.1016/j.irfa.2004.09.001,doi:10.1016/j.irfa.2004.09.001,false,false,blocked_missing_evaluation_evidence,ml_rows_must_not_feed_scores_rankings_reports_backtests_trading_or_auto_adoption,production_activation_requires_later_root_approved_gate
v0_3_candidate_ml_input_0_2,"This candidate ML input row is evidence-only metadata for evaluator review. It is not a production ranking input, not a trading signal, not an adoption decision, and not automatic production activation.",sc:ecard:9ce590fb5ac0184737bb,v0.3.0,sh:ecard:9ce590fb5ac0184737bb,ecard:9ce590fb5ac0184737bb,Quant_mvp\data\v0_3\selector_inputs\v0_3_selector_input.jsonl,Quant_mvp\data\v0_3\strategy_candidates\v0_3_strategy_candidate_registry.jsonl,,2026-05-06T14:04:50+00:00,blocked,other,resolve_blocker,false,2,1,6,8,excluded_rejected_or_out_of_scope,0,not_collectable,out_of_scope,reject_log,,not_specified,0,low,metadata_only,not_reported,false,false,false,6,2,2023-05-23,2023,,,,missing_evaluation_evidence,,,2015-01-01,2025-12-31,,,0,false,false,,,,,,false,metric_summary_missing_or_unavailable,false,false,false,,,,,,,,,,,,unlabeled,null_missing_evidence,null_missing_evidence,Quant_mvp\config\v0_3_selector_label_rules.toml,,,,,,,,,,,,,,,,evaluation_prioritization|active_learning|uncertainty_ranking|review_triage,time_aware_required_before_training,,false,false,doi:10.56726/irjmets39976,doi:10.56726/irjmets39976,false,false,blocked_missing_evaluation_evidence,ml_rows_must_not_feed_scores_rankings_reports_backtests_trading_or_auto_adoption,production_activation_requires_later_root_approved_gate
v0_3_candidate_ml_input_0_2,"This candidate ML input row is evidence-only metadata for evaluator review. It is not a production ranking input, not a trading signal, not an adoption decision, and not automatic production activation.",sc:ecard:9e68e098f942f599c077,v0.3.0,sh:ecard:9e68e098f942f599c077,ecard:9e68e098f942f599c077,Quant_mvp\data\v0_3\selector_inputs\v0_3_selector_input.jsonl,Quant_mvp\data\v0_3\strategy_candidates\v0_3_strategy_candidate_registry.jsonl,,2026-05-06T14:04:50+00:00,draft,momentum,refine_strategy_hypothesis,false,1,1,7,8,needs_manual_or_data_review,20,low,technical,technical_score_architect,momentum,not_specified,0,low,metadata_only,not_reported,false,false,false,6,1,2018-12-01,2018,,,,missing_evaluation_evidence,,,2015-01-01,2025-12-31,,,0,false,false,,,,,,false,metric_summary_missing_or_unavailable,false,false,false,,,,,,,,,,,,unlabeled,null_missing_evidence,null_missing_evidence,Quant_mvp\config\v0_3_selector_label_rules.toml,,,,,,,,,,,,,,,,evaluation_prioritization|active_learning|uncertainty_ranking|review_triage,time_aware_required_before_training,,false,false,doi:10.1016/j.jbankfin.2018.10.010,doi:10.1016/j.jbankfin.2018.10.010,false,false,blocked_missing_evaluation_evidence,ml_rows_must_not_feed_scores_rankings_reports_backtests_trading_or_auto_adoption,production_activation_requires_later_root_approved_gate
v0_3_candidate_ml_input_0_2,"This candidate ML input row is evidence-only metadata for evaluator review. It is not a production ranking input, not a trading signal, not an adoption decision, and not automatic production activation.",sc:ecard:9e8efa218a7f4eac8285,v0.3.0,sh:ecard:9e8efa218a7f4eac8285,ecard:9e8efa218a7f4eac8285,Quant_mvp\data\v0_3\selector_inputs\v0_3_selector_input.jsonl,Quant_mvp\data\v0_3\strategy_candidates\v0_3_strategy_candidate_registry.jsonl,Quant_mvp\backtest_mvp\docs\v0_3_evaluation_evidence\non_momentum_cohort_1\ee_v0_3_20260506_sc_ecard_9e8efa218a7f4eac8285.md,2026-05-06T14:04:50+00:00,evaluable,volatility,create_evaluation_evidence,true,0,1,7,8,eligible_for_candidate_selector_review,94,high,technical,technical_score_architect,volatility_liquidity,partial,2,medium,abstract_supported,,false,false,false,6,0,2010-08-01,2010,2026-05-06,,ee_v0_3_20260506_sc_ecard_9e8efa218a7f4eac8285,evidence_recorded,2026-05-06,2026-05-06,2015-01-02,2025-12-02,,benchmark_reference_comparison|cost|drawdown|no_feedback|no_lookahead|oos_walk_forward_stability|turnover|volatility,8,true,true,approved_evaluation_evidence,candidate_specific,candidate_level_supervised_label_candidate,strategy_candidate,sc:ecard:9e8efa218a7f4eac8285,true,candidate_id_matches_candidate_level_evaluation_evidence,false,false,false,4.59248614414884,-0.26420150156471234,-0.26420150156471234,4.856687645713552,-0.49924422265194046,0.39104534114120565,0.686318407960199,0.5932409139655367,recorded_walk_forward_pass,0,1,candidate_level_evaluation_evidence,,positive,Quant_mvp\config\v0_3_selector_label_rules.toml,candidate_level_evaluation_evidence,candidate_specific,candidate_level_supervised_label_candidate,ee_v0_3_20260506_sc_ecard_9e8efa218a7f4eac8285,2026-05-06,,,,,,,,,,,evaluation_prioritization|active_learning|uncertainty_ranking|review_triage,time_aware_required_before_training,,true,false,doi:10.1017/s0022109010000323,doi:10.1017/s0022109010000323,true,false,eligible_candidate_level_label,ml_rows_must_not_feed_scores_rankings_reports_backtests_trading_or_auto_adoption,production_activation_requires_later_root_approved_gate
v0_3_candidate_ml_input_0_2,"This candidate ML input row is evidence-only metadata for evaluator review. It is not a production ranking input, not a trading signal, not an adoption decision, and not automatic production activation.",sc:ecard:9eb2a5c10356894ad46e,v0.3.0,sh:ecard:9eb2a5c10356894ad46e,ecard:9eb2a5c10356894ad46e,Quant_mvp\data\v0_3\selector_inputs\v0_3_selector_input.jsonl,Quant_mvp\data\v0_3\strategy_candidates\v0_3_strategy_candidate_registry.jsonl,,2026-05-06T14:04:50+00:00,draft,volatility,refine_strategy_hypothesis,false,1,3,7,8,diagnostic_context_only,24,low,diagnostic,diagnostic_backlog,volatility_liquidity,partial,2,low,abstract_supported,not_reported,false,false,false,6,1,2026-02-04,2026,,,,missing_evaluation_evidence,,,2015-01-01,2025-12-31,,,0,false,false,,,,,,false,metric_summary_missing_or_unavailable,false,false,false,,,,,,,,,,,,unlabeled,null_missing_evidence,null_missing_evidence,Quant_mvp\config\v0_3_selector_label_rules.toml,,,,,,,,,,,,,,,,evaluation_prioritization|active_learning|uncertainty_ranking|review_triage,time_aware_required_before_training,,false,false,doi:10.2139/ssrn.6103746,doi:10.2139/ssrn.6103746,false,false,blocked_missing_evaluation_evidence,ml_rows_must_not_feed_scores_rankings_reports_backtests_trading_or_auto_adoption,production_activation_requires_later_root_approved_gate
v0_3_candidate_ml_input_0_2,"This candidate ML input row is evidence-only metadata for evaluator review. It is not a production ranking input, not a trading signal, not an adoption decision, and not automatic production activation.",sc:ecard:9ee37aeb4c1375703fa9,v0.3.0,sh:ecard:9ee37aeb4c1375703fa9,ecard:9ee37aeb4c1375703fa9,Quant_mvp\data\v0_3\selector_inputs\v0_3_selector_input.jsonl,Quant_mvp\data\v0_3\strategy_candidates\v0_3_strategy_candidate_registry.jsonl,,2026-05-06T14:04:50+00:00,draft,other,refine_strategy_hypothesis,false,2,3,6,8,diagnostic_context_only,0,not_collectable,diagnostic,diagnostic_backlog,,not_specified,0,low,metadata_only,not_reported,false,false,false,6,2,2012-01-02,2012,,,,missing_evaluation_evidence,,,2015-01-01,2025-12-31,,,0,false,false,,,,,,false,metric_summary_missing_or_unavailable,false,false,false,,,,,,,,,,,,unlabeled,null_missing_evidence,null_missing_evidence,Quant_mvp\config\v0_3_selector_label_rules.toml,,,,,,,,,,,,,,,,evaluation_prioritization|active_learning|uncertainty_ranking|review_triage,time_aware_required_before_training,,false,false,doi:10.1002/9781119204428.ch1,doi:10.1002/9781119204428.ch1,false,false,blocked_missing_evaluation_evidence,ml_rows_must_not_feed_scores_rankings_reports_backtests_trading_or_auto_adoption,production_activation_requires_later_root_approved_gate
v0_3_candidate_ml_input_0_2,"This candidate ML input row is evidence-only metadata for evaluator review. It is not a production ranking input, not a trading signal, not an adoption decision, and not automatic production activation.",sc:ecard:9ef61d2a6de08923fc46,v0.3.0,sh:ecard:9ef61d2a6de08923fc46,ecard:9ef61d2a6de08923fc46,Quant_mvp\data\v0_3\selector_inputs\v0_3_selector_input.jsonl,Quant_mvp\data\v0_3\strategy_candidates\v0_3_strategy_candidate_registry.jsonl,,2026-05-06T14:04:50+00:00,draft,value,refine_strategy_hypothesis,false,4,3,6,8,excluded_valuation_lane,0,not_collectable,valuation,valuation_agent_handoff,,partial,0,low,abstract_supported,not_reported,true,false,false,8,4,2008-03-01,2008,,,,missing_evaluation_evidence,,,2015-01-01,2025-12-31,,,0,false,false,,,,,,false,metric_summary_missing_or_unavailable,false,false,false,,,,,,,,,,,,unlabeled,null_missing_evidence,null_missing_evidence,Quant_mvp\config\v0_3_selector_label_rules.toml,,,,,,,,,,,,,,,,evaluation_prioritization|active_learning|uncertainty_ranking|review_triage,time_aware_required_before_training,,false,false,doi:10.1017/s0022109000002799,doi:10.1017/s0022109000002799,false,false,blocked_missing_evaluation_evidence,ml_rows_must_not_feed_scores_rankings_reports_backtests_trading_or_auto_adoption,production_activation_requires_later_root_approved_gate
v0_3_candidate_ml_input_0_2,"This candidate ML input row is evidence-only metadata for evaluator review. It is not a production ranking input, not a trading signal, not an adoption decision, and not automatic production activation.",sc:ecard:9f44fdade1c0a6e0b042,v0.3.0,sh:ecard:9f44fdade1c0a6e0b042,ecard:9f44fdade1c0a6e0b042,Quant_mvp\data\v0_3\selector_inputs\v0_3_selector_input.jsonl,Quant_mvp\data\v0_3\strategy_candidates\v0_3_strategy_candidate_registry.jsonl,,2026-05-06T14:04:50+00:00,blocked,other,resolve_blocker,false,2,1,6,8,excluded_rejected_or_out_of_scope,0,not_collectable,out_of_scope,reject_log,,partial,0,low,abstract_supported,not_reported,false,false,false,6,2,2024-01-01,2024,,,,missing_evaluation_evidence,,,2015-01-01,2025-12-31,,,0,false,false,,,,,,false,metric_summary_missing_or_unavailable,false,false,false,,,,,,,,,,,,unlabeled,null_missing_evidence,null_missing_evidence,Quant_mvp\config\v0_3_selector_label_rules.toml,,,,,,,,,,,,,,,,evaluation_prioritization|active_learning|uncertainty_ranking|review_triage,time_aware_required_before_training,,false,false,doi:10.2139/ssrn.4983714,doi:10.2139/ssrn.4983714,false,false,blocked_missing_evaluation_evidence,ml_rows_must_not_feed_scores_rankings_reports_backtests_trading_or_auto_adoption,production_activation_requires_later_root_approved_gate
v0_3_candidate_ml_input_0_2,"This candidate ML input row is evidence-only metadata for evaluator review. It is not a production ranking input, not a trading signal, not an adoption decision, and not automatic production activation.",sc:ecard:a082775b44c5902cc581,v0.3.0,sh:ecard:a082775b44c5902cc581,ecard:a082775b44c5902cc581,Quant_mvp\data\v0_3\selector_inputs\v0_3_selector_input.jsonl,Quant_mvp\data\v0_3\strategy_candidates\v0_3_strategy_candidate_registry.jsonl,Quant_mvp\backtest_mvp\docs\v0_3_evaluation_evidence\momentum_cohort_1\ee_v0_3_20260506_sc_ecard_a082775b44c5902cc581.md,2026-05-06T14:04:50+00:00,evaluable,momentum,create_evaluation_evidence,true,0,1,7,8,eligible_for_candidate_selector_review,94,high,technical,technical_score_architect,breakout,partial,2,medium,abstract_supported,not_reported,false,false,false,6,0,2021-03-22,2021,2026-05-06,,ee_v0_3_20260506_sc_ecard_a082775b44c5902cc581,evidence_recorded,2026-05-06,2026-05-06,2015-01-02,2025-12-02,,benchmark_reference_comparison|cost|drawdown|no_feedback|no_lookahead|oos_walk_forward_stability|turnover|volatility,8,true,true,approved_evaluation_evidence,candidate_specific,candidate_level_supervised_label_candidate,strategy_candidate,sc:ecard:a082775b44c5902cc581,true,candidate_id_matches_candidate_level_evaluation_evidence,false,false,false,0.9478898686276229,-0.270661347208625,-0.270661347208625,1.218551215836248,-0.6092164024086726,0.2968075686560764,0.8618159203980099,0.35818175172278915,recorded_walk_forward_fail,0,0,candidate_level_evaluation_evidence,,negative,Quant_mvp\config\v0_3_selector_label_rules.toml,candidate_level_evaluation_evidence,candidate_specific,candidate_level_supervised_label_candidate,ee_v0_3_20260506_sc_ecard_a082775b44c5902cc581,2026-05-06,,,,,,,,,,,evaluation_prioritization|active_learning|uncertainty_ranking|review_triage,time_aware_required_before_training,,true,false,doi:10.3389/fpsyg.2021.647691,doi:10.3389/fpsyg.2021.647691,true,false,eligible_candidate_level_label,ml_rows_must_not_feed_scores_rankings_reports_backtests_trading_or_auto_adoption,production_activation_requires_later_root_approved_gate
v0_3_candidate_ml_input_0_2,"This candidate ML input row is evidence-only metadata for evaluator review. It is not a production ranking input, not a trading signal, not an adoption decision, and not automatic production activation.",sc:ecard:a0b572e687cc09c2c0c8,v0.3.0,sh:ecard:a0b572e687cc09c2c0c8,ecard:a0b572e687cc09c2c0c8,Quant_mvp\data\v0_3\selector_inputs\v0_3_selector_input.jsonl,Quant_mvp\data\v0_3\strategy_candidates\v0_3_strategy_candidate_registry.jsonl,Quant_mvp\backtest_mvp\docs\v0_3_evaluation_evidence\non_momentum_cohort_1\ee_v0_3_20260506_sc_ecard_a0b572e687cc09c2c0c8.md,2026-05-06T14:04:50+00:00,evaluable,reversal,create_evaluation_evidence,true,0,1,7,8,eligible_for_candidate_selector_review,94,high,technical,technical_score_architect,mean_reversion,partial,2,medium,abstract_supported,not_reported,false,false,false,6,0,2019-12-01,2019,2026-05-06,,ee_v0_3_20260506_sc_ecard_a0b572e687cc09c2c0c8,evidence_recorded,2026-05-06,2026-05-06,2015-01-02,2025-12-02,,benchmark_reference_comparison|cost|drawdown|no_feedback|no_lookahead|oos_walk_forward_stability|turnover|volatility,8,true,true,approved_evaluation_evidence,candidate_specific,candidate_level_supervised_label_candidate,strategy_candidate,sc:ecard:a0b572e687cc09c2c0c8,true,candidate_id_matches_candidate_level_evaluation_evidence,false,false,false,-0.06993676616043398,-0.12291489424292013,-0.12291489424292013,0.05297812808248614,-0.43446907470055085,0.3344231353969896,0.8769900497512437,0.0738775881276168,recorded_walk_forward_pass,0,1,candidate_level_evaluation_evidence,,positive,Quant_mvp\config\v0_3_selector_label_rules.toml,candidate_level_evaluation_evidence,candidate_specific,candidate_level_supervised_label_candidate,ee_v0_3_20260506_sc_ecard_a0b572e687cc09c2c0c8,2026-05-06,,,,,,,,,,,evaluation_prioritization|active_learning|uncertainty_ranking|review_triage,time_aware_required_before_training,,true,false,doi:10.1590/1808-057x201807630,doi:10.1590/1808-057x201807630,true,false,eligible_candidate_level_label,ml_rows_must_not_feed_scores_rankings_reports_backtests_trading_or_auto_adoption,production_activation_requires_later_root_approved_gate
v0_3_candidate_ml_input_0_2,"This candidate ML input row is evidence-only metadata for evaluator review. It is not a production ranking input, not a trading signal, not an adoption decision, and not automatic production activation.",sc:ecard:a199370670864a13f6cd,v0.3.0,sh:ecard:a199370670864a13f6cd,ecard:a199370670864a13f6cd,Quant_mvp\data\v0_3\selector_inputs\v0_3_selector_input.jsonl,Quant_mvp\data\v0_3\strategy_candidates\v0_3_strategy_candidate_registry.jsonl,,2026-05-06T14:04:50+00:00,draft,momentum,refine_strategy_hypothesis,false,1,1,7,8,needs_manual_or_data_review,20,low,technical,technical_score_architect,momentum,not_specified,0,low,metadata_only,not_reported,false,false,false,6,1,2017-11-22,2017,,,,missing_evaluation_evidence,,,2015-01-01,2025-12-31,,,0,false,false,,,,,,false,metric_summary_missing_or_unavailable,false,false,false,,,,,,,,,,,,unlabeled,null_missing_evidence,null_missing_evidence,Quant_mvp\config\v0_3_selector_label_rules.toml,,,,,,,,,,,,,,,,evaluation_prioritization|active_learning|uncertainty_ranking|review_triage,time_aware_required_before_training,,false,false,doi:10.2139/ssrn.3067079,doi:10.2139/ssrn.3067079,false,false,blocked_missing_evaluation_evidence,ml_rows_must_not_feed_scores_rankings_reports_backtests_trading_or_auto_adoption,production_activation_requires_later_root_approved_gate
v0_3_candidate_ml_input_0_2,"This candidate ML input row is evidence-only metadata for evaluator review. It is not a production ranking input, not a trading signal, not an adoption decision, and not automatic production activation.",sc:ecard:a1bbefe3efebcaba558c,v0.3.0,sh:ecard:a1bbefe3efebcaba558c,ecard:a1bbefe3efebcaba558c,Quant_mvp\data\v0_3\selector_inputs\v0_3_selector_input.jsonl,Quant_mvp\data\v0_3\strategy_candidates\v0_3_strategy_candidate_registry.jsonl,,2026-05-06T14:04:50+00:00,draft,other,refine_strategy_hypothesis,false,2,3,6,8,diagnostic_context_only,0,not_collectable,diagnostic,diagnostic_backlog,,not_specified,0,low,metadata_only,not_reported,false,false,false,6,2,2023-11-17,2023,,,,missing_evaluation_evidence,,,2015-01-01,2025-12-31,,,0,false,false,,,,,,false,metric_summary_missing_or_unavailable,false,false,false,,,,,,,,,,,,unlabeled,null_missing_evidence,null_missing_evidence,Quant_mvp\config\v0_3_selector_label_rules.toml,,,,,,,,,,,,,,,,evaluation_prioritization|active_learning|uncertainty_ranking|review_triage,time_aware_required_before_training,,false,false,doi:10.7717/peerj-cs.1653/table-3,doi:10.7717/peerj-cs.1653/table-3,false,false,blocked_missing_evaluation_evidence,ml_rows_must_not_feed_scores_rankings_reports_backtests_trading_or_auto_adoption,production_activation_requires_later_root_approved_gate
v0_3_candidate_ml_input_0_2,"This candidate ML input row is evidence-only metadata for evaluator review. It is not a production ranking input, not a trading signal, not an adoption decision, and not automatic production activation.",sc:ecard:a1fb520a5086446cfc34,v0.3.0,sh:ecard:a1fb520a5086446cfc34,ecard:a1fb520a5086446cfc34,Quant_mvp\data\v0_3\selector_inputs\v0_3_selector_input.jsonl,Quant_mvp\data\v0_3\strategy_candidates\v0_3_strategy_candidate_registry.jsonl,,2026-05-06T14:04:50+00:00,draft,other,refine_strategy_hypothesis,false,2,3,6,8,diagnostic_context_only,0,not_collectable,diagnostic,diagnostic_backlog,,not_specified,0,low,metadata_only,not_reported,false,false,false,6,2,2024-08-28,2024,,,,missing_evaluation_evidence,,,2015-01-01,2025-12-31,,,0,false,false,,,,,,false,metric_summary_missing_or_unavailable,false,false,false,,,,,,,,,,,,unlabeled,null_missing_evidence,null_missing_evidence,Quant_mvp\config\v0_3_selector_label_rules.toml,,,,,,,,,,,,,,,,evaluation_prioritization|active_learning|uncertainty_ranking|review_triage,time_aware_required_before_training,,false,false,doi:10.2139/ssrn.4939644,doi:10.2139/ssrn.4939644,false,false,blocked_missing_evaluation_evidence,ml_rows_must_not_feed_scores_rankings_reports_backtests_trading_or_auto_adoption,production_activation_requires_later_root_approved_gate
v0_3_candidate_ml_input_0_2,"This candidate ML input row is evidence-only metadata for evaluator review. It is not a production ranking input, not a trading signal, not an adoption decision, and not automatic production activation.",sc:ecard:a257862e73d2454936ee,v0.3.0,sh:ecard:a257862e73d2454936ee,ecard:a257862e73d2454936ee,Quant_mvp\data\v0_3\selector_inputs\v0_3_selector_input.jsonl,Quant_mvp\data\v0_3\strategy_candidates\v0_3_strategy_candidate_registry.jsonl,,2026-05-06T14:04:50+00:00,draft,volatility,refine_strategy_hypothesis,false,2,3,7,8,diagnostic_context_only,0,not_collectable,diagnostic,diagnostic_backlog,volatility_liquidity,not_specified,0,low,metadata_only,not_reported,false,false,false,6,2,2018-01-24,2018,,,,missing_evaluation_evidence,,,2015-01-01,2025-12-31,,,0,false,false,,,,,,false,metric_summary_missing_or_unavailable,false,false,false,,,,,,,,,,,,unlabeled,null_missing_evidence,null_missing_evidence,Quant_mvp\config\v0_3_selector_label_rules.toml,,,,,,,,,,,,,,,,evaluation_prioritization|active_learning|uncertainty_ranking|review_triage,time_aware_required_before_training,,false,false,doi:10.2139/ssrn.3099738,doi:10.2139/ssrn.3099738,false,false,blocked_missing_evaluation_evidence,ml_rows_must_not_feed_scores_rankings_reports_backtests_trading_or_auto_adoption,production_activation_requires_later_root_approved_gate
v0_3_candidate_ml_input_0_2,"This candidate ML input row is evidence-only metadata for evaluator review. It is not a production ranking input, not a trading signal, not an adoption decision, and not automatic production activation.",sc:ecard:a260a9740cf2bfb06d28,v0.3.0,sh:ecard:a260a9740cf2bfb06d28,ecard:a260a9740cf2bfb06d28,Quant_mvp\data\v0_3\selector_inputs\v0_3_selector_input.jsonl,Quant_mvp\data\v0_3\strategy_candidates\v0_3_strategy_candidate_registry.jsonl,,2026-05-06T14:04:50+00:00,draft,other,refine_strategy_hypothesis,false,1,3,6,8,diagnostic_context_only,24,low,diagnostic,diagnostic_backlog,,partial,2,low,abstract_supported,not_reported,false,false,false,6,1,1998-04-06,1998,,,,missing_evaluation_evidence,,,2015-01-01,2025-12-31,,,0,false,false,,,,,,false,metric_summary_missing_or_unavailable,false,false,false,,,,,,,,,,,,unlabeled,null_missing_evidence,null_missing_evidence,Quant_mvp\config\v0_3_selector_label_rules.toml,,,,,,,,,,,,,,,,evaluation_prioritization|active_learning|uncertainty_ranking|review_triage,time_aware_required_before_training,,false,false,doi:10.4271/981204,doi:10.4271/981204,false,false,blocked_missing_evaluation_evidence,ml_rows_must_not_feed_scores_rankings_reports_backtests_trading_or_auto_adoption,production_activation_requires_later_root_approved_gate
v0_3_candidate_ml_input_0_2,"This candidate ML input row is evidence-only metadata for evaluator review. It is not a production ranking input, not a trading signal, not an adoption decision, and not automatic production activation.",sc:ecard:a2789be0da67a776e159,v0.3.0,sh:ecard:a2789be0da67a776e159,ecard:a2789be0da67a776e159,Quant_mvp\data\v0_3\selector_inputs\v0_3_selector_input.jsonl,Quant_mvp\data\v0_3\strategy_candidates\v0_3_strategy_candidate_registry.jsonl,,2026-05-06T14:04:50+00:00,draft,value,refine_strategy_hypothesis,false,4,3,6,8,excluded_valuation_lane,0,not_collectable,valuation,valuation_agent_handoff,,partial,0,medium,abstract_supported,not_reported,false,false,false,8,4,1986-12-01,1986,,,,missing_evaluation_evidence,,,2015-01-01,2025-12-31,,,0,false,false,,,,,,false,metric_summary_missing_or_unavailable,false,false,false,,,,,,,,,,,,unlabeled,null_missing_evidence,null_missing_evidence,Quant_mvp\config\v0_3_selector_label_rules.toml,,,,,,,,,,,,,,,,evaluation_prioritization|active_learning|uncertainty_ranking|review_triage,time_aware_required_before_training,,false,false,doi:10.1111/j.1936-4490.1986.tb00428.x,doi:10.1111/j.1936-4490.1986.tb00428.x,false,false,blocked_missing_evaluation_evidence,ml_rows_must_not_feed_scores_rankings_reports_backtests_trading_or_auto_adoption,production_activation_requires_later_root_approved_gate
v0_3_candidate_ml_input_0_2,"This candidate ML input row is evidence-only metadata for evaluator review. It is not a production ranking input, not a trading signal, not an adoption decision, and not automatic production activation.",sc:ecard:a3226fd72e2373ffbdb0,v0.3.0,sh:ecard:a3226fd72e2373ffbdb0,ecard:a3226fd72e2373ffbdb0,Quant_mvp\data\v0_3\selector_inputs\v0_3_selector_input.jsonl,Quant_mvp\data\v0_3\strategy_candidates\v0_3_strategy_candidate_registry.jsonl,,2026-05-06T14:04:50+00:00,blocked,other,resolve_blocker,false,2,1,6,8,excluded_rejected_or_out_of_scope,0,not_collectable,out_of_scope,reject_log,,not_specified,0,low,metadata_only,not_reported,false,false,false,6,2,2012-08-29,2012,,,,missing_evaluation_evidence,,,2015-01-01,2025-12-31,,,0,false,false,,,,,,false,metric_summary_missing_or_unavailable,false,false,false,,,,,,,,,,,,unlabeled,null_missing_evidence,null_missing_evidence,Quant_mvp\config\v0_3_selector_label_rules.toml,,,,,,,,,,,,,,,,evaluation_prioritization|active_learning|uncertainty_ranking|review_triage,time_aware_required_before_training,,false,false,doi:10.2139/ssrn.2136470,doi:10.2139/ssrn.2136470,false,false,blocked_missing_evaluation_evidence,ml_rows_must_not_feed_scores_rankings_reports_backtests_trading_or_auto_adoption,production_activation_requires_later_root_approved_gate
v0_3_candidate_ml_input_0_2,"This candidate ML input row is evidence-only metadata for evaluator review. It is not a production ranking input, not a trading signal, not an adoption decision, and not automatic production activation.",sc:ecard:a3739b24b201fe77e645,v0.3.0,sh:ecard:a3739b24b201fe77e645,ecard:a3739b24b201fe77e645,Quant_mvp\data\v0_3\selector_inputs\v0_3_selector_input.jsonl,Quant_mvp\data\v0_3\strategy_candidates\v0_3_strategy_candidate_registry.jsonl,,2026-05-06T14:04:50+00:00,draft,value,refine_strategy_hypothesis,false,4,2,6,8,needs_hybrid_split,3,low,hybrid,hybrid_split_required,volatility_liquidity,partial,0,low,abstract_supported,not_reported,false,false,false,8,4,2018-12-19,2018,,,,missing_evaluation_evidence,,,2015-01-01,2025-12-31,,,0,false,false,,,,,,false,metric_summary_missing_or_unavailable,false,false,false,,,,,,,,,,,,unlabeled,null_missing_evidence,null_missing_evidence,Quant_mvp\config\v0_3_selector_label_rules.toml,,,,,,,,,,,,,,,,evaluation_prioritization|active_learning|uncertainty_ranking|review_triage,time_aware_required_before_training,,false,false,doi:10.1515/snde-2017-0071,doi:10.1515/snde-2017-0071,false,false,blocked_missing_evaluation_evidence,ml_rows_must_not_feed_scores_rankings_reports_backtests_trading_or_auto_adoption,production_activation_requires_later_root_approved_gate
v0_3_candidate_ml_input_0_2,"This candidate ML input row is evidence-only metadata for evaluator review. It is not a production ranking input, not a trading signal, not an adoption decision, and not automatic production activation.",sc:ecard:a3a87ac729a73770f2e1,v0.3.0,sh:ecard:a3a87ac729a73770f2e1,ecard:a3a87ac729a73770f2e1,Quant_mvp\data\v0_3\selector_inputs\v0_3_selector_input.jsonl,Quant_mvp\data\v0_3\strategy_candidates\v0_3_strategy_candidate_registry.jsonl,,2026-05-06T14:04:50+00:00,blocked,other,resolve_blocker,false,2,1,6,8,excluded_rejected_or_out_of_scope,0,not_collectable,out_of_scope,reject_log,,not_specified,0,low,metadata_only,not_reported,false,false,false,6,2,2007-02-13,2007,,,,missing_evaluation_evidence,,,2015-01-01,2025-12-31,,,0,false,false,,,,,,false,metric_summary_missing_or_unavailable,false,false,false,,,,,,,,,,,,unlabeled,null_missing_evidence,null_missing_evidence,Quant_mvp\config\v0_3_selector_label_rules.toml,,,,,,,,,,,,,,,,evaluation_prioritization|active_learning|uncertainty_ranking|review_triage,time_aware_required_before_training,,false,false,doi:10.1201/9781420013146-13,doi:10.1201/9781420013146-13,false,false,blocked_missing_evaluation_evidence,ml_rows_must_not_feed_scores_rankings_reports_backtests_trading_or_auto_adoption,production_activation_requires_later_root_approved_gate
v0_3_candidate_ml_input_0_2,"This candidate ML input row is evidence-only metadata for evaluator review. It is not a production ranking input, not a trading signal, not an adoption decision, and not automatic production activation.",sc:ecard:a433518d45e96b257a45,v0.3.0,sh:ecard:a433518d45e96b257a45,ecard:a433518d45e96b257a45,Quant_mvp\data\v0_3\selector_inputs\v0_3_selector_input.jsonl,Quant_mvp\data\v0_3\strategy_candidates\v0_3_strategy_candidate_registry.jsonl,,2026-05-06T14:04:50+00:00,draft,volatility,refine_strategy_hypothesis,false,1,1,7,8,needs_manual_or_data_review,20,low,technical,technical_score_architect,volatility_liquidity,not_specified,0,low,metadata_only,not_reported,false,false,false,6,1,2018-01-01,2018,,,,missing_evaluation_evidence,,,2015-01-01,2025-12-31,,,0,false,false,,,,,,false,metric_summary_missing_or_unavailable,false,false,false,,,,,,,,,,,,unlabeled,null_missing_evidence,null_missing_evidence,Quant_mvp\config\v0_3_selector_label_rules.toml,,,,,,,,,,,,,,,,evaluation_prioritization|active_learning|uncertainty_ranking|review_triage,time_aware_required_before_training,,false,false,doi:10.1016/j.iref.2017.10.011,doi:10.1016/j.iref.2017.10.011,false,false,blocked_missing_evaluation_evidence,ml_rows_must_not_feed_scores_rankings_reports_backtests_trading_or_auto_adoption,production_activation_requires_later_root_approved_gate
v0_3_candidate_ml_input_0_2,"This candidate ML input row is evidence-only metadata for evaluator review. It is not a production ranking input, not a trading signal, not an adoption decision, and not automatic production activation.",sc:ecard:a4b098faaface06b5592,v0.3.0,sh:ecard:a4b098faaface06b5592,ecard:a4b098faaface06b5592,Quant_mvp\data\v0_3\selector_inputs\v0_3_selector_input.jsonl,Quant_mvp\data\v0_3\strategy_candidates\v0_3_strategy_candidate_registry.jsonl,,2026-05-06T14:04:50+00:00,blocked,other,resolve_blocker,false,2,1,6,8,excluded_rejected_or_out_of_scope,0,not_collectable,out_of_scope,reject_log,,not_specified,0,low,metadata_only,not_reported,false,false,false,6,2,2012-11-28,2012,,,,missing_evaluation_evidence,,,2015-01-01,2025-12-31,,,0,false,false,,,,,,false,metric_summary_missing_or_unavailable,false,false,false,,,,,,,,,,,,unlabeled,null_missing_evidence,null_missing_evidence,Quant_mvp\config\v0_3_selector_label_rules.toml,,,,,,,,,,,,,,,,evaluation_prioritization|active_learning|uncertainty_ranking|review_triage,time_aware_required_before_training,,false,false,doi:10.1201/b14301-45,doi:10.1201/b14301-45,false,false,blocked_missing_evaluation_evidence,ml_rows_must_not_feed_scores_rankings_reports_backtests_trading_or_auto_adoption,production_activation_requires_later_root_approved_gate
v0_3_candidate_ml_input_0_2,"This candidate ML input row is evidence-only metadata for evaluator review. It is not a production ranking input, not a trading signal, not an adoption decision, and not automatic production activation.",sc:ecard:a4e23d64c72393ce6cd8,v0.3.0,sh:ecard:a4e23d64c72393ce6cd8,ecard:a4e23d64c72393ce6cd8,Quant_mvp\data\v0_3\selector_inputs\v0_3_selector_input.jsonl,Quant_mvp\data\v0_3\strategy_candidates\v0_3_strategy_candidate_registry.jsonl,,2026-05-06T14:04:50+00:00,draft,value,refine_strategy_hypothesis,false,4,2,6,8,needs_hybrid_split,3,low,hybrid,hybrid_split_required,,partial,0,low,abstract_supported,not_reported,false,false,false,8,4,2012-12-01,2012,,,,missing_evaluation_evidence,,,2015-01-01,2025-12-31,,,0,false,false,,,,,,false,metric_summary_missing_or_unavailable,false,false,false,,,,,,,,,,,,unlabeled,null_missing_evidence,null_missing_evidence,Quant_mvp\config\v0_3_selector_label_rules.toml,,,,,,,,,,,,,,,,evaluation_prioritization|active_learning|uncertainty_ranking|review_triage,time_aware_required_before_training,,false,false,doi:10.12816/0002749,doi:10.12816/0002749,false,false,blocked_missing_evaluation_evidence,ml_rows_must_not_feed_scores_rankings_reports_backtests_trading_or_auto_adoption,production_activation_requires_later_root_approved_gate
v0_3_candidate_ml_input_0_2,"This candidate ML input row is evidence-only metadata for evaluator review. It is not a production ranking input, not a trading signal, not an adoption decision, and not automatic production activation.",sc:ecard:a51870ca5f6623cbbfc1,v0.3.0,sh:ecard:a51870ca5f6623cbbfc1,ecard:a51870ca5f6623cbbfc1,Quant_mvp\data\v0_3\selector_inputs\v0_3_selector_input.jsonl,Quant_mvp\data\v0_3\strategy_candidates\v0_3_strategy_candidate_registry.jsonl,,2026-05-06T14:04:50+00:00,draft,reversal,refine_strategy_hypothesis,false,1,3,7,8,diagnostic_context_only,24,low,diagnostic,diagnostic_backlog,mean_reversion,partial,2,low,abstract_supported,not_reported,false,false,false,6,1,2021-05-31,2021,,,,missing_evaluation_evidence,,,2015-01-01,2025-12-31,,,0,false,false,,,,,,false,metric_summary_missing_or_unavailable,false,false,false,,,,,,,,,,,,unlabeled,null_missing_evidence,null_missing_evidence,Quant_mvp\config\v0_3_selector_label_rules.toml,,,,,,,,,,,,,,,,evaluation_prioritization|active_learning|uncertainty_ranking|review_triage,time_aware_required_before_training,,false,false,doi:10.21511/imfi.18(2).2021.17,doi:10.21511/imfi.18(2).2021.17,false,false,blocked_missing_evaluation_evidence,ml_rows_must_not_feed_scores_rankings_reports_backtests_trading_or_auto_adoption,production_activation_requires_later_root_approved_gate
v0_3_candidate_ml_input_0_2,"This candidate ML input row is evidence-only metadata for evaluator review. It is not a production ranking input, not a trading signal, not an adoption decision, and not automatic production activation.",sc:ecard:a56153503742ccfe3670,v0.3.0,sh:ecard:a56153503742ccfe3670,ecard:a56153503742ccfe3670,Quant_mvp\data\v0_3\selector_inputs\v0_3_selector_input.jsonl,Quant_mvp\data\v0_3\strategy_candidates\v0_3_strategy_candidate_registry.jsonl,,2026-05-06T14:04:50+00:00,draft,other,refine_strategy_hypothesis,false,2,3,6,8,diagnostic_context_only,0,not_collectable,diagnostic,diagnostic_backlog,,not_specified,0,low,metadata_only,not_reported,false,false,false,6,2,2012-05-01,2012,,,,missing_evaluation_evidence,,,2015-01-01,2025-12-31,,,0,false,false,,,,,,false,metric_summary_missing_or_unavailable,false,false,false,,,,,,,,,,,,unlabeled,null_missing_evidence,null_missing_evidence,Quant_mvp\config\v0_3_selector_label_rules.toml,,,,,,,,,,,,,,,,evaluation_prioritization|active_learning|uncertainty_ranking|review_triage,time_aware_required_before_training,,false,false,doi:10.1007/s10690-011-9146-4,doi:10.1007/s10690-011-9146-4,false,false,blocked_missing_evaluation_evidence,ml_rows_must_not_feed_scores_rankings_reports_backtests_trading_or_auto_adoption,production_activation_requires_later_root_approved_gate
v0_3_candidate_ml_input_0_2,"This candidate ML input row is evidence-only metadata for evaluator review. It is not a production ranking input, not a trading signal, not an adoption decision, and not automatic production activation.",sc:ecard:a610f9c320130a055ad4,v0.3.0,sh:ecard:a610f9c320130a055ad4,ecard:a610f9c320130a055ad4,Quant_mvp\data\v0_3\selector_inputs\v0_3_selector_input.jsonl,Quant_mvp\data\v0_3\strategy_candidates\v0_3_strategy_candidate_registry.jsonl,,2026-05-06T14:04:50+00:00,draft,volatility,refine_strategy_hypothesis,false,1,1,7,8,needs_manual_or_data_review,20,low,technical,technical_score_architect,,not_specified,0,low,metadata_only,not_reported,false,false,false,6,1,2016-10-02,2016,,,,missing_evaluation_evidence,,,2015-01-01,2025-12-31,,,0,false,false,,,,,,false,metric_summary_missing_or_unavailable,false,false,false,,,,,,,,,,,,unlabeled,null_missing_evidence,null_missing_evidence,Quant_mvp\config\v0_3_selector_label_rules.toml,,,,,,,,,,,,,,,,evaluation_prioritization|active_learning|uncertainty_ranking|review_triage,time_aware_required_before_training,,false,false,doi:10.1080/1540496x.2015.1087785,doi:10.1080/1540496x.2015.1087785,false,false,blocked_missing_evaluation_evidence,ml_rows_must_not_feed_scores_rankings_reports_backtests_trading_or_auto_adoption,production_activation_requires_later_root_approved_gate
v0_3_candidate_ml_input_0_2,"This candidate ML input row is evidence-only metadata for evaluator review. It is not a production ranking input, not a trading signal, not an adoption decision, and not automatic production activation.",sc:ecard:a6876ec893589cce7d8f,v0.3.0,sh:ecard:a6876ec893589cce7d8f,ecard:a6876ec893589cce7d8f,Quant_mvp\data\v0_3\selector_inputs\v0_3_selector_input.jsonl,Quant_mvp\data\v0_3\strategy_candidates\v0_3_strategy_candidate_registry.jsonl,,2026-05-06T14:04:50+00:00,draft,value,refine_strategy_hypothesis,false,4,3,6,8,excluded_valuation_lane,0,not_collectable,valuation,valuation_agent_handoff,mean_reversion,partial,0,medium,abstract_supported,not_reported,false,false,false,8,4,2001-09-01,2001,,,,missing_evaluation_evidence,,,2015-01-01,2025-12-31,,,0,false,false,,,,,,false,metric_summary_missing_or_unavailable,false,false,false,,,,,,,,,,,,unlabeled,null_missing_evidence,null_missing_evidence,Quant_mvp\config\v0_3_selector_label_rules.toml,,,,,,,,,,,,,,,,evaluation_prioritization|active_learning|uncertainty_ranking|review_triage,time_aware_required_before_training,,false,false,doi:10.1111/1475-679x.00009,doi:10.1111/1475-679x.00009,false,false,blocked_missing_evaluation_evidence,ml_rows_must_not_feed_scores_rankings_reports_backtests_trading_or_auto_adoption,production_activation_requires_later_root_approved_gate
v0_3_candidate_ml_input_0_2,"This candidate ML input row is evidence-only metadata for evaluator review. It is not a production ranking input, not a trading signal, not an adoption decision, and not automatic production activation.",sc:ecard:a6a47184cffeac0add39,v0.3.0,sh:ecard:a6a47184cffeac0add39,ecard:a6a47184cffeac0add39,Quant_mvp\data\v0_3\selector_inputs\v0_3_selector_input.jsonl,Quant_mvp\data\v0_3\strategy_candidates\v0_3_strategy_candidate_registry.jsonl,,2026-05-06T14:04:50+00:00,draft,volatility,refine_strategy_hypothesis,false,1,3,7,8,diagnostic_context_only,32,low,diagnostic,diagnostic_backlog,volatility_liquidity,partial,2,low,abstract_supported,not_reported,false,false,false,6,1,2022-04-14,2022,,,,missing_evaluation_evidence,,,2015-01-01,2025-12-31,,,0,false,false,,,,,,false,metric_summary_missing_or_unavailable,false,false,false,,,,,,,,,,,,unlabeled,null_missing_evidence,null_missing_evidence,Quant_mvp\config\v0_3_selector_label_rules.toml,,,,,,,,,,,,,,,,evaluation_prioritization|active_learning|uncertainty_ranking|review_triage,time_aware_required_before_training,,false,false,doi:10.3390/math10081307,doi:10.3390/math10081307,false,false,blocked_missing_evaluation_evidence,ml_rows_must_not_feed_scores_rankings_reports_backtests_trading_or_auto_adoption,production_activation_requires_later_root_approved_gate
v0_3_candidate_ml_input_0_2,"This candidate ML input row is evidence-only metadata for evaluator review. It is not a production ranking input, not a trading signal, not an adoption decision, and not automatic production activation.",sc:ecard:a778422b9e6bf8287b85,v0.3.0,sh:ecard:a778422b9e6bf8287b85,ecard:a778422b9e6bf8287b85,Quant_mvp\data\v0_3\selector_inputs\v0_3_selector_input.jsonl,Quant_mvp\data\v0_3\strategy_candidates\v0_3_strategy_candidate_registry.jsonl,,2026-05-06T14:04:50+00:00,draft,statistical_arbitrage,refine_strategy_hypothesis,false,1,1,7,8,needs_manual_or_data_review,20,low,technical,technical_score_architect,volatility_liquidity,not_specified,0,low,metadata_only,not_reported,false,false,false,6,1,2016-06-01,2016,,,,missing_evaluation_evidence,,,2015-01-01,2025-12-31,,,0,false,false,,,,,,false,metric_summary_missing_or_unavailable,false,false,false,,,,,,,,,,,,unlabeled,null_missing_evidence,null_missing_evidence,Quant_mvp\config\v0_3_selector_label_rules.toml,,,,,,,,,,,,,,,,evaluation_prioritization|active_learning|uncertainty_ranking|review_triage,time_aware_required_before_training,,false,false,doi:10.2139/ssrn.2784102,doi:10.2139/ssrn.2784102,false,false,blocked_missing_evaluation_evidence,ml_rows_must_not_feed_scores_rankings_reports_backtests_trading_or_auto_adoption,production_activation_requires_later_root_approved_gate
v0_3_candidate_ml_input_0_2,"This candidate ML input row is evidence-only metadata for evaluator review. It is not a production ranking input, not a trading signal, not an adoption decision, and not automatic production activation.",sc:ecard:a9333eae719bf1d2be6e,v0.3.0,sh:ecard:a9333eae719bf1d2be6e,ecard:a9333eae719bf1d2be6e,Quant_mvp\data\v0_3\selector_inputs\v0_3_selector_input.jsonl,Quant_mvp\data\v0_3\strategy_candidates\v0_3_strategy_candidate_registry.jsonl,,2026-05-06T14:04:50+00:00,draft,volatility,refine_strategy_hypothesis,false,1,3,7,8,diagnostic_context_only,24,low,diagnostic,diagnostic_backlog,volatility_liquidity,partial,2,low,abstract_supported,not_reported,false,false,false,6,1,1995-12-31,1995,,,,missing_evaluation_evidence,,,2015-01-01,2025-12-31,,,0,false,false,,,,,,false,metric_summary_missing_or_unavailable,false,false,false,,,,,,,,,,,,unlabeled,null_missing_evidence,null_missing_evidence,Quant_mvp\config\v0_3_selector_label_rules.toml,,,,,,,,,,,,,,,,evaluation_prioritization|active_learning|uncertainty_ranking|review_triage,time_aware_required_before_training,,false,false,doi:10.52399/001c.35411,doi:10.52399/001c.35411,false,false,blocked_missing_evaluation_evidence,ml_rows_must_not_feed_scores_rankings_reports_backtests_trading_or_auto_adoption,production_activation_requires_later_root_approved_gate
v0_3_candidate_ml_input_0_2,"This candidate ML input row is evidence-only metadata for evaluator review. It is not a production ranking input, not a trading signal, not an adoption decision, and not automatic production activation.",sc:ecard:a98d6dbc4136be2e6ff5,v0.3.0,sh:ecard:a98d6dbc4136be2e6ff5,ecard:a98d6dbc4136be2e6ff5,Quant_mvp\data\v0_3\selector_inputs\v0_3_selector_input.jsonl,Quant_mvp\data\v0_3\strategy_candidates\v0_3_strategy_candidate_registry.jsonl,,2026-05-06T14:04:50+00:00,blocked,volatility,resolve_blocker,false,3,1,7,8,excluded_rejected_or_out_of_scope,0,not_collectable,out_of_scope,reject_log,volatility_liquidity,partial,0,low,abstract_supported,not_reported,false,false,false,6,3,2019-08-06,2019,,,,missing_evaluation_evidence,,,2015-01-01,2025-12-31,,,0,false,false,,,,,,false,metric_summary_missing_or_unavailable,false,false,false,,,,,,,,,,,,unlabeled,null_missing_evidence,null_missing_evidence,Quant_mvp\config\v0_3_selector_label_rules.toml,,,,,,,,,,,,,,,,evaluation_prioritization|active_learning|uncertainty_ranking|review_triage,time_aware_required_before_training,,false,false,doi:10.31227/osf.io/ufv3d,doi:10.31227/osf.io/ufv3d,false,false,blocked_missing_evaluation_evidence,ml_rows_must_not_feed_scores_rankings_reports_backtests_trading_or_auto_adoption,production_activation_requires_later_root_approved_gate
v0_3_candidate_ml_input_0_2,"This candidate ML input row is evidence-only metadata for evaluator review. It is not a production ranking input, not a trading signal, not an adoption decision, and not automatic production activation.",sc:ecard:a9b679c3d55e9fab47c5,v0.3.0,sh:ecard:a9b679c3d55e9fab47c5,ecard:a9b679c3d55e9fab47c5,Quant_mvp\data\v0_3\selector_inputs\v0_3_selector_input.jsonl,Quant_mvp\data\v0_3\strategy_candidates\v0_3_strategy_candidate_registry.jsonl,,2026-05-06T14:04:50+00:00,draft,value,refine_strategy_hypothesis,false,4,2,6,8,needs_hybrid_split,0,not_collectable,hybrid,hybrid_split_required,momentum,not_specified,0,low,metadata_only,not_reported,false,false,false,8,4,2012-01-05,2012,,,,missing_evaluation_evidence,,,2015-01-01,2025-12-31,,,0,false,false,,,,,,false,metric_summary_missing_or_unavailable,false,false,false,,,,,,,,,,,,unlabeled,null_missing_evidence,null_missing_evidence,Quant_mvp\config\v0_3_selector_label_rules.toml,,,,,,,,,,,,,,,,evaluation_prioritization|active_learning|uncertainty_ranking|review_triage,time_aware_required_before_training,,false,false,doi:10.2139/ssrn.1788382,doi:10.2139/ssrn.1788382,false,false,blocked_missing_evaluation_evidence,ml_rows_must_not_feed_scores_rankings_reports_backtests_trading_or_auto_adoption,production_activation_requires_later_root_approved_gate
v0_3_candidate_ml_input_0_2,"This candidate ML input row is evidence-only metadata for evaluator review. It is not a production ranking input, not a trading signal, not an adoption decision, and not automatic production activation.",sc:ecard:a9e03390c2c3726ab75b,v0.3.0,sh:ecard:a9e03390c2c3726ab75b,ecard:a9e03390c2c3726ab75b,Quant_mvp\data\v0_3\selector_inputs\v0_3_selector_input.jsonl,Quant_mvp\data\v0_3\strategy_candidates\v0_3_strategy_candidate_registry.jsonl,,2026-05-06T14:04:50+00:00,draft,machine_learning,refine_strategy_hypothesis,false,4,2,6,8,needs_hybrid_split,3,low,hybrid,hybrid_split_required,momentum,partial,0,low,abstract_supported,not_reported,false,false,false,8,4,2026-02-05,2026,,,,missing_evaluation_evidence,,,2015-01-01,2025-12-31,,,0,false,false,,,,,,false,metric_summary_missing_or_unavailable,false,false,false,,,,,,,,,,,,unlabeled,null_missing_evidence,null_missing_evidence,Quant_mvp\config\v0_3_selector_label_rules.toml,,,,,,,,,,,,,,,,evaluation_prioritization|active_learning|uncertainty_ranking|review_triage,time_aware_required_before_training,,false,false,arxiv:2602.06198,arxiv:2602.06198,false,false,blocked_missing_evaluation_evidence,ml_rows_must_not_feed_scores_rankings_reports_backtests_trading_or_auto_adoption,production_activation_requires_later_root_approved_gate
v0_3_candidate_ml_input_0_2,"This candidate ML input row is evidence-only metadata for evaluator review. It is not a production ranking input, not a trading signal, not an adoption decision, and not automatic production activation.",sc:ecard:aa1eac1a45a9259f3173,v0.3.0,sh:ecard:aa1eac1a45a9259f3173,ecard:aa1eac1a45a9259f3173,Quant_mvp\data\v0_3\selector_inputs\v0_3_selector_input.jsonl,Quant_mvp\data\v0_3\strategy_candidates\v0_3_strategy_candidate_registry.jsonl,,2026-05-06T14:04:50+00:00,draft,momentum,refine_strategy_hypothesis,false,2,3,7,8,diagnostic_context_only,0,not_collectable,diagnostic,diagnostic_backlog,momentum,not_specified,0,low,metadata_only,not_reported,true,false,false,6,2,2023-06-29,2023,,,,missing_evaluation_evidence,,,2015-01-01,2025-12-31,,,0,false,false,,,,,,false,metric_summary_missing_or_unavailable,false,false,false,,,,,,,,,,,,unlabeled,null_missing_evidence,null_missing_evidence,Quant_mvp\config\v0_3_selector_label_rules.toml,,,,,,,,,,,,,,,,evaluation_prioritization|active_learning|uncertainty_ranking|review_triage,time_aware_required_before_training,,false,false,doi:10.2139/ssrn.4495435,doi:10.2139/ssrn.4495435,false,false,blocked_missing_evaluation_evidence,ml_rows_must_not_feed_scores_rankings_reports_backtests_trading_or_auto_adoption,production_activation_requires_later_root_approved_gate
v0_3_candidate_ml_input_0_2,"This candidate ML input row is evidence-only metadata for evaluator review. It is not a production ranking input, not a trading signal, not an adoption decision, and not automatic production activation.",sc:ecard:aaa327e4ee25a295511c,v0.3.0,sh:ecard:aaa327e4ee25a295511c,ecard:aaa327e4ee25a295511c,Quant_mvp\data\v0_3\selector_inputs\v0_3_selector_input.jsonl,Quant_mvp\data\v0_3\strategy_candidates\v0_3_strategy_candidate_registry.jsonl,,2026-05-06T14:04:50+00:00,draft,volatility,refine_strategy_hypothesis,false,1,1,7,8,needs_manual_or_data_review,20,low,technical,technical_score_architect,volatility_liquidity,not_specified,0,low,metadata_only,not_reported,false,false,false,6,1,1994-03-01,1994,,,,missing_evaluation_evidence,,,2015-01-01,2025-12-31,,,0,false,false,,,,,,false,metric_summary_missing_or_unavailable,false,false,false,,,,,,,,,,,,unlabeled,null_missing_evidence,null_missing_evidence,Quant_mvp\config\v0_3_selector_label_rules.toml,,,,,,,,,,,,,,,,evaluation_prioritization|active_learning|uncertainty_ranking|review_triage,time_aware_required_before_training,,false,false,doi:10.1016/0927-538x(94)90027-2,doi:10.1016/0927-538x(94)90027-2,false,false,blocked_missing_evaluation_evidence,ml_rows_must_not_feed_scores_rankings_reports_backtests_trading_or_auto_adoption,production_activation_requires_later_root_approved_gate
v0_3_candidate_ml_input_0_2,"This candidate ML input row is evidence-only metadata for evaluator review. It is not a production ranking input, not a trading signal, not an adoption decision, and not automatic production activation.",sc:ecard:aaf8b6917f2cfbe89530,v0.3.0,sh:ecard:aaf8b6917f2cfbe89530,ecard:aaf8b6917f2cfbe89530,Quant_mvp\data\v0_3\selector_inputs\v0_3_selector_input.jsonl,Quant_mvp\data\v0_3\strategy_candidates\v0_3_strategy_candidate_registry.jsonl,,2026-05-06T14:04:50+00:00,draft,volatility,refine_strategy_hypothesis,false,1,3,7,8,diagnostic_context_only,24,low,diagnostic,diagnostic_backlog,volatility_liquidity,partial,2,low,abstract_supported,not_reported,false,false,false,6,1,2016-02-28,2016,,,,missing_evaluation_evidence,,,2015-01-01,2025-12-31,,,0,false,false,,,,,,false,metric_summary_missing_or_unavailable,false,false,false,,,,,,,,,,,,unlabeled,null_missing_evidence,null_missing_evidence,Quant_mvp\config\v0_3_selector_label_rules.toml,,,,,,,,,,,,,,,,evaluation_prioritization|active_learning|uncertainty_ranking|review_triage,time_aware_required_before_training,,false,false,doi:10.19044/esj.2016.v12n4p79,doi:10.19044/esj.2016.v12n4p79,false,false,blocked_missing_evaluation_evidence,ml_rows_must_not_feed_scores_rankings_reports_backtests_trading_or_auto_adoption,production_activation_requires_later_root_approved_gate
v0_3_candidate_ml_input_0_2,"This candidate ML input row is evidence-only metadata for evaluator review. It is not a production ranking input, not a trading signal, not an adoption decision, and not automatic production activation.",sc:ecard:ab41ac171ffc87c40962,v0.3.0,sh:ecard:ab41ac171ffc87c40962,ecard:ab41ac171ffc87c40962,Quant_mvp\data\v0_3\selector_inputs\v0_3_selector_input.jsonl,Quant_mvp\data\v0_3\strategy_candidates\v0_3_strategy_candidate_registry.jsonl,,2026-05-06T14:04:50+00:00,draft,other,refine_strategy_hypothesis,false,2,3,6,8,diagnostic_context_only,0,not_collectable,diagnostic,diagnostic_backlog,,not_specified,0,low,metadata_only,not_reported,false,false,false,6,2,2015-04-03,2015,,,,missing_evaluation_evidence,,,2015-01-01,2025-12-31,,,0,false,false,,,,,,false,metric_summary_missing_or_unavailable,false,false,false,,,,,,,,,,,,unlabeled,null_missing_evidence,null_missing_evidence,Quant_mvp\config\v0_3_selector_label_rules.toml,,,,,,,,,,,,,,,,evaluation_prioritization|active_learning|uncertainty_ranking|review_triage,time_aware_required_before_training,,false,false,doi:10.1080/10599231.2015.1028306,doi:10.1080/10599231.2015.1028306,false,false,blocked_missing_evaluation_evidence,ml_rows_must_not_feed_scores_rankings_reports_backtests_trading_or_auto_adoption,production_activation_requires_later_root_approved_gate
v0_3_candidate_ml_input_0_2,"This candidate ML input row is evidence-only metadata for evaluator review. It is not a production ranking input, not a trading signal, not an adoption decision, and not automatic production activation.",sc:ecard:ab4efe79053ba4548c49,v0.3.0,sh:ecard:ab4efe79053ba4548c49,ecard:ab4efe79053ba4548c49,Quant_mvp\data\v0_3\selector_inputs\v0_3_selector_input.jsonl,Quant_mvp\data\v0_3\strategy_candidates\v0_3_strategy_candidate_registry.jsonl,,2026-05-06T14:04:50+00:00,draft,momentum,refine_strategy_hypothesis,false,1,1,7,8,needs_manual_or_data_review,20,low,technical,technical_score_architect,momentum,not_specified,0,low,metadata_only,not_reported,false,false,false,6,1,2021-10-31,2021,,,,missing_evaluation_evidence,,,2015-01-01,2025-12-31,,,0,false,false,,,,,,false,metric_summary_missing_or_unavailable,false,false,false,,,,,,,,,,,,unlabeled,null_missing_evidence,null_missing_evidence,Quant_mvp\config\v0_3_selector_label_rules.toml,,,,,,,,,,,,,,,,evaluation_prioritization|active_learning|uncertainty_ranking|review_triage,time_aware_required_before_training,,false,false,doi:10.24940/theijbm/2021/v9/i10/bm2110-029,doi:10.24940/theijbm/2021/v9/i10/bm2110-029,false,false,blocked_missing_evaluation_evidence,ml_rows_must_not_feed_scores_rankings_reports_backtests_trading_or_auto_adoption,production_activation_requires_later_root_approved_gate
v0_3_candidate_ml_input_0_2,"This candidate ML input row is evidence-only metadata for evaluator review. It is not a production ranking input, not a trading signal, not an adoption decision, and not automatic production activation.",sc:ecard:ac299534730e9fc98d95,v0.3.0,sh:ecard:ac299534730e9fc98d95,ecard:ac299534730e9fc98d95,Quant_mvp\data\v0_3\selector_inputs\v0_3_selector_input.jsonl,Quant_mvp\data\v0_3\strategy_candidates\v0_3_strategy_candidate_registry.jsonl,Quant_mvp\backtest_mvp\docs\v0_3_evaluation_evidence\momentum_cohort_1\ee_v0_3_20260506_sc_ecard_ac299534730e9fc98d95.md,2026-05-06T14:04:50+00:00,evaluable,momentum,create_evaluation_evidence,true,0,1,7,8,eligible_for_candidate_selector_review,94,high,technical,technical_score_architect,momentum,partial,2,medium,abstract_supported,not_reported,false,false,false,6,0,2020-09-10,2020,2026-05-06,,ee_v0_3_20260506_sc_ecard_ac299534730e9fc98d95,evidence_recorded,2026-05-06,2026-05-06,2015-01-02,2025-12-02,,benchmark_reference_comparison|cost|drawdown|no_feedback|no_lookahead|oos_walk_forward_stability|turnover|volatility,8,true,true,approved_evaluation_evidence,candidate_specific,candidate_level_supervised_label_candidate,strategy_candidate,sc:ecard:ac299534730e9fc98d95,true,candidate_id_matches_candidate_level_evaluation_evidence,false,false,false,0.9478898686276229,-0.270661347208625,-0.270661347208625,1.218551215836248,-0.6092164024086726,0.2968075686560764,0.8618159203980099,0.35818175172278915,recorded_walk_forward_fail,0,0,candidate_level_evaluation_evidence,,negative,Quant_mvp\config\v0_3_selector_label_rules.toml,candidate_level_evaluation_evidence,candidate_specific,candidate_level_supervised_label_candidate,ee_v0_3_20260506_sc_ecard_ac299534730e9fc98d95,2026-05-06,,,,,,,,,,,evaluation_prioritization|active_learning|uncertainty_ranking|review_triage,time_aware_required_before_training,,true,false,arxiv:2009.04824,arxiv:2009.04824,true,false,eligible_candidate_level_label,ml_rows_must_not_feed_scores_rankings_reports_backtests_trading_or_auto_adoption,production_activation_requires_later_root_approved_gate
v0_3_candidate_ml_input_0_2,"This candidate ML input row is evidence-only metadata for evaluator review. It is not a production ranking input, not a trading signal, not an adoption decision, and not automatic production activation.",sc:ecard:ac5d15e70220ac917a91,v0.3.0,sh:ecard:ac5d15e70220ac917a91,ecard:ac5d15e70220ac917a91,Quant_mvp\data\v0_3\selector_inputs\v0_3_selector_input.jsonl,Quant_mvp\data\v0_3\strategy_candidates\v0_3_strategy_candidate_registry.jsonl,,2026-05-06T14:04:50+00:00,draft,momentum,refine_strategy_hypothesis,false,1,1,7,8,needs_manual_or_data_review,20,low,technical,technical_score_architect,,not_specified,0,low,metadata_only,,false,false,false,6,1,2025-01-01,2025,,,,missing_evaluation_evidence,,,2015-01-01,2025-12-31,,,0,false,false,,,,,,false,metric_summary_missing_or_unavailable,false,false,false,,,,,,,,,,,,unlabeled,null_missing_evidence,null_missing_evidence,Quant_mvp\config\v0_3_selector_label_rules.toml,,,,,,,,,,,,,,,,evaluation_prioritization|active_learning|uncertainty_ranking|review_triage,time_aware_required_before_training,,false,false,doi:10.1007/978-3-031-90907-8_3,doi:10.1007/978-3-031-90907-8_3,false,false,blocked_missing_evaluation_evidence,ml_rows_must_not_feed_scores_rankings_reports_backtests_trading_or_auto_adoption,production_activation_requires_later_root_approved_gate
v0_3_candidate_ml_input_0_2,"This candidate ML input row is evidence-only metadata for evaluator review. It is not a production ranking input, not a trading signal, not an adoption decision, and not automatic production activation.",sc:ecard:ac973f1669454229bf5d,v0.3.0,sh:ecard:ac973f1669454229bf5d,ecard:ac973f1669454229bf5d,Quant_mvp\data\v0_3\selector_inputs\v0_3_selector_input.jsonl,Quant_mvp\data\v0_3\strategy_candidates\v0_3_strategy_candidate_registry.jsonl,,2026-05-06T14:04:50+00:00,draft,value,refine_strategy_hypothesis,false,4,3,6,8,excluded_valuation_lane,0,not_collectable,valuation,valuation_agent_handoff,,partial,0,medium,abstract_supported,not_reported,false,false,false,8,4,2002-02-01,2002,,,,missing_evaluation_evidence,,,2015-01-01,2025-12-31,,,0,false,false,,,,,,false,metric_summary_missing_or_unavailable,false,false,false,,,,,,,,,,,,unlabeled,null_missing_evidence,null_missing_evidence,Quant_mvp\config\v0_3_selector_label_rules.toml,,,,,,,,,,,,,,,,evaluation_prioritization|active_learning|uncertainty_ranking|review_triage,time_aware_required_before_training,,false,false,doi:10.1111/1540-6261.00421,doi:10.1111/1540-6261.00421,false,false,blocked_missing_evaluation_evidence,ml_rows_must_not_feed_scores_rankings_reports_backtests_trading_or_auto_adoption,production_activation_requires_later_root_approved_gate
v0_3_candidate_ml_input_0_2,"This candidate ML input row is evidence-only metadata for evaluator review. It is not a production ranking input, not a trading signal, not an adoption decision, and not automatic production activation.",sc:ecard:acb0f630decde570aeee,v0.3.0,sh:ecard:acb0f630decde570aeee,ecard:acb0f630decde570aeee,Quant_mvp\data\v0_3\selector_inputs\v0_3_selector_input.jsonl,Quant_mvp\data\v0_3\strategy_candidates\v0_3_strategy_candidate_registry.jsonl,,2026-05-06T14:04:50+00:00,draft,volatility,refine_strategy_hypothesis,false,1,3,7,8,diagnostic_context_only,24,low,diagnostic,diagnostic_backlog,volatility_liquidity,partial,2,low,abstract_supported,not_reported,false,false,false,6,1,2016-04-29,2016,,,,missing_evaluation_evidence,,,2015-01-01,2025-12-31,,,0,false,false,,,,,,false,metric_summary_missing_or_unavailable,false,false,false,,,,,,,,,,,,unlabeled,null_missing_evidence,null_missing_evidence,Quant_mvp\config\v0_3_selector_label_rules.toml,,,,,,,,,,,,,,,,evaluation_prioritization|active_learning|uncertainty_ranking|review_triage,time_aware_required_before_training,,false,false,arxiv:1604.08824,arxiv:1604.08824,false,false,blocked_missing_evaluation_evidence,ml_rows_must_not_feed_scores_rankings_reports_backtests_trading_or_auto_adoption,production_activation_requires_later_root_approved_gate
v0_3_candidate_ml_input_0_2,"This candidate ML input row is evidence-only metadata for evaluator review. It is not a production ranking input, not a trading signal, not an adoption decision, and not automatic production activation.",sc:ecard:ad44cfc32ec8f90fb785,v0.3.0,sh:ecard:ad44cfc32ec8f90fb785,ecard:ad44cfc32ec8f90fb785,Quant_mvp\data\v0_3\selector_inputs\v0_3_selector_input.jsonl,Quant_mvp\data\v0_3\strategy_candidates\v0_3_strategy_candidate_registry.jsonl,,2026-05-06T14:04:50+00:00,draft,volatility,refine_strategy_hypothesis,false,1,1,7,8,needs_manual_or_data_review,20,low,technical,technical_score_architect,volatility_liquidity,not_specified,0,low,metadata_only,not_reported,false,false,false,6,1,2015-08-01,2015,,,,missing_evaluation_evidence,,,2015-01-01,2025-12-31,,,0,false,false,,,,,,false,metric_summary_missing_or_unavailable,false,false,false,,,,,,,,,,,,unlabeled,null_missing_evidence,null_missing_evidence,Quant_mvp\config\v0_3_selector_label_rules.toml,,,,,,,,,,,,,,,,evaluation_prioritization|active_learning|uncertainty_ranking|review_triage,time_aware_required_before_training,,false,false,doi:10.3386/w21480,doi:10.3386/w21480,false,false,blocked_missing_evaluation_evidence,ml_rows_must_not_feed_scores_rankings_reports_backtests_trading_or_auto_adoption,production_activation_requires_later_root_approved_gate
v0_3_candidate_ml_input_0_2,"This candidate ML input row is evidence-only metadata for evaluator review. It is not a production ranking input, not a trading signal, not an adoption decision, and not automatic production activation.",sc:ecard:ad5a5bbd4fc3eaa93878,v0.3.0,sh:ecard:ad5a5bbd4fc3eaa93878,ecard:ad5a5bbd4fc3eaa93878,Quant_mvp\data\v0_3\selector_inputs\v0_3_selector_input.jsonl,Quant_mvp\data\v0_3\strategy_candidates\v0_3_strategy_candidate_registry.jsonl,,2026-05-06T14:04:50+00:00,draft,volatility,refine_strategy_hypothesis,false,1,1,7,8,needs_manual_or_data_review,20,low,technical,technical_score_architect,volatility_liquidity,not_specified,0,low,metadata_only,not_reported,false,false,false,6,1,2015-08-26,2015,,,,missing_evaluation_evidence,,,2015-01-01,2025-12-31,,,0,false,false,,,,,,false,metric_summary_missing_or_unavailable,false,false,false,,,,,,,,,,,,unlabeled,null_missing_evidence,null_missing_evidence,Quant_mvp\config\v0_3_selector_label_rules.toml,,,,,,,,,,,,,,,,evaluation_prioritization|active_learning|uncertainty_ranking|review_triage,time_aware_required_before_training,,false,false,doi:10.2139/ssrn.2649913,doi:10.2139/ssrn.2649913,false,false,blocked_missing_evaluation_evidence,ml_rows_must_not_feed_scores_rankings_reports_backtests_trading_or_auto_adoption,production_activation_requires_later_root_approved_gate
v0_3_candidate_ml_input_0_2,"This candidate ML input row is evidence-only metadata for evaluator review. It is not a production ranking input, not a trading signal, not an adoption decision, and not automatic production activation.",sc:ecard:ae0c5dd3e3f74420ed30,v0.3.0,sh:ecard:ae0c5dd3e3f74420ed30,ecard:ae0c5dd3e3f74420ed30,Quant_mvp\data\v0_3\selector_inputs\v0_3_selector_input.jsonl,Quant_mvp\data\v0_3\strategy_candidates\v0_3_strategy_candidate_registry.jsonl,,2026-05-06T14:04:50+00:00,draft,other,refine_strategy_hypothesis,false,2,3,6,8,diagnostic_context_only,0,not_collectable,diagnostic,diagnostic_backlog,,not_specified,0,low,metadata_only,not_reported,false,false,false,6,2,2010-01-01,2010,,,,missing_evaluation_evidence,,,2015-01-01,2025-12-31,,,0,false,false,,,,,,false,metric_summary_missing_or_unavailable,false,false,false,,,,,,,,,,,,unlabeled,null_missing_evidence,null_missing_evidence,Quant_mvp\config\v0_3_selector_label_rules.toml,,,,,,,,,,,,,,,,evaluation_prioritization|active_learning|uncertainty_ranking|review_triage,time_aware_required_before_training,,false,false,doi:10.20955/wp.2010.008,doi:10.20955/wp.2010.008,false,false,blocked_missing_evaluation_evidence,ml_rows_must_not_feed_scores_rankings_reports_backtests_trading_or_auto_adoption,production_activation_requires_later_root_approved_gate
v0_3_candidate_ml_input_0_2,"This candidate ML input row is evidence-only metadata for evaluator review. It is not a production ranking input, not a trading signal, not an adoption decision, and not automatic production activation.",sc:ecard:ae5af8a379ef3cbb645c,v0.3.0,sh:ecard:ae5af8a379ef3cbb645c,ecard:ae5af8a379ef3cbb645c,Quant_mvp\data\v0_3\selector_inputs\v0_3_selector_input.jsonl,Quant_mvp\data\v0_3\strategy_candidates\v0_3_strategy_candidate_registry.jsonl,,2026-05-06T14:04:50+00:00,draft,other,refine_strategy_hypothesis,false,2,3,6,8,diagnostic_context_only,0,not_collectable,diagnostic,diagnostic_backlog,,not_specified,0,low,metadata_only,not_reported,true,false,false,6,2,2008-09-30,2008,,,,missing_evaluation_evidence,,,2015-01-01,2025-12-31,,,0,false,false,,,,,,false,metric_summary_missing_or_unavailable,false,false,false,,,,,,,,,,,,unlabeled,null_missing_evidence,null_missing_evidence,Quant_mvp\config\v0_3_selector_label_rules.toml,,,,,,,,,,,,,,,,evaluation_prioritization|active_learning|uncertainty_ranking|review_triage,time_aware_required_before_training,,false,false,doi:10.1787/084448338225,doi:10.1787/084448338225,false,false,blocked_missing_evaluation_evidence,ml_rows_must_not_feed_scores_rankings_reports_backtests_trading_or_auto_adoption,production_activation_requires_later_root_approved_gate
v0_3_candidate_ml_input_0_2,"This candidate ML input row is evidence-only metadata for evaluator review. It is not a production ranking input, not a trading signal, not an adoption decision, and not automatic production activation.",sc:ecard:aed62d9e7673d7c9faed,v0.3.0,sh:ecard:aed62d9e7673d7c9faed,ecard:aed62d9e7673d7c9faed,Quant_mvp\data\v0_3\selector_inputs\v0_3_selector_input.jsonl,Quant_mvp\data\v0_3\strategy_candidates\v0_3_strategy_candidate_registry.jsonl,,2026-05-06T14:04:50+00:00,draft,volatility,refine_strategy_hypothesis,false,1,1,7,8,needs_manual_or_data_review,20,low,technical,technical_score_architect,momentum,not_specified,0,low,metadata_only,not_reported,false,false,false,6,1,2015-09-01,2015,,,,missing_evaluation_evidence,,,2015-01-01,2025-12-31,,,0,false,false,,,,,,false,metric_summary_missing_or_unavailable,false,false,false,,,,,,,,,,,,unlabeled,null_missing_evidence,null_missing_evidence,Quant_mvp\config\v0_3_selector_label_rules.toml,,,,,,,,,,,,,,,,evaluation_prioritization|active_learning|uncertainty_ranking|review_triage,time_aware_required_before_training,,false,false,doi:10.17578/19-3-2,doi:10.17578/19-3-2,false,false,blocked_missing_evaluation_evidence,ml_rows_must_not_feed_scores_rankings_reports_backtests_trading_or_auto_adoption,production_activation_requires_later_root_approved_gate
v0_3_candidate_ml_input_0_2,"This candidate ML input row is evidence-only metadata for evaluator review. It is not a production ranking input, not a trading signal, not an adoption decision, and not automatic production activation.",sc:ecard:af04a9a737400a6657a3,v0.3.0,sh:ecard:af04a9a737400a6657a3,ecard:af04a9a737400a6657a3,Quant_mvp\data\v0_3\selector_inputs\v0_3_selector_input.jsonl,Quant_mvp\data\v0_3\strategy_candidates\v0_3_strategy_candidate_registry.jsonl,,2026-05-06T14:04:50+00:00,draft,other,refine_strategy_hypothesis,false,1,1,6,8,needs_manual_or_data_review,20,low,technical,technical_score_architect,,not_specified,0,low,metadata_only,not_reported,false,false,false,6,1,1997-09-01,1997,,,,missing_evaluation_evidence,,,2015-01-01,2025-12-31,,,0,false,false,,,,,,false,metric_summary_missing_or_unavailable,false,false,false,,,,,,,,,,,,unlabeled,null_missing_evidence,null_missing_evidence,Quant_mvp\config\v0_3_selector_label_rules.toml,,,,,,,,,,,,,,,,evaluation_prioritization|active_learning|uncertainty_ranking|review_triage,time_aware_required_before_training,,false,false,doi:10.1080/135048697334791,doi:10.1080/135048697334791,false,false,blocked_missing_evaluation_evidence,ml_rows_must_not_feed_scores_rankings_reports_backtests_trading_or_auto_adoption,production_activation_requires_later_root_approved_gate
v0_3_candidate_ml_input_0_2,"This candidate ML input row is evidence-only metadata for evaluator review. It is not a production ranking input, not a trading signal, not an adoption decision, and not automatic production activation.",sc:ecard:af455bacd8c2462f87e2,v0.3.0,sh:ecard:af455bacd8c2462f87e2,ecard:af455bacd8c2462f87e2,Quant_mvp\data\v0_3\selector_inputs\v0_3_selector_input.jsonl,Quant_mvp\data\v0_3\strategy_candidates\v0_3_strategy_candidate_registry.jsonl,,2026-05-06T14:04:50+00:00,draft,other,refine_strategy_hypothesis,false,2,3,6,8,diagnostic_context_only,0,not_collectable,diagnostic,diagnostic_backlog,,not_specified,0,low,metadata_only,not_reported,false,false,false,6,2,2002-01-01,2002,,,,missing_evaluation_evidence,,,2015-01-01,2025-12-31,,,0,false,false,,,,,,false,metric_summary_missing_or_unavailable,false,false,false,,,,,,,,,,,,unlabeled,null_missing_evidence,null_missing_evidence,Quant_mvp\config\v0_3_selector_label_rules.toml,,,,,,,,,,,,,,,,evaluation_prioritization|active_learning|uncertainty_ranking|review_triage,time_aware_required_before_training,,false,false,doi:10.1007/0-306-47579-0_11,doi:10.1007/0-306-47579-0_11,false,false,blocked_missing_evaluation_evidence,ml_rows_must_not_feed_scores_rankings_reports_backtests_trading_or_auto_adoption,production_activation_requires_later_root_approved_gate
v0_3_candidate_ml_input_0_2,"This candidate ML input row is evidence-only metadata for evaluator review. It is not a production ranking input, not a trading signal, not an adoption decision, and not automatic production activation.",sc:ecard:af6f0ae814d354f1079b,v0.3.0,sh:ecard:af6f0ae814d354f1079b,ecard:af6f0ae814d354f1079b,Quant_mvp\data\v0_3\selector_inputs\v0_3_selector_input.jsonl,Quant_mvp\data\v0_3\strategy_candidates\v0_3_strategy_candidate_registry.jsonl,,2026-05-06T14:04:50+00:00,draft,other,refine_strategy_hypothesis,false,2,3,6,8,diagnostic_context_only,0,not_collectable,diagnostic,diagnostic_backlog,,not_specified,0,low,metadata_only,not_reported,true,false,false,6,2,2012-09-30,2012,,,,missing_evaluation_evidence,,,2015-01-01,2025-12-31,,,0,false,false,,,,,,false,metric_summary_missing_or_unavailable,false,false,false,,,,,,,,,,,,unlabeled,null_missing_evidence,null_missing_evidence,Quant_mvp\config\v0_3_selector_label_rules.toml,,,,,,,,,,,,,,,,evaluation_prioritization|active_learning|uncertainty_ranking|review_triage,time_aware_required_before_training,,false,false,doi:10.4337/9781781001318.00012,doi:10.4337/9781781001318.00012,false,false,blocked_missing_evaluation_evidence,ml_rows_must_not_feed_scores_rankings_reports_backtests_trading_or_auto_adoption,production_activation_requires_later_root_approved_gate
v0_3_candidate_ml_input_0_2,"This candidate ML input row is evidence-only metadata for evaluator review. It is not a production ranking input, not a trading signal, not an adoption decision, and not automatic production activation.",sc:ecard:af78db8ff96fa0ce008c,v0.3.0,sh:ecard:af78db8ff96fa0ce008c,ecard:af78db8ff96fa0ce008c,Quant_mvp\data\v0_3\selector_inputs\v0_3_selector_input.jsonl,Quant_mvp\data\v0_3\strategy_candidates\v0_3_strategy_candidate_registry.jsonl,,2026-05-06T14:04:50+00:00,draft,other,refine_strategy_hypothesis,false,2,3,6,8,diagnostic_context_only,0,not_collectable,diagnostic,diagnostic_backlog,,not_specified,0,low,metadata_only,not_reported,false,false,false,6,2,2016-12-15,2016,,,,missing_evaluation_evidence,,,2015-01-01,2025-12-31,,,0,false,false,,,,,,false,metric_summary_missing_or_unavailable,false,false,false,,,,,,,,,,,,unlabeled,null_missing_evidence,null_missing_evidence,Quant_mvp\config\v0_3_selector_label_rules.toml,,,,,,,,,,,,,,,,evaluation_prioritization|active_learning|uncertainty_ranking|review_triage,time_aware_required_before_training,,false,false,doi:10.1002/9781119335139.ch17,doi:10.1002/9781119335139.ch17,false,false,blocked_missing_evaluation_evidence,ml_rows_must_not_feed_scores_rankings_reports_backtests_trading_or_auto_adoption,production_activation_requires_later_root_approved_gate
v0_3_candidate_ml_input_0_2,"This candidate ML input row is evidence-only metadata for evaluator review. It is not a production ranking input, not a trading signal, not an adoption decision, and not automatic production activation.",sc:ecard:afaa699ba7a878a29621,v0.3.0,sh:ecard:afaa699ba7a878a29621,ecard:afaa699ba7a878a29621,Quant_mvp\data\v0_3\selector_inputs\v0_3_selector_input.jsonl,Quant_mvp\data\v0_3\strategy_candidates\v0_3_strategy_candidate_registry.jsonl,,2026-05-06T14:04:50+00:00,draft,momentum,refine_strategy_hypothesis,false,1,1,7,8,needs_manual_or_data_review,20,low,technical,technical_score_architect,momentum,not_specified,0,low,metadata_only,not_reported,false,false,false,6,1,2018-11-20,2018,,,,missing_evaluation_evidence,,,2015-01-01,2025-12-31,,,0,false,false,,,,,,false,metric_summary_missing_or_unavailable,false,false,false,,,,,,,,,,,,unlabeled,null_missing_evidence,null_missing_evidence,Quant_mvp\config\v0_3_selector_label_rules.toml,,,,,,,,,,,,,,,,evaluation_prioritization|active_learning|uncertainty_ranking|review_triage,time_aware_required_before_training,,false,false,doi:10.1080/00036846.2018.1488068,doi:10.1080/00036846.2018.1488068,false,false,blocked_missing_evaluation_evidence,ml_rows_must_not_feed_scores_rankings_reports_backtests_trading_or_auto_adoption,production_activation_requires_later_root_approved_gate
v0_3_candidate_ml_input_0_2,"This candidate ML input row is evidence-only metadata for evaluator review. It is not a production ranking input, not a trading signal, not an adoption decision, and not automatic production activation.",sc:ecard:afbc57c8acbb6d146260,v0.3.0,sh:ecard:afbc57c8acbb6d146260,ecard:afbc57c8acbb6d146260,Quant_mvp\data\v0_3\selector_inputs\v0_3_selector_input.jsonl,Quant_mvp\data\v0_3\strategy_candidates\v0_3_strategy_candidate_registry.jsonl,,2026-05-06T14:04:50+00:00,draft,reversal,refine_strategy_hypothesis,false,1,3,7,8,diagnostic_context_only,24,low,diagnostic,diagnostic_backlog,volatility_liquidity,partial,2,low,abstract_supported,not_reported,false,false,false,6,1,1989-02-01,1989,,,,missing_evaluation_evidence,,,2015-01-01,2025-12-31,,,0,false,false,,,,,,false,metric_summary_missing_or_unavailable,false,false,false,,,,,,,,,,,,unlabeled,null_missing_evidence,null_missing_evidence,Quant_mvp\config\v0_3_selector_label_rules.toml,,,,,,,,,,,,,,,,evaluation_prioritization|active_learning|uncertainty_ranking|review_triage,time_aware_required_before_training,,false,false,doi:10.1257/jep.3.1.189,doi:10.1257/jep.3.1.189,false,false,blocked_missing_evaluation_evidence,ml_rows_must_not_feed_scores_rankings_reports_backtests_trading_or_auto_adoption,production_activation_requires_later_root_approved_gate
v0_3_candidate_ml_input_0_2,"This candidate ML input row is evidence-only metadata for evaluator review. It is not a production ranking input, not a trading signal, not an adoption decision, and not automatic production activation.",sc:ecard:b0040954f987c2280a46,v0.3.0,sh:ecard:b0040954f987c2280a46,ecard:b0040954f987c2280a46,Quant_mvp\data\v0_3\selector_inputs\v0_3_selector_input.jsonl,Quant_mvp\data\v0_3\strategy_candidates\v0_3_strategy_candidate_registry.jsonl,,2026-05-06T14:04:50+00:00,draft,value,refine_strategy_hypothesis,false,4,3,6,8,excluded_valuation_lane,0,not_collectable,valuation,valuation_agent_handoff,,partial,0,medium,abstract_supported,not_reported,false,false,false,8,4,2004-03-25,2004,,,,missing_evaluation_evidence,,,2015-01-01,2025-12-31,,,0,false,false,,,,,,false,metric_summary_missing_or_unavailable,false,false,false,,,,,,,,,,,,unlabeled,null_missing_evidence,null_missing_evidence,Quant_mvp\config\v0_3_selector_label_rules.toml,,,,,,,,,,,,,,,,evaluation_prioritization|active_learning|uncertainty_ranking|review_triage,time_aware_required_before_training,,false,false,doi:10.1111/j.1540-6261.2004.00650.x,doi:10.1111/j.1540-6261.2004.00650.x,false,false,blocked_missing_evaluation_evidence,ml_rows_must_not_feed_scores_rankings_reports_backtests_trading_or_auto_adoption,production_activation_requires_later_root_approved_gate
v0_3_candidate_ml_input_0_2,"This candidate ML input row is evidence-only metadata for evaluator review. It is not a production ranking input, not a trading signal, not an adoption decision, and not automatic production activation.",sc:ecard:b062486da9acf6e1bcbb,v0.3.0,sh:ecard:b062486da9acf6e1bcbb,ecard:b062486da9acf6e1bcbb,Quant_mvp\data\v0_3\selector_inputs\v0_3_selector_input.jsonl,Quant_mvp\data\v0_3\strategy_candidates\v0_3_strategy_candidate_registry.jsonl,Quant_mvp\backtest_mvp\docs\v0_3_evaluation_evidence\momentum_cohort_1\ee_v0_3_20260506_sc_ecard_b062486da9acf6e1bcbb.md,2026-05-06T14:04:50+00:00,evaluable,momentum,create_evaluation_evidence,true,0,1,7,8,eligible_for_candidate_selector_review,94,high,technical,technical_score_architect,momentum,partial,2,medium,abstract_supported,not_reported,false,false,false,6,0,2017-06-01,2017,2026-05-06,,ee_v0_3_20260506_sc_ecard_b062486da9acf6e1bcbb,evidence_recorded,2026-05-06,2026-05-06,2015-01-02,2025-12-02,,benchmark_reference_comparison|cost|drawdown|no_feedback|no_lookahead|oos_walk_forward_stability|turnover|volatility,8,true,true,approved_evaluation_evidence,candidate_specific,candidate_level_supervised_label_candidate,strategy_candidate,sc:ecard:b062486da9acf6e1bcbb,true,candidate_id_matches_candidate_level_evaluation_evidence,false,false,false,0.9478898686276229,-0.270661347208625,-0.270661347208625,1.218551215836248,-0.6092164024086726,0.2968075686560764,0.8618159203980099,0.35818175172278915,recorded_walk_forward_fail,0,0,candidate_level_evaluation_evidence,,negative,Quant_mvp\config\v0_3_selector_label_rules.toml,candidate_level_evaluation_evidence,candidate_specific,candidate_level_supervised_label_candidate,ee_v0_3_20260506_sc_ecard_b062486da9acf6e1bcbb,2026-05-06,,,,,,,,,,,evaluation_prioritization|active_learning|uncertainty_ranking|review_triage,time_aware_required_before_training,,true,false,openalex:https://openalex.org/W2625990495,openalex:https://openalex.org/W2625990495,true,false,eligible_candidate_level_label,ml_rows_must_not_feed_scores_rankings_reports_backtests_trading_or_auto_adoption,production_activation_requires_later_root_approved_gate
v0_3_candidate_ml_input_0_2,"This candidate ML input row is evidence-only metadata for evaluator review. It is not a production ranking input, not a trading signal, not an adoption decision, and not automatic production activation.",sc:ecard:b063edf54db1e18e15ad,v0.3.0,sh:ecard:b063edf54db1e18e15ad,ecard:b063edf54db1e18e15ad,Quant_mvp\data\v0_3\selector_inputs\v0_3_selector_input.jsonl,Quant_mvp\data\v0_3\strategy_candidates\v0_3_strategy_candidate_registry.jsonl,,2026-05-06T14:04:50+00:00,draft,volatility,refine_strategy_hypothesis,false,2,3,7,8,diagnostic_context_only,0,not_collectable,diagnostic,diagnostic_backlog,volatility_liquidity,not_specified,0,low,metadata_only,not_reported,false,false,false,6,2,2023-06-10,2023,,,,missing_evaluation_evidence,,,2015-01-01,2025-12-31,,,0,false,false,,,,,,false,metric_summary_missing_or_unavailable,false,false,false,,,,,,,,,,,,unlabeled,null_missing_evidence,null_missing_evidence,Quant_mvp\config\v0_3_selector_label_rules.toml,,,,,,,,,,,,,,,,evaluation_prioritization|active_learning|uncertainty_ranking|review_triage,time_aware_required_before_training,,false,false,doi:10.2139/ssrn.4475249,doi:10.2139/ssrn.4475249,false,false,blocked_missing_evaluation_evidence,ml_rows_must_not_feed_scores_rankings_reports_backtests_trading_or_auto_adoption,production_activation_requires_later_root_approved_gate
v0_3_candidate_ml_input_0_2,"This candidate ML input row is evidence-only metadata for evaluator review. It is not a production ranking input, not a trading signal, not an adoption decision, and not automatic production activation.",sc:ecard:b11d49895608b1645e24,v0.3.0,sh:ecard:b11d49895608b1645e24,ecard:b11d49895608b1645e24,Quant_mvp\data\v0_3\selector_inputs\v0_3_selector_input.jsonl,Quant_mvp\data\v0_3\strategy_candidates\v0_3_strategy_candidate_registry.jsonl,,2026-05-06T14:04:50+00:00,blocked,volatility,resolve_blocker,false,2,1,7,8,excluded_rejected_or_out_of_scope,0,not_collectable,out_of_scope,reject_log,volatility_liquidity,partial,0,low,abstract_supported,not_reported,false,false,false,6,2,2006-01-22,2006,,,,missing_evaluation_evidence,,,2015-01-01,2025-12-31,,,0,false,false,,,,,,false,metric_summary_missing_or_unavailable,false,false,false,,,,,,,,,,,,unlabeled,null_missing_evidence,null_missing_evidence,Quant_mvp\config\v0_3_selector_label_rules.toml,,,,,,,,,,,,,,,,evaluation_prioritization|active_learning|uncertainty_ranking|review_triage,time_aware_required_before_training,,false,false,arxiv:0601174,arxiv:0601174,false,false,blocked_missing_evaluation_evidence,ml_rows_must_not_feed_scores_rankings_reports_backtests_trading_or_auto_adoption,production_activation_requires_later_root_approved_gate
v0_3_candidate_ml_input_0_2,"This candidate ML input row is evidence-only metadata for evaluator review. It is not a production ranking input, not a trading signal, not an adoption decision, and not automatic production activation.",sc:ecard:b152c488f8ed65e5ebf4,v0.3.0,sh:ecard:b152c488f8ed65e5ebf4,ecard:b152c488f8ed65e5ebf4,Quant_mvp\data\v0_3\selector_inputs\v0_3_selector_input.jsonl,Quant_mvp\data\v0_3\strategy_candidates\v0_3_strategy_candidate_registry.jsonl,,2026-05-06T14:04:50+00:00,draft,statistical_arbitrage,refine_strategy_hypothesis,false,1,3,7,8,diagnostic_context_only,24,low,diagnostic,diagnostic_backlog,,partial,2,low,abstract_supported,not_reported,false,false,false,6,1,2024-12-19,2024,,,,missing_evaluation_evidence,,,2015-01-01,2025-12-31,,,0,false,false,,,,,,false,metric_summary_missing_or_unavailable,false,false,false,,,,,,,,,,,,unlabeled,null_missing_evidence,null_missing_evidence,Quant_mvp\config\v0_3_selector_label_rules.toml,,,,,,,,,,,,,,,,evaluation_prioritization|active_learning|uncertainty_ranking|review_triage,time_aware_required_before_training,,false,false,doi:10.52710/mt.73,doi:10.52710/mt.73,false,false,blocked_missing_evaluation_evidence,ml_rows_must_not_feed_scores_rankings_reports_backtests_trading_or_auto_adoption,production_activation_requires_later_root_approved_gate
v0_3_candidate_ml_input_0_2,"This candidate ML input row is evidence-only metadata for evaluator review. It is not a production ranking input, not a trading signal, not an adoption decision, and not automatic production activation.",sc:ecard:b21c707e81fae87f81e7,v0.3.0,sh:ecard:b21c707e81fae87f81e7,ecard:b21c707e81fae87f81e7,Quant_mvp\data\v0_3\selector_inputs\v0_3_selector_input.jsonl,Quant_mvp\data\v0_3\strategy_candidates\v0_3_strategy_candidate_registry.jsonl,,2026-05-06T14:04:50+00:00,draft,other,refine_strategy_hypothesis,false,2,3,6,8,diagnostic_context_only,0,not_collectable,diagnostic,diagnostic_backlog,,not_specified,0,low,metadata_only,not_reported,true,false,false,6,2,2014-09-01,2014,,,,missing_evaluation_evidence,,,2015-01-01,2025-12-31,,,0,false,false,,,,,,false,metric_summary_missing_or_unavailable,false,false,false,,,,,,,,,,,,unlabeled,null_missing_evidence,null_missing_evidence,Quant_mvp\config\v0_3_selector_label_rules.toml,,,,,,,,,,,,,,,,evaluation_prioritization|active_learning|uncertainty_ranking|review_triage,time_aware_required_before_training,,false,false,doi:10.1016/j.insmatheco.2014.06.005,doi:10.1016/j.insmatheco.2014.06.005,false,false,blocked_missing_evaluation_evidence,ml_rows_must_not_feed_scores_rankings_reports_backtests_trading_or_auto_adoption,production_activation_requires_later_root_approved_gate
v0_3_candidate_ml_input_0_2,"This candidate ML input row is evidence-only metadata for evaluator review. It is not a production ranking input, not a trading signal, not an adoption decision, and not automatic production activation.",sc:ecard:b22f8c3a945d9ad10eb1,v0.3.0,sh:ecard:b22f8c3a945d9ad10eb1,ecard:b22f8c3a945d9ad10eb1,Quant_mvp\data\v0_3\selector_inputs\v0_3_selector_input.jsonl,Quant_mvp\data\v0_3\strategy_candidates\v0_3_strategy_candidate_registry.jsonl,,2026-05-06T14:04:50+00:00,draft,momentum,refine_strategy_hypothesis,false,1,1,7,8,needs_manual_or_data_review,20,low,technical,technical_score_architect,momentum,not_specified,0,low,metadata_only,not_reported,false,false,false,6,1,2025-10-06,2025,,,,missing_evaluation_evidence,,,2015-01-01,2025-12-31,,,0,false,false,,,,,,false,metric_summary_missing_or_unavailable,false,false,false,,,,,,,,,,,,unlabeled,null_missing_evidence,null_missing_evidence,Quant_mvp\config\v0_3_selector_label_rules.toml,,,,,,,,,,,,,,,,evaluation_prioritization|active_learning|uncertainty_ranking|review_triage,time_aware_required_before_training,,false,false,doi:10.1109/systol66549.2025.11267373,doi:10.1109/systol66549.2025.11267373,false,false,blocked_missing_evaluation_evidence,ml_rows_must_not_feed_scores_rankings_reports_backtests_trading_or_auto_adoption,production_activation_requires_later_root_approved_gate
v0_3_candidate_ml_input_0_2,"This candidate ML input row is evidence-only metadata for evaluator review. It is not a production ranking input, not a trading signal, not an adoption decision, and not automatic production activation.",sc:ecard:b2a4a8ffda71c4a76f7d,v0.3.0,sh:ecard:b2a4a8ffda71c4a76f7d,ecard:b2a4a8ffda71c4a76f7d,Quant_mvp\data\v0_3\selector_inputs\v0_3_selector_input.jsonl,Quant_mvp\data\v0_3\strategy_candidates\v0_3_strategy_candidate_registry.jsonl,,2026-05-06T14:04:50+00:00,blocked,other,resolve_blocker,false,2,1,6,8,excluded_rejected_or_out_of_scope,0,not_collectable,out_of_scope,reject_log,,not_specified,0,low,metadata_only,not_reported,false,false,false,6,2,2012-11-28,2012,,,,missing_evaluation_evidence,,,2015-01-01,2025-12-31,,,0,false,false,,,,,,false,metric_summary_missing_or_unavailable,false,false,false,,,,,,,,,,,,unlabeled,null_missing_evidence,null_missing_evidence,Quant_mvp\config\v0_3_selector_label_rules.toml,,,,,,,,,,,,,,,,evaluation_prioritization|active_learning|uncertainty_ranking|review_triage,time_aware_required_before_training,,false,false,doi:10.1201/b14301-42,doi:10.1201/b14301-42,false,false,blocked_missing_evaluation_evidence,ml_rows_must_not_feed_scores_rankings_reports_backtests_trading_or_auto_adoption,production_activation_requires_later_root_approved_gate
v0_3_candidate_ml_input_0_2,"This candidate ML input row is evidence-only metadata for evaluator review. It is not a production ranking input, not a trading signal, not an adoption decision, and not automatic production activation.",sc:ecard:b2aef9aaf237bd0372bf,v0.3.0,sh:ecard:b2aef9aaf237bd0372bf,ecard:b2aef9aaf237bd0372bf,Quant_mvp\data\v0_3\selector_inputs\v0_3_selector_input.jsonl,Quant_mvp\data\v0_3\strategy_candidates\v0_3_strategy_candidate_registry.jsonl,,2026-05-06T14:04:50+00:00,draft,value,refine_strategy_hypothesis,false,4,3,6,8,excluded_valuation_lane,0,not_collectable,valuation,valuation_agent_handoff,,not_specified,0,low,metadata_only,not_reported,false,false,false,8,4,2002-01-01,2002,,,,missing_evaluation_evidence,,,2015-01-01,2025-12-31,,,0,false,false,,,,,,false,metric_summary_missing_or_unavailable,false,false,false,,,,,,,,,,,,unlabeled,null_missing_evidence,null_missing_evidence,Quant_mvp\config\v0_3_selector_label_rules.toml,,,,,,,,,,,,,,,,evaluation_prioritization|active_learning|uncertainty_ranking|review_triage,time_aware_required_before_training,,false,false,doi:10.1016/s1044-0283(02)00049-2,doi:10.1016/s1044-0283(02)00049-2,false,false,blocked_missing_evaluation_evidence,ml_rows_must_not_feed_scores_rankings_reports_backtests_trading_or_auto_adoption,production_activation_requires_later_root_approved_gate
v0_3_candidate_ml_input_0_2,"This candidate ML input row is evidence-only metadata for evaluator review. It is not a production ranking input, not a trading signal, not an adoption decision, and not automatic production activation.",sc:ecard:b2bec105968a6446a70a,v0.3.0,sh:ecard:b2bec105968a6446a70a,ecard:b2bec105968a6446a70a,Quant_mvp\data\v0_3\selector_inputs\v0_3_selector_input.jsonl,Quant_mvp\data\v0_3\strategy_candidates\v0_3_strategy_candidate_registry.jsonl,,2026-05-06T14:04:50+00:00,blocked,other,resolve_blocker,false,2,1,6,8,excluded_rejected_or_out_of_scope,0,not_collectable,out_of_scope,reject_log,,not_specified,0,low,metadata_only,not_reported,false,false,false,6,2,2024-10-01,2024,,,,missing_evaluation_evidence,,,2015-01-01,2025-12-31,,,0,false,false,,,,,,false,metric_summary_missing_or_unavailable,false,false,false,,,,,,,,,,,,unlabeled,null_missing_evidence,null_missing_evidence,Quant_mvp\config\v0_3_selector_label_rules.toml,,,,,,,,,,,,,,,,evaluation_prioritization|active_learning|uncertainty_ranking|review_triage,time_aware_required_before_training,,false,false,doi:10.1016/j.econlet.2024.111897,doi:10.1016/j.econlet.2024.111897,false,false,blocked_missing_evaluation_evidence,ml_rows_must_not_feed_scores_rankings_reports_backtests_trading_or_auto_adoption,production_activation_requires_later_root_approved_gate
v0_3_candidate_ml_input_0_2,"This candidate ML input row is evidence-only metadata for evaluator review. It is not a production ranking input, not a trading signal, not an adoption decision, and not automatic production activation.",sc:ecard:b2cbadd3bf5a659a02f1,v0.3.0,sh:ecard:b2cbadd3bf5a659a02f1,ecard:b2cbadd3bf5a659a02f1,Quant_mvp\data\v0_3\selector_inputs\v0_3_selector_input.jsonl,Quant_mvp\data\v0_3\strategy_candidates\v0_3_strategy_candidate_registry.jsonl,,2026-05-06T14:04:50+00:00,blocked,volatility,resolve_blocker,false,3,1,7,8,excluded_rejected_or_out_of_scope,0,not_collectable,out_of_scope,reject_log,momentum,partial,0,low,abstract_supported,not_reported,false,false,false,6,3,2024-12-31,2024,,,,missing_evaluation_evidence,,,2015-01-01,2025-12-31,,,0,false,false,,,,,,false,metric_summary_missing_or_unavailable,false,false,false,,,,,,,,,,,,unlabeled,null_missing_evidence,null_missing_evidence,Quant_mvp\config\v0_3_selector_label_rules.toml,,,,,,,,,,,,,,,,evaluation_prioritization|active_learning|uncertainty_ranking|review_triage,time_aware_required_before_training,,false,false,doi:10.58886/jfi.v22i3.8572,doi:10.58886/jfi.v22i3.8572,false,false,blocked_missing_evaluation_evidence,ml_rows_must_not_feed_scores_rankings_reports_backtests_trading_or_auto_adoption,production_activation_requires_later_root_approved_gate
v0_3_candidate_ml_input_0_2,"This candidate ML input row is evidence-only metadata for evaluator review. It is not a production ranking input, not a trading signal, not an adoption decision, and not automatic production activation.",sc:ecard:b33dbc9a89575f0ac2aa,v0.3.0,sh:ecard:b33dbc9a89575f0ac2aa,ecard:b33dbc9a89575f0ac2aa,Quant_mvp\data\v0_3\selector_inputs\v0_3_selector_input.jsonl,Quant_mvp\data\v0_3\strategy_candidates\v0_3_strategy_candidate_registry.jsonl,,2026-05-06T14:04:50+00:00,draft,value,refine_strategy_hypothesis,false,4,3,6,8,excluded_valuation_lane,0,not_collectable,valuation,valuation_agent_handoff,,partial,0,medium,abstract_supported,not_reported,false,false,false,8,4,,,,,,missing_evaluation_evidence,,,2015-01-01,2025-12-31,,,0,false,false,,,,,,false,metric_summary_missing_or_unavailable,false,false,false,,,,,,,,,,,,unlabeled,null_missing_evidence,null_missing_evidence,Quant_mvp\config\v0_3_selector_label_rules.toml,,,,,,,,,,,,,,,,evaluation_prioritization|active_learning|uncertainty_ranking|review_triage,time_aware_required_before_training,,false,false,doi:10.1093/rfs/hhu068,doi:10.1093/rfs/hhu068,false,false,blocked_missing_evaluation_evidence,ml_rows_must_not_feed_scores_rankings_reports_backtests_trading_or_auto_adoption,production_activation_requires_later_root_approved_gate
v0_3_candidate_ml_input_0_2,"This candidate ML input row is evidence-only metadata for evaluator review. It is not a production ranking input, not a trading signal, not an adoption decision, and not automatic production activation.",sc:ecard:b33ec626e5c0abd17389,v0.3.0,sh:ecard:b33ec626e5c0abd17389,ecard:b33ec626e5c0abd17389,Quant_mvp\data\v0_3\selector_inputs\v0_3_selector_input.jsonl,Quant_mvp\data\v0_3\strategy_candidates\v0_3_strategy_candidate_registry.jsonl,,2026-05-06T14:04:50+00:00,draft,other,refine_strategy_hypothesis,false,2,3,6,8,diagnostic_context_only,0,not_collectable,diagnostic,diagnostic_backlog,,not_specified,0,low,metadata_only,not_reported,false,false,true,6,2,2021-09-27,2021,,,,missing_evaluation_evidence,,,2015-01-01,2025-12-31,,,0,false,false,,,,,,false,metric_summary_missing_or_unavailable,false,false,false,,,,,,,,,,,,unlabeled,null_missing_evidence,null_missing_evidence,Quant_mvp\config\v0_3_selector_label_rules.toml,,,,,,,,,,,,,,,,evaluation_prioritization|active_learning|uncertainty_ranking|review_triage,time_aware_required_before_training,,false,false,doi:10.1038/d41586-021-02647-8,doi:10.1038/d41586-021-02647-8,false,false,blocked_missing_evaluation_evidence,ml_rows_must_not_feed_scores_rankings_reports_backtests_trading_or_auto_adoption,production_activation_requires_later_root_approved_gate
v0_3_candidate_ml_input_0_2,"This candidate ML input row is evidence-only metadata for evaluator review. It is not a production ranking input, not a trading signal, not an adoption decision, and not automatic production activation.",sc:ecard:b350f65971f95a6ba521,v0.3.0,sh:ecard:b350f65971f95a6ba521,ecard:b350f65971f95a6ba521,Quant_mvp\data\v0_3\selector_inputs\v0_3_selector_input.jsonl,Quant_mvp\data\v0_3\strategy_candidates\v0_3_strategy_candidate_registry.jsonl,Quant_mvp\backtest_mvp\docs\v0_3_evaluation_evidence\non_momentum_cohort_1\ee_v0_3_20260506_sc_ecard_b350f65971f95a6ba521.md,2026-05-06T14:04:50+00:00,evaluable,volatility,create_evaluation_evidence,true,0,1,7,8,eligible_for_candidate_selector_review,94,high,technical,technical_score_architect,volatility_liquidity,partial,2,medium,abstract_supported,not_reported,false,false,false,6,0,2004-02-01,2004,2026-05-06,,ee_v0_3_20260506_sc_ecard_b350f65971f95a6ba521,evidence_recorded,2026-05-06,2026-05-06,2015-01-02,2025-12-02,,benchmark_reference_comparison|cost|drawdown|no_feedback|no_lookahead|oos_walk_forward_stability|turnover|volatility,8,true,true,approved_evaluation_evidence,candidate_specific,candidate_level_supervised_label_candidate,strategy_candidate,sc:ecard:b350f65971f95a6ba521,true,candidate_id_matches_candidate_level_evaluation_evidence,false,false,false,4.59248614414884,-0.26420150156471234,-0.26420150156471234,4.856687645713552,-0.49924422265194046,0.39104534114120565,0.686318407960199,0.5932409139655367,recorded_walk_forward_pass,0,1,candidate_level_evaluation_evidence,,positive,Quant_mvp\config\v0_3_selector_label_rules.toml,candidate_level_evaluation_evidence,candidate_specific,candidate_level_supervised_label_candidate,ee_v0_3_20260506_sc_ecard_b350f65971f95a6ba521,2026-05-06,,,,,,,,,,,evaluation_prioritization|active_learning|uncertainty_ranking|review_triage,time_aware_required_before_training,,true,false,doi:10.1111/j.0391-5026.2004.00127.x,doi:10.1111/j.0391-5026.2004.00127.x,true,false,eligible_candidate_level_label,ml_rows_must_not_feed_scores_rankings_reports_backtests_trading_or_auto_adoption,production_activation_requires_later_root_approved_gate
v0_3_candidate_ml_input_0_2,"This candidate ML input row is evidence-only metadata for evaluator review. It is not a production ranking input, not a trading signal, not an adoption decision, and not automatic production activation.",sc:ecard:b4fdf26a68069984b392,v0.3.0,sh:ecard:b4fdf26a68069984b392,ecard:b4fdf26a68069984b392,Quant_mvp\data\v0_3\selector_inputs\v0_3_selector_input.jsonl,Quant_mvp\data\v0_3\strategy_candidates\v0_3_strategy_candidate_registry.jsonl,Quant_mvp\backtest_mvp\docs\v0_3_evaluation_evidence\non_momentum_cohort_1\ee_v0_3_20260506_sc_ecard_b4fdf26a68069984b392.md,2026-05-06T14:04:50+00:00,evaluable,volatility,create_evaluation_evidence,true,0,1,7,8,eligible_for_candidate_selector_review,94,high,technical,technical_score_architect,volatility_liquidity,partial,2,medium,abstract_supported,not_reported,false,false,false,6,0,2019-04-28,2019,2026-05-06,,ee_v0_3_20260506_sc_ecard_b4fdf26a68069984b392,evidence_recorded,2026-05-06,2026-05-06,2015-01-02,2025-12-02,,benchmark_reference_comparison|cost|drawdown|no_feedback|no_lookahead|oos_walk_forward_stability|turnover|volatility,8,true,true,approved_evaluation_evidence,candidate_specific,candidate_level_supervised_label_candidate,strategy_candidate,sc:ecard:b4fdf26a68069984b392,true,candidate_id_matches_candidate_level_evaluation_evidence,false,false,false,4.59248614414884,-0.26420150156471234,-0.26420150156471234,4.856687645713552,-0.49924422265194046,0.39104534114120565,0.686318407960199,0.5932409139655367,recorded_walk_forward_pass,0,1,candidate_level_evaluation_evidence,,positive,Quant_mvp\config\v0_3_selector_label_rules.toml,candidate_level_evaluation_evidence,candidate_specific,candidate_level_supervised_label_candidate,ee_v0_3_20260506_sc_ecard_b4fdf26a68069984b392,2026-05-06,,,,,,,,,,,evaluation_prioritization|active_learning|uncertainty_ranking|review_triage,time_aware_required_before_training,,true,false,doi:10.3390/systems7020024,doi:10.3390/systems7020024,true,false,eligible_candidate_level_label,ml_rows_must_not_feed_scores_rankings_reports_backtests_trading_or_auto_adoption,production_activation_requires_later_root_approved_gate
v0_3_candidate_ml_input_0_2,"This candidate ML input row is evidence-only metadata for evaluator review. It is not a production ranking input, not a trading signal, not an adoption decision, and not automatic production activation.",sc:ecard:b500e7acf63edc8e9e15,v0.3.0,sh:ecard:b500e7acf63edc8e9e15,ecard:b500e7acf63edc8e9e15,Quant_mvp\data\v0_3\selector_inputs\v0_3_selector_input.jsonl,Quant_mvp\data\v0_3\strategy_candidates\v0_3_strategy_candidate_registry.jsonl,,2026-05-06T14:04:50+00:00,draft,value,refine_strategy_hypothesis,false,4,3,6,8,excluded_valuation_lane,0,not_collectable,valuation,valuation_agent_handoff,,partial,0,medium,abstract_supported,not_reported,false,false,true,8,4,1998-07-31,1998,,,,missing_evaluation_evidence,,,2015-01-01,2025-12-31,,,0,false,false,,,,,,false,metric_summary_missing_or_unavailable,false,false,false,,,,,,,,,,,,unlabeled,null_missing_evidence,null_missing_evidence,Quant_mvp\config\v0_3_selector_label_rules.toml,,,,,,,,,,,,,,,,evaluation_prioritization|active_learning|uncertainty_ranking|review_triage,time_aware_required_before_training,,false,false,doi:10.3905/jpm.1998.409650,doi:10.3905/jpm.1998.409650,false,false,blocked_missing_evaluation_evidence,ml_rows_must_not_feed_scores_rankings_reports_backtests_trading_or_auto_adoption,production_activation_requires_later_root_approved_gate
v0_3_candidate_ml_input_0_2,"This candidate ML input row is evidence-only metadata for evaluator review. It is not a production ranking input, not a trading signal, not an adoption decision, and not automatic production activation.",sc:ecard:b503d4432568e7146348,v0.3.0,sh:ecard:b503d4432568e7146348,ecard:b503d4432568e7146348,Quant_mvp\data\v0_3\selector_inputs\v0_3_selector_input.jsonl,Quant_mvp\data\v0_3\strategy_candidates\v0_3_strategy_candidate_registry.jsonl,,2026-05-06T14:04:50+00:00,draft,value,refine_strategy_hypothesis,false,4,3,6,8,excluded_valuation_lane,0,not_collectable,valuation,valuation_agent_handoff,,not_specified,0,low,metadata_only,not_reported,false,false,false,8,4,1999-09-01,1999,,,,missing_evaluation_evidence,,,2015-01-01,2025-12-31,,,0,false,false,,,,,,false,metric_summary_missing_or_unavailable,false,false,false,,,,,,,,,,,,unlabeled,null_missing_evidence,null_missing_evidence,Quant_mvp\config\v0_3_selector_label_rules.toml,,,,,,,,,,,,,,,,evaluation_prioritization|active_learning|uncertainty_ranking|review_triage,time_aware_required_before_training,,false,false,doi:10.1023/a:1010071921399,doi:10.1023/a:1010071921399,false,false,blocked_missing_evaluation_evidence,ml_rows_must_not_feed_scores_rankings_reports_backtests_trading_or_auto_adoption,production_activation_requires_later_root_approved_gate
v0_3_candidate_ml_input_0_2,"This candidate ML input row is evidence-only metadata for evaluator review. It is not a production ranking input, not a trading signal, not an adoption decision, and not automatic production activation.",sc:ecard:b5251d96c92fc9996fc5,v0.3.0,sh:ecard:b5251d96c92fc9996fc5,ecard:b5251d96c92fc9996fc5,Quant_mvp\data\v0_3\selector_inputs\v0_3_selector_input.jsonl,Quant_mvp\data\v0_3\strategy_candidates\v0_3_strategy_candidate_registry.jsonl,,2026-05-06T14:04:50+00:00,draft,momentum,refine_strategy_hypothesis,false,1,1,7,8,needs_manual_or_data_review,20,low,technical,technical_score_architect,momentum,not_specified,0,low,metadata_only,not_reported,false,false,false,6,1,2019-01-01,2019,,,,missing_evaluation_evidence,,,2015-01-01,2025-12-31,,,0,false,false,,,,,,false,metric_summary_missing_or_unavailable,false,false,false,,,,,,,,,,,,unlabeled,null_missing_evidence,null_missing_evidence,Quant_mvp\config\v0_3_selector_label_rules.toml,,,,,,,,,,,,,,,,evaluation_prioritization|active_learning|uncertainty_ranking|review_triage,time_aware_required_before_training,,false,false,doi:10.2139/ssrn.3345280,doi:10.2139/ssrn.3345280,false,false,blocked_missing_evaluation_evidence,ml_rows_must_not_feed_scores_rankings_reports_backtests_trading_or_auto_adoption,production_activation_requires_later_root_approved_gate
v0_3_candidate_ml_input_0_2,"This candidate ML input row is evidence-only metadata for evaluator review. It is not a production ranking input, not a trading signal, not an adoption decision, and not automatic production activation.",sc:ecard:b56593a1026de6fa48c9,v0.3.0,sh:ecard:b56593a1026de6fa48c9,ecard:b56593a1026de6fa48c9,Quant_mvp\data\v0_3\selector_inputs\v0_3_selector_input.jsonl,Quant_mvp\data\v0_3\strategy_candidates\v0_3_strategy_candidate_registry.jsonl,,2026-05-06T14:04:50+00:00,draft,other,refine_strategy_hypothesis,false,1,3,6,8,diagnostic_context_only,24,low,diagnostic,diagnostic_backlog,,partial,2,low,abstract_supported,not_reported,false,false,false,6,1,2017-09-12,2017,,,,missing_evaluation_evidence,,,2015-01-01,2025-12-31,,,0,false,false,,,,,,false,metric_summary_missing_or_unavailable,false,false,false,,,,,,,,,,,,unlabeled,null_missing_evidence,null_missing_evidence,Quant_mvp\config\v0_3_selector_label_rules.toml,,,,,,,,,,,,,,,,evaluation_prioritization|active_learning|uncertainty_ranking|review_triage,time_aware_required_before_training,,false,false,arxiv:1709.04059,arxiv:1709.04059,false,false,blocked_missing_evaluation_evidence,ml_rows_must_not_feed_scores_rankings_reports_backtests_trading_or_auto_adoption,production_activation_requires_later_root_approved_gate
v0_3_candidate_ml_input_0_2,"This candidate ML input row is evidence-only metadata for evaluator review. It is not a production ranking input, not a trading signal, not an adoption decision, and not automatic production activation.",sc:ecard:b56a37aaa57ece68c66c,v0.3.0,sh:ecard:b56a37aaa57ece68c66c,ecard:b56a37aaa57ece68c66c,Quant_mvp\data\v0_3\selector_inputs\v0_3_selector_input.jsonl,Quant_mvp\data\v0_3\strategy_candidates\v0_3_strategy_candidate_registry.jsonl,,2026-05-06T14:04:50+00:00,draft,other,refine_strategy_hypothesis,false,2,3,6,8,diagnostic_context_only,0,not_collectable,diagnostic,diagnostic_backlog,,not_specified,0,low,metadata_only,not_reported,true,false,false,6,2,1998-01-01,1998,,,,missing_evaluation_evidence,,,2015-01-01,2025-12-31,,,0,false,false,,,,,,false,metric_summary_missing_or_unavailable,false,false,false,,,,,,,,,,,,unlabeled,null_missing_evidence,null_missing_evidence,Quant_mvp\config\v0_3_selector_label_rules.toml,,,,,,,,,,,,,,,,evaluation_prioritization|active_learning|uncertainty_ranking|review_triage,time_aware_required_before_training,,false,false,doi:10.1016/b978-008043325-7/50053-1,doi:10.1016/b978-008043325-7/50053-1,false,false,blocked_missing_evaluation_evidence,ml_rows_must_not_feed_scores_rankings_reports_backtests_trading_or_auto_adoption,production_activation_requires_later_root_approved_gate
v0_3_candidate_ml_input_0_2,"This candidate ML input row is evidence-only metadata for evaluator review. It is not a production ranking input, not a trading signal, not an adoption decision, and not automatic production activation.",sc:ecard:b5c4a4a6ad23d978069b,v0.3.0,sh:ecard:b5c4a4a6ad23d978069b,ecard:b5c4a4a6ad23d978069b,Quant_mvp\data\v0_3\selector_inputs\v0_3_selector_input.jsonl,Quant_mvp\data\v0_3\strategy_candidates\v0_3_strategy_candidate_registry.jsonl,,2026-05-06T14:04:50+00:00,draft,value,refine_strategy_hypothesis,false,4,2,6,8,needs_hybrid_split,3,low,hybrid,hybrid_split_required,momentum,partial,0,low,abstract_supported,not_reported,false,false,false,8,4,2004-05-06,2004,,,,missing_evaluation_evidence,,,2015-01-01,2025-12-31,,,0,false,false,,,,,,false,metric_summary_missing_or_unavailable,false,false,false,,,,,,,,,,,,unlabeled,null_missing_evidence,null_missing_evidence,Quant_mvp\config\v0_3_selector_label_rules.toml,,,,,,,,,,,,,,,,evaluation_prioritization|active_learning|uncertainty_ranking|review_triage,time_aware_required_before_training,,false,false,doi:10.1111/j.1540-6261.2004.00657.x,doi:10.1111/j.1540-6261.2004.00657.x,false,false,blocked_missing_evaluation_evidence,ml_rows_must_not_feed_scores_rankings_reports_backtests_trading_or_auto_adoption,production_activation_requires_later_root_approved_gate
v0_3_candidate_ml_input_0_2,"This candidate ML input row is evidence-only metadata for evaluator review. It is not a production ranking input, not a trading signal, not an adoption decision, and not automatic production activation.",sc:ecard:b6a1ad422cac7cffcfac,v0.3.0,sh:ecard:b6a1ad422cac7cffcfac,ecard:b6a1ad422cac7cffcfac,Quant_mvp\data\v0_3\selector_inputs\v0_3_selector_input.jsonl,Quant_mvp\data\v0_3\strategy_candidates\v0_3_strategy_candidate_registry.jsonl,,2026-05-06T14:04:50+00:00,blocked,other,resolve_blocker,false,2,1,6,8,excluded_rejected_or_out_of_scope,0,not_collectable,out_of_scope,reject_log,,not_specified,0,low,metadata_only,not_reported,false,false,false,6,2,2011-12-28,2011,,,,missing_evaluation_evidence,,,2015-01-01,2025-12-31,,,0,false,false,,,,,,false,metric_summary_missing_or_unavailable,false,false,false,,,,,,,,,,,,unlabeled,null_missing_evidence,null_missing_evidence,Quant_mvp\config\v0_3_selector_label_rules.toml,,,,,,,,,,,,,,,,evaluation_prioritization|active_learning|uncertainty_ranking|review_triage,time_aware_required_before_training,,false,false,doi:10.2139/ssrn.513024,doi:10.2139/ssrn.513024,false,false,blocked_missing_evaluation_evidence,ml_rows_must_not_feed_scores_rankings_reports_backtests_trading_or_auto_adoption,production_activation_requires_later_root_approved_gate
v0_3_candidate_ml_input_0_2,"This candidate ML input row is evidence-only metadata for evaluator review. It is not a production ranking input, not a trading signal, not an adoption decision, and not automatic production activation.",sc:ecard:b6ff097e4969bac39a1e,v0.3.0,sh:ecard:b6ff097e4969bac39a1e,ecard:b6ff097e4969bac39a1e,Quant_mvp\data\v0_3\selector_inputs\v0_3_selector_input.jsonl,Quant_mvp\data\v0_3\strategy_candidates\v0_3_strategy_candidate_registry.jsonl,,2026-05-06T14:04:50+00:00,draft,volatility,refine_strategy_hypothesis,false,1,3,7,8,diagnostic_context_only,24,low,diagnostic,diagnostic_backlog,volatility_liquidity,partial,2,low,abstract_supported,not_reported,false,false,true,6,1,2021-08-15,2021,,,,missing_evaluation_evidence,,,2015-01-01,2025-12-31,,,0,false,false,,,,,,false,metric_summary_missing_or_unavailable,false,false,false,,,,,,,,,,,,unlabeled,null_missing_evidence,null_missing_evidence,Quant_mvp\config\v0_3_selector_label_rules.toml,,,,,,,,,,,,,,,,evaluation_prioritization|active_learning|uncertainty_ranking|review_triage,time_aware_required_before_training,,false,false,doi:10.1016/j.najef.2021.101531,doi:10.1016/j.najef.2021.101531,false,false,blocked_missing_evaluation_evidence,ml_rows_must_not_feed_scores_rankings_reports_backtests_trading_or_auto_adoption,production_activation_requires_later_root_approved_gate
v0_3_candidate_ml_input_0_2,"This candidate ML input row is evidence-only metadata for evaluator review. It is not a production ranking input, not a trading signal, not an adoption decision, and not automatic production activation.",sc:ecard:b7508a26547683dbee4a,v0.3.0,sh:ecard:b7508a26547683dbee4a,ecard:b7508a26547683dbee4a,Quant_mvp\data\v0_3\selector_inputs\v0_3_selector_input.jsonl,Quant_mvp\data\v0_3\strategy_candidates\v0_3_strategy_candidate_registry.jsonl,,2026-05-06T14:04:50+00:00,draft,momentum,refine_strategy_hypothesis,false,1,1,7,8,needs_manual_or_data_review,20,low,technical,technical_score_architect,momentum,not_specified,0,low,metadata_only,not_reported,false,false,false,6,1,2018-04-20,2018,,,,missing_evaluation_evidence,,,2015-01-01,2025-12-31,,,0,false,false,,,,,,false,metric_summary_missing_or_unavailable,false,false,false,,,,,,,,,,,,unlabeled,null_missing_evidence,null_missing_evidence,Quant_mvp\config\v0_3_selector_label_rules.toml,,,,,,,,,,,,,,,,evaluation_prioritization|active_learning|uncertainty_ranking|review_triage,time_aware_required_before_training,,false,false,doi:10.2139/ssrn.2795319,doi:10.2139/ssrn.2795319,false,false,blocked_missing_evaluation_evidence,ml_rows_must_not_feed_scores_rankings_reports_backtests_trading_or_auto_adoption,production_activation_requires_later_root_approved_gate
v0_3_candidate_ml_input_0_2,"This candidate ML input row is evidence-only metadata for evaluator review. It is not a production ranking input, not a trading signal, not an adoption decision, and not automatic production activation.",sc:ecard:b7b74c0b93e7ec2ee650,v0.3.0,sh:ecard:b7b74c0b93e7ec2ee650,ecard:b7b74c0b93e7ec2ee650,Quant_mvp\data\v0_3\selector_inputs\v0_3_selector_input.jsonl,Quant_mvp\data\v0_3\strategy_candidates\v0_3_strategy_candidate_registry.jsonl,,2026-05-06T14:04:50+00:00,draft,value,refine_strategy_hypothesis,false,4,2,6,8,needs_hybrid_split,0,not_collectable,hybrid,hybrid_split_required,,not_specified,0,low,metadata_only,not_reported,false,false,false,8,4,2004-06-01,2004,,,,missing_evaluation_evidence,,,2015-01-01,2025-12-31,,,0,false,false,,,,,,false,metric_summary_missing_or_unavailable,false,false,false,,,,,,,,,,,,unlabeled,null_missing_evidence,null_missing_evidence,Quant_mvp\config\v0_3_selector_label_rules.toml,,,,,,,,,,,,,,,,evaluation_prioritization|active_learning|uncertainty_ranking|review_triage,time_aware_required_before_training,,false,false,doi:10.1016/j.irfa.2004.02.002,doi:10.1016/j.irfa.2004.02.002,false,false,blocked_missing_evaluation_evidence,ml_rows_must_not_feed_scores_rankings_reports_backtests_trading_or_auto_adoption,production_activation_requires_later_root_approved_gate
v0_3_candidate_ml_input_0_2,"This candidate ML input row is evidence-only metadata for evaluator review. It is not a production ranking input, not a trading signal, not an adoption decision, and not automatic production activation.",sc:ecard:b811a1b201a55fd96ccf,v0.3.0,sh:ecard:b811a1b201a55fd96ccf,ecard:b811a1b201a55fd96ccf,Quant_mvp\data\v0_3\selector_inputs\v0_3_selector_input.jsonl,Quant_mvp\data\v0_3\strategy_candidates\v0_3_strategy_candidate_registry.jsonl,,2026-05-06T14:04:50+00:00,draft,value,refine_strategy_hypothesis,false,4,2,6,8,needs_hybrid_split,0,not_collectable,hybrid,hybrid_split_required,,not_specified,0,low,metadata_only,not_reported,false,false,false,8,4,2012-01-05,2012,,,,missing_evaluation_evidence,,,2015-01-01,2025-12-31,,,0,false,false,,,,,,false,metric_summary_missing_or_unavailable,false,false,false,,,,,,,,,,,,unlabeled,null_missing_evidence,null_missing_evidence,Quant_mvp\config\v0_3_selector_label_rules.toml,,,,,,,,,,,,,,,,evaluation_prioritization|active_learning|uncertainty_ranking|review_triage,time_aware_required_before_training,,false,false,doi:10.2139/ssrn.1687347,doi:10.2139/ssrn.1687347,false,false,blocked_missing_evaluation_evidence,ml_rows_must_not_feed_scores_rankings_reports_backtests_trading_or_auto_adoption,production_activation_requires_later_root_approved_gate
v0_3_candidate_ml_input_0_2,"This candidate ML input row is evidence-only metadata for evaluator review. It is not a production ranking input, not a trading signal, not an adoption decision, and not automatic production activation.",sc:ecard:b845bcc3668767afcf4d,v0.3.0,sh:ecard:b845bcc3668767afcf4d,ecard:b845bcc3668767afcf4d,Quant_mvp\data\v0_3\selector_inputs\v0_3_selector_input.jsonl,Quant_mvp\data\v0_3\strategy_candidates\v0_3_strategy_candidate_registry.jsonl,,2026-05-06T14:04:50+00:00,draft,other,refine_strategy_hypothesis,false,2,3,6,8,diagnostic_context_only,0,not_collectable,diagnostic,diagnostic_backlog,,not_specified,0,low,metadata_only,not_reported,false,false,false,6,2,2000-09-01,2000,,,,missing_evaluation_evidence,,,2015-01-01,2025-12-31,,,0,false,false,,,,,,false,metric_summary_missing_or_unavailable,false,false,false,,,,,,,,,,,,unlabeled,null_missing_evidence,null_missing_evidence,Quant_mvp\config\v0_3_selector_label_rules.toml,,,,,,,,,,,,,,,,evaluation_prioritization|active_learning|uncertainty_ranking|review_triage,time_aware_required_before_training,,false,false,doi:10.1111/1468-0262.00152,doi:10.1111/1468-0262.00152,false,false,blocked_missing_evaluation_evidence,ml_rows_must_not_feed_scores_rankings_reports_backtests_trading_or_auto_adoption,production_activation_requires_later_root_approved_gate
v0_3_candidate_ml_input_0_2,"This candidate ML input row is evidence-only metadata for evaluator review. It is not a production ranking input, not a trading signal, not an adoption decision, and not automatic production activation.",sc:ecard:b87edb6aaf8bfe9ac0a4,v0.3.0,sh:ecard:b87edb6aaf8bfe9ac0a4,ecard:b87edb6aaf8bfe9ac0a4,Quant_mvp\data\v0_3\selector_inputs\v0_3_selector_input.jsonl,Quant_mvp\data\v0_3\strategy_candidates\v0_3_strategy_candidate_registry.jsonl,,2026-05-06T14:04:50+00:00,draft,value,refine_strategy_hypothesis,false,4,2,6,8,needs_hybrid_split,3,low,hybrid,hybrid_split_required,momentum,partial,0,low,abstract_supported,not_reported,false,false,false,8,4,2024-12-31,2024,,,,missing_evaluation_evidence,,,2015-01-01,2025-12-31,,,0,false,false,,,,,,false,metric_summary_missing_or_unavailable,false,false,false,,,,,,,,,,,,unlabeled,null_missing_evidence,null_missing_evidence,Quant_mvp\config\v0_3_selector_label_rules.toml,,,,,,,,,,,,,,,,evaluation_prioritization|active_learning|uncertainty_ranking|review_triage,time_aware_required_before_training,,false,false,arxiv:2501.00634,arxiv:2501.00634,false,false,blocked_missing_evaluation_evidence,ml_rows_must_not_feed_scores_rankings_reports_backtests_trading_or_auto_adoption,production_activation_requires_later_root_approved_gate
v0_3_candidate_ml_input_0_2,"This candidate ML input row is evidence-only metadata for evaluator review. It is not a production ranking input, not a trading signal, not an adoption decision, and not automatic production activation.",sc:ecard:b89aa6b2d0675e2f2844,v0.3.0,sh:ecard:b89aa6b2d0675e2f2844,ecard:b89aa6b2d0675e2f2844,Quant_mvp\data\v0_3\selector_inputs\v0_3_selector_input.jsonl,Quant_mvp\data\v0_3\strategy_candidates\v0_3_strategy_candidate_registry.jsonl,,2026-05-06T14:04:50+00:00,draft,other,refine_strategy_hypothesis,false,2,3,6,8,diagnostic_context_only,0,not_collectable,diagnostic,diagnostic_backlog,,not_specified,0,low,metadata_only,not_reported,true,false,false,6,2,2006-01-01,2006,,,,missing_evaluation_evidence,,,2015-01-01,2025-12-31,,,0,false,false,,,,,,false,metric_summary_missing_or_unavailable,false,false,false,,,,,,,,,,,,unlabeled,null_missing_evidence,null_missing_evidence,Quant_mvp\config\v0_3_selector_label_rules.toml,,,,,,,,,,,,,,,,evaluation_prioritization|active_learning|uncertainty_ranking|review_triage,time_aware_required_before_training,,false,false,doi:10.1142/s0219871106000287,doi:10.1142/s0219871106000287,false,false,blocked_missing_evaluation_evidence,ml_rows_must_not_feed_scores_rankings_reports_backtests_trading_or_auto_adoption,production_activation_requires_later_root_approved_gate
v0_3_candidate_ml_input_0_2,"This candidate ML input row is evidence-only metadata for evaluator review. It is not a production ranking input, not a trading signal, not an adoption decision, and not automatic production activation.",sc:ecard:ba3044c5d8d309bcf2d3,v0.3.0,sh:ecard:ba3044c5d8d309bcf2d3,ecard:ba3044c5d8d309bcf2d3,Quant_mvp\data\v0_3\selector_inputs\v0_3_selector_input.jsonl,Quant_mvp\data\v0_3\strategy_candidates\v0_3_strategy_candidate_registry.jsonl,,2026-05-06T14:04:50+00:00,blocked,other,resolve_blocker,false,2,1,6,8,excluded_rejected_or_out_of_scope,0,not_collectable,out_of_scope,reject_log,,not_specified,0,low,metadata_only,not_reported,false,false,false,6,2,2007-02-13,2007,,,,missing_evaluation_evidence,,,2015-01-01,2025-12-31,,,0,false,false,,,,,,false,metric_summary_missing_or_unavailable,false,false,false,,,,,,,,,,,,unlabeled,null_missing_evidence,null_missing_evidence,Quant_mvp\config\v0_3_selector_label_rules.toml,,,,,,,,,,,,,,,,evaluation_prioritization|active_learning|uncertainty_ranking|review_triage,time_aware_required_before_training,,false,false,doi:10.1201/9781420013146-26,doi:10.1201/9781420013146-26,false,false,blocked_missing_evaluation_evidence,ml_rows_must_not_feed_scores_rankings_reports_backtests_trading_or_auto_adoption,production_activation_requires_later_root_approved_gate
v0_3_candidate_ml_input_0_2,"This candidate ML input row is evidence-only metadata for evaluator review. It is not a production ranking input, not a trading signal, not an adoption decision, and not automatic production activation.",sc:ecard:bb1073d2eb440d24114a,v0.3.0,sh:ecard:bb1073d2eb440d24114a,ecard:bb1073d2eb440d24114a,Quant_mvp\data\v0_3\selector_inputs\v0_3_selector_input.jsonl,Quant_mvp\data\v0_3\strategy_candidates\v0_3_strategy_candidate_registry.jsonl,,2026-05-06T14:04:50+00:00,draft,volatility,refine_strategy_hypothesis,false,1,3,7,8,diagnostic_context_only,24,low,diagnostic,diagnostic_backlog,volatility_liquidity,partial,2,low,abstract_supported,not_reported,false,false,false,6,1,2020-11-03,2020,,,,missing_evaluation_evidence,,,2015-01-01,2025-12-31,,,0,false,false,,,,,,false,metric_summary_missing_or_unavailable,false,false,false,,,,,,,,,,,,unlabeled,null_missing_evidence,null_missing_evidence,Quant_mvp\config\v0_3_selector_label_rules.toml,,,,,,,,,,,,,,,,evaluation_prioritization|active_learning|uncertainty_ranking|review_triage,time_aware_required_before_training,,false,false,doi:10.1093/rapstu/raaa022,doi:10.1093/rapstu/raaa022,false,false,blocked_missing_evaluation_evidence,ml_rows_must_not_feed_scores_rankings_reports_backtests_trading_or_auto_adoption,production_activation_requires_later_root_approved_gate
v0_3_candidate_ml_input_0_2,"This candidate ML input row is evidence-only metadata for evaluator review. It is not a production ranking input, not a trading signal, not an adoption decision, and not automatic production activation.",sc:ecard:bbcef8aeaa52388ddbe4,v0.3.0,sh:ecard:bbcef8aeaa52388ddbe4,ecard:bbcef8aeaa52388ddbe4,Quant_mvp\data\v0_3\selector_inputs\v0_3_selector_input.jsonl,Quant_mvp\data\v0_3\strategy_candidates\v0_3_strategy_candidate_registry.jsonl,,2026-05-06T14:04:50+00:00,draft,value,refine_strategy_hypothesis,false,4,3,6,8,excluded_valuation_lane,0,not_collectable,valuation,valuation_agent_handoff,,partial,0,medium,abstract_supported,not_reported,false,false,false,8,4,2002-12-01,2002,,,,missing_evaluation_evidence,,,2015-01-01,2025-12-31,,,0,false,false,,,,,,false,metric_summary_missing_or_unavailable,false,false,false,,,,,,,,,,,,unlabeled,null_missing_evidence,null_missing_evidence,Quant_mvp\config\v0_3_selector_label_rules.toml,,,,,,,,,,,,,,,,evaluation_prioritization|active_learning|uncertainty_ranking|review_triage,time_aware_required_before_training,,false,false,doi:10.1111/1540-6261.00509,doi:10.1111/1540-6261.00509,false,false,blocked_missing_evaluation_evidence,ml_rows_must_not_feed_scores_rankings_reports_backtests_trading_or_auto_adoption,production_activation_requires_later_root_approved_gate
v0_3_candidate_ml_input_0_2,"This candidate ML input row is evidence-only metadata for evaluator review. It is not a production ranking input, not a trading signal, not an adoption decision, and not automatic production activation.",sc:ecard:bc00c98976dd8c52600b,v0.3.0,sh:ecard:bc00c98976dd8c52600b,ecard:bc00c98976dd8c52600b,Quant_mvp\data\v0_3\selector_inputs\v0_3_selector_input.jsonl,Quant_mvp\data\v0_3\strategy_candidates\v0_3_strategy_candidate_registry.jsonl,,2026-05-06T14:04:50+00:00,draft,other,refine_strategy_hypothesis,false,2,3,6,8,diagnostic_context_only,0,not_collectable,diagnostic,diagnostic_backlog,,not_specified,0,low,metadata_only,not_reported,false,false,true,6,2,2008-08-01,2008,,,,missing_evaluation_evidence,,,2015-01-01,2025-12-31,,,0,false,false,,,,,,false,metric_summary_missing_or_unavailable,false,false,false,,,,,,,,,,,,unlabeled,null_missing_evidence,null_missing_evidence,Quant_mvp\config\v0_3_selector_label_rules.toml,,,,,,,,,,,,,,,,evaluation_prioritization|active_learning|uncertainty_ranking|review_triage,time_aware_required_before_training,,false,false,doi:10.1007/978-3-8349-9852-1_5,doi:10.1007/978-3-8349-9852-1_5,false,false,blocked_missing_evaluation_evidence,ml_rows_must_not_feed_scores_rankings_reports_backtests_trading_or_auto_adoption,production_activation_requires_later_root_approved_gate
v0_3_candidate_ml_input_0_2,"This candidate ML input row is evidence-only metadata for evaluator review. It is not a production ranking input, not a trading signal, not an adoption decision, and not automatic production activation.",sc:ecard:bc4e8afeeff2415d9761,v0.3.0,sh:ecard:bc4e8afeeff2415d9761,ecard:bc4e8afeeff2415d9761,Quant_mvp\data\v0_3\selector_inputs\v0_3_selector_input.jsonl,Quant_mvp\data\v0_3\strategy_candidates\v0_3_strategy_candidate_registry.jsonl,,2026-05-06T14:04:50+00:00,draft,volatility,refine_strategy_hypothesis,false,1,3,7,8,diagnostic_context_only,24,low,diagnostic,diagnostic_backlog,volatility_liquidity,partial,2,low,abstract_supported,not_reported,false,false,false,6,1,2017-12-01,2017,,,,missing_evaluation_evidence,,,2015-01-01,2025-12-31,,,0,false,false,,,,,,false,metric_summary_missing_or_unavailable,false,false,false,,,,,,,,,,,,unlabeled,null_missing_evidence,null_missing_evidence,Quant_mvp\config\v0_3_selector_label_rules.toml,,,,,,,,,,,,,,,,evaluation_prioritization|active_learning|uncertainty_ranking|review_triage,time_aware_required_before_training,,false,false,doi:10.1017/s002210901700076x,doi:10.1017/s002210901700076x,false,false,blocked_missing_evaluation_evidence,ml_rows_must_not_feed_scores_rankings_reports_backtests_trading_or_auto_adoption,production_activation_requires_later_root_approved_gate
v0_3_candidate_ml_input_0_2,"This candidate ML input row is evidence-only metadata for evaluator review. It is not a production ranking input, not a trading signal, not an adoption decision, and not automatic production activation.",sc:ecard:bddbbefacd9321107dde,v0.3.0,sh:ecard:bddbbefacd9321107dde,ecard:bddbbefacd9321107dde,Quant_mvp\data\v0_3\selector_inputs\v0_3_selector_input.jsonl,Quant_mvp\data\v0_3\strategy_candidates\v0_3_strategy_candidate_registry.jsonl,,2026-05-06T14:04:50+00:00,draft,volatility,refine_strategy_hypothesis,false,2,3,7,8,diagnostic_context_only,0,not_collectable,diagnostic,diagnostic_backlog,volatility_liquidity,not_specified,0,low,metadata_only,not_reported,false,false,false,6,2,2025-06-01,2025,,,,missing_evaluation_evidence,,,2015-01-01,2025-12-31,,,0,false,false,,,,,,false,metric_summary_missing_or_unavailable,false,false,false,,,,,,,,,,,,unlabeled,null_missing_evidence,null_missing_evidence,Quant_mvp\config\v0_3_selector_label_rules.toml,,,,,,,,,,,,,,,,evaluation_prioritization|active_learning|uncertainty_ranking|review_triage,time_aware_required_before_training,,false,false,doi:10.1016/j.pacfin.2025.102686,doi:10.1016/j.pacfin.2025.102686,false,false,blocked_missing_evaluation_evidence,ml_rows_must_not_feed_scores_rankings_reports_backtests_trading_or_auto_adoption,production_activation_requires_later_root_approved_gate
v0_3_candidate_ml_input_0_2,"This candidate ML input row is evidence-only metadata for evaluator review. It is not a production ranking input, not a trading signal, not an adoption decision, and not automatic production activation.",sc:ecard:bf02ce047f6b85970113,v0.3.0,sh:ecard:bf02ce047f6b85970113,ecard:bf02ce047f6b85970113,Quant_mvp\data\v0_3\selector_inputs\v0_3_selector_input.jsonl,Quant_mvp\data\v0_3\strategy_candidates\v0_3_strategy_candidate_registry.jsonl,,2026-05-06T14:04:50+00:00,draft,other,refine_strategy_hypothesis,false,1,3,6,8,diagnostic_context_only,32,low,diagnostic,diagnostic_backlog,,partial,2,low,abstract_supported,not_reported,false,false,false,6,1,2026-03-31,2026,,,,missing_evaluation_evidence,,,2015-01-01,2025-12-31,,,0,false,false,,,,,,false,metric_summary_missing_or_unavailable,false,false,false,,,,,,,,,,,,unlabeled,null_missing_evidence,null_missing_evidence,Quant_mvp\config\v0_3_selector_label_rules.toml,,,,,,,,,,,,,,,,evaluation_prioritization|active_learning|uncertainty_ranking|review_triage,time_aware_required_before_training,,false,false,doi:10.3390/ijfs14040078,doi:10.3390/ijfs14040078,false,false,blocked_missing_evaluation_evidence,ml_rows_must_not_feed_scores_rankings_reports_backtests_trading_or_auto_adoption,production_activation_requires_later_root_approved_gate
v0_3_candidate_ml_input_0_2,"This candidate ML input row is evidence-only metadata for evaluator review. It is not a production ranking input, not a trading signal, not an adoption decision, and not automatic production activation.",sc:ecard:bf6f71e578bca7857e5d,v0.3.0,sh:ecard:bf6f71e578bca7857e5d,ecard:bf6f71e578bca7857e5d,Quant_mvp\data\v0_3\selector_inputs\v0_3_selector_input.jsonl,Quant_mvp\data\v0_3\strategy_candidates\v0_3_strategy_candidate_registry.jsonl,,2026-05-06T14:04:50+00:00,draft,momentum,refine_strategy_hypothesis,false,1,1,7,8,needs_manual_or_data_review,20,low,technical,technical_score_architect,momentum,not_specified,0,low,metadata_only,not_reported,false,false,false,6,1,2017-09-06,2017,,,,missing_evaluation_evidence,,,2015-01-01,2025-12-31,,,0,false,false,,,,,,false,metric_summary_missing_or_unavailable,false,false,false,,,,,,,,,,,,unlabeled,null_missing_evidence,null_missing_evidence,Quant_mvp\config\v0_3_selector_label_rules.toml,,,,,,,,,,,,,,,,evaluation_prioritization|active_learning|uncertainty_ranking|review_triage,time_aware_required_before_training,,false,false,doi:10.2139/ssrn.3018366,doi:10.2139/ssrn.3018366,false,false,blocked_missing_evaluation_evidence,ml_rows_must_not_feed_scores_rankings_reports_backtests_trading_or_auto_adoption,production_activation_requires_later_root_approved_gate
v0_3_candidate_ml_input_0_2,"This candidate ML input row is evidence-only metadata for evaluator review. It is not a production ranking input, not a trading signal, not an adoption decision, and not automatic production activation.",sc:ecard:bf7394ad18f85aa60756,v0.3.0,sh:ecard:bf7394ad18f85aa60756,ecard:bf7394ad18f85aa60756,Quant_mvp\data\v0_3\selector_inputs\v0_3_selector_input.jsonl,Quant_mvp\data\v0_3\strategy_candidates\v0_3_strategy_candidate_registry.jsonl,,2026-05-06T14:04:50+00:00,blocked,other,resolve_blocker,false,2,1,6,8,excluded_rejected_or_out_of_scope,0,not_collectable,out_of_scope,reject_log,,not_specified,0,low,metadata_only,not_reported,false,false,false,6,2,2007-02-13,2007,,,,missing_evaluation_evidence,,,2015-01-01,2025-12-31,,,0,false,false,,,,,,false,metric_summary_missing_or_unavailable,false,false,false,,,,,,,,,,,,unlabeled,null_missing_evidence,null_missing_evidence,Quant_mvp\config\v0_3_selector_label_rules.toml,,,,,,,,,,,,,,,,evaluation_prioritization|active_learning|uncertainty_ranking|review_triage,time_aware_required_before_training,,false,false,doi:10.1201/9781420013146.ch16,doi:10.1201/9781420013146.ch16,false,false,blocked_missing_evaluation_evidence,ml_rows_must_not_feed_scores_rankings_reports_backtests_trading_or_auto_adoption,production_activation_requires_later_root_approved_gate
v0_3_candidate_ml_input_0_2,"This candidate ML input row is evidence-only metadata for evaluator review. It is not a production ranking input, not a trading signal, not an adoption decision, and not automatic production activation.",sc:ecard:bf9088ffe71f451bb9a9,v0.3.0,sh:ecard:bf9088ffe71f451bb9a9,ecard:bf9088ffe71f451bb9a9,Quant_mvp\data\v0_3\selector_inputs\v0_3_selector_input.jsonl,Quant_mvp\data\v0_3\strategy_candidates\v0_3_strategy_candidate_registry.jsonl,,2026-05-06T14:04:50+00:00,draft,volatility,refine_strategy_hypothesis,false,2,3,7,8,diagnostic_context_only,0,not_collectable,diagnostic,diagnostic_backlog,volatility_liquidity,not_specified,0,low,metadata_only,not_reported,false,false,false,6,2,2011-12-28,2011,,,,missing_evaluation_evidence,,,2015-01-01,2025-12-31,,,0,false,false,,,,,,false,metric_summary_missing_or_unavailable,false,false,false,,,,,,,,,,,,unlabeled,null_missing_evidence,null_missing_evidence,Quant_mvp\config\v0_3_selector_label_rules.toml,,,,,,,,,,,,,,,,evaluation_prioritization|active_learning|uncertainty_ranking|review_triage,time_aware_required_before_training,,false,false,doi:10.2139/ssrn.1107464,doi:10.2139/ssrn.1107464,false,false,blocked_missing_evaluation_evidence,ml_rows_must_not_feed_scores_rankings_reports_backtests_trading_or_auto_adoption,production_activation_requires_later_root_approved_gate
v0_3_candidate_ml_input_0_2,"This candidate ML input row is evidence-only metadata for evaluator review. It is not a production ranking input, not a trading signal, not an adoption decision, and not automatic production activation.",sc:ecard:bfc94853f69b22b45982,v0.3.0,sh:ecard:bfc94853f69b22b45982,ecard:bfc94853f69b22b45982,Quant_mvp\data\v0_3\selector_inputs\v0_3_selector_input.jsonl,Quant_mvp\data\v0_3\strategy_candidates\v0_3_strategy_candidate_registry.jsonl,,2026-05-06T14:04:50+00:00,draft,value,refine_strategy_hypothesis,false,4,3,6,8,excluded_valuation_lane,0,not_collectable,valuation,valuation_agent_handoff,,partial,0,medium,abstract_supported,not_reported,false,false,false,8,4,2009-03-01,2009,,,,missing_evaluation_evidence,,,2015-01-01,2025-12-31,,,0,false,false,,,,,,false,metric_summary_missing_or_unavailable,false,false,false,,,,,,,,,,,,unlabeled,null_missing_evidence,null_missing_evidence,Quant_mvp\config\v0_3_selector_label_rules.toml,,,,,,,,,,,,,,,,evaluation_prioritization|active_learning|uncertainty_ranking|review_triage,time_aware_required_before_training,,false,false,doi:10.1111/j.1755-053x.2009.01026.x,doi:10.1111/j.1755-053x.2009.01026.x,false,false,blocked_missing_evaluation_evidence,ml_rows_must_not_feed_scores_rankings_reports_backtests_trading_or_auto_adoption,production_activation_requires_later_root_approved_gate
v0_3_candidate_ml_input_0_2,"This candidate ML input row is evidence-only metadata for evaluator review. It is not a production ranking input, not a trading signal, not an adoption decision, and not automatic production activation.",sc:ecard:c00d2949120cd6fa3733,v0.3.0,sh:ecard:c00d2949120cd6fa3733,ecard:c00d2949120cd6fa3733,Quant_mvp\data\v0_3\selector_inputs\v0_3_selector_input.jsonl,Quant_mvp\data\v0_3\strategy_candidates\v0_3_strategy_candidate_registry.jsonl,,2026-05-06T14:04:50+00:00,draft,value,refine_strategy_hypothesis,false,4,3,6,8,excluded_valuation_lane,0,not_collectable,valuation,valuation_agent_handoff,,partial,0,medium,abstract_supported,not_reported,false,false,false,8,4,2017-05-01,2017,,,,missing_evaluation_evidence,,,2015-01-01,2025-12-31,,,0,false,false,,,,,,false,metric_summary_missing_or_unavailable,false,false,false,,,,,,,,,,,,unlabeled,null_missing_evidence,null_missing_evidence,Quant_mvp\config\v0_3_selector_label_rules.toml,,,,,,,,,,,,,,,,evaluation_prioritization|active_learning|uncertainty_ranking|review_triage,time_aware_required_before_training,,false,false,doi:10.1111/fmii.12080,doi:10.1111/fmii.12080,false,false,blocked_missing_evaluation_evidence,ml_rows_must_not_feed_scores_rankings_reports_backtests_trading_or_auto_adoption,production_activation_requires_later_root_approved_gate
v0_3_candidate_ml_input_0_2,"This candidate ML input row is evidence-only metadata for evaluator review. It is not a production ranking input, not a trading signal, not an adoption decision, and not automatic production activation.",sc:ecard:c02d0ae47075bbc41266,v0.3.0,sh:ecard:c02d0ae47075bbc41266,ecard:c02d0ae47075bbc41266,Quant_mvp\data\v0_3\selector_inputs\v0_3_selector_input.jsonl,Quant_mvp\data\v0_3\strategy_candidates\v0_3_strategy_candidate_registry.jsonl,,2026-05-06T14:04:50+00:00,draft,value,refine_strategy_hypothesis,false,4,2,6,8,needs_hybrid_split,3,low,hybrid,hybrid_split_required,momentum,partial,0,low,abstract_supported,not_reported,false,false,false,8,4,2013-01-01,2013,,,,missing_evaluation_evidence,,,2015-01-01,2025-12-31,,,0,false,false,,,,,,false,metric_summary_missing_or_unavailable,false,false,false,,,,,,,,,,,,unlabeled,null_missing_evidence,null_missing_evidence,Quant_mvp\config\v0_3_selector_label_rules.toml,,,,,,,,,,,,,,,,evaluation_prioritization|active_learning|uncertainty_ranking|review_triage,time_aware_required_before_training,,false,false,doi:10.1080/10293523.2013.11082552,doi:10.1080/10293523.2013.11082552,false,false,blocked_missing_evaluation_evidence,ml_rows_must_not_feed_scores_rankings_reports_backtests_trading_or_auto_adoption,production_activation_requires_later_root_approved_gate
v0_3_candidate_ml_input_0_2,"This candidate ML input row is evidence-only metadata for evaluator review. It is not a production ranking input, not a trading signal, not an adoption decision, and not automatic production activation.",sc:ecard:c08198dd7be3e82150e4,v0.3.0,sh:ecard:c08198dd7be3e82150e4,ecard:c08198dd7be3e82150e4,Quant_mvp\data\v0_3\selector_inputs\v0_3_selector_input.jsonl,Quant_mvp\data\v0_3\strategy_candidates\v0_3_strategy_candidate_registry.jsonl,,2026-05-06T14:04:50+00:00,blocked,other,resolve_blocker,false,2,1,6,8,excluded_rejected_or_out_of_scope,0,not_collectable,out_of_scope,reject_log,,not_specified,0,low,metadata_only,not_reported,false,false,false,6,2,2012-11-28,2012,,,,missing_evaluation_evidence,,,2015-01-01,2025-12-31,,,0,false,false,,,,,,false,metric_summary_missing_or_unavailable,false,false,false,,,,,,,,,,,,unlabeled,null_missing_evidence,null_missing_evidence,Quant_mvp\config\v0_3_selector_label_rules.toml,,,,,,,,,,,,,,,,evaluation_prioritization|active_learning|uncertainty_ranking|review_triage,time_aware_required_before_training,,false,false,doi:10.1201/b14301-22,doi:10.1201/b14301-22,false,false,blocked_missing_evaluation_evidence,ml_rows_must_not_feed_scores_rankings_reports_backtests_trading_or_auto_adoption,production_activation_requires_later_root_approved_gate
v0_3_candidate_ml_input_0_2,"This candidate ML input row is evidence-only metadata for evaluator review. It is not a production ranking input, not a trading signal, not an adoption decision, and not automatic production activation.",sc:ecard:c0a6d5bec8cb40849acd,v0.3.0,sh:ecard:c0a6d5bec8cb40849acd,ecard:c0a6d5bec8cb40849acd,Quant_mvp\data\v0_3\selector_inputs\v0_3_selector_input.jsonl,Quant_mvp\data\v0_3\strategy_candidates\v0_3_strategy_candidate_registry.jsonl,,2026-05-06T14:04:50+00:00,draft,volatility,refine_strategy_hypothesis,false,1,1,7,8,needs_manual_or_data_review,20,low,technical,technical_score_architect,volatility_liquidity,not_specified,0,low,metadata_only,not_reported,false,false,false,6,1,2015-12-01,2015,,,,missing_evaluation_evidence,,,2015-01-01,2025-12-31,,,0,false,false,,,,,,false,metric_summary_missing_or_unavailable,false,false,false,,,,,,,,,,,,unlabeled,null_missing_evidence,null_missing_evidence,Quant_mvp\config\v0_3_selector_label_rules.toml,,,,,,,,,,,,,,,,evaluation_prioritization|active_learning|uncertainty_ranking|review_triage,time_aware_required_before_training,,false,false,doi:10.1016/j.irfa.2015.09.005,doi:10.1016/j.irfa.2015.09.005,false,false,blocked_missing_evaluation_evidence,ml_rows_must_not_feed_scores_rankings_reports_backtests_trading_or_auto_adoption,production_activation_requires_later_root_approved_gate
v0_3_candidate_ml_input_0_2,"This candidate ML input row is evidence-only metadata for evaluator review. It is not a production ranking input, not a trading signal, not an adoption decision, and not automatic production activation.",sc:ecard:c2728b36d3b44bfd64a3,v0.3.0,sh:ecard:c2728b36d3b44bfd64a3,ecard:c2728b36d3b44bfd64a3,Quant_mvp\data\v0_3\selector_inputs\v0_3_selector_input.jsonl,Quant_mvp\data\v0_3\strategy_candidates\v0_3_strategy_candidate_registry.jsonl,,2026-05-06T14:04:50+00:00,draft,other,refine_strategy_hypothesis,false,2,3,6,8,diagnostic_context_only,0,not_collectable,diagnostic,diagnostic_backlog,,not_specified,0,low,metadata_only,not_reported,false,false,false,6,2,2017-11-30,2017,,,,missing_evaluation_evidence,,,2015-01-01,2025-12-31,,,0,false,false,,,,,,false,metric_summary_missing_or_unavailable,false,false,false,,,,,,,,,,,,unlabeled,null_missing_evidence,null_missing_evidence,Quant_mvp\config\v0_3_selector_label_rules.toml,,,,,,,,,,,,,,,,evaluation_prioritization|active_learning|uncertainty_ranking|review_triage,time_aware_required_before_training,,false,false,doi:10.1787/888933638296,doi:10.1787/888933638296,false,false,blocked_missing_evaluation_evidence,ml_rows_must_not_feed_scores_rankings_reports_backtests_trading_or_auto_adoption,production_activation_requires_later_root_approved_gate
v0_3_candidate_ml_input_0_2,"This candidate ML input row is evidence-only metadata for evaluator review. It is not a production ranking input, not a trading signal, not an adoption decision, and not automatic production activation.",sc:ecard:c294e245e3e205c383db,v0.3.0,sh:ecard:c294e245e3e205c383db,ecard:c294e245e3e205c383db,Quant_mvp\data\v0_3\selector_inputs\v0_3_selector_input.jsonl,Quant_mvp\data\v0_3\strategy_candidates\v0_3_strategy_candidate_registry.jsonl,,2026-05-06T14:04:50+00:00,draft,other,refine_strategy_hypothesis,false,2,3,6,8,diagnostic_context_only,0,not_collectable,diagnostic,diagnostic_backlog,,not_specified,0,low,metadata_only,not_reported,false,false,false,6,2,2017-12-08,2017,,,,missing_evaluation_evidence,,,2015-01-01,2025-12-31,,,0,false,false,,,,,,false,metric_summary_missing_or_unavailable,false,false,false,,,,,,,,,,,,unlabeled,null_missing_evidence,null_missing_evidence,Quant_mvp\config\v0_3_selector_label_rules.toml,,,,,,,,,,,,,,,,evaluation_prioritization|active_learning|uncertainty_ranking|review_triage,time_aware_required_before_training,,false,false,doi:10.1016/j.jbusvent.2017.10.003,doi:10.1016/j.jbusvent.2017.10.003,false,false,blocked_missing_evaluation_evidence,ml_rows_must_not_feed_scores_rankings_reports_backtests_trading_or_auto_adoption,production_activation_requires_later_root_approved_gate
v0_3_candidate_ml_input_0_2,"This candidate ML input row is evidence-only metadata for evaluator review. It is not a production ranking input, not a trading signal, not an adoption decision, and not automatic production activation.",sc:ecard:c2a3bbbf26c5f1945e72,v0.3.0,sh:ecard:c2a3bbbf26c5f1945e72,ecard:c2a3bbbf26c5f1945e72,Quant_mvp\data\v0_3\selector_inputs\v0_3_selector_input.jsonl,Quant_mvp\data\v0_3\strategy_candidates\v0_3_strategy_candidate_registry.jsonl,,2026-05-06T14:04:50+00:00,draft,reversal,refine_strategy_hypothesis,false,1,1,7,8,needs_manual_or_data_review,20,low,technical,technical_score_architect,mean_reversion,not_specified,0,low,metadata_only,not_reported,false,false,false,6,1,2018-01-10,2018,,,,missing_evaluation_evidence,,,2015-01-01,2025-12-31,,,0,false,false,,,,,,false,metric_summary_missing_or_unavailable,false,false,false,,,,,,,,,,,,unlabeled,null_missing_evidence,null_missing_evidence,Quant_mvp\config\v0_3_selector_label_rules.toml,,,,,,,,,,,,,,,,evaluation_prioritization|active_learning|uncertainty_ranking|review_triage,time_aware_required_before_training,,false,false,doi:10.2139/ssrn.3092325,doi:10.2139/ssrn.3092325,false,false,blocked_missing_evaluation_evidence,ml_rows_must_not_feed_scores_rankings_reports_backtests_trading_or_auto_adoption,production_activation_requires_later_root_approved_gate
v0_3_candidate_ml_input_0_2,"This candidate ML input row is evidence-only metadata for evaluator review. It is not a production ranking input, not a trading signal, not an adoption decision, and not automatic production activation.",sc:ecard:c30a8d187aee7e29e5ca,v0.3.0,sh:ecard:c30a8d187aee7e29e5ca,ecard:c30a8d187aee7e29e5ca,Quant_mvp\data\v0_3\selector_inputs\v0_3_selector_input.jsonl,Quant_mvp\data\v0_3\strategy_candidates\v0_3_strategy_candidate_registry.jsonl,,2026-05-06T14:04:50+00:00,draft,other,refine_strategy_hypothesis,false,1,1,6,8,needs_manual_or_data_review,20,low,technical,technical_score_architect,,not_specified,0,low,metadata_only,not_reported,false,false,false,6,1,2021-11-10,2021,,,,missing_evaluation_evidence,,,2015-01-01,2025-12-31,,,0,false,false,,,,,,false,metric_summary_missing_or_unavailable,false,false,false,,,,,,,,,,,,unlabeled,null_missing_evidence,null_missing_evidence,Quant_mvp\config\v0_3_selector_label_rules.toml,,,,,,,,,,,,,,,,evaluation_prioritization|active_learning|uncertainty_ranking|review_triage,time_aware_required_before_training,,false,false,doi:10.17654/as071010011,doi:10.17654/as071010011,false,false,blocked_missing_evaluation_evidence,ml_rows_must_not_feed_scores_rankings_reports_backtests_trading_or_auto_adoption,production_activation_requires_later_root_approved_gate
v0_3_candidate_ml_input_0_2,"This candidate ML input row is evidence-only metadata for evaluator review. It is not a production ranking input, not a trading signal, not an adoption decision, and not automatic production activation.",sc:ecard:c36ad3a5ba87888bddc4,v0.3.0,sh:ecard:c36ad3a5ba87888bddc4,ecard:c36ad3a5ba87888bddc4,Quant_mvp\data\v0_3\selector_inputs\v0_3_selector_input.jsonl,Quant_mvp\data\v0_3\strategy_candidates\v0_3_strategy_candidate_registry.jsonl,,2026-05-06T14:04:50+00:00,blocked,other,resolve_blocker,false,2,1,6,8,excluded_rejected_or_out_of_scope,0,not_collectable,out_of_scope,reject_log,,not_specified,0,low,metadata_only,not_reported,false,false,false,6,2,2023-01-01,2023,,,,missing_evaluation_evidence,,,2015-01-01,2025-12-31,,,0,false,false,,,,,,false,metric_summary_missing_or_unavailable,false,false,false,,,,,,,,,,,,unlabeled,null_missing_evidence,null_missing_evidence,Quant_mvp\config\v0_3_selector_label_rules.toml,,,,,,,,,,,,,,,,evaluation_prioritization|active_learning|uncertainty_ranking|review_triage,time_aware_required_before_training,,false,false,doi:10.65626/joird.v2i12a5,doi:10.65626/joird.v2i12a5,false,false,blocked_missing_evaluation_evidence,ml_rows_must_not_feed_scores_rankings_reports_backtests_trading_or_auto_adoption,production_activation_requires_later_root_approved_gate
v0_3_candidate_ml_input_0_2,"This candidate ML input row is evidence-only metadata for evaluator review. It is not a production ranking input, not a trading signal, not an adoption decision, and not automatic production activation.",sc:ecard:c3acf7dc6868705c07ff,v0.3.0,sh:ecard:c3acf7dc6868705c07ff,ecard:c3acf7dc6868705c07ff,Quant_mvp\data\v0_3\selector_inputs\v0_3_selector_input.jsonl,Quant_mvp\data\v0_3\strategy_candidates\v0_3_strategy_candidate_registry.jsonl,,2026-05-06T14:04:50+00:00,blocked,other,resolve_blocker,false,2,1,6,8,excluded_rejected_or_out_of_scope,0,not_collectable,out_of_scope,reject_log,,not_specified,0,low,metadata_only,not_reported,false,false,false,6,2,2026-03-11,2026,,,,missing_evaluation_evidence,,,2015-01-01,2025-12-31,,,0,false,false,,,,,,false,metric_summary_missing_or_unavailable,false,false,false,,,,,,,,,,,,unlabeled,null_missing_evidence,null_missing_evidence,Quant_mvp\config\v0_3_selector_label_rules.toml,,,,,,,,,,,,,,,,evaluation_prioritization|active_learning|uncertainty_ranking|review_triage,time_aware_required_before_training,,false,false,doi:10.1007/s11135-026-02676-3,doi:10.1007/s11135-026-02676-3,false,false,blocked_missing_evaluation_evidence,ml_rows_must_not_feed_scores_rankings_reports_backtests_trading_or_auto_adoption,production_activation_requires_later_root_approved_gate
v0_3_candidate_ml_input_0_2,"This candidate ML input row is evidence-only metadata for evaluator review. It is not a production ranking input, not a trading signal, not an adoption decision, and not automatic production activation.",sc:ecard:c454661d5b6772e286c5,v0.3.0,sh:ecard:c454661d5b6772e286c5,ecard:c454661d5b6772e286c5,Quant_mvp\data\v0_3\selector_inputs\v0_3_selector_input.jsonl,Quant_mvp\data\v0_3\strategy_candidates\v0_3_strategy_candidate_registry.jsonl,,2026-05-06T14:04:50+00:00,blocked,volatility,resolve_blocker,false,2,1,7,8,excluded_rejected_or_out_of_scope,0,not_collectable,out_of_scope,reject_log,volatility_liquidity,partial,0,low,abstract_supported,not_reported,true,false,false,6,2,2018-05-18,2018,,,,missing_evaluation_evidence,,,2015-01-01,2025-12-31,,,0,false,false,,,,,,false,metric_summary_missing_or_unavailable,false,false,false,,,,,,,,,,,,unlabeled,null_missing_evidence,null_missing_evidence,Quant_mvp\config\v0_3_selector_label_rules.toml,,,,,,,,,,,,,,,,evaluation_prioritization|active_learning|uncertainty_ranking|review_triage,time_aware_required_before_training,,false,false,doi:10.1093/rfs/hhy041,doi:10.1093/rfs/hhy041,false,false,blocked_missing_evaluation_evidence,ml_rows_must_not_feed_scores_rankings_reports_backtests_trading_or_auto_adoption,production_activation_requires_later_root_approved_gate
v0_3_candidate_ml_input_0_2,"This candidate ML input row is evidence-only metadata for evaluator review. It is not a production ranking input, not a trading signal, not an adoption decision, and not automatic production activation.",sc:ecard:c4eca04e2de7901ad79d,v0.3.0,sh:ecard:c4eca04e2de7901ad79d,ecard:c4eca04e2de7901ad79d,Quant_mvp\data\v0_3\selector_inputs\v0_3_selector_input.jsonl,Quant_mvp\data\v0_3\strategy_candidates\v0_3_strategy_candidate_registry.jsonl,,2026-05-06T14:04:50+00:00,blocked,momentum,resolve_blocker,false,3,1,7,8,excluded_rejected_or_out_of_scope,0,not_collectable,out_of_scope,reject_log,momentum,partial,0,low,abstract_supported,not_reported,false,false,false,6,3,2018-03-13,2018,,,,missing_evaluation_evidence,,,2015-01-01,2025-12-31,,,0,false,false,,,,,,false,metric_summary_missing_or_unavailable,false,false,false,,,,,,,,,,,,unlabeled,null_missing_evidence,null_missing_evidence,Quant_mvp\config\v0_3_selector_label_rules.toml,,,,,,,,,,,,,,,,evaluation_prioritization|active_learning|uncertainty_ranking|review_triage,time_aware_required_before_training,,false,false,arxiv:1803.04591,arxiv:1803.04591,false,false,blocked_missing_evaluation_evidence,ml_rows_must_not_feed_scores_rankings_reports_backtests_trading_or_auto_adoption,production_activation_requires_later_root_approved_gate
v0_3_candidate_ml_input_0_2,"This candidate ML input row is evidence-only metadata for evaluator review. It is not a production ranking input, not a trading signal, not an adoption decision, and not automatic production activation.",sc:ecard:c5a3d186441de91fec4a,v0.3.0,sh:ecard:c5a3d186441de91fec4a,ecard:c5a3d186441de91fec4a,Quant_mvp\data\v0_3\selector_inputs\v0_3_selector_input.jsonl,Quant_mvp\data\v0_3\strategy_candidates\v0_3_strategy_candidate_registry.jsonl,,2026-05-06T14:04:50+00:00,draft,volatility,refine_strategy_hypothesis,false,1,3,7,8,diagnostic_context_only,24,low,diagnostic,diagnostic_backlog,volatility_liquidity,partial,2,low,abstract_supported,not_reported,false,false,false,6,1,2026-03-06,2026,,,,missing_evaluation_evidence,,,2015-01-01,2025-12-31,,,0,false,false,,,,,,false,metric_summary_missing_or_unavailable,false,false,false,,,,,,,,,,,,unlabeled,null_missing_evidence,null_missing_evidence,Quant_mvp\config\v0_3_selector_label_rules.toml,,,,,,,,,,,,,,,,evaluation_prioritization|active_learning|uncertainty_ranking|review_triage,time_aware_required_before_training,,false,false,doi:10.58837/chula.the.2025.135,doi:10.58837/chula.the.2025.135,false,false,blocked_missing_evaluation_evidence,ml_rows_must_not_feed_scores_rankings_reports_backtests_trading_or_auto_adoption,production_activation_requires_later_root_approved_gate
v0_3_candidate_ml_input_0_2,"This candidate ML input row is evidence-only metadata for evaluator review. It is not a production ranking input, not a trading signal, not an adoption decision, and not automatic production activation.",sc:ecard:c66393848604334dd662,v0.3.0,sh:ecard:c66393848604334dd662,ecard:c66393848604334dd662,Quant_mvp\data\v0_3\selector_inputs\v0_3_selector_input.jsonl,Quant_mvp\data\v0_3\strategy_candidates\v0_3_strategy_candidate_registry.jsonl,,2026-05-06T14:04:50+00:00,draft,volatility,refine_strategy_hypothesis,false,1,1,7,8,needs_manual_or_data_review,20,low,technical,technical_score_architect,volatility_liquidity,not_specified,0,low,metadata_only,not_reported,false,false,false,6,1,2000-01-01,2000,,,,missing_evaluation_evidence,,,2015-01-01,2025-12-31,,,0,false,false,,,,,,false,metric_summary_missing_or_unavailable,false,false,false,,,,,,,,,,,,unlabeled,null_missing_evidence,null_missing_evidence,Quant_mvp\config\v0_3_selector_label_rules.toml,,,,,,,,,,,,,,,,evaluation_prioritization|active_learning|uncertainty_ranking|review_triage,time_aware_required_before_training,,false,false,doi:10.17576/pengurusan-2000-19-04,doi:10.17576/pengurusan-2000-19-04,false,false,blocked_missing_evaluation_evidence,ml_rows_must_not_feed_scores_rankings_reports_backtests_trading_or_auto_adoption,production_activation_requires_later_root_approved_gate
v0_3_candidate_ml_input_0_2,"This candidate ML input row is evidence-only metadata for evaluator review. It is not a production ranking input, not a trading signal, not an adoption decision, and not automatic production activation.",sc:ecard:c66de9f54d02f4bac03d,v0.3.0,sh:ecard:c66de9f54d02f4bac03d,ecard:c66de9f54d02f4bac03d,Quant_mvp\data\v0_3\selector_inputs\v0_3_selector_input.jsonl,Quant_mvp\data\v0_3\strategy_candidates\v0_3_strategy_candidate_registry.jsonl,,2026-05-06T14:04:50+00:00,draft,other,refine_strategy_hypothesis,false,1,3,6,8,diagnostic_context_only,24,low,diagnostic,diagnostic_backlog,,partial,2,low,abstract_supported,not_reported,false,false,false,6,1,2019-11-26,2019,,,,missing_evaluation_evidence,,,2015-01-01,2025-12-31,,,0,false,false,,,,,,false,metric_summary_missing_or_unavailable,false,false,false,,,,,,,,,,,,unlabeled,null_missing_evidence,null_missing_evidence,Quant_mvp\config\v0_3_selector_label_rules.toml,,,,,,,,,,,,,,,,evaluation_prioritization|active_learning|uncertainty_ranking|review_triage,time_aware_required_before_training,,false,false,doi:10.21511/imfi.16(4).2019.05,doi:10.21511/imfi.16(4).2019.05,false,false,blocked_missing_evaluation_evidence,ml_rows_must_not_feed_scores_rankings_reports_backtests_trading_or_auto_adoption,production_activation_requires_later_root_approved_gate
v0_3_candidate_ml_input_0_2,"This candidate ML input row is evidence-only metadata for evaluator review. It is not a production ranking input, not a trading signal, not an adoption decision, and not automatic production activation.",sc:ecard:c678f8cfac7e251ecdea,v0.3.0,sh:ecard:c678f8cfac7e251ecdea,ecard:c678f8cfac7e251ecdea,Quant_mvp\data\v0_3\selector_inputs\v0_3_selector_input.jsonl,Quant_mvp\data\v0_3\strategy_candidates\v0_3_strategy_candidate_registry.jsonl,Quant_mvp\backtest_mvp\docs\v0_3_evaluation_evidence\momentum_cohort_1\ee_v0_3_20260506_sc_ecard_c678f8cfac7e251ecdea.md,2026-05-06T14:04:50+00:00,evaluable,momentum,create_evaluation_evidence,true,0,1,7,8,eligible_for_candidate_selector_review,94,high,technical,technical_score_architect,momentum,partial,2,medium,abstract_supported,not_reported,false,false,false,6,0,2026-04-17,2026,2026-05-06,,ee_v0_3_20260506_sc_ecard_c678f8cfac7e251ecdea,evidence_recorded,2026-05-06,2026-05-06,2015-01-02,2025-12-02,,benchmark_reference_comparison|cost|drawdown|no_feedback|no_lookahead|oos_walk_forward_stability|turnover|volatility,8,true,true,approved_evaluation_evidence,candidate_specific,candidate_level_supervised_label_candidate,strategy_candidate,sc:ecard:c678f8cfac7e251ecdea,true,candidate_id_matches_candidate_level_evaluation_evidence,false,false,false,0.9478898686276229,-0.270661347208625,-0.270661347208625,1.218551215836248,-0.6092164024086726,0.2968075686560764,0.8618159203980099,0.35818175172278915,recorded_walk_forward_fail,0,0,candidate_level_evaluation_evidence,,negative,Quant_mvp\config\v0_3_selector_label_rules.toml,candidate_level_evaluation_evidence,candidate_specific,candidate_level_supervised_label_candidate,ee_v0_3_20260506_sc_ecard_c678f8cfac7e251ecdea,2026-05-06,,,,,,,,,,,evaluation_prioritization|active_learning|uncertainty_ranking|review_triage,time_aware_required_before_training,,true,false,doi:10.2139/ssrn.6483840,doi:10.2139/ssrn.6483840,true,false,eligible_candidate_level_label,ml_rows_must_not_feed_scores_rankings_reports_backtests_trading_or_auto_adoption,production_activation_requires_later_root_approved_gate
v0_3_candidate_ml_input_0_2,"This candidate ML input row is evidence-only metadata for evaluator review. It is not a production ranking input, not a trading signal, not an adoption decision, and not automatic production activation.",sc:ecard:c67b556cd6f6d1523311,v0.3.0,sh:ecard:c67b556cd6f6d1523311,ecard:c67b556cd6f6d1523311,Quant_mvp\data\v0_3\selector_inputs\v0_3_selector_input.jsonl,Quant_mvp\data\v0_3\strategy_candidates\v0_3_strategy_candidate_registry.jsonl,,2026-05-06T14:04:50+00:00,draft,other,refine_strategy_hypothesis,false,1,3,6,8,diagnostic_context_only,24,low,diagnostic,diagnostic_backlog,,partial,2,low,abstract_supported,not_reported,false,false,false,6,1,2014-07-01,2014,,,,missing_evaluation_evidence,,,2015-01-01,2025-12-31,,,0,false,false,,,,,,false,metric_summary_missing_or_unavailable,false,false,false,,,,,,,,,,,,unlabeled,null_missing_evidence,null_missing_evidence,Quant_mvp\config\v0_3_selector_label_rules.toml,,,,,,,,,,,,,,,,evaluation_prioritization|active_learning|uncertainty_ranking|review_triage,time_aware_required_before_training,,false,false,doi:10.1287/mnsc.2013.1838,doi:10.1287/mnsc.2013.1838,false,false,blocked_missing_evaluation_evidence,ml_rows_must_not_feed_scores_rankings_reports_backtests_trading_or_auto_adoption,production_activation_requires_later_root_approved_gate
v0_3_candidate_ml_input_0_2,"This candidate ML input row is evidence-only metadata for evaluator review. It is not a production ranking input, not a trading signal, not an adoption decision, and not automatic production activation.",sc:ecard:c697d487d8439677796b,v0.3.0,sh:ecard:c697d487d8439677796b,ecard:c697d487d8439677796b,Quant_mvp\data\v0_3\selector_inputs\v0_3_selector_input.jsonl,Quant_mvp\data\v0_3\strategy_candidates\v0_3_strategy_candidate_registry.jsonl,,2026-05-06T14:04:50+00:00,blocked,other,resolve_blocker,false,2,1,6,8,excluded_rejected_or_out_of_scope,0,not_collectable,out_of_scope,reject_log,,partial,0,low,abstract_supported,not_reported,false,false,false,6,2,2022-01-14,2022,,,,missing_evaluation_evidence,,,2015-01-01,2025-12-31,,,0,false,false,,,,,,false,metric_summary_missing_or_unavailable,false,false,false,,,,,,,,,,,,unlabeled,null_missing_evidence,null_missing_evidence,Quant_mvp\config\v0_3_selector_label_rules.toml,,,,,,,,,,,,,,,,evaluation_prioritization|active_learning|uncertainty_ranking|review_triage,time_aware_required_before_training,,false,false,doi:10.1108/jrf-07-2021-0107,doi:10.1108/jrf-07-2021-0107,false,false,blocked_missing_evaluation_evidence,ml_rows_must_not_feed_scores_rankings_reports_backtests_trading_or_auto_adoption,production_activation_requires_later_root_approved_gate
v0_3_candidate_ml_input_0_2,"This candidate ML input row is evidence-only metadata for evaluator review. It is not a production ranking input, not a trading signal, not an adoption decision, and not automatic production activation.",sc:ecard:c6f49b261e04eff59408,v0.3.0,sh:ecard:c6f49b261e04eff59408,ecard:c6f49b261e04eff59408,Quant_mvp\data\v0_3\selector_inputs\v0_3_selector_input.jsonl,Quant_mvp\data\v0_3\strategy_candidates\v0_3_strategy_candidate_registry.jsonl,,2026-05-06T14:04:50+00:00,draft,volatility,refine_strategy_hypothesis,false,1,1,7,8,needs_manual_or_data_review,20,low,technical,technical_score_architect,volatility_liquidity,not_specified,0,low,metadata_only,,false,false,false,6,1,2006-01-01,2006,,,,missing_evaluation_evidence,,,2015-01-01,2025-12-31,,,0,false,false,,,,,,false,metric_summary_missing_or_unavailable,false,false,false,,,,,,,,,,,,unlabeled,null_missing_evidence,null_missing_evidence,Quant_mvp\config\v0_3_selector_label_rules.toml,,,,,,,,,,,,,,,,evaluation_prioritization|active_learning|uncertainty_ranking|review_triage,time_aware_required_before_training,,false,false,doi:10.2139/ssrn.783284,doi:10.2139/ssrn.783284,false,false,blocked_missing_evaluation_evidence,ml_rows_must_not_feed_scores_rankings_reports_backtests_trading_or_auto_adoption,production_activation_requires_later_root_approved_gate
v0_3_candidate_ml_input_0_2,"This candidate ML input row is evidence-only metadata for evaluator review. It is not a production ranking input, not a trading signal, not an adoption decision, and not automatic production activation.",sc:ecard:c704a9ebe8fc093c98bc,v0.3.0,sh:ecard:c704a9ebe8fc093c98bc,ecard:c704a9ebe8fc093c98bc,Quant_mvp\data\v0_3\selector_inputs\v0_3_selector_input.jsonl,Quant_mvp\data\v0_3\strategy_candidates\v0_3_strategy_candidate_registry.jsonl,,2026-05-06T14:04:50+00:00,blocked,other,resolve_blocker,false,2,1,6,8,excluded_rejected_or_out_of_scope,0,not_collectable,out_of_scope,reject_log,,not_specified,0,low,metadata_only,not_reported,false,false,false,6,2,2022-03-01,2022,,,,missing_evaluation_evidence,,,2015-01-01,2025-12-31,,,0,false,false,,,,,,false,metric_summary_missing_or_unavailable,false,false,false,,,,,,,,,,,,unlabeled,null_missing_evidence,null_missing_evidence,Quant_mvp\config\v0_3_selector_label_rules.toml,,,,,,,,,,,,,,,,evaluation_prioritization|active_learning|uncertainty_ranking|review_triage,time_aware_required_before_training,,false,false,doi:10.1007/s10842-021-00374-4,doi:10.1007/s10842-021-00374-4,false,false,blocked_missing_evaluation_evidence,ml_rows_must_not_feed_scores_rankings_reports_backtests_trading_or_auto_adoption,production_activation_requires_later_root_approved_gate
v0_3_candidate_ml_input_0_2,"This candidate ML input row is evidence-only metadata for evaluator review. It is not a production ranking input, not a trading signal, not an adoption decision, and not automatic production activation.",sc:ecard:c7090f26cd0b63125f59,v0.3.0,sh:ecard:c7090f26cd0b63125f59,ecard:c7090f26cd0b63125f59,Quant_mvp\data\v0_3\selector_inputs\v0_3_selector_input.jsonl,Quant_mvp\data\v0_3\strategy_candidates\v0_3_strategy_candidate_registry.jsonl,Quant_mvp\backtest_mvp\docs\v0_3_evaluation_evidence\momentum_cohort_1\ee_v0_3_20260506_sc_ecard_c7090f26cd0b63125f59.md,2026-05-06T14:04:50+00:00,evaluable,momentum,create_evaluation_evidence,true,0,1,7,8,eligible_for_candidate_selector_review,94,high,technical,technical_score_architect,momentum,partial,2,medium,abstract_supported,not_reported,false,false,false,6,0,2004-05-06,2004,2026-05-06,,ee_v0_3_20260506_sc_ecard_c7090f26cd0b63125f59,evidence_recorded,2026-05-06,2026-05-06,2015-01-02,2025-12-02,,benchmark_reference_comparison|cost|drawdown|no_feedback|no_lookahead|oos_walk_forward_stability|turnover|volatility,8,true,true,approved_evaluation_evidence,candidate_specific,candidate_level_supervised_label_candidate,strategy_candidate,sc:ecard:c7090f26cd0b63125f59,true,candidate_id_matches_candidate_level_evaluation_evidence,false,false,false,0.9478898686276229,-0.270661347208625,-0.270661347208625,1.218551215836248,-0.6092164024086726,0.2968075686560764,0.8618159203980099,0.35818175172278915,recorded_walk_forward_fail,0,0,candidate_level_evaluation_evidence,,negative,Quant_mvp\config\v0_3_selector_label_rules.toml,candidate_level_evaluation_evidence,candidate_specific,candidate_level_supervised_label_candidate,ee_v0_3_20260506_sc_ecard_c7090f26cd0b63125f59,2026-05-06,,,,,,,,,,,evaluation_prioritization|active_learning|uncertainty_ranking|review_triage,time_aware_required_before_training,,true,false,doi:10.1111/j.1540-6261.2004.00665.x,doi:10.1111/j.1540-6261.2004.00665.x,true,false,eligible_candidate_level_label,ml_rows_must_not_feed_scores_rankings_reports_backtests_trading_or_auto_adoption,production_activation_requires_later_root_approved_gate
v0_3_candidate_ml_input_0_2,"This candidate ML input row is evidence-only metadata for evaluator review. It is not a production ranking input, not a trading signal, not an adoption decision, and not automatic production activation.",sc:ecard:c7714209cb8aa522b4b5,v0.3.0,sh:ecard:c7714209cb8aa522b4b5,ecard:c7714209cb8aa522b4b5,Quant_mvp\data\v0_3\selector_inputs\v0_3_selector_input.jsonl,Quant_mvp\data\v0_3\strategy_candidates\v0_3_strategy_candidate_registry.jsonl,,2026-05-06T14:04:50+00:00,draft,other,refine_strategy_hypothesis,false,2,3,6,8,diagnostic_context_only,0,not_collectable,diagnostic,diagnostic_backlog,,not_specified,0,low,metadata_only,not_reported,false,false,false,6,2,2012-01-02,2012,,,,missing_evaluation_evidence,,,2015-01-01,2025-12-31,,,0,false,false,,,,,,false,metric_summary_missing_or_unavailable,false,false,false,,,,,,,,,,,,unlabeled,null_missing_evidence,null_missing_evidence,Quant_mvp\config\v0_3_selector_label_rules.toml,,,,,,,,,,,,,,,,evaluation_prioritization|active_learning|uncertainty_ranking|review_triage,time_aware_required_before_training,,false,false,doi:10.1002/9781119200697.ch1,doi:10.1002/9781119200697.ch1,false,false,blocked_missing_evaluation_evidence,ml_rows_must_not_feed_scores_rankings_reports_backtests_trading_or_auto_adoption,production_activation_requires_later_root_approved_gate
v0_3_candidate_ml_input_0_2,"This candidate ML input row is evidence-only metadata for evaluator review. It is not a production ranking input, not a trading signal, not an adoption decision, and not automatic production activation.",sc:ecard:c77552a5e7f397c42cbf,v0.3.0,sh:ecard:c77552a5e7f397c42cbf,ecard:c77552a5e7f397c42cbf,Quant_mvp\data\v0_3\selector_inputs\v0_3_selector_input.jsonl,Quant_mvp\data\v0_3\strategy_candidates\v0_3_strategy_candidate_registry.jsonl,,2026-05-06T14:04:50+00:00,draft,other,refine_strategy_hypothesis,false,2,3,6,8,diagnostic_context_only,0,not_collectable,diagnostic,diagnostic_backlog,,not_specified,0,low,metadata_only,not_reported,false,false,false,6,2,2026-02-01,2026,,,,missing_evaluation_evidence,,,2015-01-01,2025-12-31,,,0,false,false,,,,,,false,metric_summary_missing_or_unavailable,false,false,false,,,,,,,,,,,,unlabeled,null_missing_evidence,null_missing_evidence,Quant_mvp\config\v0_3_selector_label_rules.toml,,,,,,,,,,,,,,,,evaluation_prioritization|active_learning|uncertainty_ranking|review_triage,time_aware_required_before_training,,false,false,doi:10.1061/jsued2.sueng-1629,doi:10.1061/jsued2.sueng-1629,false,false,blocked_missing_evaluation_evidence,ml_rows_must_not_feed_scores_rankings_reports_backtests_trading_or_auto_adoption,production_activation_requires_later_root_approved_gate
v0_3_candidate_ml_input_0_2,"This candidate ML input row is evidence-only metadata for evaluator review. It is not a production ranking input, not a trading signal, not an adoption decision, and not automatic production activation.",sc:ecard:c7e3375e7412ca2b565c,v0.3.0,sh:ecard:c7e3375e7412ca2b565c,ecard:c7e3375e7412ca2b565c,Quant_mvp\data\v0_3\selector_inputs\v0_3_selector_input.jsonl,Quant_mvp\data\v0_3\strategy_candidates\v0_3_strategy_candidate_registry.jsonl,,2026-05-06T14:04:50+00:00,blocked,other,resolve_blocker,false,2,1,6,8,excluded_rejected_or_out_of_scope,0,not_collectable,out_of_scope,reject_log,,not_specified,0,low,metadata_only,not_reported,false,false,false,6,2,1995-10-01,1995,,,,missing_evaluation_evidence,,,2015-01-01,2025-12-31,,,0,false,false,,,,,,false,metric_summary_missing_or_unavailable,false,false,false,,,,,,,,,,,,unlabeled,null_missing_evidence,null_missing_evidence,Quant_mvp\config\v0_3_selector_label_rules.toml,,,,,,,,,,,,,,,,evaluation_prioritization|active_learning|uncertainty_ranking|review_triage,time_aware_required_before_training,,false,false,doi:10.1111/j.1468-5957.1995.tb00892.x,doi:10.1111/j.1468-5957.1995.tb00892.x,false,false,blocked_missing_evaluation_evidence,ml_rows_must_not_feed_scores_rankings_reports_backtests_trading_or_auto_adoption,production_activation_requires_later_root_approved_gate
v0_3_candidate_ml_input_0_2,"This candidate ML input row is evidence-only metadata for evaluator review. It is not a production ranking input, not a trading signal, not an adoption decision, and not automatic production activation.",sc:ecard:c852cb671b86627b6c77,v0.3.0,sh:ecard:c852cb671b86627b6c77,ecard:c852cb671b86627b6c77,Quant_mvp\data\v0_3\selector_inputs\v0_3_selector_input.jsonl,Quant_mvp\data\v0_3\strategy_candidates\v0_3_strategy_candidate_registry.jsonl,,2026-05-06T14:04:50+00:00,draft,value,refine_strategy_hypothesis,false,4,3,6,8,excluded_valuation_lane,0,not_collectable,valuation,valuation_agent_handoff,,not_specified,0,low,metadata_only,not_reported,false,false,false,8,4,2005-08-19,2005,,,,missing_evaluation_evidence,,,2015-01-01,2025-12-31,,,0,false,false,,,,,,false,metric_summary_missing_or_unavailable,false,false,false,,,,,,,,,,,,unlabeled,null_missing_evidence,null_missing_evidence,Quant_mvp\config\v0_3_selector_label_rules.toml,,,,,,,,,,,,,,,,evaluation_prioritization|active_learning|uncertainty_ranking|review_triage,time_aware_required_before_training,,false,false,doi:10.2139/ssrn.162369,doi:10.2139/ssrn.162369,false,false,blocked_missing_evaluation_evidence,ml_rows_must_not_feed_scores_rankings_reports_backtests_trading_or_auto_adoption,production_activation_requires_later_root_approved_gate
v0_3_candidate_ml_input_0_2,"This candidate ML input row is evidence-only metadata for evaluator review. It is not a production ranking input, not a trading signal, not an adoption decision, and not automatic production activation.",sc:ecard:c8c49c28a8603b21dbfa,v0.3.0,sh:ecard:c8c49c28a8603b21dbfa,ecard:c8c49c28a8603b21dbfa,Quant_mvp\data\v0_3\selector_inputs\v0_3_selector_input.jsonl,Quant_mvp\data\v0_3\strategy_candidates\v0_3_strategy_candidate_registry.jsonl,Quant_mvp\backtest_mvp\docs\v0_3_evaluation_evidence\non_momentum_cohort_1\ee_v0_3_20260506_sc_ecard_c8c49c28a8603b21dbfa.md,2026-05-06T14:04:50+00:00,evaluable,reversal,create_evaluation_evidence,true,0,1,7,8,eligible_for_candidate_selector_review,89,high,technical,technical_score_architect,mean_reversion,partial,2,low,abstract_supported,not_reported,false,false,false,6,0,2017-02-01,2017,2026-05-06,,ee_v0_3_20260506_sc_ecard_c8c49c28a8603b21dbfa,evidence_recorded,2026-05-06,2026-05-06,2015-01-02,2025-12-02,,benchmark_reference_comparison|cost|drawdown|no_feedback|no_lookahead|oos_walk_forward_stability|turnover|volatility,8,true,true,approved_evaluation_evidence,candidate_specific,candidate_level_supervised_label_candidate,strategy_candidate,sc:ecard:c8c49c28a8603b21dbfa,true,candidate_id_matches_candidate_level_evaluation_evidence,false,false,false,-0.06993676616043398,-0.12291489424292013,-0.12291489424292013,0.05297812808248614,-0.43446907470055085,0.3344231353969896,0.8769900497512437,0.0738775881276168,recorded_walk_forward_pass,0,1,candidate_level_evaluation_evidence,,positive,Quant_mvp\config\v0_3_selector_label_rules.toml,candidate_level_evaluation_evidence,candidate_specific,candidate_level_supervised_label_candidate,ee_v0_3_20260506_sc_ecard_c8c49c28a8603b21dbfa,2026-05-06,,,,,,,,,,,evaluation_prioritization|active_learning|uncertainty_ranking|review_triage,time_aware_required_before_training,,true,false,doi:10.1017/s0022109016000958,doi:10.1017/s0022109016000958,true,false,eligible_candidate_level_label,ml_rows_must_not_feed_scores_rankings_reports_backtests_trading_or_auto_adoption,production_activation_requires_later_root_approved_gate
v0_3_candidate_ml_input_0_2,"This candidate ML input row is evidence-only metadata for evaluator review. It is not a production ranking input, not a trading signal, not an adoption decision, and not automatic production activation.",sc:ecard:c9c5d882fcc2e349590b,v0.3.0,sh:ecard:c9c5d882fcc2e349590b,ecard:c9c5d882fcc2e349590b,Quant_mvp\data\v0_3\selector_inputs\v0_3_selector_input.jsonl,Quant_mvp\data\v0_3\strategy_candidates\v0_3_strategy_candidate_registry.jsonl,,2026-05-06T14:04:50+00:00,draft,momentum,refine_strategy_hypothesis,false,1,1,7,8,needs_manual_or_data_review,20,low,technical,technical_score_architect,momentum,not_specified,0,low,metadata_only,not_reported,false,false,false,6,1,2011-12-28,2011,,,,missing_evaluation_evidence,,,2015-01-01,2025-12-31,,,0,false,false,,,,,,false,metric_summary_missing_or_unavailable,false,false,false,,,,,,,,,,,,unlabeled,null_missing_evidence,null_missing_evidence,Quant_mvp\config\v0_3_selector_label_rules.toml,,,,,,,,,,,,,,,,evaluation_prioritization|active_learning|uncertainty_ranking|review_triage,time_aware_required_before_training,,false,false,doi:10.2139/ssrn.663361,doi:10.2139/ssrn.663361,false,false,blocked_missing_evaluation_evidence,ml_rows_must_not_feed_scores_rankings_reports_backtests_trading_or_auto_adoption,production_activation_requires_later_root_approved_gate
v0_3_candidate_ml_input_0_2,"This candidate ML input row is evidence-only metadata for evaluator review. It is not a production ranking input, not a trading signal, not an adoption decision, and not automatic production activation.",sc:ecard:c9d271102ea21788985b,v0.3.0,sh:ecard:c9d271102ea21788985b,ecard:c9d271102ea21788985b,Quant_mvp\data\v0_3\selector_inputs\v0_3_selector_input.jsonl,Quant_mvp\data\v0_3\strategy_candidates\v0_3_strategy_candidate_registry.jsonl,,2026-05-06T14:04:50+00:00,blocked,volatility,resolve_blocker,false,2,1,7,8,excluded_rejected_or_out_of_scope,0,not_collectable,out_of_scope,reject_log,volatility_liquidity,partial,0,low,abstract_supported,not_reported,false,false,false,6,2,2017-04-05,2017,,,,missing_evaluation_evidence,,,2015-01-01,2025-12-31,,,0,false,false,,,,,,false,metric_summary_missing_or_unavailable,false,false,false,,,,,,,,,,,,unlabeled,null_missing_evidence,null_missing_evidence,Quant_mvp\config\v0_3_selector_label_rules.toml,,,,,,,,,,,,,,,,evaluation_prioritization|active_learning|uncertainty_ranking|review_triage,time_aware_required_before_training,,false,false,doi:10.1111/ectj.12090,doi:10.1111/ectj.12090,false,false,blocked_missing_evaluation_evidence,ml_rows_must_not_feed_scores_rankings_reports_backtests_trading_or_auto_adoption,production_activation_requires_later_root_approved_gate
v0_3_candidate_ml_input_0_2,"This candidate ML input row is evidence-only metadata for evaluator review. It is not a production ranking input, not a trading signal, not an adoption decision, and not automatic production activation.",sc:ecard:ca3dd000c8df00babbce,v0.3.0,sh:ecard:ca3dd000c8df00babbce,ecard:ca3dd000c8df00babbce,Quant_mvp\data\v0_3\selector_inputs\v0_3_selector_input.jsonl,Quant_mvp\data\v0_3\strategy_candidates\v0_3_strategy_candidate_registry.jsonl,Quant_mvp\backtest_mvp\docs\v0_3_evaluation_evidence\non_momentum_cohort_1\ee_v0_3_20260506_sc_ecard_ca3dd000c8df00babbce.md,2026-05-06T14:04:50+00:00,evaluable,reversal,create_evaluation_evidence,true,0,1,7,8,eligible_for_candidate_selector_review,94,high,technical,technical_score_architect,mean_reversion,partial,2,medium,abstract_supported,not_reported,false,false,false,6,0,2013-08-10,2013,2026-05-06,,ee_v0_3_20260506_sc_ecard_ca3dd000c8df00babbce,evidence_recorded,2026-05-06,2026-05-06,2015-01-02,2025-12-02,,benchmark_reference_comparison|cost|drawdown|no_feedback|no_lookahead|oos_walk_forward_stability|turnover|volatility,8,true,true,approved_evaluation_evidence,candidate_specific,candidate_level_supervised_label_candidate,strategy_candidate,sc:ecard:ca3dd000c8df00babbce,true,candidate_id_matches_candidate_level_evaluation_evidence,false,false,false,-0.06993676616043398,-0.12291489424292013,-0.12291489424292013,0.05297812808248614,-0.43446907470055085,0.3344231353969896,0.8769900497512437,0.0738775881276168,recorded_walk_forward_pass,0,1,candidate_level_evaluation_evidence,,positive,Quant_mvp\config\v0_3_selector_label_rules.toml,candidate_level_evaluation_evidence,candidate_specific,candidate_level_supervised_label_candidate,ee_v0_3_20260506_sc_ecard_ca3dd000c8df00babbce,2026-05-06,,,,,,,,,,,evaluation_prioritization|active_learning|uncertainty_ranking|review_triage,time_aware_required_before_training,,true,false,doi:10.1093/rof/rft033,doi:10.1093/rof/rft033,true,false,eligible_candidate_level_label,ml_rows_must_not_feed_scores_rankings_reports_backtests_trading_or_auto_adoption,production_activation_requires_later_root_approved_gate
v0_3_candidate_ml_input_0_2,"This candidate ML input row is evidence-only metadata for evaluator review. It is not a production ranking input, not a trading signal, not an adoption decision, and not automatic production activation.",sc:ecard:ca718697e5c1eaced94b,v0.3.0,sh:ecard:ca718697e5c1eaced94b,ecard:ca718697e5c1eaced94b,Quant_mvp\data\v0_3\selector_inputs\v0_3_selector_input.jsonl,Quant_mvp\data\v0_3\strategy_candidates\v0_3_strategy_candidate_registry.jsonl,,2026-05-06T14:04:50+00:00,draft,other,refine_strategy_hypothesis,false,2,3,6,8,diagnostic_context_only,0,not_collectable,diagnostic,diagnostic_backlog,,not_specified,0,low,metadata_only,not_reported,true,false,false,6,2,2006-01-01,2006,,,,missing_evaluation_evidence,,,2015-01-01,2025-12-31,,,0,false,false,,,,,,false,metric_summary_missing_or_unavailable,false,false,false,,,,,,,,,,,,unlabeled,null_missing_evidence,null_missing_evidence,Quant_mvp\config\v0_3_selector_label_rules.toml,,,,,,,,,,,,,,,,evaluation_prioritization|active_learning|uncertainty_ranking|review_triage,time_aware_required_before_training,,false,false,doi:10.1142/s0219871106000263,doi:10.1142/s0219871106000263,false,false,blocked_missing_evaluation_evidence,ml_rows_must_not_feed_scores_rankings_reports_backtests_trading_or_auto_adoption,production_activation_requires_later_root_approved_gate
v0_3_candidate_ml_input_0_2,"This candidate ML input row is evidence-only metadata for evaluator review. It is not a production ranking input, not a trading signal, not an adoption decision, and not automatic production activation.",sc:ecard:ca90a498b2b4176aeb2e,v0.3.0,sh:ecard:ca90a498b2b4176aeb2e,ecard:ca90a498b2b4176aeb2e,Quant_mvp\data\v0_3\selector_inputs\v0_3_selector_input.jsonl,Quant_mvp\data\v0_3\strategy_candidates\v0_3_strategy_candidate_registry.jsonl,,2026-05-06T14:04:50+00:00,draft,other,refine_strategy_hypothesis,false,1,3,6,8,diagnostic_context_only,24,low,diagnostic,diagnostic_backlog,,partial,2,low,abstract_supported,not_reported,false,false,false,6,1,2002-10-01,2002,,,,missing_evaluation_evidence,,,2015-01-01,2025-12-31,,,0,false,false,,,,,,false,metric_summary_missing_or_unavailable,false,false,false,,,,,,,,,,,,unlabeled,null_missing_evidence,null_missing_evidence,Quant_mvp\config\v0_3_selector_label_rules.toml,,,,,,,,,,,,,,,,evaluation_prioritization|active_learning|uncertainty_ranking|review_triage,time_aware_required_before_training,,false,false,doi:10.3386/w9277,doi:10.3386/w9277,false,false,blocked_missing_evaluation_evidence,ml_rows_must_not_feed_scores_rankings_reports_backtests_trading_or_auto_adoption,production_activation_requires_later_root_approved_gate
v0_3_candidate_ml_input_0_2,"This candidate ML input row is evidence-only metadata for evaluator review. It is not a production ranking input, not a trading signal, not an adoption decision, and not automatic production activation.",sc:ecard:ca9ee6e27cb5ec3dcdc8,v0.3.0,sh:ecard:ca9ee6e27cb5ec3dcdc8,ecard:ca9ee6e27cb5ec3dcdc8,Quant_mvp\data\v0_3\selector_inputs\v0_3_selector_input.jsonl,Quant_mvp\data\v0_3\strategy_candidates\v0_3_strategy_candidate_registry.jsonl,,2026-05-06T14:04:50+00:00,draft,other,refine_strategy_hypothesis,false,1,1,6,8,needs_manual_or_data_review,20,low,technical,technical_score_architect,,not_specified,0,low,metadata_only,,false,false,false,6,1,2021-01-01,2021,,,,missing_evaluation_evidence,,,2015-01-01,2025-12-31,,,0,false,false,,,,,,false,metric_summary_missing_or_unavailable,false,false,false,,,,,,,,,,,,unlabeled,null_missing_evidence,null_missing_evidence,Quant_mvp\config\v0_3_selector_label_rules.toml,,,,,,,,,,,,,,,,evaluation_prioritization|active_learning|uncertainty_ranking|review_triage,time_aware_required_before_training,,false,false,doi:10.22394/1993-7601-2021-61-47-61,doi:10.22394/1993-7601-2021-61-47-61,false,false,blocked_missing_evaluation_evidence,ml_rows_must_not_feed_scores_rankings_reports_backtests_trading_or_auto_adoption,production_activation_requires_later_root_approved_gate
v0_3_candidate_ml_input_0_2,"This candidate ML input row is evidence-only metadata for evaluator review. It is not a production ranking input, not a trading signal, not an adoption decision, and not automatic production activation.",sc:ecard:cabde7631c878e8ac6ab,v0.3.0,sh:ecard:cabde7631c878e8ac6ab,ecard:cabde7631c878e8ac6ab,Quant_mvp\data\v0_3\selector_inputs\v0_3_selector_input.jsonl,Quant_mvp\data\v0_3\strategy_candidates\v0_3_strategy_candidate_registry.jsonl,,2026-05-06T14:04:50+00:00,draft,reversal,refine_strategy_hypothesis,false,1,1,7,8,needs_manual_or_data_review,20,low,technical,technical_score_architect,breakout,not_specified,0,low,metadata_only,not_reported,false,false,false,6,1,2013-07-17,2013,,,,missing_evaluation_evidence,,,2015-01-01,2025-12-31,,,0,false,false,,,,,,false,metric_summary_missing_or_unavailable,false,false,false,,,,,,,,,,,,unlabeled,null_missing_evidence,null_missing_evidence,Quant_mvp\config\v0_3_selector_label_rules.toml,,,,,,,,,,,,,,,,evaluation_prioritization|active_learning|uncertainty_ranking|review_triage,time_aware_required_before_training,,false,false,doi:10.1002/9781118726020.ch8,doi:10.1002/9781118726020.ch8,false,false,blocked_missing_evaluation_evidence,ml_rows_must_not_feed_scores_rankings_reports_backtests_trading_or_auto_adoption,production_activation_requires_later_root_approved_gate
v0_3_candidate_ml_input_0_2,"This candidate ML input row is evidence-only metadata for evaluator review. It is not a production ranking input, not a trading signal, not an adoption decision, and not automatic production activation.",sc:ecard:cb8ee71498f97a77bc80,v0.3.0,sh:ecard:cb8ee71498f97a77bc80,ecard:cb8ee71498f97a77bc80,Quant_mvp\data\v0_3\selector_inputs\v0_3_selector_input.jsonl,Quant_mvp\data\v0_3\strategy_candidates\v0_3_strategy_candidate_registry.jsonl,,2026-05-06T14:04:50+00:00,blocked,other,resolve_blocker,false,2,1,6,8,excluded_rejected_or_out_of_scope,0,not_collectable,out_of_scope,reject_log,,partial,0,low,abstract_supported,not_reported,false,false,false,6,2,2021-10-12,2021,,,,missing_evaluation_evidence,,,2015-01-01,2025-12-31,,,0,false,false,,,,,,false,metric_summary_missing_or_unavailable,false,false,false,,,,,,,,,,,,unlabeled,null_missing_evidence,null_missing_evidence,Quant_mvp\config\v0_3_selector_label_rules.toml,,,,,,,,,,,,,,,,evaluation_prioritization|active_learning|uncertainty_ranking|review_triage,time_aware_required_before_training,,false,false,doi:10.17654/ts062020131,doi:10.17654/ts062020131,false,false,blocked_missing_evaluation_evidence,ml_rows_must_not_feed_scores_rankings_reports_backtests_trading_or_auto_adoption,production_activation_requires_later_root_approved_gate
v0_3_candidate_ml_input_0_2,"This candidate ML input row is evidence-only metadata for evaluator review. It is not a production ranking input, not a trading signal, not an adoption decision, and not automatic production activation.",sc:ecard:cb9988e49c8dc91f3f90,v0.3.0,sh:ecard:cb9988e49c8dc91f3f90,ecard:cb9988e49c8dc91f3f90,Quant_mvp\data\v0_3\selector_inputs\v0_3_selector_input.jsonl,Quant_mvp\data\v0_3\strategy_candidates\v0_3_strategy_candidate_registry.jsonl,,2026-05-06T14:04:50+00:00,draft,other,refine_strategy_hypothesis,false,2,3,6,8,diagnostic_context_only,0,not_collectable,diagnostic,diagnostic_backlog,,not_specified,0,low,metadata_only,not_reported,false,false,false,6,2,2023-11-30,2023,,,,missing_evaluation_evidence,,,2015-01-01,2025-12-31,,,0,false,false,,,,,,false,metric_summary_missing_or_unavailable,false,false,false,,,,,,,,,,,,unlabeled,null_missing_evidence,null_missing_evidence,Quant_mvp\config\v0_3_selector_label_rules.toml,,,,,,,,,,,,,,,,evaluation_prioritization|active_learning|uncertainty_ranking|review_triage,time_aware_required_before_training,,false,false,doi:10.30776/jes.41.4.4,doi:10.30776/jes.41.4.4,false,false,blocked_missing_evaluation_evidence,ml_rows_must_not_feed_scores_rankings_reports_backtests_trading_or_auto_adoption,production_activation_requires_later_root_approved_gate
v0_3_candidate_ml_input_0_2,"This candidate ML input row is evidence-only metadata for evaluator review. It is not a production ranking input, not a trading signal, not an adoption decision, and not automatic production activation.",sc:ecard:cc70cd7911044ba9be72,v0.3.0,sh:ecard:cc70cd7911044ba9be72,ecard:cc70cd7911044ba9be72,Quant_mvp\data\v0_3\selector_inputs\v0_3_selector_input.jsonl,Quant_mvp\data\v0_3\strategy_candidates\v0_3_strategy_candidate_registry.jsonl,,2026-05-06T14:04:50+00:00,draft,other,refine_strategy_hypothesis,false,2,3,6,8,diagnostic_context_only,0,not_collectable,diagnostic,diagnostic_backlog,,not_specified,0,low,metadata_only,not_reported,false,true,false,6,2,2024-01-01,2024,,,,missing_evaluation_evidence,,,2015-01-01,2025-12-31,,,0,false,false,,,,,,false,metric_summary_missing_or_unavailable,false,false,false,,,,,,,,,,,,unlabeled,null_missing_evidence,null_missing_evidence,Quant_mvp\config\v0_3_selector_label_rules.toml,,,,,,,,,,,,,,,,evaluation_prioritization|active_learning|uncertainty_ranking|review_triage,time_aware_required_before_training,,false,false,doi:10.2139/ssrn.4754678,doi:10.2139/ssrn.4754678,false,false,blocked_missing_evaluation_evidence,ml_rows_must_not_feed_scores_rankings_reports_backtests_trading_or_auto_adoption,production_activation_requires_later_root_approved_gate
v0_3_candidate_ml_input_0_2,"This candidate ML input row is evidence-only metadata for evaluator review. It is not a production ranking input, not a trading signal, not an adoption decision, and not automatic production activation.",sc:ecard:ccc4752ce673281a0d78,v0.3.0,sh:ecard:ccc4752ce673281a0d78,ecard:ccc4752ce673281a0d78,Quant_mvp\data\v0_3\selector_inputs\v0_3_selector_input.jsonl,Quant_mvp\data\v0_3\strategy_candidates\v0_3_strategy_candidate_registry.jsonl,,2026-05-06T14:04:50+00:00,draft,momentum,refine_strategy_hypothesis,false,1,1,7,8,needs_manual_or_data_review,20,low,technical,technical_score_architect,momentum,not_specified,0,low,metadata_only,not_reported,false,false,false,6,1,2018-05-15,2018,,,,missing_evaluation_evidence,,,2015-01-01,2025-12-31,,,0,false,false,,,,,,false,metric_summary_missing_or_unavailable,false,false,false,,,,,,,,,,,,unlabeled,null_missing_evidence,null_missing_evidence,Quant_mvp\config\v0_3_selector_label_rules.toml,,,,,,,,,,,,,,,,evaluation_prioritization|active_learning|uncertainty_ranking|review_triage,time_aware_required_before_training,,false,false,doi:10.1080/00036846.2017.1403560,doi:10.1080/00036846.2017.1403560,false,false,blocked_missing_evaluation_evidence,ml_rows_must_not_feed_scores_rankings_reports_backtests_trading_or_auto_adoption,production_activation_requires_later_root_approved_gate
v0_3_candidate_ml_input_0_2,"This candidate ML input row is evidence-only metadata for evaluator review. It is not a production ranking input, not a trading signal, not an adoption decision, and not automatic production activation.",sc:ecard:cd6765928839e012c52a,v0.3.0,sh:ecard:cd6765928839e012c52a,ecard:cd6765928839e012c52a,Quant_mvp\data\v0_3\selector_inputs\v0_3_selector_input.jsonl,Quant_mvp\data\v0_3\strategy_candidates\v0_3_strategy_candidate_registry.jsonl,,2026-05-06T14:04:50+00:00,draft,volatility,refine_strategy_hypothesis,false,1,1,7,8,needs_manual_or_data_review,20,low,technical,technical_score_architect,volatility_liquidity,not_specified,0,low,metadata_only,not_reported,false,false,false,6,1,2018-01-01,2018,,,,missing_evaluation_evidence,,,2015-01-01,2025-12-31,,,0,false,false,,,,,,false,metric_summary_missing_or_unavailable,false,false,false,,,,,,,,,,,,unlabeled,null_missing_evidence,null_missing_evidence,Quant_mvp\config\v0_3_selector_label_rules.toml,,,,,,,,,,,,,,,,evaluation_prioritization|active_learning|uncertainty_ranking|review_triage,time_aware_required_before_training,,false,false,doi:10.1016/j.finmar.2017.07.002,doi:10.1016/j.finmar.2017.07.002,false,false,blocked_missing_evaluation_evidence,ml_rows_must_not_feed_scores_rankings_reports_backtests_trading_or_auto_adoption,production_activation_requires_later_root_approved_gate
v0_3_candidate_ml_input_0_2,"This candidate ML input row is evidence-only metadata for evaluator review. It is not a production ranking input, not a trading signal, not an adoption decision, and not automatic production activation.",sc:ecard:cdce22fec9386856193b,v0.3.0,sh:ecard:cdce22fec9386856193b,ecard:cdce22fec9386856193b,Quant_mvp\data\v0_3\selector_inputs\v0_3_selector_input.jsonl,Quant_mvp\data\v0_3\strategy_candidates\v0_3_strategy_candidate_registry.jsonl,,2026-05-06T14:04:50+00:00,draft,other,refine_strategy_hypothesis,false,1,3,6,8,diagnostic_context_only,24,low,diagnostic,diagnostic_backlog,,partial,2,low,abstract_supported,not_reported,false,false,false,6,1,1985-10-01,1985,,,,missing_evaluation_evidence,,,2015-01-01,2025-12-31,,,0,false,false,,,,,,false,metric_summary_missing_or_unavailable,false,false,false,,,,,,,,,,,,unlabeled,null_missing_evidence,null_missing_evidence,Quant_mvp\config\v0_3_selector_label_rules.toml,,,,,,,,,,,,,,,,evaluation_prioritization|active_learning|uncertainty_ranking|review_triage,time_aware_required_before_training,,false,false,doi:10.4271/851825,doi:10.4271/851825,false,false,blocked_missing_evaluation_evidence,ml_rows_must_not_feed_scores_rankings_reports_backtests_trading_or_auto_adoption,production_activation_requires_later_root_approved_gate
v0_3_candidate_ml_input_0_2,"This candidate ML input row is evidence-only metadata for evaluator review. It is not a production ranking input, not a trading signal, not an adoption decision, and not automatic production activation.",sc:ecard:ce29413b9cda9b5c5b42,v0.3.0,sh:ecard:ce29413b9cda9b5c5b42,ecard:ce29413b9cda9b5c5b42,Quant_mvp\data\v0_3\selector_inputs\v0_3_selector_input.jsonl,Quant_mvp\data\v0_3\strategy_candidates\v0_3_strategy_candidate_registry.jsonl,,2026-05-06T14:04:50+00:00,draft,other,refine_strategy_hypothesis,false,2,3,6,8,diagnostic_context_only,0,not_collectable,diagnostic,diagnostic_backlog,,not_specified,0,low,metadata_only,not_reported,true,false,false,6,2,1994-12-01,1994,,,,missing_evaluation_evidence,,,2015-01-01,2025-12-31,,,0,false,false,,,,,,false,metric_summary_missing_or_unavailable,false,false,false,,,,,,,,,,,,unlabeled,null_missing_evidence,null_missing_evidence,Quant_mvp\config\v0_3_selector_label_rules.toml,,,,,,,,,,,,,,,,evaluation_prioritization|active_learning|uncertainty_ranking|review_triage,time_aware_required_before_training,,false,false,doi:10.1002/jae.3950090505,doi:10.1002/jae.3950090505,false,false,blocked_missing_evaluation_evidence,ml_rows_must_not_feed_scores_rankings_reports_backtests_trading_or_auto_adoption,production_activation_requires_later_root_approved_gate
v0_3_candidate_ml_input_0_2,"This candidate ML input row is evidence-only metadata for evaluator review. It is not a production ranking input, not a trading signal, not an adoption decision, and not automatic production activation.",sc:ecard:ce2c9d91767eadf8fff2,v0.3.0,sh:ecard:ce2c9d91767eadf8fff2,ecard:ce2c9d91767eadf8fff2,Quant_mvp\data\v0_3\selector_inputs\v0_3_selector_input.jsonl,Quant_mvp\data\v0_3\strategy_candidates\v0_3_strategy_candidate_registry.jsonl,,2026-05-06T14:04:50+00:00,draft,other,refine_strategy_hypothesis,false,1,3,6,8,diagnostic_context_only,24,low,diagnostic,diagnostic_backlog,,partial,2,low,abstract_supported,not_reported,false,false,false,6,1,2020-03-12,2020,,,,missing_evaluation_evidence,,,2015-01-01,2025-12-31,,,0,false,false,,,,,,false,metric_summary_missing_or_unavailable,false,false,false,,,,,,,,,,,,unlabeled,null_missing_evidence,null_missing_evidence,Quant_mvp\config\v0_3_selector_label_rules.toml,,,,,,,,,,,,,,,,evaluation_prioritization|active_learning|uncertainty_ranking|review_triage,time_aware_required_before_training,,false,false,doi:10.3390/economies8010020,doi:10.3390/economies8010020,false,false,blocked_missing_evaluation_evidence,ml_rows_must_not_feed_scores_rankings_reports_backtests_trading_or_auto_adoption,production_activation_requires_later_root_approved_gate
v0_3_candidate_ml_input_0_2,"This candidate ML input row is evidence-only metadata for evaluator review. It is not a production ranking input, not a trading signal, not an adoption decision, and not automatic production activation.",sc:ecard:ce59b4e2e182de912513,v0.3.0,sh:ecard:ce59b4e2e182de912513,ecard:ce59b4e2e182de912513,Quant_mvp\data\v0_3\selector_inputs\v0_3_selector_input.jsonl,Quant_mvp\data\v0_3\strategy_candidates\v0_3_strategy_candidate_registry.jsonl,,2026-05-06T14:04:50+00:00,draft,volatility,refine_strategy_hypothesis,false,1,1,7,8,needs_manual_or_data_review,20,low,technical,technical_score_architect,volatility_liquidity,not_specified,0,low,metadata_only,not_reported,false,false,false,6,1,2011-12-28,2011,,,,missing_evaluation_evidence,,,2015-01-01,2025-12-31,,,0,false,false,,,,,,false,metric_summary_missing_or_unavailable,false,false,false,,,,,,,,,,,,unlabeled,null_missing_evidence,null_missing_evidence,Quant_mvp\config\v0_3_selector_label_rules.toml,,,,,,,,,,,,,,,,evaluation_prioritization|active_learning|uncertainty_ranking|review_triage,time_aware_required_before_training,,false,false,doi:10.2139/ssrn.515143,doi:10.2139/ssrn.515143,false,false,blocked_missing_evaluation_evidence,ml_rows_must_not_feed_scores_rankings_reports_backtests_trading_or_auto_adoption,production_activation_requires_later_root_approved_gate
v0_3_candidate_ml_input_0_2,"This candidate ML input row is evidence-only metadata for evaluator review. It is not a production ranking input, not a trading signal, not an adoption decision, and not automatic production activation.",sc:ecard:ce6f41b0ab91557a255c,v0.3.0,sh:ecard:ce6f41b0ab91557a255c,ecard:ce6f41b0ab91557a255c,Quant_mvp\data\v0_3\selector_inputs\v0_3_selector_input.jsonl,Quant_mvp\data\v0_3\strategy_candidates\v0_3_strategy_candidate_registry.jsonl,,2026-05-06T14:04:50+00:00,blocked,volatility,resolve_blocker,false,2,1,7,8,excluded_rejected_or_out_of_scope,0,not_collectable,out_of_scope,reject_log,volatility_liquidity,partial,0,low,abstract_supported,not_reported,true,false,false,6,2,2025-12-02,2025,,,,missing_evaluation_evidence,,,2015-01-01,2025-12-31,,,0,false,false,,,,,,false,metric_summary_missing_or_unavailable,false,false,false,,,,,,,,,,,,unlabeled,null_missing_evidence,null_missing_evidence,Quant_mvp\config\v0_3_selector_label_rules.toml,,,,,,,,,,,,,,,,evaluation_prioritization|active_learning|uncertainty_ranking|review_triage,time_aware_required_before_training,,false,false,doi:10.32722/account.v12i2.7036,doi:10.32722/account.v12i2.7036,false,false,blocked_missing_evaluation_evidence,ml_rows_must_not_feed_scores_rankings_reports_backtests_trading_or_auto_adoption,production_activation_requires_later_root_approved_gate
v0_3_candidate_ml_input_0_2,"This candidate ML input row is evidence-only metadata for evaluator review. It is not a production ranking input, not a trading signal, not an adoption decision, and not automatic production activation.",sc:ecard:cf6d4047445e573d91a1,v0.3.0,sh:ecard:cf6d4047445e573d91a1,ecard:cf6d4047445e573d91a1,Quant_mvp\data\v0_3\selector_inputs\v0_3_selector_input.jsonl,Quant_mvp\data\v0_3\strategy_candidates\v0_3_strategy_candidate_registry.jsonl,,2026-05-06T14:04:50+00:00,draft,other,refine_strategy_hypothesis,false,1,3,6,8,diagnostic_context_only,32,low,diagnostic,diagnostic_backlog,,partial,2,low,abstract_supported,not_reported,false,false,false,6,1,2026-03-15,2026,,,,missing_evaluation_evidence,,,2015-01-01,2025-12-31,,,0,false,false,,,,,,false,metric_summary_missing_or_unavailable,false,false,false,,,,,,,,,,,,unlabeled,null_missing_evidence,null_missing_evidence,Quant_mvp\config\v0_3_selector_label_rules.toml,,,,,,,,,,,,,,,,evaluation_prioritization|active_learning|uncertainty_ranking|review_triage,time_aware_required_before_training,,false,false,arxiv:2603.20271,arxiv:2603.20271,false,false,blocked_missing_evaluation_evidence,ml_rows_must_not_feed_scores_rankings_reports_backtests_trading_or_auto_adoption,production_activation_requires_later_root_approved_gate
v0_3_candidate_ml_input_0_2,"This candidate ML input row is evidence-only metadata for evaluator review. It is not a production ranking input, not a trading signal, not an adoption decision, and not automatic production activation.",sc:ecard:cf8d316e2dd0fd95f21c,v0.3.0,sh:ecard:cf8d316e2dd0fd95f21c,ecard:cf8d316e2dd0fd95f21c,Quant_mvp\data\v0_3\selector_inputs\v0_3_selector_input.jsonl,Quant_mvp\data\v0_3\strategy_candidates\v0_3_strategy_candidate_registry.jsonl,,2026-05-06T14:04:50+00:00,blocked,other,resolve_blocker,false,2,1,6,8,excluded_rejected_or_out_of_scope,0,not_collectable,out_of_scope,reject_log,,partial,0,low,abstract_supported,not_reported,true,false,false,6,2,2005-03-01,2005,,,,missing_evaluation_evidence,,,2015-01-01,2025-12-31,,,0,false,false,,,,,,false,metric_summary_missing_or_unavailable,false,false,false,,,,,,,,,,,,unlabeled,null_missing_evidence,null_missing_evidence,Quant_mvp\config\v0_3_selector_label_rules.toml,,,,,,,,,,,,,,,,evaluation_prioritization|active_learning|uncertainty_ranking|review_triage,time_aware_required_before_training,,false,false,doi:10.2469/faj.v61.n2.2716,doi:10.2469/faj.v61.n2.2716,false,false,blocked_missing_evaluation_evidence,ml_rows_must_not_feed_scores_rankings_reports_backtests_trading_or_auto_adoption,production_activation_requires_later_root_approved_gate
v0_3_candidate_ml_input_0_2,"This candidate ML input row is evidence-only metadata for evaluator review. It is not a production ranking input, not a trading signal, not an adoption decision, and not automatic production activation.",sc:ecard:cfd996db80d683b6924e,v0.3.0,sh:ecard:cfd996db80d683b6924e,ecard:cfd996db80d683b6924e,Quant_mvp\data\v0_3\selector_inputs\v0_3_selector_input.jsonl,Quant_mvp\data\v0_3\strategy_candidates\v0_3_strategy_candidate_registry.jsonl,Quant_mvp\backtest_mvp\docs\v0_3_evaluation_evidence\non_momentum_cohort_1\ee_v0_3_20260506_sc_ecard_cfd996db80d683b6924e.md,2026-05-06T14:04:50+00:00,evaluable,other,create_evaluation_evidence,true,0,1,6,8,eligible_for_candidate_selector_review,94,high,technical,technical_score_architect,,partial,2,medium,abstract_supported,not_reported,true,false,false,6,0,2000-12-01,2000,2026-05-06,,ee_v0_3_20260506_sc_ecard_cfd996db80d683b6924e,evidence_recorded,2026-05-06,2026-05-06,2015-01-02,2025-12-02,,benchmark_reference_comparison|cost|drawdown|no_feedback|no_lookahead|oos_walk_forward_stability|turnover|volatility,8,true,true,approved_evaluation_evidence,candidate_specific,candidate_level_supervised_label_candidate,strategy_candidate,sc:ecard:cfd996db80d683b6924e,true,candidate_id_matches_candidate_level_evaluation_evidence,false,false,false,0.9478898686276229,-0.270661347208625,-0.270661347208625,1.218551215836248,-0.6092164024086726,0.2968075686560764,0.8618159203980099,0.35818175172278915,recorded_walk_forward_fail,0,0,candidate_level_evaluation_evidence,,negative,Quant_mvp\config\v0_3_selector_label_rules.toml,candidate_level_evaluation_evidence,candidate_specific,candidate_level_supervised_label_candidate,ee_v0_3_20260506_sc_ecard_cfd996db80d683b6924e,2026-05-06,,,,,,,,,,,evaluation_prioritization|active_learning|uncertainty_ranking|review_triage,time_aware_required_before_training,,true,false,doi:10.1080/096031000437935,doi:10.1080/096031000437935,true,false,eligible_candidate_level_label,ml_rows_must_not_feed_scores_rankings_reports_backtests_trading_or_auto_adoption,production_activation_requires_later_root_approved_gate
v0_3_candidate_ml_input_0_2,"This candidate ML input row is evidence-only metadata for evaluator review. It is not a production ranking input, not a trading signal, not an adoption decision, and not automatic production activation.",sc:ecard:d1039ed869464b1a2c7e,v0.3.0,sh:ecard:d1039ed869464b1a2c7e,ecard:d1039ed869464b1a2c7e,Quant_mvp\data\v0_3\selector_inputs\v0_3_selector_input.jsonl,Quant_mvp\data\v0_3\strategy_candidates\v0_3_strategy_candidate_registry.jsonl,,2026-05-06T14:04:50+00:00,blocked,volatility,resolve_blocker,false,2,1,7,8,excluded_rejected_or_out_of_scope,0,not_collectable,out_of_scope,reject_log,volatility_liquidity,not_specified,0,low,metadata_only,not_reported,false,false,false,6,2,2018-06-15,2018,,,,missing_evaluation_evidence,,,2015-01-01,2025-12-31,,,0,false,false,,,,,,false,metric_summary_missing_or_unavailable,false,false,false,,,,,,,,,,,,unlabeled,null_missing_evidence,null_missing_evidence,Quant_mvp\config\v0_3_selector_label_rules.toml,,,,,,,,,,,,,,,,evaluation_prioritization|active_learning|uncertainty_ranking|review_triage,time_aware_required_before_training,,false,false,doi:10.1016/j.physa.2018.06.010,doi:10.1016/j.physa.2018.06.010,false,false,blocked_missing_evaluation_evidence,ml_rows_must_not_feed_scores_rankings_reports_backtests_trading_or_auto_adoption,production_activation_requires_later_root_approved_gate
v0_3_candidate_ml_input_0_2,"This candidate ML input row is evidence-only metadata for evaluator review. It is not a production ranking input, not a trading signal, not an adoption decision, and not automatic production activation.",sc:ecard:d1b8dc46c90c784cb684,v0.3.0,sh:ecard:d1b8dc46c90c784cb684,ecard:d1b8dc46c90c784cb684,Quant_mvp\data\v0_3\selector_inputs\v0_3_selector_input.jsonl,Quant_mvp\data\v0_3\strategy_candidates\v0_3_strategy_candidate_registry.jsonl,,2026-05-06T14:04:50+00:00,blocked,other,resolve_blocker,false,2,1,6,8,excluded_rejected_or_out_of_scope,0,not_collectable,out_of_scope,reject_log,,not_specified,0,low,metadata_only,not_reported,false,false,false,6,2,2007-02-13,2007,,,,missing_evaluation_evidence,,,2015-01-01,2025-12-31,,,0,false,false,,,,,,false,metric_summary_missing_or_unavailable,false,false,false,,,,,,,,,,,,unlabeled,null_missing_evidence,null_missing_evidence,Quant_mvp\config\v0_3_selector_label_rules.toml,,,,,,,,,,,,,,,,evaluation_prioritization|active_learning|uncertainty_ranking|review_triage,time_aware_required_before_training,,false,false,doi:10.1201/9781420013146-72,doi:10.1201/9781420013146-72,false,false,blocked_missing_evaluation_evidence,ml_rows_must_not_feed_scores_rankings_reports_backtests_trading_or_auto_adoption,production_activation_requires_later_root_approved_gate
v0_3_candidate_ml_input_0_2,"This candidate ML input row is evidence-only metadata for evaluator review. It is not a production ranking input, not a trading signal, not an adoption decision, and not automatic production activation.",sc:ecard:d3343b2f0b0c00b1fbca,v0.3.0,sh:ecard:d3343b2f0b0c00b1fbca,ecard:d3343b2f0b0c00b1fbca,Quant_mvp\data\v0_3\selector_inputs\v0_3_selector_input.jsonl,Quant_mvp\data\v0_3\strategy_candidates\v0_3_strategy_candidate_registry.jsonl,,2026-05-06T14:04:50+00:00,draft,volatility,refine_strategy_hypothesis,false,1,3,7,8,diagnostic_context_only,24,low,diagnostic,diagnostic_backlog,volatility_liquidity,partial,2,low,abstract_supported,not_reported,false,false,false,6,1,2023-12-31,2023,,,,missing_evaluation_evidence,,,2015-01-01,2025-12-31,,,0,false,false,,,,,,false,metric_summary_missing_or_unavailable,false,false,false,,,,,,,,,,,,unlabeled,null_missing_evidence,null_missing_evidence,Quant_mvp\config\v0_3_selector_label_rules.toml,,,,,,,,,,,,,,,,evaluation_prioritization|active_learning|uncertainty_ranking|review_triage,time_aware_required_before_training,,false,false,doi:10.55927/ijba.v3i6.5840,doi:10.55927/ijba.v3i6.5840,false,false,blocked_missing_evaluation_evidence,ml_rows_must_not_feed_scores_rankings_reports_backtests_trading_or_auto_adoption,production_activation_requires_later_root_approved_gate
v0_3_candidate_ml_input_0_2,"This candidate ML input row is evidence-only metadata for evaluator review. It is not a production ranking input, not a trading signal, not an adoption decision, and not automatic production activation.",sc:ecard:d33b68aae5055d6d3666,v0.3.0,sh:ecard:d33b68aae5055d6d3666,ecard:d33b68aae5055d6d3666,Quant_mvp\data\v0_3\selector_inputs\v0_3_selector_input.jsonl,Quant_mvp\data\v0_3\strategy_candidates\v0_3_strategy_candidate_registry.jsonl,,2026-05-06T14:04:50+00:00,draft,value,refine_strategy_hypothesis,false,4,2,6,8,needs_hybrid_split,0,not_collectable,hybrid,hybrid_split_required,,not_specified,0,low,metadata_only,not_reported,false,false,false,8,4,2007-07-01,2007,,,,missing_evaluation_evidence,,,2015-01-01,2025-12-31,,,0,false,false,,,,,,false,metric_summary_missing_or_unavailable,false,false,false,,,,,,,,,,,,unlabeled,null_missing_evidence,null_missing_evidence,Quant_mvp\config\v0_3_selector_label_rules.toml,,,,,,,,,,,,,,,,evaluation_prioritization|active_learning|uncertainty_ranking|review_triage,time_aware_required_before_training,,false,false,doi:10.1016/j.mulfin.2006.12.003,doi:10.1016/j.mulfin.2006.12.003,false,false,blocked_missing_evaluation_evidence,ml_rows_must_not_feed_scores_rankings_reports_backtests_trading_or_auto_adoption,production_activation_requires_later_root_approved_gate
v0_3_candidate_ml_input_0_2,"This candidate ML input row is evidence-only metadata for evaluator review. It is not a production ranking input, not a trading signal, not an adoption decision, and not automatic production activation.",sc:ecard:d36b1f006fd576bdba24,v0.3.0,sh:ecard:d36b1f006fd576bdba24,ecard:d36b1f006fd576bdba24,Quant_mvp\data\v0_3\selector_inputs\v0_3_selector_input.jsonl,Quant_mvp\data\v0_3\strategy_candidates\v0_3_strategy_candidate_registry.jsonl,,2026-05-06T14:04:50+00:00,draft,other,refine_strategy_hypothesis,false,2,3,6,8,diagnostic_context_only,0,not_collectable,diagnostic,diagnostic_backlog,,not_specified,0,low,metadata_only,not_reported,false,false,false,6,2,2010-06-01,2010,,,,missing_evaluation_evidence,,,2015-01-01,2025-12-31,,,0,false,false,,,,,,false,metric_summary_missing_or_unavailable,false,false,false,,,,,,,,,,,,unlabeled,null_missing_evidence,null_missing_evidence,Quant_mvp\config\v0_3_selector_label_rules.toml,,,,,,,,,,,,,,,,evaluation_prioritization|active_learning|uncertainty_ranking|review_triage,time_aware_required_before_training,,false,false,doi:10.1016/j.jempfin.2010.01.001,doi:10.1016/j.jempfin.2010.01.001,false,false,blocked_missing_evaluation_evidence,ml_rows_must_not_feed_scores_rankings_reports_backtests_trading_or_auto_adoption,production_activation_requires_later_root_approved_gate
v0_3_candidate_ml_input_0_2,"This candidate ML input row is evidence-only metadata for evaluator review. It is not a production ranking input, not a trading signal, not an adoption decision, and not automatic production activation.",sc:ecard:d38a9866ca637fb9b255,v0.3.0,sh:ecard:d38a9866ca637fb9b255,ecard:d38a9866ca637fb9b255,Quant_mvp\data\v0_3\selector_inputs\v0_3_selector_input.jsonl,Quant_mvp\data\v0_3\strategy_candidates\v0_3_strategy_candidate_registry.jsonl,,2026-05-06T14:04:50+00:00,draft,volatility,refine_strategy_hypothesis,false,1,1,7,8,needs_manual_or_data_review,20,low,technical,technical_score_architect,volatility_liquidity,not_specified,0,low,metadata_only,not_reported,false,false,false,6,1,2003-01-01,2003,,,,missing_evaluation_evidence,,,2015-01-01,2025-12-31,,,0,false,false,,,,,,false,metric_summary_missing_or_unavailable,false,false,false,,,,,,,,,,,,unlabeled,null_missing_evidence,null_missing_evidence,Quant_mvp\config\v0_3_selector_label_rules.toml,,,,,,,,,,,,,,,,evaluation_prioritization|active_learning|uncertainty_ranking|review_triage,time_aware_required_before_training,,false,false,doi:10.2202/1475-3693.1008,doi:10.2202/1475-3693.1008,false,false,blocked_missing_evaluation_evidence,ml_rows_must_not_feed_scores_rankings_reports_backtests_trading_or_auto_adoption,production_activation_requires_later_root_approved_gate
v0_3_candidate_ml_input_0_2,"This candidate ML input row is evidence-only metadata for evaluator review. It is not a production ranking input, not a trading signal, not an adoption decision, and not automatic production activation.",sc:ecard:d398f361223767c1cdd0,v0.3.0,sh:ecard:d398f361223767c1cdd0,ecard:d398f361223767c1cdd0,Quant_mvp\data\v0_3\selector_inputs\v0_3_selector_input.jsonl,Quant_mvp\data\v0_3\strategy_candidates\v0_3_strategy_candidate_registry.jsonl,,2026-05-06T14:04:50+00:00,draft,value,refine_strategy_hypothesis,false,4,2,6,8,needs_hybrid_split,3,low,hybrid,hybrid_split_required,volatility_liquidity,partial,0,low,abstract_supported,not_reported,false,false,false,8,4,2005-01-28,2005,,,,missing_evaluation_evidence,,,2015-01-01,2025-12-31,,,0,false,false,,,,,,false,metric_summary_missing_or_unavailable,false,false,false,,,,,,,,,,,,unlabeled,null_missing_evidence,null_missing_evidence,Quant_mvp\config\v0_3_selector_label_rules.toml,,,,,,,,,,,,,,,,evaluation_prioritization|active_learning|uncertainty_ranking|review_triage,time_aware_required_before_training,,false,false,doi:10.1111/j.1467-629x.2004.00126.x,doi:10.1111/j.1467-629x.2004.00126.x,false,false,blocked_missing_evaluation_evidence,ml_rows_must_not_feed_scores_rankings_reports_backtests_trading_or_auto_adoption,production_activation_requires_later_root_approved_gate
v0_3_candidate_ml_input_0_2,"This candidate ML input row is evidence-only metadata for evaluator review. It is not a production ranking input, not a trading signal, not an adoption decision, and not automatic production activation.",sc:ecard:d3f30271df2185600635,v0.3.0,sh:ecard:d3f30271df2185600635,ecard:d3f30271df2185600635,Quant_mvp\data\v0_3\selector_inputs\v0_3_selector_input.jsonl,Quant_mvp\data\v0_3\strategy_candidates\v0_3_strategy_candidate_registry.jsonl,,2026-05-06T14:04:50+00:00,draft,value,refine_strategy_hypothesis,false,4,2,6,8,needs_hybrid_split,0,not_collectable,hybrid,hybrid_split_required,,not_specified,0,low,metadata_only,not_reported,false,false,false,8,4,2001-03-01,2001,,,,missing_evaluation_evidence,,,2015-01-01,2025-12-31,,,0,false,false,,,,,,false,metric_summary_missing_or_unavailable,false,false,false,,,,,,,,,,,,unlabeled,null_missing_evidence,null_missing_evidence,Quant_mvp\config\v0_3_selector_label_rules.toml,,,,,,,,,,,,,,,,evaluation_prioritization|active_learning|uncertainty_ranking|review_triage,time_aware_required_before_training,,false,false,doi:10.1016/s1566-0141(00)00017-0,doi:10.1016/s1566-0141(00)00017-0,false,false,blocked_missing_evaluation_evidence,ml_rows_must_not_feed_scores_rankings_reports_backtests_trading_or_auto_adoption,production_activation_requires_later_root_approved_gate
v0_3_candidate_ml_input_0_2,"This candidate ML input row is evidence-only metadata for evaluator review. It is not a production ranking input, not a trading signal, not an adoption decision, and not automatic production activation.",sc:ecard:d4964ba29d8a4ea3d99a,v0.3.0,sh:ecard:d4964ba29d8a4ea3d99a,ecard:d4964ba29d8a4ea3d99a,Quant_mvp\data\v0_3\selector_inputs\v0_3_selector_input.jsonl,Quant_mvp\data\v0_3\strategy_candidates\v0_3_strategy_candidate_registry.jsonl,,2026-05-06T14:04:50+00:00,draft,other,refine_strategy_hypothesis,false,2,3,6,8,diagnostic_context_only,0,not_collectable,diagnostic,diagnostic_backlog,,not_specified,0,low,metadata_only,not_reported,false,false,false,6,2,2020-09-01,2020,,,,missing_evaluation_evidence,,,2015-01-01,2025-12-31,,,0,false,false,,,,,,false,metric_summary_missing_or_unavailable,false,false,false,,,,,,,,,,,,unlabeled,null_missing_evidence,null_missing_evidence,Quant_mvp\config\v0_3_selector_label_rules.toml,,,,,,,,,,,,,,,,evaluation_prioritization|active_learning|uncertainty_ranking|review_triage,time_aware_required_before_training,,false,false,doi:10.1016/j.pacfin.2020.101380,doi:10.1016/j.pacfin.2020.101380,false,false,blocked_missing_evaluation_evidence,ml_rows_must_not_feed_scores_rankings_reports_backtests_trading_or_auto_adoption,production_activation_requires_later_root_approved_gate
v0_3_candidate_ml_input_0_2,"This candidate ML input row is evidence-only metadata for evaluator review. It is not a production ranking input, not a trading signal, not an adoption decision, and not automatic production activation.",sc:ecard:d580a6884a08800ea257,v0.3.0,sh:ecard:d580a6884a08800ea257,ecard:d580a6884a08800ea257,Quant_mvp\data\v0_3\selector_inputs\v0_3_selector_input.jsonl,Quant_mvp\data\v0_3\strategy_candidates\v0_3_strategy_candidate_registry.jsonl,,2026-05-06T14:04:50+00:00,draft,value,refine_strategy_hypothesis,false,4,3,6,8,excluded_valuation_lane,0,not_collectable,valuation,valuation_agent_handoff,,partial,0,medium,abstract_supported,,false,false,false,8,4,2021-07-04,2021,,,,missing_evaluation_evidence,,,2015-01-01,2025-12-31,,,0,false,false,,,,,,false,metric_summary_missing_or_unavailable,false,false,false,,,,,,,,,,,,unlabeled,null_missing_evidence,null_missing_evidence,Quant_mvp\config\v0_3_selector_label_rules.toml,,,,,,,,,,,,,,,,evaluation_prioritization|active_learning|uncertainty_ranking|review_triage,time_aware_required_before_training,,false,false,doi:10.3126/md.v24i1.47556,doi:10.3126/md.v24i1.47556,false,false,blocked_missing_evaluation_evidence,ml_rows_must_not_feed_scores_rankings_reports_backtests_trading_or_auto_adoption,production_activation_requires_later_root_approved_gate
v0_3_candidate_ml_input_0_2,"This candidate ML input row is evidence-only metadata for evaluator review. It is not a production ranking input, not a trading signal, not an adoption decision, and not automatic production activation.",sc:ecard:d591f2351ea1b8e57d77,v0.3.0,sh:ecard:d591f2351ea1b8e57d77,ecard:d591f2351ea1b8e57d77,Quant_mvp\data\v0_3\selector_inputs\v0_3_selector_input.jsonl,Quant_mvp\data\v0_3\strategy_candidates\v0_3_strategy_candidate_registry.jsonl,Quant_mvp\backtest_mvp\docs\v0_3_evaluation_evidence\momentum_cohort_1\ee_v0_3_20260506_sc_ecard_d591f2351ea1b8e57d77.md,2026-05-06T14:04:50+00:00,evaluable,momentum,create_evaluation_evidence,true,0,1,7,8,eligible_for_candidate_selector_review,94,high,technical,technical_score_architect,momentum,partial,2,medium,abstract_supported,not_reported,true,false,false,6,0,2013-08-26,2013,2026-05-06,,ee_v0_3_20260506_sc_ecard_d591f2351ea1b8e57d77,evidence_recorded,2026-05-06,2026-05-06,2015-01-02,2025-12-02,,benchmark_reference_comparison|cost|drawdown|no_feedback|no_lookahead|oos_walk_forward_stability|turnover|volatility,8,true,true,approved_evaluation_evidence,candidate_specific,candidate_level_supervised_label_candidate,strategy_candidate,sc:ecard:d591f2351ea1b8e57d77,true,candidate_id_matches_candidate_level_evaluation_evidence,false,false,false,0.9478898686276229,-0.270661347208625,-0.270661347208625,1.218551215836248,-0.6092164024086726,0.2968075686560764,0.8618159203980099,0.35818175172278915,recorded_walk_forward_fail,0,0,candidate_level_evaluation_evidence,,negative,Quant_mvp\config\v0_3_selector_label_rules.toml,candidate_level_evaluation_evidence,candidate_specific,candidate_level_supervised_label_candidate,ee_v0_3_20260506_sc_ecard_d591f2351ea1b8e57d77,2026-05-06,,,,,,,,,,,evaluation_prioritization|active_learning|uncertainty_ranking|review_triage,time_aware_required_before_training,,true,false,doi:10.1016/j.physa.2013.10.007,doi:10.1016/j.physa.2013.10.007,true,false,eligible_candidate_level_label,ml_rows_must_not_feed_scores_rankings_reports_backtests_trading_or_auto_adoption,production_activation_requires_later_root_approved_gate
v0_3_candidate_ml_input_0_2,"This candidate ML input row is evidence-only metadata for evaluator review. It is not a production ranking input, not a trading signal, not an adoption decision, and not automatic production activation.",sc:ecard:d5eef088e30430a651da,v0.3.0,sh:ecard:d5eef088e30430a651da,ecard:d5eef088e30430a651da,Quant_mvp\data\v0_3\selector_inputs\v0_3_selector_input.jsonl,Quant_mvp\data\v0_3\strategy_candidates\v0_3_strategy_candidate_registry.jsonl,,2026-05-06T14:04:50+00:00,draft,value,refine_strategy_hypothesis,false,4,3,6,8,excluded_valuation_lane,0,not_collectable,valuation,valuation_agent_handoff,,partial,0,low,abstract_supported,not_reported,false,false,false,8,4,2017-07-01,2017,,,,missing_evaluation_evidence,,,2015-01-01,2025-12-31,,,0,false,false,,,,,,false,metric_summary_missing_or_unavailable,false,false,false,,,,,,,,,,,,unlabeled,null_missing_evidence,null_missing_evidence,Quant_mvp\config\v0_3_selector_label_rules.toml,,,,,,,,,,,,,,,,evaluation_prioritization|active_learning|uncertainty_ranking|review_triage,time_aware_required_before_training,,false,false,doi:10.2308/accr-51865,doi:10.2308/accr-51865,false,false,blocked_missing_evaluation_evidence,ml_rows_must_not_feed_scores_rankings_reports_backtests_trading_or_auto_adoption,production_activation_requires_later_root_approved_gate
v0_3_candidate_ml_input_0_2,"This candidate ML input row is evidence-only metadata for evaluator review. It is not a production ranking input, not a trading signal, not an adoption decision, and not automatic production activation.",sc:ecard:d60864429b856bf91080,v0.3.0,sh:ecard:d60864429b856bf91080,ecard:d60864429b856bf91080,Quant_mvp\data\v0_3\selector_inputs\v0_3_selector_input.jsonl,Quant_mvp\data\v0_3\strategy_candidates\v0_3_strategy_candidate_registry.jsonl,,2026-05-06T14:04:50+00:00,blocked,volatility,resolve_blocker,false,2,1,7,8,excluded_rejected_or_out_of_scope,0,not_collectable,out_of_scope,reject_log,volatility_liquidity,partial,0,low,abstract_supported,not_reported,false,false,false,6,2,2023-05-24,2023,,,,missing_evaluation_evidence,,,2015-01-01,2025-12-31,,,0,false,false,,,,,,false,metric_summary_missing_or_unavailable,false,false,false,,,,,,,,,,,,unlabeled,null_missing_evidence,null_missing_evidence,Quant_mvp\config\v0_3_selector_label_rules.toml,,,,,,,,,,,,,,,,evaluation_prioritization|active_learning|uncertainty_ranking|review_triage,time_aware_required_before_training,,false,false,doi:10.1111/jofi.13248,doi:10.1111/jofi.13248,false,false,blocked_missing_evaluation_evidence,ml_rows_must_not_feed_scores_rankings_reports_backtests_trading_or_auto_adoption,production_activation_requires_later_root_approved_gate
v0_3_candidate_ml_input_0_2,"This candidate ML input row is evidence-only metadata for evaluator review. It is not a production ranking input, not a trading signal, not an adoption decision, and not automatic production activation.",sc:ecard:d68ffb52d7f6d29d0369,v0.3.0,sh:ecard:d68ffb52d7f6d29d0369,ecard:d68ffb52d7f6d29d0369,Quant_mvp\data\v0_3\selector_inputs\v0_3_selector_input.jsonl,Quant_mvp\data\v0_3\strategy_candidates\v0_3_strategy_candidate_registry.jsonl,,2026-05-06T14:04:50+00:00,draft,statistical_arbitrage,refine_strategy_hypothesis,false,2,3,7,8,diagnostic_context_only,0,not_collectable,diagnostic,diagnostic_backlog,volatility_liquidity,not_specified,0,low,metadata_only,not_reported,false,false,false,6,2,2005-08-19,2005,,,,missing_evaluation_evidence,,,2015-01-01,2025-12-31,,,0,false,false,,,,,,false,metric_summary_missing_or_unavailable,false,false,false,,,,,,,,,,,,unlabeled,null_missing_evidence,null_missing_evidence,Quant_mvp\config\v0_3_selector_label_rules.toml,,,,,,,,,,,,,,,,evaluation_prioritization|active_learning|uncertainty_ranking|review_triage,time_aware_required_before_training,,false,false,doi:10.2139/ssrn.157835,doi:10.2139/ssrn.157835,false,false,blocked_missing_evaluation_evidence,ml_rows_must_not_feed_scores_rankings_reports_backtests_trading_or_auto_adoption,production_activation_requires_later_root_approved_gate
v0_3_candidate_ml_input_0_2,"This candidate ML input row is evidence-only metadata for evaluator review. It is not a production ranking input, not a trading signal, not an adoption decision, and not automatic production activation.",sc:ecard:d76daeab84a22776b137,v0.3.0,sh:ecard:d76daeab84a22776b137,ecard:d76daeab84a22776b137,Quant_mvp\data\v0_3\selector_inputs\v0_3_selector_input.jsonl,Quant_mvp\data\v0_3\strategy_candidates\v0_3_strategy_candidate_registry.jsonl,,2026-05-06T14:04:50+00:00,draft,value,refine_strategy_hypothesis,false,4,3,6,8,excluded_valuation_lane,0,not_collectable,valuation,valuation_agent_handoff,,partial,0,low,abstract_supported,not_reported,true,false,false,8,4,2026-04-20,2026,,,,missing_evaluation_evidence,,,2015-01-01,2025-12-31,,,0,false,false,,,,,,false,metric_summary_missing_or_unavailable,false,false,false,,,,,,,,,,,,unlabeled,null_missing_evidence,null_missing_evidence,Quant_mvp\config\v0_3_selector_label_rules.toml,,,,,,,,,,,,,,,,evaluation_prioritization|active_learning|uncertainty_ranking|review_triage,time_aware_required_before_training,,false,false,doi:10.2139/ssrn.6550798,doi:10.2139/ssrn.6550798,false,false,blocked_missing_evaluation_evidence,ml_rows_must_not_feed_scores_rankings_reports_backtests_trading_or_auto_adoption,production_activation_requires_later_root_approved_gate
v0_3_candidate_ml_input_0_2,"This candidate ML input row is evidence-only metadata for evaluator review. It is not a production ranking input, not a trading signal, not an adoption decision, and not automatic production activation.",sc:ecard:d7a3fc47069e062e5a04,v0.3.0,sh:ecard:d7a3fc47069e062e5a04,ecard:d7a3fc47069e062e5a04,Quant_mvp\data\v0_3\selector_inputs\v0_3_selector_input.jsonl,Quant_mvp\data\v0_3\strategy_candidates\v0_3_strategy_candidate_registry.jsonl,,2026-05-06T14:04:50+00:00,blocked,volatility,resolve_blocker,false,3,1,7,8,excluded_rejected_or_out_of_scope,0,not_collectable,out_of_scope,reject_log,volatility_liquidity,partial,0,low,abstract_supported,not_reported,false,false,false,6,3,2022-06-11,2022,,,,missing_evaluation_evidence,,,2015-01-01,2025-12-31,,,0,false,false,,,,,,false,metric_summary_missing_or_unavailable,false,false,false,,,,,,,,,,,,unlabeled,null_missing_evidence,null_missing_evidence,Quant_mvp\config\v0_3_selector_label_rules.toml,,,,,,,,,,,,,,,,evaluation_prioritization|active_learning|uncertainty_ranking|review_triage,time_aware_required_before_training,,false,false,doi:10.1080/13683500.2022.2082925,doi:10.1080/13683500.2022.2082925,false,false,blocked_missing_evaluation_evidence,ml_rows_must_not_feed_scores_rankings_reports_backtests_trading_or_auto_adoption,production_activation_requires_later_root_approved_gate
v0_3_candidate_ml_input_0_2,"This candidate ML input row is evidence-only metadata for evaluator review. It is not a production ranking input, not a trading signal, not an adoption decision, and not automatic production activation.",sc:ecard:d864a6b2e7dd9fd418cd,v0.3.0,sh:ecard:d864a6b2e7dd9fd418cd,ecard:d864a6b2e7dd9fd418cd,Quant_mvp\data\v0_3\selector_inputs\v0_3_selector_input.jsonl,Quant_mvp\data\v0_3\strategy_candidates\v0_3_strategy_candidate_registry.jsonl,,2026-05-06T14:04:50+00:00,blocked,volatility,resolve_blocker,false,2,1,7,8,excluded_rejected_or_out_of_scope,0,not_collectable,out_of_scope,reject_log,volatility_liquidity,partial,0,low,abstract_supported,not_reported,true,false,false,6,2,2025-10-01,2025,,,,missing_evaluation_evidence,,,2015-01-01,2025-12-31,,,0,false,false,,,,,,false,metric_summary_missing_or_unavailable,false,false,false,,,,,,,,,,,,unlabeled,null_missing_evidence,null_missing_evidence,Quant_mvp\config\v0_3_selector_label_rules.toml,,,,,,,,,,,,,,,,evaluation_prioritization|active_learning|uncertainty_ranking|review_triage,time_aware_required_before_training,,false,false,arxiv:2510.15921,arxiv:2510.15921,false,false,blocked_missing_evaluation_evidence,ml_rows_must_not_feed_scores_rankings_reports_backtests_trading_or_auto_adoption,production_activation_requires_later_root_approved_gate
v0_3_candidate_ml_input_0_2,"This candidate ML input row is evidence-only metadata for evaluator review. It is not a production ranking input, not a trading signal, not an adoption decision, and not automatic production activation.",sc:ecard:d879d0811e610d555588,v0.3.0,sh:ecard:d879d0811e610d555588,ecard:d879d0811e610d555588,Quant_mvp\data\v0_3\selector_inputs\v0_3_selector_input.jsonl,Quant_mvp\data\v0_3\strategy_candidates\v0_3_strategy_candidate_registry.jsonl,,2026-05-06T14:04:50+00:00,draft,value,refine_strategy_hypothesis,false,4,2,6,8,needs_hybrid_split,3,low,hybrid,hybrid_split_required,volatility_liquidity,partial,0,low,abstract_supported,not_reported,false,false,false,8,4,1999-08-01,1999,,,,missing_evaluation_evidence,,,2015-01-01,2025-12-31,,,0,false,false,,,,,,false,metric_summary_missing_or_unavailable,false,false,false,,,,,,,,,,,,unlabeled,null_missing_evidence,null_missing_evidence,Quant_mvp\config\v0_3_selector_label_rules.toml,,,,,,,,,,,,,,,,evaluation_prioritization|active_learning|uncertainty_ranking|review_triage,time_aware_required_before_training,,false,false,doi:10.1111/0022-1082.00148,doi:10.1111/0022-1082.00148,false,false,blocked_missing_evaluation_evidence,ml_rows_must_not_feed_scores_rankings_reports_backtests_trading_or_auto_adoption,production_activation_requires_later_root_approved_gate
v0_3_candidate_ml_input_0_2,"This candidate ML input row is evidence-only metadata for evaluator review. It is not a production ranking input, not a trading signal, not an adoption decision, and not automatic production activation.",sc:ecard:d8bda7a28f963db06f9e,v0.3.0,sh:ecard:d8bda7a28f963db06f9e,ecard:d8bda7a28f963db06f9e,Quant_mvp\data\v0_3\selector_inputs\v0_3_selector_input.jsonl,Quant_mvp\data\v0_3\strategy_candidates\v0_3_strategy_candidate_registry.jsonl,,2026-05-06T14:04:50+00:00,draft,volatility,refine_strategy_hypothesis,false,2,3,7,8,diagnostic_context_only,0,not_collectable,diagnostic,diagnostic_backlog,volatility_liquidity,not_specified,0,low,metadata_only,not_reported,false,false,false,6,2,2001-02-01,2001,,,,missing_evaluation_evidence,,,2015-01-01,2025-12-31,,,0,false,false,,,,,,false,metric_summary_missing_or_unavailable,false,false,false,,,,,,,,,,,,unlabeled,null_missing_evidence,null_missing_evidence,Quant_mvp\config\v0_3_selector_label_rules.toml,,,,,,,,,,,,,,,,evaluation_prioritization|active_learning|uncertainty_ranking|review_triage,time_aware_required_before_training,,false,false,doi:10.2469/dig.v31.n1.818,doi:10.2469/dig.v31.n1.818,false,false,blocked_missing_evaluation_evidence,ml_rows_must_not_feed_scores_rankings_reports_backtests_trading_or_auto_adoption,production_activation_requires_later_root_approved_gate
v0_3_candidate_ml_input_0_2,"This candidate ML input row is evidence-only metadata for evaluator review. It is not a production ranking input, not a trading signal, not an adoption decision, and not automatic production activation.",sc:ecard:d903771ff009d710fa60,v0.3.0,sh:ecard:d903771ff009d710fa60,ecard:d903771ff009d710fa60,Quant_mvp\data\v0_3\selector_inputs\v0_3_selector_input.jsonl,Quant_mvp\data\v0_3\strategy_candidates\v0_3_strategy_candidate_registry.jsonl,,2026-05-06T14:04:50+00:00,draft,other,refine_strategy_hypothesis,false,2,3,6,8,diagnostic_context_only,0,not_collectable,diagnostic,diagnostic_backlog,,not_specified,0,low,metadata_only,not_reported,false,false,false,6,2,2021-01-01,2021,,,,missing_evaluation_evidence,,,2015-01-01,2025-12-31,,,0,false,false,,,,,,false,metric_summary_missing_or_unavailable,false,false,false,,,,,,,,,,,,unlabeled,null_missing_evidence,null_missing_evidence,Quant_mvp\config\v0_3_selector_label_rules.toml,,,,,,,,,,,,,,,,evaluation_prioritization|active_learning|uncertainty_ranking|review_triage,time_aware_required_before_training,,false,false,doi:10.1016/j.ijforecast.2020.03.002,doi:10.1016/j.ijforecast.2020.03.002,false,false,blocked_missing_evaluation_evidence,ml_rows_must_not_feed_scores_rankings_reports_backtests_trading_or_auto_adoption,production_activation_requires_later_root_approved_gate
v0_3_candidate_ml_input_0_2,"This candidate ML input row is evidence-only metadata for evaluator review. It is not a production ranking input, not a trading signal, not an adoption decision, and not automatic production activation.",sc:ecard:d9094511c734796047da,v0.3.0,sh:ecard:d9094511c734796047da,ecard:d9094511c734796047da,Quant_mvp\data\v0_3\selector_inputs\v0_3_selector_input.jsonl,Quant_mvp\data\v0_3\strategy_candidates\v0_3_strategy_candidate_registry.jsonl,,2026-05-06T14:04:50+00:00,blocked,volatility,resolve_blocker,false,3,1,7,8,excluded_rejected_or_out_of_scope,0,not_collectable,out_of_scope,reject_log,volatility_liquidity,partial,0,low,abstract_supported,not_reported,false,false,false,6,3,2015-11-10,2015,,,,missing_evaluation_evidence,,,2015-01-01,2025-12-31,,,0,false,false,,,,,,false,metric_summary_missing_or_unavailable,false,false,false,,,,,,,,,,,,unlabeled,null_missing_evidence,null_missing_evidence,Quant_mvp\config\v0_3_selector_label_rules.toml,,,,,,,,,,,,,,,,evaluation_prioritization|active_learning|uncertainty_ranking|review_triage,time_aware_required_before_training,,false,false,doi:10.1108/cfri-03-2015-0024,doi:10.1108/cfri-03-2015-0024,false,false,blocked_missing_evaluation_evidence,ml_rows_must_not_feed_scores_rankings_reports_backtests_trading_or_auto_adoption,production_activation_requires_later_root_approved_gate
v0_3_candidate_ml_input_0_2,"This candidate ML input row is evidence-only metadata for evaluator review. It is not a production ranking input, not a trading signal, not an adoption decision, and not automatic production activation.",sc:ecard:d935ead1c3ec575c293c,v0.3.0,sh:ecard:d935ead1c3ec575c293c,ecard:d935ead1c3ec575c293c,Quant_mvp\data\v0_3\selector_inputs\v0_3_selector_input.jsonl,Quant_mvp\data\v0_3\strategy_candidates\v0_3_strategy_candidate_registry.jsonl,,2026-05-06T14:04:50+00:00,draft,other,refine_strategy_hypothesis,false,1,1,6,8,needs_manual_or_data_review,20,low,technical,technical_score_architect,,not_specified,0,low,metadata_only,not_reported,false,false,false,6,1,2012-04-01,2012,,,,missing_evaluation_evidence,,,2015-01-01,2025-12-31,,,0,false,false,,,,,,false,metric_summary_missing_or_unavailable,false,false,false,,,,,,,,,,,,unlabeled,null_missing_evidence,null_missing_evidence,Quant_mvp\config\v0_3_selector_label_rules.toml,,,,,,,,,,,,,,,,evaluation_prioritization|active_learning|uncertainty_ranking|review_triage,time_aware_required_before_training,,false,false,doi:10.1080/00036846.2010.543084,doi:10.1080/00036846.2010.543084,false,false,blocked_missing_evaluation_evidence,ml_rows_must_not_feed_scores_rankings_reports_backtests_trading_or_auto_adoption,production_activation_requires_later_root_approved_gate
v0_3_candidate_ml_input_0_2,"This candidate ML input row is evidence-only metadata for evaluator review. It is not a production ranking input, not a trading signal, not an adoption decision, and not automatic production activation.",sc:ecard:d952f32391be4d833de8,v0.3.0,sh:ecard:d952f32391be4d833de8,ecard:d952f32391be4d833de8,Quant_mvp\data\v0_3\selector_inputs\v0_3_selector_input.jsonl,Quant_mvp\data\v0_3\strategy_candidates\v0_3_strategy_candidate_registry.jsonl,Quant_mvp\backtest_mvp\docs\v0_3_evaluation_evidence\momentum_cohort_1\ee_v0_3_20260506_sc_ecard_d952f32391be4d833de8.md,2026-05-06T14:04:50+00:00,evaluable,momentum,create_evaluation_evidence,true,0,1,7,8,eligible_for_candidate_selector_review,89,high,technical,technical_score_architect,momentum,partial,2,low,abstract_supported,not_reported,false,false,false,6,0,2017-02-07,2017,2026-05-06,,ee_v0_3_20260506_sc_ecard_d952f32391be4d833de8,evidence_recorded,2026-05-06,2026-05-06,2015-01-02,2025-12-02,,benchmark_reference_comparison|cost|drawdown|no_feedback|no_lookahead|oos_walk_forward_stability|turnover|volatility,8,true,true,approved_evaluation_evidence,candidate_specific,candidate_level_supervised_label_candidate,strategy_candidate,sc:ecard:d952f32391be4d833de8,true,candidate_id_matches_candidate_level_evaluation_evidence,false,false,false,0.9478898686276229,-0.270661347208625,-0.270661347208625,1.218551215836248,-0.6092164024086726,0.2968075686560764,0.8618159203980099,0.35818175172278915,recorded_walk_forward_fail,0,0,candidate_level_evaluation_evidence,,negative,Quant_mvp\config\v0_3_selector_label_rules.toml,candidate_level_evaluation_evidence,candidate_specific,candidate_level_supervised_label_candidate,ee_v0_3_20260506_sc_ecard_d952f32391be4d833de8,2026-05-06,,,,,,,,,,,evaluation_prioritization|active_learning|uncertainty_ranking|review_triage,time_aware_required_before_training,,true,false,doi:10.1016/j.physa.2017.04.139,doi:10.1016/j.physa.2017.04.139,true,false,eligible_candidate_level_label,ml_rows_must_not_feed_scores_rankings_reports_backtests_trading_or_auto_adoption,production_activation_requires_later_root_approved_gate
v0_3_candidate_ml_input_0_2,"This candidate ML input row is evidence-only metadata for evaluator review. It is not a production ranking input, not a trading signal, not an adoption decision, and not automatic production activation.",sc:ecard:d9616eeaa1df76cd1646,v0.3.0,sh:ecard:d9616eeaa1df76cd1646,ecard:d9616eeaa1df76cd1646,Quant_mvp\data\v0_3\selector_inputs\v0_3_selector_input.jsonl,Quant_mvp\data\v0_3\strategy_candidates\v0_3_strategy_candidate_registry.jsonl,,2026-05-06T14:04:50+00:00,draft,other,refine_strategy_hypothesis,false,2,3,6,8,diagnostic_context_only,0,not_collectable,diagnostic,diagnostic_backlog,,not_specified,0,low,metadata_only,not_reported,false,false,false,6,2,2016-03-02,2016,,,,missing_evaluation_evidence,,,2015-01-01,2025-12-31,,,0,false,false,,,,,,false,metric_summary_missing_or_unavailable,false,false,false,,,,,,,,,,,,unlabeled,null_missing_evidence,null_missing_evidence,Quant_mvp\config\v0_3_selector_label_rules.toml,,,,,,,,,,,,,,,,evaluation_prioritization|active_learning|uncertainty_ranking|review_triage,time_aware_required_before_training,,false,false,doi:10.2139/ssrn.2737275,doi:10.2139/ssrn.2737275,false,false,blocked_missing_evaluation_evidence,ml_rows_must_not_feed_scores_rankings_reports_backtests_trading_or_auto_adoption,production_activation_requires_later_root_approved_gate
v0_3_candidate_ml_input_0_2,"This candidate ML input row is evidence-only metadata for evaluator review. It is not a production ranking input, not a trading signal, not an adoption decision, and not automatic production activation.",sc:ecard:d9fa179c9763103511a0,v0.3.0,sh:ecard:d9fa179c9763103511a0,ecard:d9fa179c9763103511a0,Quant_mvp\data\v0_3\selector_inputs\v0_3_selector_input.jsonl,Quant_mvp\data\v0_3\strategy_candidates\v0_3_strategy_candidate_registry.jsonl,,2026-05-06T14:04:50+00:00,blocked,other,resolve_blocker,false,2,1,6,8,excluded_rejected_or_out_of_scope,0,not_collectable,out_of_scope,reject_log,,not_specified,0,low,metadata_only,not_reported,false,false,false,6,2,2007-02-13,2007,,,,missing_evaluation_evidence,,,2015-01-01,2025-12-31,,,0,false,false,,,,,,false,metric_summary_missing_or_unavailable,false,false,false,,,,,,,,,,,,unlabeled,null_missing_evidence,null_missing_evidence,Quant_mvp\config\v0_3_selector_label_rules.toml,,,,,,,,,,,,,,,,evaluation_prioritization|active_learning|uncertainty_ranking|review_triage,time_aware_required_before_training,,false,false,doi:10.1201/9781420013146-14,doi:10.1201/9781420013146-14,false,false,blocked_missing_evaluation_evidence,ml_rows_must_not_feed_scores_rankings_reports_backtests_trading_or_auto_adoption,production_activation_requires_later_root_approved_gate
v0_3_candidate_ml_input_0_2,"This candidate ML input row is evidence-only metadata for evaluator review. It is not a production ranking input, not a trading signal, not an adoption decision, and not automatic production activation.",sc:ecard:da755d5e1971cf04bc4d,v0.3.0,sh:ecard:da755d5e1971cf04bc4d,ecard:da755d5e1971cf04bc4d,Quant_mvp\data\v0_3\selector_inputs\v0_3_selector_input.jsonl,Quant_mvp\data\v0_3\strategy_candidates\v0_3_strategy_candidate_registry.jsonl,,2026-05-06T14:04:50+00:00,draft,seasonality,refine_strategy_hypothesis,false,1,3,6,8,diagnostic_context_only,24,low,diagnostic,diagnostic_backlog,,partial,2,low,abstract_supported,not_reported,false,false,false,6,1,2011-12-01,2011,,,,missing_evaluation_evidence,,,2015-01-01,2025-12-31,,,0,false,false,,,,,,false,metric_summary_missing_or_unavailable,false,false,false,,,,,,,,,,,,unlabeled,null_missing_evidence,null_missing_evidence,Quant_mvp\config\v0_3_selector_label_rules.toml,,,,,,,,,,,,,,,,evaluation_prioritization|active_learning|uncertainty_ranking|review_triage,time_aware_required_before_training,,false,false,doi:10.1177/097265271101000304,doi:10.1177/097265271101000304,false,false,blocked_missing_evaluation_evidence,ml_rows_must_not_feed_scores_rankings_reports_backtests_trading_or_auto_adoption,production_activation_requires_later_root_approved_gate
v0_3_candidate_ml_input_0_2,"This candidate ML input row is evidence-only metadata for evaluator review. It is not a production ranking input, not a trading signal, not an adoption decision, and not automatic production activation.",sc:ecard:da81474119e4dc80f766,v0.3.0,sh:ecard:da81474119e4dc80f766,ecard:da81474119e4dc80f766,Quant_mvp\data\v0_3\selector_inputs\v0_3_selector_input.jsonl,Quant_mvp\data\v0_3\strategy_candidates\v0_3_strategy_candidate_registry.jsonl,,2026-05-06T14:04:50+00:00,draft,value,refine_strategy_hypothesis,false,4,2,6,8,needs_hybrid_split,3,low,hybrid,hybrid_split_required,momentum,partial,0,low,abstract_supported,not_reported,false,false,false,8,4,2019-10-29,2019,,,,missing_evaluation_evidence,,,2015-01-01,2025-12-31,,,0,false,false,,,,,,false,metric_summary_missing_or_unavailable,false,false,false,,,,,,,,,,,,unlabeled,null_missing_evidence,null_missing_evidence,Quant_mvp\config\v0_3_selector_label_rules.toml,,,,,,,,,,,,,,,,evaluation_prioritization|active_learning|uncertainty_ranking|review_triage,time_aware_required_before_training,,false,false,doi:10.1016/j.najef.2021.101478,doi:10.1016/j.najef.2021.101478,false,false,blocked_missing_evaluation_evidence,ml_rows_must_not_feed_scores_rankings_reports_backtests_trading_or_auto_adoption,production_activation_requires_later_root_approved_gate
v0_3_candidate_ml_input_0_2,"This candidate ML input row is evidence-only metadata for evaluator review. It is not a production ranking input, not a trading signal, not an adoption decision, and not automatic production activation.",sc:ecard:daa3045cf3a8b94ae358,v0.3.0,sh:ecard:daa3045cf3a8b94ae358,ecard:daa3045cf3a8b94ae358,Quant_mvp\data\v0_3\selector_inputs\v0_3_selector_input.jsonl,Quant_mvp\data\v0_3\strategy_candidates\v0_3_strategy_candidate_registry.jsonl,,2026-05-06T14:04:50+00:00,draft,momentum,refine_strategy_hypothesis,false,1,1,7,8,needs_manual_or_data_review,20,low,technical,technical_score_architect,momentum,not_specified,0,low,metadata_only,not_reported,false,false,false,6,1,2019-05-20,2019,,,,missing_evaluation_evidence,,,2015-01-01,2025-12-31,,,0,false,false,,,,,,false,metric_summary_missing_or_unavailable,false,false,false,,,,,,,,,,,,unlabeled,null_missing_evidence,null_missing_evidence,Quant_mvp\config\v0_3_selector_label_rules.toml,,,,,,,,,,,,,,,,evaluation_prioritization|active_learning|uncertainty_ranking|review_triage,time_aware_required_before_training,,false,false,doi:10.2139/ssrn.3373153,doi:10.2139/ssrn.3373153,false,false,blocked_missing_evaluation_evidence,ml_rows_must_not_feed_scores_rankings_reports_backtests_trading_or_auto_adoption,production_activation_requires_later_root_approved_gate
v0_3_candidate_ml_input_0_2,"This candidate ML input row is evidence-only metadata for evaluator review. It is not a production ranking input, not a trading signal, not an adoption decision, and not automatic production activation.",sc:ecard:daf4d160e04a65278278,v0.3.0,sh:ecard:daf4d160e04a65278278,ecard:daf4d160e04a65278278,Quant_mvp\data\v0_3\selector_inputs\v0_3_selector_input.jsonl,Quant_mvp\data\v0_3\strategy_candidates\v0_3_strategy_candidate_registry.jsonl,Quant_mvp\backtest_mvp\docs\v0_3_evaluation_evidence\non_momentum_cohort_1\ee_v0_3_20260506_sc_ecard_daf4d160e04a65278278.md,2026-05-06T14:04:50+00:00,evaluable,reversal,create_evaluation_evidence,true,0,1,7,8,eligible_for_candidate_selector_review,89,high,technical,technical_score_architect,momentum,partial,2,low,abstract_supported,not_reported,false,false,false,6,0,2025-01-31,2025,2026-05-06,,ee_v0_3_20260506_sc_ecard_daf4d160e04a65278278,evidence_recorded,2026-05-06,2026-05-06,2015-01-02,2025-12-02,,benchmark_reference_comparison|cost|drawdown|no_feedback|no_lookahead|oos_walk_forward_stability|turnover|volatility,8,true,true,approved_evaluation_evidence,candidate_specific,candidate_level_supervised_label_candidate,strategy_candidate,sc:ecard:daf4d160e04a65278278,true,candidate_id_matches_candidate_level_evaluation_evidence,false,false,false,-0.06993676616043398,-0.12291489424292013,-0.12291489424292013,0.05297812808248614,-0.43446907470055085,0.3344231353969896,0.8769900497512437,0.0738775881276168,recorded_walk_forward_pass,0,1,candidate_level_evaluation_evidence,,positive,Quant_mvp\config\v0_3_selector_label_rules.toml,candidate_level_evaluation_evidence,candidate_specific,candidate_level_supervised_label_candidate,ee_v0_3_20260506_sc_ecard_daf4d160e04a65278278,2026-05-06,,,,,,,,,,,evaluation_prioritization|active_learning|uncertainty_ranking|review_triage,time_aware_required_before_training,,true,false,arxiv:2501.19213,arxiv:2501.19213,true,false,eligible_candidate_level_label,ml_rows_must_not_feed_scores_rankings_reports_backtests_trading_or_auto_adoption,production_activation_requires_later_root_approved_gate
v0_3_candidate_ml_input_0_2,"This candidate ML input row is evidence-only metadata for evaluator review. It is not a production ranking input, not a trading signal, not an adoption decision, and not automatic production activation.",sc:ecard:db70cf4842816def0764,v0.3.0,sh:ecard:db70cf4842816def0764,ecard:db70cf4842816def0764,Quant_mvp\data\v0_3\selector_inputs\v0_3_selector_input.jsonl,Quant_mvp\data\v0_3\strategy_candidates\v0_3_strategy_candidate_registry.jsonl,,2026-05-06T14:04:50+00:00,draft,volatility,refine_strategy_hypothesis,false,1,3,7,8,diagnostic_context_only,24,low,diagnostic,diagnostic_backlog,volatility_liquidity,partial,2,low,abstract_supported,not_reported,false,false,false,6,1,2011-01-30,2011,,,,missing_evaluation_evidence,,,2015-01-01,2025-12-31,,,0,false,false,,,,,,false,metric_summary_missing_or_unavailable,false,false,false,,,,,,,,,,,,unlabeled,null_missing_evidence,null_missing_evidence,Quant_mvp\config\v0_3_selector_label_rules.toml,,,,,,,,,,,,,,,,evaluation_prioritization|active_learning|uncertainty_ranking|review_triage,time_aware_required_before_training,,false,false,doi:10.14706/jecoss11112,doi:10.14706/jecoss11112,false,false,blocked_missing_evaluation_evidence,ml_rows_must_not_feed_scores_rankings_reports_backtests_trading_or_auto_adoption,production_activation_requires_later_root_approved_gate
v0_3_candidate_ml_input_0_2,"This candidate ML input row is evidence-only metadata for evaluator review. It is not a production ranking input, not a trading signal, not an adoption decision, and not automatic production activation.",sc:ecard:db8e13e384241245175d,v0.3.0,sh:ecard:db8e13e384241245175d,ecard:db8e13e384241245175d,Quant_mvp\data\v0_3\selector_inputs\v0_3_selector_input.jsonl,Quant_mvp\data\v0_3\strategy_candidates\v0_3_strategy_candidate_registry.jsonl,,2026-05-06T14:04:50+00:00,draft,value,refine_strategy_hypothesis,false,4,3,6,8,excluded_valuation_lane,0,not_collectable,valuation,valuation_agent_handoff,,partial,0,medium,abstract_supported,not_reported,false,false,false,8,4,1992-06-01,1992,,,,missing_evaluation_evidence,,,2015-01-01,2025-12-31,,,0,false,false,,,,,,false,metric_summary_missing_or_unavailable,false,false,false,,,,,,,,,,,,unlabeled,null_missing_evidence,null_missing_evidence,Quant_mvp\config\v0_3_selector_label_rules.toml,,,,,,,,,,,,,,,,evaluation_prioritization|active_learning|uncertainty_ranking|review_triage,time_aware_required_before_training,,false,false,doi:10.1111/j.1540-6261.1992.tb04398.x,doi:10.1111/j.1540-6261.1992.tb04398.x,false,false,blocked_missing_evaluation_evidence,ml_rows_must_not_feed_scores_rankings_reports_backtests_trading_or_auto_adoption,production_activation_requires_later_root_approved_gate
v0_3_candidate_ml_input_0_2,"This candidate ML input row is evidence-only metadata for evaluator review. It is not a production ranking input, not a trading signal, not an adoption decision, and not automatic production activation.",sc:ecard:db8f793ffd09226e6fb5,v0.3.0,sh:ecard:db8f793ffd09226e6fb5,ecard:db8f793ffd09226e6fb5,Quant_mvp\data\v0_3\selector_inputs\v0_3_selector_input.jsonl,Quant_mvp\data\v0_3\strategy_candidates\v0_3_strategy_candidate_registry.jsonl,,2026-05-06T14:04:50+00:00,draft,other,refine_strategy_hypothesis,false,2,3,6,8,diagnostic_context_only,0,not_collectable,diagnostic,diagnostic_backlog,,not_specified,0,low,metadata_only,not_reported,false,false,false,6,2,2007-01-01,2007,,,,missing_evaluation_evidence,,,2015-01-01,2025-12-31,,,0,false,false,,,,,,false,metric_summary_missing_or_unavailable,false,false,false,,,,,,,,,,,,unlabeled,null_missing_evidence,null_missing_evidence,Quant_mvp\config\v0_3_selector_label_rules.toml,,,,,,,,,,,,,,,,evaluation_prioritization|active_learning|uncertainty_ranking|review_triage,time_aware_required_before_training,,false,false,doi:10.1142/s0219871107000300,doi:10.1142/s0219871107000300,false,false,blocked_missing_evaluation_evidence,ml_rows_must_not_feed_scores_rankings_reports_backtests_trading_or_auto_adoption,production_activation_requires_later_root_approved_gate
v0_3_candidate_ml_input_0_2,"This candidate ML input row is evidence-only metadata for evaluator review. It is not a production ranking input, not a trading signal, not an adoption decision, and not automatic production activation.",sc:ecard:db9b1d115b17d6997c96,v0.3.0,sh:ecard:db9b1d115b17d6997c96,ecard:db9b1d115b17d6997c96,Quant_mvp\data\v0_3\selector_inputs\v0_3_selector_input.jsonl,Quant_mvp\data\v0_3\strategy_candidates\v0_3_strategy_candidate_registry.jsonl,,2026-05-06T14:04:50+00:00,draft,value,refine_strategy_hypothesis,false,4,3,6,8,excluded_valuation_lane,0,not_collectable,valuation,valuation_agent_handoff,,partial,0,low,abstract_supported,not_reported,false,false,false,8,4,2004-08-01,2004,,,,missing_evaluation_evidence,,,2015-01-01,2025-12-31,,,0,false,false,,,,,,false,metric_summary_missing_or_unavailable,false,false,false,,,,,,,,,,,,unlabeled,null_missing_evidence,null_missing_evidence,Quant_mvp\config\v0_3_selector_label_rules.toml,,,,,,,,,,,,,,,,evaluation_prioritization|active_learning|uncertainty_ranking|review_triage,time_aware_required_before_training,,false,false,doi:10.1257/0895330042162430,doi:10.1257/0895330042162430,false,false,blocked_missing_evaluation_evidence,ml_rows_must_not_feed_scores_rankings_reports_backtests_trading_or_auto_adoption,production_activation_requires_later_root_approved_gate
v0_3_candidate_ml_input_0_2,"This candidate ML input row is evidence-only metadata for evaluator review. It is not a production ranking input, not a trading signal, not an adoption decision, and not automatic production activation.",sc:ecard:ddd7f55eedcf50910593,v0.3.0,sh:ecard:ddd7f55eedcf50910593,ecard:ddd7f55eedcf50910593,Quant_mvp\data\v0_3\selector_inputs\v0_3_selector_input.jsonl,Quant_mvp\data\v0_3\strategy_candidates\v0_3_strategy_candidate_registry.jsonl,Quant_mvp\backtest_mvp\docs\v0_3_evaluation_evidence\momentum_cohort_1\ee_v0_3_20260506_sc_ecard_ddd7f55eedcf50910593.md,2026-05-06T14:04:50+00:00,evaluable,momentum,create_evaluation_evidence,true,0,1,7,8,eligible_for_candidate_selector_review,89,high,technical,technical_score_architect,momentum,partial,2,low,abstract_supported,not_reported,false,false,false,6,0,2021-12-31,2021,2026-05-06,,ee_v0_3_20260506_sc_ecard_ddd7f55eedcf50910593,evidence_recorded,2026-05-06,2026-05-06,2015-01-02,2025-12-02,,benchmark_reference_comparison|cost|drawdown|no_feedback|no_lookahead|oos_walk_forward_stability|turnover|volatility,8,true,true,approved_evaluation_evidence,candidate_specific,candidate_level_supervised_label_candidate,strategy_candidate,sc:ecard:ddd7f55eedcf50910593,true,candidate_id_matches_candidate_level_evaluation_evidence,false,false,false,0.9478898686276229,-0.270661347208625,-0.270661347208625,1.218551215836248,-0.6092164024086726,0.2968075686560764,0.8618159203980099,0.35818175172278915,recorded_walk_forward_fail,0,0,candidate_level_evaluation_evidence,,negative,Quant_mvp\config\v0_3_selector_label_rules.toml,candidate_level_evaluation_evidence,candidate_specific,candidate_level_supervised_label_candidate,ee_v0_3_20260506_sc_ecard_ddd7f55eedcf50910593,2026-05-06,,,,,,,,,,,evaluation_prioritization|active_learning|uncertainty_ranking|review_triage,time_aware_required_before_training,,true,false,doi:10.19044/esj.2021.v17n41p14,doi:10.19044/esj.2021.v17n41p14,true,false,eligible_candidate_level_label,ml_rows_must_not_feed_scores_rankings_reports_backtests_trading_or_auto_adoption,production_activation_requires_later_root_approved_gate
v0_3_candidate_ml_input_0_2,"This candidate ML input row is evidence-only metadata for evaluator review. It is not a production ranking input, not a trading signal, not an adoption decision, and not automatic production activation.",sc:ecard:ddfcf5eb6e90836806d5,v0.3.0,sh:ecard:ddfcf5eb6e90836806d5,ecard:ddfcf5eb6e90836806d5,Quant_mvp\data\v0_3\selector_inputs\v0_3_selector_input.jsonl,Quant_mvp\data\v0_3\strategy_candidates\v0_3_strategy_candidate_registry.jsonl,,2026-05-06T14:04:50+00:00,draft,volatility,refine_strategy_hypothesis,false,1,3,7,8,diagnostic_context_only,24,low,diagnostic,diagnostic_backlog,volatility_liquidity,partial,2,low,abstract_supported,not_reported,false,false,false,6,1,2022-03-01,2022,,,,missing_evaluation_evidence,,,2015-01-01,2025-12-31,,,0,false,false,,,,,,false,metric_summary_missing_or_unavailable,false,false,false,,,,,,,,,,,,unlabeled,null_missing_evidence,null_missing_evidence,Quant_mvp\config\v0_3_selector_label_rules.toml,,,,,,,,,,,,,,,,evaluation_prioritization|active_learning|uncertainty_ranking|review_triage,time_aware_required_before_training,,false,false,doi:10.1111/irfi.12344,doi:10.1111/irfi.12344,false,false,blocked_missing_evaluation_evidence,ml_rows_must_not_feed_scores_rankings_reports_backtests_trading_or_auto_adoption,production_activation_requires_later_root_approved_gate
v0_3_candidate_ml_input_0_2,"This candidate ML input row is evidence-only metadata for evaluator review. It is not a production ranking input, not a trading signal, not an adoption decision, and not automatic production activation.",sc:ecard:de2039ccce3d034b2be7,v0.3.0,sh:ecard:de2039ccce3d034b2be7,ecard:de2039ccce3d034b2be7,Quant_mvp\data\v0_3\selector_inputs\v0_3_selector_input.jsonl,Quant_mvp\data\v0_3\strategy_candidates\v0_3_strategy_candidate_registry.jsonl,,2026-05-06T14:04:50+00:00,draft,value,refine_strategy_hypothesis,false,4,2,6,8,needs_hybrid_split,3,low,hybrid,hybrid_split_required,momentum,partial,0,low,abstract_supported,not_reported,true,false,false,8,4,2015-09-25,2015,,,,missing_evaluation_evidence,,,2015-01-01,2025-12-31,,,0,false,false,,,,,,false,metric_summary_missing_or_unavailable,false,false,false,,,,,,,,,,,,unlabeled,null_missing_evidence,null_missing_evidence,Quant_mvp\config\v0_3_selector_label_rules.toml,,,,,,,,,,,,,,,,evaluation_prioritization|active_learning|uncertainty_ranking|review_triage,time_aware_required_before_training,,false,false,doi:10.1186/s40064-015-1334-7,doi:10.1186/s40064-015-1334-7,false,false,blocked_missing_evaluation_evidence,ml_rows_must_not_feed_scores_rankings_reports_backtests_trading_or_auto_adoption,production_activation_requires_later_root_approved_gate
v0_3_candidate_ml_input_0_2,"This candidate ML input row is evidence-only metadata for evaluator review. It is not a production ranking input, not a trading signal, not an adoption decision, and not automatic production activation.",sc:ecard:dee80627e8d104e94dfb,v0.3.0,sh:ecard:dee80627e8d104e94dfb,ecard:dee80627e8d104e94dfb,Quant_mvp\data\v0_3\selector_inputs\v0_3_selector_input.jsonl,Quant_mvp\data\v0_3\strategy_candidates\v0_3_strategy_candidate_registry.jsonl,,2026-05-06T14:04:50+00:00,draft,momentum,refine_strategy_hypothesis,false,1,1,7,8,needs_manual_or_data_review,20,low,technical,technical_score_architect,momentum,not_specified,0,low,metadata_only,not_reported,false,false,false,6,1,2015-03-12,2015,,,,missing_evaluation_evidence,,,2015-01-01,2025-12-31,,,0,false,false,,,,,,false,metric_summary_missing_or_unavailable,false,false,false,,,,,,,,,,,,unlabeled,null_missing_evidence,null_missing_evidence,Quant_mvp\config\v0_3_selector_label_rules.toml,,,,,,,,,,,,,,,,evaluation_prioritization|active_learning|uncertainty_ranking|review_triage,time_aware_required_before_training,,false,false,doi:10.1002/9781119209737.ch21,doi:10.1002/9781119209737.ch21,false,false,blocked_missing_evaluation_evidence,ml_rows_must_not_feed_scores_rankings_reports_backtests_trading_or_auto_adoption,production_activation_requires_later_root_approved_gate
v0_3_candidate_ml_input_0_2,"This candidate ML input row is evidence-only metadata for evaluator review. It is not a production ranking input, not a trading signal, not an adoption decision, and not automatic production activation.",sc:ecard:df5694c10419fb04bd61,v0.3.0,sh:ecard:df5694c10419fb04bd61,ecard:df5694c10419fb04bd61,Quant_mvp\data\v0_3\selector_inputs\v0_3_selector_input.jsonl,Quant_mvp\data\v0_3\strategy_candidates\v0_3_strategy_candidate_registry.jsonl,,2026-05-06T14:04:50+00:00,draft,value,refine_strategy_hypothesis,false,1,3,6,8,diagnostic_context_only,24,low,diagnostic,diagnostic_backlog,,partial,2,low,abstract_supported,not_reported,false,false,false,6,1,2003-09-11,2003,,,,missing_evaluation_evidence,,,2015-01-01,2025-12-31,,,0,false,false,,,,,,false,metric_summary_missing_or_unavailable,false,false,false,,,,,,,,,,,,unlabeled,null_missing_evidence,null_missing_evidence,Quant_mvp\config\v0_3_selector_label_rules.toml,,,,,,,,,,,,,,,,evaluation_prioritization|active_learning|uncertainty_ranking|review_triage,time_aware_required_before_training,,false,false,doi:10.1111/1540-6261.00594,doi:10.1111/1540-6261.00594,false,false,blocked_missing_evaluation_evidence,ml_rows_must_not_feed_scores_rankings_reports_backtests_trading_or_auto_adoption,production_activation_requires_later_root_approved_gate
v0_3_candidate_ml_input_0_2,"This candidate ML input row is evidence-only metadata for evaluator review. It is not a production ranking input, not a trading signal, not an adoption decision, and not automatic production activation.",sc:ecard:df69cb8dfa7df3dcd93a,v0.3.0,sh:ecard:df69cb8dfa7df3dcd93a,ecard:df69cb8dfa7df3dcd93a,Quant_mvp\data\v0_3\selector_inputs\v0_3_selector_input.jsonl,Quant_mvp\data\v0_3\strategy_candidates\v0_3_strategy_candidate_registry.jsonl,,2026-05-06T14:04:50+00:00,draft,statistical_arbitrage,refine_strategy_hypothesis,false,2,3,7,8,diagnostic_context_only,0,not_collectable,diagnostic,diagnostic_backlog,,not_specified,0,low,metadata_only,not_reported,false,false,false,6,2,2018-01-01,2018,,,,missing_evaluation_evidence,,,2015-01-01,2025-12-31,,,0,false,false,,,,,,false,metric_summary_missing_or_unavailable,false,false,false,,,,,,,,,,,,unlabeled,null_missing_evidence,null_missing_evidence,Quant_mvp\config\v0_3_selector_label_rules.toml,,,,,,,,,,,,,,,,evaluation_prioritization|active_learning|uncertainty_ranking|review_triage,time_aware_required_before_training,,false,false,doi:10.25236/ssah.2018.032,doi:10.25236/ssah.2018.032,false,false,blocked_missing_evaluation_evidence,ml_rows_must_not_feed_scores_rankings_reports_backtests_trading_or_auto_adoption,production_activation_requires_later_root_approved_gate
v0_3_candidate_ml_input_0_2,"This candidate ML input row is evidence-only metadata for evaluator review. It is not a production ranking input, not a trading signal, not an adoption decision, and not automatic production activation.",sc:ecard:df9a18a8595c39d5d9c7,v0.3.0,sh:ecard:df9a18a8595c39d5d9c7,ecard:df9a18a8595c39d5d9c7,Quant_mvp\data\v0_3\selector_inputs\v0_3_selector_input.jsonl,Quant_mvp\data\v0_3\strategy_candidates\v0_3_strategy_candidate_registry.jsonl,,2026-05-06T14:04:50+00:00,draft,other,refine_strategy_hypothesis,false,1,3,6,8,diagnostic_context_only,24,low,diagnostic,diagnostic_backlog,,partial,2,low,abstract_supported,not_reported,false,false,false,6,1,2012-12-01,2012,,,,missing_evaluation_evidence,,,2015-01-01,2025-12-31,,,0,false,false,,,,,,false,metric_summary_missing_or_unavailable,false,false,false,,,,,,,,,,,,unlabeled,null_missing_evidence,null_missing_evidence,Quant_mvp\config\v0_3_selector_label_rules.toml,,,,,,,,,,,,,,,,evaluation_prioritization|active_learning|uncertainty_ranking|review_triage,time_aware_required_before_training,,false,false,doi:10.1177/2319510x13482014,doi:10.1177/2319510x13482014,false,false,blocked_missing_evaluation_evidence,ml_rows_must_not_feed_scores_rankings_reports_backtests_trading_or_auto_adoption,production_activation_requires_later_root_approved_gate
v0_3_candidate_ml_input_0_2,"This candidate ML input row is evidence-only metadata for evaluator review. It is not a production ranking input, not a trading signal, not an adoption decision, and not automatic production activation.",sc:ecard:dff40dec648b084cadf1,v0.3.0,sh:ecard:dff40dec648b084cadf1,ecard:dff40dec648b084cadf1,Quant_mvp\data\v0_3\selector_inputs\v0_3_selector_input.jsonl,Quant_mvp\data\v0_3\strategy_candidates\v0_3_strategy_candidate_registry.jsonl,,2026-05-06T14:04:50+00:00,draft,other,refine_strategy_hypothesis,false,1,3,6,8,diagnostic_context_only,24,low,diagnostic,diagnostic_backlog,,partial,2,low,abstract_supported,not_reported,false,false,true,6,1,2020-08-04,2020,,,,missing_evaluation_evidence,,,2015-01-01,2025-12-31,,,0,false,false,,,,,,false,metric_summary_missing_or_unavailable,false,false,false,,,,,,,,,,,,unlabeled,null_missing_evidence,null_missing_evidence,Quant_mvp\config\v0_3_selector_label_rules.toml,,,,,,,,,,,,,,,,evaluation_prioritization|active_learning|uncertainty_ranking|review_triage,time_aware_required_before_training,,false,false,doi:10.1101/2020.08.03.233957,doi:10.1101/2020.08.03.233957,false,false,blocked_missing_evaluation_evidence,ml_rows_must_not_feed_scores_rankings_reports_backtests_trading_or_auto_adoption,production_activation_requires_later_root_approved_gate
v0_3_candidate_ml_input_0_2,"This candidate ML input row is evidence-only metadata for evaluator review. It is not a production ranking input, not a trading signal, not an adoption decision, and not automatic production activation.",sc:ecard:e17eedd2d4b34ad36afc,v0.3.0,sh:ecard:e17eedd2d4b34ad36afc,ecard:e17eedd2d4b34ad36afc,Quant_mvp\data\v0_3\selector_inputs\v0_3_selector_input.jsonl,Quant_mvp\data\v0_3\strategy_candidates\v0_3_strategy_candidate_registry.jsonl,Quant_mvp\backtest_mvp\docs\v0_3_evaluation_evidence\non_momentum_cohort_1\ee_v0_3_20260506_sc_ecard_e17eedd2d4b34ad36afc.md,2026-05-06T14:04:50+00:00,evaluable,other,create_evaluation_evidence,true,0,1,6,8,eligible_for_candidate_selector_review,89,high,technical,technical_score_architect,,partial,2,low,abstract_supported,,false,false,false,6,0,2016-12-31,2016,2026-05-06,,ee_v0_3_20260506_sc_ecard_e17eedd2d4b34ad36afc,evidence_recorded,2026-05-06,2026-05-06,2015-01-02,2025-12-02,,benchmark_reference_comparison|cost|drawdown|no_feedback|no_lookahead|oos_walk_forward_stability|turnover|volatility,8,true,true,approved_evaluation_evidence,candidate_specific,candidate_level_supervised_label_candidate,strategy_candidate,sc:ecard:e17eedd2d4b34ad36afc,true,candidate_id_matches_candidate_level_evaluation_evidence,false,false,false,0.9478898686276229,-0.270661347208625,-0.270661347208625,1.218551215836248,-0.6092164024086726,0.2968075686560764,0.8618159203980099,0.35818175172278915,recorded_walk_forward_fail,0,0,candidate_level_evaluation_evidence,,negative,Quant_mvp\config\v0_3_selector_label_rules.toml,candidate_level_evaluation_evidence,candidate_specific,candidate_level_supervised_label_candidate,ee_v0_3_20260506_sc_ecard_e17eedd2d4b34ad36afc,2026-05-06,,,,,,,,,,,evaluation_prioritization|active_learning|uncertainty_ranking|review_triage,time_aware_required_before_training,,true,false,doi:10.24135/afl.v5i2.54,doi:10.24135/afl.v5i2.54,true,false,eligible_candidate_level_label,ml_rows_must_not_feed_scores_rankings_reports_backtests_trading_or_auto_adoption,production_activation_requires_later_root_approved_gate
v0_3_candidate_ml_input_0_2,"This candidate ML input row is evidence-only metadata for evaluator review. It is not a production ranking input, not a trading signal, not an adoption decision, and not automatic production activation.",sc:ecard:e2b64684e1b5542288b5,v0.3.0,sh:ecard:e2b64684e1b5542288b5,ecard:e2b64684e1b5542288b5,Quant_mvp\data\v0_3\selector_inputs\v0_3_selector_input.jsonl,Quant_mvp\data\v0_3\strategy_candidates\v0_3_strategy_candidate_registry.jsonl,,2026-05-06T14:04:50+00:00,draft,machine_learning,refine_strategy_hypothesis,false,1,3,6,8,diagnostic_context_only,32,low,diagnostic,diagnostic_backlog,,partial,2,low,abstract_supported,not_reported,false,false,false,6,1,2017-11-14,2017,,,,missing_evaluation_evidence,,,2015-01-01,2025-12-31,,,0,false,false,,,,,,false,metric_summary_missing_or_unavailable,false,false,false,,,,,,,,,,,,unlabeled,null_missing_evidence,null_missing_evidence,Quant_mvp\config\v0_3_selector_label_rules.toml,,,,,,,,,,,,,,,,evaluation_prioritization|active_learning|uncertainty_ranking|review_triage,time_aware_required_before_training,,false,false,doi:10.1371/journal.pone.0188107,doi:10.1371/journal.pone.0188107,false,false,blocked_missing_evaluation_evidence,ml_rows_must_not_feed_scores_rankings_reports_backtests_trading_or_auto_adoption,production_activation_requires_later_root_approved_gate
v0_3_candidate_ml_input_0_2,"This candidate ML input row is evidence-only metadata for evaluator review. It is not a production ranking input, not a trading signal, not an adoption decision, and not automatic production activation.",sc:ecard:e2c6d808d2c84fb12bc6,v0.3.0,sh:ecard:e2c6d808d2c84fb12bc6,ecard:e2c6d808d2c84fb12bc6,Quant_mvp\data\v0_3\selector_inputs\v0_3_selector_input.jsonl,Quant_mvp\data\v0_3\strategy_candidates\v0_3_strategy_candidate_registry.jsonl,,2026-05-06T14:04:50+00:00,draft,other,refine_strategy_hypothesis,false,2,3,6,8,diagnostic_context_only,0,not_collectable,diagnostic,diagnostic_backlog,,not_specified,0,low,metadata_only,not_reported,true,false,false,6,2,2011-01-01,2011,,,,missing_evaluation_evidence,,,2015-01-01,2025-12-31,,,0,false,false,,,,,,false,metric_summary_missing_or_unavailable,false,false,false,,,,,,,,,,,,unlabeled,null_missing_evidence,null_missing_evidence,Quant_mvp\config\v0_3_selector_label_rules.toml,,,,,,,,,,,,,,,,evaluation_prioritization|active_learning|uncertainty_ranking|review_triage,time_aware_required_before_training,,false,false,doi:10.1057/9780230301986_3,doi:10.1057/9780230301986_3,false,false,blocked_missing_evaluation_evidence,ml_rows_must_not_feed_scores_rankings_reports_backtests_trading_or_auto_adoption,production_activation_requires_later_root_approved_gate
v0_3_candidate_ml_input_0_2,"This candidate ML input row is evidence-only metadata for evaluator review. It is not a production ranking input, not a trading signal, not an adoption decision, and not automatic production activation.",sc:ecard:e2deee7ceeafc1ffc515,v0.3.0,sh:ecard:e2deee7ceeafc1ffc515,ecard:e2deee7ceeafc1ffc515,Quant_mvp\data\v0_3\selector_inputs\v0_3_selector_input.jsonl,Quant_mvp\data\v0_3\strategy_candidates\v0_3_strategy_candidate_registry.jsonl,,2026-05-06T14:04:50+00:00,draft,other,refine_strategy_hypothesis,false,2,3,6,8,diagnostic_context_only,0,not_collectable,diagnostic,diagnostic_backlog,,not_specified,0,low,metadata_only,not_reported,false,false,false,6,2,2022-03-28,2022,,,,missing_evaluation_evidence,,,2015-01-01,2025-12-31,,,0,false,false,,,,,,false,metric_summary_missing_or_unavailable,false,false,false,,,,,,,,,,,,unlabeled,null_missing_evidence,null_missing_evidence,Quant_mvp\config\v0_3_selector_label_rules.toml,,,,,,,,,,,,,,,,evaluation_prioritization|active_learning|uncertainty_ranking|review_triage,time_aware_required_before_training,,false,false,doi:10.14393/ufu.di.2022.149,doi:10.14393/ufu.di.2022.149,false,false,blocked_missing_evaluation_evidence,ml_rows_must_not_feed_scores_rankings_reports_backtests_trading_or_auto_adoption,production_activation_requires_later_root_approved_gate
v0_3_candidate_ml_input_0_2,"This candidate ML input row is evidence-only metadata for evaluator review. It is not a production ranking input, not a trading signal, not an adoption decision, and not automatic production activation.",sc:ecard:e3760df1a6940e84b2c8,v0.3.0,sh:ecard:e3760df1a6940e84b2c8,ecard:e3760df1a6940e84b2c8,Quant_mvp\data\v0_3\selector_inputs\v0_3_selector_input.jsonl,Quant_mvp\data\v0_3\strategy_candidates\v0_3_strategy_candidate_registry.jsonl,,2026-05-06T14:04:50+00:00,draft,volatility,refine_strategy_hypothesis,false,1,3,7,8,diagnostic_context_only,24,low,diagnostic,diagnostic_backlog,volatility_liquidity,partial,2,low,abstract_supported,not_reported,false,false,false,6,1,2020-01-07,2020,,,,missing_evaluation_evidence,,,2015-01-01,2025-12-31,,,0,false,false,,,,,,false,metric_summary_missing_or_unavailable,false,false,false,,,,,,,,,,,,unlabeled,null_missing_evidence,null_missing_evidence,Quant_mvp\config\v0_3_selector_label_rules.toml,,,,,,,,,,,,,,,,evaluation_prioritization|active_learning|uncertainty_ranking|review_triage,time_aware_required_before_training,,false,false,doi:10.1186/s43093-019-0006-4,doi:10.1186/s43093-019-0006-4,false,false,blocked_missing_evaluation_evidence,ml_rows_must_not_feed_scores_rankings_reports_backtests_trading_or_auto_adoption,production_activation_requires_later_root_approved_gate
v0_3_candidate_ml_input_0_2,"This candidate ML input row is evidence-only metadata for evaluator review. It is not a production ranking input, not a trading signal, not an adoption decision, and not automatic production activation.",sc:ecard:e389d85092f8a47f51ab,v0.3.0,sh:ecard:e389d85092f8a47f51ab,ecard:e389d85092f8a47f51ab,Quant_mvp\data\v0_3\selector_inputs\v0_3_selector_input.jsonl,Quant_mvp\data\v0_3\strategy_candidates\v0_3_strategy_candidate_registry.jsonl,Quant_mvp\backtest_mvp\docs\v0_3_evaluation_evidence\non_momentum_cohort_1\ee_v0_3_20260506_sc_ecard_e389d85092f8a47f51ab.md,2026-05-06T14:04:50+00:00,evaluable,volatility,create_evaluation_evidence,true,0,1,7,8,eligible_for_candidate_selector_review,94,high,technical,technical_score_architect,volatility_liquidity,partial,2,medium,abstract_supported,not_reported,false,false,false,6,0,2009-12-01,2009,2026-05-06,,ee_v0_3_20260506_sc_ecard_e389d85092f8a47f51ab,evidence_recorded,2026-05-06,2026-05-06,2015-01-02,2025-12-02,,benchmark_reference_comparison|cost|drawdown|no_feedback|no_lookahead|oos_walk_forward_stability|turnover|volatility,8,true,true,approved_evaluation_evidence,candidate_specific,candidate_level_supervised_label_candidate,strategy_candidate,sc:ecard:e389d85092f8a47f51ab,true,candidate_id_matches_candidate_level_evaluation_evidence,false,false,false,4.59248614414884,-0.26420150156471234,-0.26420150156471234,4.856687645713552,-0.49924422265194046,0.39104534114120565,0.686318407960199,0.5932409139655367,recorded_walk_forward_pass,0,1,candidate_level_evaluation_evidence,,positive,Quant_mvp\config\v0_3_selector_label_rules.toml,candidate_level_evaluation_evidence,candidate_specific,candidate_level_supervised_label_candidate,ee_v0_3_20260506_sc_ecard_e389d85092f8a47f51ab,2026-05-06,,,,,,,,,,,evaluation_prioritization|active_learning|uncertainty_ranking|review_triage,time_aware_required_before_training,,true,false,openalex:https://openalex.org/W1588628038,openalex:https://openalex.org/W1588628038,true,false,eligible_candidate_level_label,ml_rows_must_not_feed_scores_rankings_reports_backtests_trading_or_auto_adoption,production_activation_requires_later_root_approved_gate
v0_3_candidate_ml_input_0_2,"This candidate ML input row is evidence-only metadata for evaluator review. It is not a production ranking input, not a trading signal, not an adoption decision, and not automatic production activation.",sc:ecard:e3d9dfee6d91763598bd,v0.3.0,sh:ecard:e3d9dfee6d91763598bd,ecard:e3d9dfee6d91763598bd,Quant_mvp\data\v0_3\selector_inputs\v0_3_selector_input.jsonl,Quant_mvp\data\v0_3\strategy_candidates\v0_3_strategy_candidate_registry.jsonl,,2026-05-06T14:04:50+00:00,blocked,other,resolve_blocker,false,2,1,6,8,excluded_rejected_or_out_of_scope,0,not_collectable,out_of_scope,reject_log,,partial,0,low,abstract_supported,not_reported,false,false,false,6,2,2021-06-25,2021,,,,missing_evaluation_evidence,,,2015-01-01,2025-12-31,,,0,false,false,,,,,,false,metric_summary_missing_or_unavailable,false,false,false,,,,,,,,,,,,unlabeled,null_missing_evidence,null_missing_evidence,Quant_mvp\config\v0_3_selector_label_rules.toml,,,,,,,,,,,,,,,,evaluation_prioritization|active_learning|uncertainty_ranking|review_triage,time_aware_required_before_training,,false,false,doi:10.21786/bbrc/14.9.17,doi:10.21786/bbrc/14.9.17,false,false,blocked_missing_evaluation_evidence,ml_rows_must_not_feed_scores_rankings_reports_backtests_trading_or_auto_adoption,production_activation_requires_later_root_approved_gate
v0_3_candidate_ml_input_0_2,"This candidate ML input row is evidence-only metadata for evaluator review. It is not a production ranking input, not a trading signal, not an adoption decision, and not automatic production activation.",sc:ecard:e4065a8b050821a7c07f,v0.3.0,sh:ecard:e4065a8b050821a7c07f,ecard:e4065a8b050821a7c07f,Quant_mvp\data\v0_3\selector_inputs\v0_3_selector_input.jsonl,Quant_mvp\data\v0_3\strategy_candidates\v0_3_strategy_candidate_registry.jsonl,,2026-05-06T14:04:50+00:00,draft,other,refine_strategy_hypothesis,false,1,3,6,8,diagnostic_context_only,24,low,diagnostic,diagnostic_backlog,,partial,2,low,abstract_supported,not_reported,true,false,false,6,1,2019-07-26,2019,,,,missing_evaluation_evidence,,,2015-01-01,2025-12-31,,,0,false,false,,,,,,false,metric_summary_missing_or_unavailable,false,false,false,,,,,,,,,,,,unlabeled,null_missing_evidence,null_missing_evidence,Quant_mvp\config\v0_3_selector_label_rules.toml,,,,,,,,,,,,,,,,evaluation_prioritization|active_learning|uncertainty_ranking|review_triage,time_aware_required_before_training,,false,false,doi:10.1093/rfs/hhz085,doi:10.1093/rfs/hhz085,false,false,blocked_missing_evaluation_evidence,ml_rows_must_not_feed_scores_rankings_reports_backtests_trading_or_auto_adoption,production_activation_requires_later_root_approved_gate
v0_3_candidate_ml_input_0_2,"This candidate ML input row is evidence-only metadata for evaluator review. It is not a production ranking input, not a trading signal, not an adoption decision, and not automatic production activation.",sc:ecard:e417cb6a0a7b0add19af,v0.3.0,sh:ecard:e417cb6a0a7b0add19af,ecard:e417cb6a0a7b0add19af,Quant_mvp\data\v0_3\selector_inputs\v0_3_selector_input.jsonl,Quant_mvp\data\v0_3\strategy_candidates\v0_3_strategy_candidate_registry.jsonl,,2026-05-06T14:04:50+00:00,draft,other,refine_strategy_hypothesis,false,2,3,6,8,diagnostic_context_only,0,not_collectable,diagnostic,diagnostic_backlog,,not_specified,0,low,metadata_only,not_reported,true,false,false,6,2,1981-09-01,1981,,,,missing_evaluation_evidence,,,2015-01-01,2025-12-31,,,0,false,false,,,,,,false,metric_summary_missing_or_unavailable,false,false,false,,,,,,,,,,,,unlabeled,null_missing_evidence,null_missing_evidence,Quant_mvp\config\v0_3_selector_label_rules.toml,,,,,,,,,,,,,,,,evaluation_prioritization|active_learning|uncertainty_ranking|review_triage,time_aware_required_before_training,,false,false,doi:10.2469/faj.v37.n5.57,doi:10.2469/faj.v37.n5.57,false,false,blocked_missing_evaluation_evidence,ml_rows_must_not_feed_scores_rankings_reports_backtests_trading_or_auto_adoption,production_activation_requires_later_root_approved_gate
v0_3_candidate_ml_input_0_2,"This candidate ML input row is evidence-only metadata for evaluator review. It is not a production ranking input, not a trading signal, not an adoption decision, and not automatic production activation.",sc:ecard:e5282acba434eaf3e08e,v0.3.0,sh:ecard:e5282acba434eaf3e08e,ecard:e5282acba434eaf3e08e,Quant_mvp\data\v0_3\selector_inputs\v0_3_selector_input.jsonl,Quant_mvp\data\v0_3\strategy_candidates\v0_3_strategy_candidate_registry.jsonl,Quant_mvp\backtest_mvp\docs\v0_3_evaluation_evidence\non_momentum_cohort_1\ee_v0_3_20260506_sc_ecard_e5282acba434eaf3e08e.md,2026-05-06T14:04:50+00:00,evaluable,volatility,create_evaluation_evidence,true,0,1,7,8,eligible_for_candidate_selector_review,94,high,technical,technical_score_architect,volatility_liquidity,partial,2,medium,abstract_supported,not_reported,false,false,false,6,0,1999-09-01,1999,2026-05-06,,ee_v0_3_20260506_sc_ecard_e5282acba434eaf3e08e,evidence_recorded,2026-05-06,2026-05-06,2015-01-02,2025-12-02,,benchmark_reference_comparison|cost|drawdown|no_feedback|no_lookahead|oos_walk_forward_stability|turnover|volatility,8,true,true,approved_evaluation_evidence,candidate_specific,candidate_level_supervised_label_candidate,strategy_candidate,sc:ecard:e5282acba434eaf3e08e,true,candidate_id_matches_candidate_level_evaluation_evidence,false,false,false,4.59248614414884,-0.26420150156471234,-0.26420150156471234,4.856687645713552,-0.49924422265194046,0.39104534114120565,0.686318407960199,0.5932409139655367,recorded_walk_forward_pass,0,1,candidate_level_evaluation_evidence,,positive,Quant_mvp\config\v0_3_selector_label_rules.toml,candidate_level_evaluation_evidence,candidate_specific,candidate_level_supervised_label_candidate,ee_v0_3_20260506_sc_ecard_e5282acba434eaf3e08e,2026-05-06,,,,,,,,,,,evaluation_prioritization|active_learning|uncertainty_ranking|review_triage,time_aware_required_before_training,,true,false,doi:10.3386/w7330,doi:10.3386/w7330,true,false,eligible_candidate_level_label,ml_rows_must_not_feed_scores_rankings_reports_backtests_trading_or_auto_adoption,production_activation_requires_later_root_approved_gate
v0_3_candidate_ml_input_0_2,"This candidate ML input row is evidence-only metadata for evaluator review. It is not a production ranking input, not a trading signal, not an adoption decision, and not automatic production activation.",sc:ecard:e52b9688ab1231ced324,v0.3.0,sh:ecard:e52b9688ab1231ced324,ecard:e52b9688ab1231ced324,Quant_mvp\data\v0_3\selector_inputs\v0_3_selector_input.jsonl,Quant_mvp\data\v0_3\strategy_candidates\v0_3_strategy_candidate_registry.jsonl,,2026-05-06T14:04:50+00:00,draft,seasonality,refine_strategy_hypothesis,false,2,3,6,8,diagnostic_context_only,0,not_collectable,diagnostic,diagnostic_backlog,volatility_liquidity,not_specified,0,low,metadata_only,not_reported,false,false,false,6,2,2023-10-30,2023,,,,missing_evaluation_evidence,,,2015-01-01,2025-12-31,,,0,false,false,,,,,,false,metric_summary_missing_or_unavailable,false,false,false,,,,,,,,,,,,unlabeled,null_missing_evidence,null_missing_evidence,Quant_mvp\config\v0_3_selector_label_rules.toml,,,,,,,,,,,,,,,,evaluation_prioritization|active_learning|uncertainty_ranking|review_triage,time_aware_required_before_training,,false,false,doi:10.14264/219251,doi:10.14264/219251,false,false,blocked_missing_evaluation_evidence,ml_rows_must_not_feed_scores_rankings_reports_backtests_trading_or_auto_adoption,production_activation_requires_later_root_approved_gate
v0_3_candidate_ml_input_0_2,"This candidate ML input row is evidence-only metadata for evaluator review. It is not a production ranking input, not a trading signal, not an adoption decision, and not automatic production activation.",sc:ecard:e5dbdb28a625b1099ad6,v0.3.0,sh:ecard:e5dbdb28a625b1099ad6,ecard:e5dbdb28a625b1099ad6,Quant_mvp\data\v0_3\selector_inputs\v0_3_selector_input.jsonl,Quant_mvp\data\v0_3\strategy_candidates\v0_3_strategy_candidate_registry.jsonl,Quant_mvp\backtest_mvp\docs\v0_3_evaluation_evidence\non_momentum_cohort_1\ee_v0_3_20260506_sc_ecard_e5dbdb28a625b1099ad6.md,2026-05-06T14:04:50+00:00,evaluable,volatility,create_evaluation_evidence,true,0,1,7,8,eligible_for_candidate_selector_review,89,high,technical,technical_score_architect,volatility_liquidity,partial,2,low,abstract_supported,not_reported,false,false,false,6,0,2008-11-11,2008,2026-05-06,,ee_v0_3_20260506_sc_ecard_e5dbdb28a625b1099ad6,evidence_recorded,2026-05-06,2026-05-06,2015-01-02,2025-12-02,,benchmark_reference_comparison|cost|drawdown|no_feedback|no_lookahead|oos_walk_forward_stability|turnover|volatility,8,true,true,approved_evaluation_evidence,candidate_specific,candidate_level_supervised_label_candidate,strategy_candidate,sc:ecard:e5dbdb28a625b1099ad6,true,candidate_id_matches_candidate_level_evaluation_evidence,false,false,false,4.59248614414884,-0.26420150156471234,-0.26420150156471234,4.856687645713552,-0.49924422265194046,0.39104534114120565,0.686318407960199,0.5932409139655367,recorded_walk_forward_pass,0,1,candidate_level_evaluation_evidence,,positive,Quant_mvp\config\v0_3_selector_label_rules.toml,candidate_level_evaluation_evidence,candidate_specific,candidate_level_supervised_label_candidate,ee_v0_3_20260506_sc_ecard_e5dbdb28a625b1099ad6,2026-05-06,,,,,,,,,,,evaluation_prioritization|active_learning|uncertainty_ranking|review_triage,time_aware_required_before_training,,true,false,doi:10.1111/j.1540-6261.2008.01419.x,doi:10.1111/j.1540-6261.2008.01419.x,true,false,eligible_candidate_level_label,ml_rows_must_not_feed_scores_rankings_reports_backtests_trading_or_auto_adoption,production_activation_requires_later_root_approved_gate
v0_3_candidate_ml_input_0_2,"This candidate ML input row is evidence-only metadata for evaluator review. It is not a production ranking input, not a trading signal, not an adoption decision, and not automatic production activation.",sc:ecard:e6d8e9c114c70dfe90d6,v0.3.0,sh:ecard:e6d8e9c114c70dfe90d6,ecard:e6d8e9c114c70dfe90d6,Quant_mvp\data\v0_3\selector_inputs\v0_3_selector_input.jsonl,Quant_mvp\data\v0_3\strategy_candidates\v0_3_strategy_candidate_registry.jsonl,,2026-05-06T14:04:50+00:00,draft,momentum,refine_strategy_hypothesis,false,1,3,7,8,diagnostic_context_only,24,low,diagnostic,diagnostic_backlog,momentum,partial,2,low,abstract_supported,not_reported,false,true,false,6,1,2026-04-20,2026,,,,missing_evaluation_evidence,,,2015-01-01,2025-12-31,,,0,false,false,,,,,,false,metric_summary_missing_or_unavailable,false,false,false,,,,,,,,,,,,unlabeled,null_missing_evidence,null_missing_evidence,Quant_mvp\config\v0_3_selector_label_rules.toml,,,,,,,,,,,,,,,,evaluation_prioritization|active_learning|uncertainty_ranking|review_triage,time_aware_required_before_training,,false,false,doi:10.2139/ssrn.6591063,doi:10.2139/ssrn.6591063,false,false,blocked_missing_evaluation_evidence,ml_rows_must_not_feed_scores_rankings_reports_backtests_trading_or_auto_adoption,production_activation_requires_later_root_approved_gate
v0_3_candidate_ml_input_0_2,"This candidate ML input row is evidence-only metadata for evaluator review. It is not a production ranking input, not a trading signal, not an adoption decision, and not automatic production activation.",sc:ecard:e6ddd42db570903e4c9e,v0.3.0,sh:ecard:e6ddd42db570903e4c9e,ecard:e6ddd42db570903e4c9e,Quant_mvp\data\v0_3\selector_inputs\v0_3_selector_input.jsonl,Quant_mvp\data\v0_3\strategy_candidates\v0_3_strategy_candidate_registry.jsonl,Quant_mvp\backtest_mvp\docs\v0_3_evaluation_evidence\momentum_cohort_1\ee_v0_3_20260506_sc_ecard_e6ddd42db570903e4c9e.md,2026-05-06T14:04:50+00:00,evaluable,momentum,create_evaluation_evidence,true,0,1,7,8,eligible_for_candidate_selector_review,94,high,technical,technical_score_architect,momentum,partial,2,medium,abstract_supported,not_reported,false,false,false,6,0,2025-04-03,2025,2026-05-06,,ee_v0_3_20260506_sc_ecard_e6ddd42db570903e4c9e,evidence_recorded,2026-05-06,2026-05-06,2015-01-02,2025-12-02,,benchmark_reference_comparison|cost|drawdown|no_feedback|no_lookahead|oos_walk_forward_stability|turnover|volatility,8,true,true,approved_evaluation_evidence,candidate_specific,candidate_level_supervised_label_candidate,strategy_candidate,sc:ecard:e6ddd42db570903e4c9e,true,candidate_id_matches_candidate_level_evaluation_evidence,false,false,false,0.9478898686276229,-0.270661347208625,-0.270661347208625,1.218551215836248,-0.6092164024086726,0.2968075686560764,0.8618159203980099,0.35818175172278915,recorded_walk_forward_fail,0,0,candidate_level_evaluation_evidence,,negative,Quant_mvp\config\v0_3_selector_label_rules.toml,candidate_level_evaluation_evidence,candidate_specific,candidate_level_supervised_label_candidate,ee_v0_3_20260506_sc_ecard_e6ddd42db570903e4c9e,2026-05-06,,,,,,,,,,,evaluation_prioritization|active_learning|uncertainty_ranking|review_triage,time_aware_required_before_training,,true,false,arxiv:2504.06289,arxiv:2504.06289,true,false,eligible_candidate_level_label,ml_rows_must_not_feed_scores_rankings_reports_backtests_trading_or_auto_adoption,production_activation_requires_later_root_approved_gate
v0_3_candidate_ml_input_0_2,"This candidate ML input row is evidence-only metadata for evaluator review. It is not a production ranking input, not a trading signal, not an adoption decision, and not automatic production activation.",sc:ecard:e6f6c5bfd98ababc6f1f,v0.3.0,sh:ecard:e6f6c5bfd98ababc6f1f,ecard:e6f6c5bfd98ababc6f1f,Quant_mvp\data\v0_3\selector_inputs\v0_3_selector_input.jsonl,Quant_mvp\data\v0_3\strategy_candidates\v0_3_strategy_candidate_registry.jsonl,,2026-05-06T14:04:50+00:00,blocked,value,resolve_blocker,false,2,1,6,8,excluded_rejected_or_out_of_scope,0,not_collectable,out_of_scope,reject_log,,not_specified,0,low,metadata_only,not_reported,false,false,false,6,2,2012-01-01,2012,,,,missing_evaluation_evidence,,,2015-01-01,2025-12-31,,,0,false,false,,,,,,false,metric_summary_missing_or_unavailable,false,false,false,,,,,,,,,,,,unlabeled,null_missing_evidence,null_missing_evidence,Quant_mvp\config\v0_3_selector_label_rules.toml,,,,,,,,,,,,,,,,evaluation_prioritization|active_learning|uncertainty_ranking|review_triage,time_aware_required_before_training,,false,false,doi:10.1016/j.ijforecast.2011.02.007,doi:10.1016/j.ijforecast.2011.02.007,false,false,blocked_missing_evaluation_evidence,ml_rows_must_not_feed_scores_rankings_reports_backtests_trading_or_auto_adoption,production_activation_requires_later_root_approved_gate
v0_3_candidate_ml_input_0_2,"This candidate ML input row is evidence-only metadata for evaluator review. It is not a production ranking input, not a trading signal, not an adoption decision, and not automatic production activation.",sc:ecard:e72c0ae8fd65e8987041,v0.3.0,sh:ecard:e72c0ae8fd65e8987041,ecard:e72c0ae8fd65e8987041,Quant_mvp\data\v0_3\selector_inputs\v0_3_selector_input.jsonl,Quant_mvp\data\v0_3\strategy_candidates\v0_3_strategy_candidate_registry.jsonl,,2026-05-06T14:04:50+00:00,draft,other,refine_strategy_hypothesis,false,2,3,6,8,diagnostic_context_only,0,not_collectable,diagnostic,diagnostic_backlog,,not_specified,0,low,metadata_only,not_reported,false,false,true,6,2,2012-01-05,2012,,,,missing_evaluation_evidence,,,2015-01-01,2025-12-31,,,0,false,false,,,,,,false,metric_summary_missing_or_unavailable,false,false,false,,,,,,,,,,,,unlabeled,null_missing_evidence,null_missing_evidence,Quant_mvp\config\v0_3_selector_label_rules.toml,,,,,,,,,,,,,,,,evaluation_prioritization|active_learning|uncertainty_ranking|review_triage,time_aware_required_before_training,,false,false,doi:10.2139/ssrn.1787099,doi:10.2139/ssrn.1787099,false,false,blocked_missing_evaluation_evidence,ml_rows_must_not_feed_scores_rankings_reports_backtests_trading_or_auto_adoption,production_activation_requires_later_root_approved_gate
v0_3_candidate_ml_input_0_2,"This candidate ML input row is evidence-only metadata for evaluator review. It is not a production ranking input, not a trading signal, not an adoption decision, and not automatic production activation.",sc:ecard:e734ccce53ffe8e03e33,v0.3.0,sh:ecard:e734ccce53ffe8e03e33,ecard:e734ccce53ffe8e03e33,Quant_mvp\data\v0_3\selector_inputs\v0_3_selector_input.jsonl,Quant_mvp\data\v0_3\strategy_candidates\v0_3_strategy_candidate_registry.jsonl,,2026-05-06T14:04:50+00:00,blocked,other,resolve_blocker,false,2,1,6,8,excluded_rejected_or_out_of_scope,0,not_collectable,out_of_scope,reject_log,,partial,0,low,abstract_supported,not_reported,false,false,false,6,2,2024-02-14,2024,,,,missing_evaluation_evidence,,,2015-01-01,2025-12-31,,,0,false,false,,,,,,false,metric_summary_missing_or_unavailable,false,false,false,,,,,,,,,,,,unlabeled,null_missing_evidence,null_missing_evidence,Quant_mvp\config\v0_3_selector_label_rules.toml,,,,,,,,,,,,,,,,evaluation_prioritization|active_learning|uncertainty_ranking|review_triage,time_aware_required_before_training,,false,false,doi:10.12775/cjfa.2023.017,doi:10.12775/cjfa.2023.017,false,false,blocked_missing_evaluation_evidence,ml_rows_must_not_feed_scores_rankings_reports_backtests_trading_or_auto_adoption,production_activation_requires_later_root_approved_gate
v0_3_candidate_ml_input_0_2,"This candidate ML input row is evidence-only metadata for evaluator review. It is not a production ranking input, not a trading signal, not an adoption decision, and not automatic production activation.",sc:ecard:e73eddabc046e666ba09,v0.3.0,sh:ecard:e73eddabc046e666ba09,ecard:e73eddabc046e666ba09,Quant_mvp\data\v0_3\selector_inputs\v0_3_selector_input.jsonl,Quant_mvp\data\v0_3\strategy_candidates\v0_3_strategy_candidate_registry.jsonl,,2026-05-06T14:04:50+00:00,draft,other,refine_strategy_hypothesis,false,2,3,6,8,diagnostic_context_only,0,not_collectable,diagnostic,diagnostic_backlog,,not_specified,0,low,metadata_only,not_reported,true,false,false,6,2,2012-01-11,2012,,,,missing_evaluation_evidence,,,2015-01-01,2025-12-31,,,0,false,false,,,,,,false,metric_summary_missing_or_unavailable,false,false,false,,,,,,,,,,,,unlabeled,null_missing_evidence,null_missing_evidence,Quant_mvp\config\v0_3_selector_label_rules.toml,,,,,,,,,,,,,,,,evaluation_prioritization|active_learning|uncertainty_ranking|review_triage,time_aware_required_before_training,,false,false,doi:10.1787/888932564673,doi:10.1787/888932564673,false,false,blocked_missing_evaluation_evidence,ml_rows_must_not_feed_scores_rankings_reports_backtests_trading_or_auto_adoption,production_activation_requires_later_root_approved_gate
v0_3_candidate_ml_input_0_2,"This candidate ML input row is evidence-only metadata for evaluator review. It is not a production ranking input, not a trading signal, not an adoption decision, and not automatic production activation.",sc:ecard:e799ec0959be2516fc38,v0.3.0,sh:ecard:e799ec0959be2516fc38,ecard:e799ec0959be2516fc38,Quant_mvp\data\v0_3\selector_inputs\v0_3_selector_input.jsonl,Quant_mvp\data\v0_3\strategy_candidates\v0_3_strategy_candidate_registry.jsonl,,2026-05-06T14:04:50+00:00,draft,other,refine_strategy_hypothesis,false,2,3,6,8,diagnostic_context_only,0,not_collectable,diagnostic,diagnostic_backlog,,not_specified,0,low,metadata_only,not_reported,false,false,false,6,2,2002-09-01,2002,,,,missing_evaluation_evidence,,,2015-01-01,2025-12-31,,,0,false,false,,,,,,false,metric_summary_missing_or_unavailable,false,false,false,,,,,,,,,,,,unlabeled,null_missing_evidence,null_missing_evidence,Quant_mvp\config\v0_3_selector_label_rules.toml,,,,,,,,,,,,,,,,evaluation_prioritization|active_learning|uncertainty_ranking|review_triage,time_aware_required_before_training,,false,false,doi:10.1023/a:1024181515265,doi:10.1023/a:1024181515265,false,false,blocked_missing_evaluation_evidence,ml_rows_must_not_feed_scores_rankings_reports_backtests_trading_or_auto_adoption,production_activation_requires_later_root_approved_gate
v0_3_candidate_ml_input_0_2,"This candidate ML input row is evidence-only metadata for evaluator review. It is not a production ranking input, not a trading signal, not an adoption decision, and not automatic production activation.",sc:ecard:e848b96478abd56b8e4c,v0.3.0,sh:ecard:e848b96478abd56b8e4c,ecard:e848b96478abd56b8e4c,Quant_mvp\data\v0_3\selector_inputs\v0_3_selector_input.jsonl,Quant_mvp\data\v0_3\strategy_candidates\v0_3_strategy_candidate_registry.jsonl,,2026-05-06T14:04:50+00:00,blocked,value,resolve_blocker,false,3,1,6,8,excluded_rejected_or_out_of_scope,0,not_collectable,out_of_scope,reject_log,momentum,not_specified,0,low,metadata_only,not_reported,false,false,false,6,3,2013-12-11,2013,,,,missing_evaluation_evidence,,,2015-01-01,2025-12-31,,,0,false,false,,,,,,false,metric_summary_missing_or_unavailable,false,false,false,,,,,,,,,,,,unlabeled,null_missing_evidence,null_missing_evidence,Quant_mvp\config\v0_3_selector_label_rules.toml,,,,,,,,,,,,,,,,evaluation_prioritization|active_learning|uncertainty_ranking|review_triage,time_aware_required_before_training,,false,false,doi:10.2139/ssrn.2362521,doi:10.2139/ssrn.2362521,false,false,blocked_missing_evaluation_evidence,ml_rows_must_not_feed_scores_rankings_reports_backtests_trading_or_auto_adoption,production_activation_requires_later_root_approved_gate
v0_3_candidate_ml_input_0_2,"This candidate ML input row is evidence-only metadata for evaluator review. It is not a production ranking input, not a trading signal, not an adoption decision, and not automatic production activation.",sc:ecard:e8bf94608b732afe6473,v0.3.0,sh:ecard:e8bf94608b732afe6473,ecard:e8bf94608b732afe6473,Quant_mvp\data\v0_3\selector_inputs\v0_3_selector_input.jsonl,Quant_mvp\data\v0_3\strategy_candidates\v0_3_strategy_candidate_registry.jsonl,,2026-05-06T14:04:50+00:00,draft,value,refine_strategy_hypothesis,false,4,2,6,8,needs_hybrid_split,3,low,hybrid,hybrid_split_required,momentum,partial,0,low,abstract_supported,not_reported,false,false,false,8,4,1998-12-01,1998,,,,missing_evaluation_evidence,,,2015-01-01,2025-12-31,,,0,false,false,,,,,,false,metric_summary_missing_or_unavailable,false,false,false,,,,,,,,,,,,unlabeled,null_missing_evidence,null_missing_evidence,Quant_mvp\config\v0_3_selector_label_rules.toml,,,,,,,,,,,,,,,,evaluation_prioritization|active_learning|uncertainty_ranking|review_triage,time_aware_required_before_training,,false,false,doi:10.1111/0022-1082.00077,doi:10.1111/0022-1082.00077,false,false,blocked_missing_evaluation_evidence,ml_rows_must_not_feed_scores_rankings_reports_backtests_trading_or_auto_adoption,production_activation_requires_later_root_approved_gate
v0_3_candidate_ml_input_0_2,"This candidate ML input row is evidence-only metadata for evaluator review. It is not a production ranking input, not a trading signal, not an adoption decision, and not automatic production activation.",sc:ecard:e8fc6a71987e2ca07d7a,v0.3.0,sh:ecard:e8fc6a71987e2ca07d7a,ecard:e8fc6a71987e2ca07d7a,Quant_mvp\data\v0_3\selector_inputs\v0_3_selector_input.jsonl,Quant_mvp\data\v0_3\strategy_candidates\v0_3_strategy_candidate_registry.jsonl,,2026-05-06T14:04:50+00:00,draft,volatility,refine_strategy_hypothesis,false,1,3,7,8,diagnostic_context_only,32,low,diagnostic,diagnostic_backlog,momentum,partial,2,low,abstract_supported,not_reported,false,false,false,6,1,2019-06-16,2019,,,,missing_evaluation_evidence,,,2015-01-01,2025-12-31,,,0,false,false,,,,,,false,metric_summary_missing_or_unavailable,false,false,false,,,,,,,,,,,,unlabeled,null_missing_evidence,null_missing_evidence,Quant_mvp\config\v0_3_selector_label_rules.toml,,,,,,,,,,,,,,,,evaluation_prioritization|active_learning|uncertainty_ranking|review_triage,time_aware_required_before_training,,false,false,doi:10.24818/18423264/53.2.19.05,doi:10.24818/18423264/53.2.19.05,false,false,blocked_missing_evaluation_evidence,ml_rows_must_not_feed_scores_rankings_reports_backtests_trading_or_auto_adoption,production_activation_requires_later_root_approved_gate
v0_3_candidate_ml_input_0_2,"This candidate ML input row is evidence-only metadata for evaluator review. It is not a production ranking input, not a trading signal, not an adoption decision, and not automatic production activation.",sc:ecard:e9273ddbfa9eb2313196,v0.3.0,sh:ecard:e9273ddbfa9eb2313196,ecard:e9273ddbfa9eb2313196,Quant_mvp\data\v0_3\selector_inputs\v0_3_selector_input.jsonl,Quant_mvp\data\v0_3\strategy_candidates\v0_3_strategy_candidate_registry.jsonl,,2026-05-06T14:04:50+00:00,draft,other,refine_strategy_hypothesis,false,2,3,6,8,diagnostic_context_only,0,not_collectable,diagnostic,diagnostic_backlog,,not_specified,0,low,metadata_only,not_reported,false,false,true,6,2,1997-08-01,1997,,,,missing_evaluation_evidence,,,2015-01-01,2025-12-31,,,0,false,false,,,,,,false,metric_summary_missing_or_unavailable,false,false,false,,,,,,,,,,,,unlabeled,null_missing_evidence,null_missing_evidence,Quant_mvp\config\v0_3_selector_label_rules.toml,,,,,,,,,,,,,,,,evaluation_prioritization|active_learning|uncertainty_ranking|review_triage,time_aware_required_before_training,,false,false,doi:10.2469/dig.v27.n3.137,doi:10.2469/dig.v27.n3.137,false,false,blocked_missing_evaluation_evidence,ml_rows_must_not_feed_scores_rankings_reports_backtests_trading_or_auto_adoption,production_activation_requires_later_root_approved_gate
v0_3_candidate_ml_input_0_2,"This candidate ML input row is evidence-only metadata for evaluator review. It is not a production ranking input, not a trading signal, not an adoption decision, and not automatic production activation.",sc:ecard:e95bed6f9802d576b1b3,v0.3.0,sh:ecard:e95bed6f9802d576b1b3,ecard:e95bed6f9802d576b1b3,Quant_mvp\data\v0_3\selector_inputs\v0_3_selector_input.jsonl,Quant_mvp\data\v0_3\strategy_candidates\v0_3_strategy_candidate_registry.jsonl,,2026-05-06T14:04:50+00:00,draft,volatility,refine_strategy_hypothesis,false,1,3,7,8,diagnostic_context_only,24,low,diagnostic,diagnostic_backlog,momentum,partial,2,low,abstract_supported,not_reported,false,false,false,6,1,2026-03-06,2026,,,,missing_evaluation_evidence,,,2015-01-01,2025-12-31,,,0,false,false,,,,,,false,metric_summary_missing_or_unavailable,false,false,false,,,,,,,,,,,,unlabeled,null_missing_evidence,null_missing_evidence,Quant_mvp\config\v0_3_selector_label_rules.toml,,,,,,,,,,,,,,,,evaluation_prioritization|active_learning|uncertainty_ranking|review_triage,time_aware_required_before_training,,false,false,doi:10.58837/chula.is.2025.53,doi:10.58837/chula.is.2025.53,false,false,blocked_missing_evaluation_evidence,ml_rows_must_not_feed_scores_rankings_reports_backtests_trading_or_auto_adoption,production_activation_requires_later_root_approved_gate
v0_3_candidate_ml_input_0_2,"This candidate ML input row is evidence-only metadata for evaluator review. It is not a production ranking input, not a trading signal, not an adoption decision, and not automatic production activation.",sc:ecard:e9f8a6e42bca4de49814,v0.3.0,sh:ecard:e9f8a6e42bca4de49814,ecard:e9f8a6e42bca4de49814,Quant_mvp\data\v0_3\selector_inputs\v0_3_selector_input.jsonl,Quant_mvp\data\v0_3\strategy_candidates\v0_3_strategy_candidate_registry.jsonl,,2026-05-06T14:04:50+00:00,draft,value,refine_strategy_hypothesis,false,4,2,6,8,needs_hybrid_split,0,not_collectable,hybrid,hybrid_split_required,momentum,not_specified,0,low,metadata_only,not_reported,false,false,false,8,4,2005-08-19,2005,,,,missing_evaluation_evidence,,,2015-01-01,2025-12-31,,,0,false,false,,,,,,false,metric_summary_missing_or_unavailable,false,false,false,,,,,,,,,,,,unlabeled,null_missing_evidence,null_missing_evidence,Quant_mvp\config\v0_3_selector_label_rules.toml,,,,,,,,,,,,,,,,evaluation_prioritization|active_learning|uncertainty_ranking|review_triage,time_aware_required_before_training,,false,false,doi:10.2139/ssrn.212368,doi:10.2139/ssrn.212368,false,false,blocked_missing_evaluation_evidence,ml_rows_must_not_feed_scores_rankings_reports_backtests_trading_or_auto_adoption,production_activation_requires_later_root_approved_gate
v0_3_candidate_ml_input_0_2,"This candidate ML input row is evidence-only metadata for evaluator review. It is not a production ranking input, not a trading signal, not an adoption decision, and not automatic production activation.",sc:ecard:ea5f387c45e4e7d91e69,v0.3.0,sh:ecard:ea5f387c45e4e7d91e69,ecard:ea5f387c45e4e7d91e69,Quant_mvp\data\v0_3\selector_inputs\v0_3_selector_input.jsonl,Quant_mvp\data\v0_3\strategy_candidates\v0_3_strategy_candidate_registry.jsonl,,2026-05-06T14:04:50+00:00,draft,momentum,refine_strategy_hypothesis,false,1,1,7,8,needs_manual_or_data_review,20,low,technical,technical_score_architect,momentum,not_specified,0,low,metadata_only,not_reported,false,false,false,6,1,2021-02-25,2021,,,,missing_evaluation_evidence,,,2015-01-01,2025-12-31,,,0,false,false,,,,,,false,metric_summary_missing_or_unavailable,false,false,false,,,,,,,,,,,,unlabeled,null_missing_evidence,null_missing_evidence,Quant_mvp\config\v0_3_selector_label_rules.toml,,,,,,,,,,,,,,,,evaluation_prioritization|active_learning|uncertainty_ranking|review_triage,time_aware_required_before_training,,false,false,doi:10.2139/ssrn.3788139,doi:10.2139/ssrn.3788139,false,false,blocked_missing_evaluation_evidence,ml_rows_must_not_feed_scores_rankings_reports_backtests_trading_or_auto_adoption,production_activation_requires_later_root_approved_gate
v0_3_candidate_ml_input_0_2,"This candidate ML input row is evidence-only metadata for evaluator review. It is not a production ranking input, not a trading signal, not an adoption decision, and not automatic production activation.",sc:ecard:eaa9d88872d8e768abb8,v0.3.0,sh:ecard:eaa9d88872d8e768abb8,ecard:eaa9d88872d8e768abb8,Quant_mvp\data\v0_3\selector_inputs\v0_3_selector_input.jsonl,Quant_mvp\data\v0_3\strategy_candidates\v0_3_strategy_candidate_registry.jsonl,,2026-05-06T14:04:50+00:00,draft,value,refine_strategy_hypothesis,false,4,2,6,8,needs_hybrid_split,0,not_collectable,hybrid,hybrid_split_required,,not_specified,0,low,metadata_only,not_reported,false,false,false,8,4,2012-07-06,2012,,,,missing_evaluation_evidence,,,2015-01-01,2025-12-31,,,0,false,false,,,,,,false,metric_summary_missing_or_unavailable,false,false,false,,,,,,,,,,,,unlabeled,null_missing_evidence,null_missing_evidence,Quant_mvp\config\v0_3_selector_label_rules.toml,,,,,,,,,,,,,,,,evaluation_prioritization|active_learning|uncertainty_ranking|review_triage,time_aware_required_before_training,,false,false,doi:10.2139/ssrn.2016595,doi:10.2139/ssrn.2016595,false,false,blocked_missing_evaluation_evidence,ml_rows_must_not_feed_scores_rankings_reports_backtests_trading_or_auto_adoption,production_activation_requires_later_root_approved_gate
v0_3_candidate_ml_input_0_2,"This candidate ML input row is evidence-only metadata for evaluator review. It is not a production ranking input, not a trading signal, not an adoption decision, and not automatic production activation.",sc:ecard:eac82406a9276624ab5a,v0.3.0,sh:ecard:eac82406a9276624ab5a,ecard:eac82406a9276624ab5a,Quant_mvp\data\v0_3\selector_inputs\v0_3_selector_input.jsonl,Quant_mvp\data\v0_3\strategy_candidates\v0_3_strategy_candidate_registry.jsonl,,2026-05-06T14:04:50+00:00,blocked,volatility,resolve_blocker,false,3,1,7,8,excluded_rejected_or_out_of_scope,0,not_collectable,out_of_scope,reject_log,volatility_liquidity,partial,0,low,abstract_supported,not_reported,false,false,false,6,3,2019-06-08,2019,,,,missing_evaluation_evidence,,,2015-01-01,2025-12-31,,,0,false,false,,,,,,false,metric_summary_missing_or_unavailable,false,false,false,,,,,,,,,,,,unlabeled,null_missing_evidence,null_missing_evidence,Quant_mvp\config\v0_3_selector_label_rules.toml,,,,,,,,,,,,,,,,evaluation_prioritization|active_learning|uncertainty_ranking|review_triage,time_aware_required_before_training,,false,false,doi:10.3390/jrfm12020097,doi:10.3390/jrfm12020097,false,false,blocked_missing_evaluation_evidence,ml_rows_must_not_feed_scores_rankings_reports_backtests_trading_or_auto_adoption,production_activation_requires_later_root_approved_gate
v0_3_candidate_ml_input_0_2,"This candidate ML input row is evidence-only metadata for evaluator review. It is not a production ranking input, not a trading signal, not an adoption decision, and not automatic production activation.",sc:ecard:eae174471316f58619ea,v0.3.0,sh:ecard:eae174471316f58619ea,ecard:eae174471316f58619ea,Quant_mvp\data\v0_3\selector_inputs\v0_3_selector_input.jsonl,Quant_mvp\data\v0_3\strategy_candidates\v0_3_strategy_candidate_registry.jsonl,,2026-05-06T14:04:50+00:00,draft,other,refine_strategy_hypothesis,false,1,3,6,8,diagnostic_context_only,29,low,diagnostic,diagnostic_backlog,,partial,2,medium,abstract_supported,not_reported,false,false,false,6,1,2023-05-26,2023,,,,missing_evaluation_evidence,,,2015-01-01,2025-12-31,,,0,false,false,,,,,,false,metric_summary_missing_or_unavailable,false,false,false,,,,,,,,,,,,unlabeled,null_missing_evidence,null_missing_evidence,Quant_mvp\config\v0_3_selector_label_rules.toml,,,,,,,,,,,,,,,,evaluation_prioritization|active_learning|uncertainty_ranking|review_triage,time_aware_required_before_training,,false,false,doi:10.1111/jofi.13249,doi:10.1111/jofi.13249,false,false,blocked_missing_evaluation_evidence,ml_rows_must_not_feed_scores_rankings_reports_backtests_trading_or_auto_adoption,production_activation_requires_later_root_approved_gate
v0_3_candidate_ml_input_0_2,"This candidate ML input row is evidence-only metadata for evaluator review. It is not a production ranking input, not a trading signal, not an adoption decision, and not automatic production activation.",sc:ecard:ebb0c134a87e1e13b8f3,v0.3.0,sh:ecard:ebb0c134a87e1e13b8f3,ecard:ebb0c134a87e1e13b8f3,Quant_mvp\data\v0_3\selector_inputs\v0_3_selector_input.jsonl,Quant_mvp\data\v0_3\strategy_candidates\v0_3_strategy_candidate_registry.jsonl,,2026-05-06T14:04:50+00:00,draft,value,refine_strategy_hypothesis,false,4,2,6,8,needs_hybrid_split,3,low,hybrid,hybrid_split_required,,partial,0,low,abstract_supported,not_reported,false,false,false,8,4,2007-03-20,2007,,,,missing_evaluation_evidence,,,2015-01-01,2025-12-31,,,0,false,false,,,,,,false,metric_summary_missing_or_unavailable,false,false,false,,,,,,,,,,,,unlabeled,null_missing_evidence,null_missing_evidence,Quant_mvp\config\v0_3_selector_label_rules.toml,,,,,,,,,,,,,,,,evaluation_prioritization|active_learning|uncertainty_ranking|review_triage,time_aware_required_before_training,,false,false,doi:10.1111/j.1540-6261.2007.01226.x,doi:10.1111/j.1540-6261.2007.01226.x,false,false,blocked_missing_evaluation_evidence,ml_rows_must_not_feed_scores_rankings_reports_backtests_trading_or_auto_adoption,production_activation_requires_later_root_approved_gate
v0_3_candidate_ml_input_0_2,"This candidate ML input row is evidence-only metadata for evaluator review. It is not a production ranking input, not a trading signal, not an adoption decision, and not automatic production activation.",sc:ecard:ece9c728f891917c6a3b,v0.3.0,sh:ecard:ece9c728f891917c6a3b,ecard:ece9c728f891917c6a3b,Quant_mvp\data\v0_3\selector_inputs\v0_3_selector_input.jsonl,Quant_mvp\data\v0_3\strategy_candidates\v0_3_strategy_candidate_registry.jsonl,,2026-05-06T14:04:50+00:00,draft,other,refine_strategy_hypothesis,false,2,3,6,8,diagnostic_context_only,0,not_collectable,diagnostic,diagnostic_backlog,,not_specified,0,low,metadata_only,not_reported,false,false,false,6,2,2020-03-01,2020,,,,missing_evaluation_evidence,,,2015-01-01,2025-12-31,,,0,false,false,,,,,,false,metric_summary_missing_or_unavailable,false,false,false,,,,,,,,,,,,unlabeled,null_missing_evidence,null_missing_evidence,Quant_mvp\config\v0_3_selector_label_rules.toml,,,,,,,,,,,,,,,,evaluation_prioritization|active_learning|uncertainty_ranking|review_triage,time_aware_required_before_training,,false,false,doi:10.1007/s10690-019-09279-z,doi:10.1007/s10690-019-09279-z,false,false,blocked_missing_evaluation_evidence,ml_rows_must_not_feed_scores_rankings_reports_backtests_trading_or_auto_adoption,production_activation_requires_later_root_approved_gate
v0_3_candidate_ml_input_0_2,"This candidate ML input row is evidence-only metadata for evaluator review. It is not a production ranking input, not a trading signal, not an adoption decision, and not automatic production activation.",sc:ecard:ecf9b01e1d99e4efad62,v0.3.0,sh:ecard:ecf9b01e1d99e4efad62,ecard:ecf9b01e1d99e4efad62,Quant_mvp\data\v0_3\selector_inputs\v0_3_selector_input.jsonl,Quant_mvp\data\v0_3\strategy_candidates\v0_3_strategy_candidate_registry.jsonl,,2026-05-06T14:04:50+00:00,draft,value,refine_strategy_hypothesis,false,4,3,6,8,excluded_valuation_lane,0,not_collectable,valuation,valuation_agent_handoff,,partial,0,low,abstract_supported,not_reported,false,false,false,8,4,2000-10-01,2000,,,,missing_evaluation_evidence,,,2015-01-01,2025-12-31,,,0,false,false,,,,,,false,metric_summary_missing_or_unavailable,false,false,false,,,,,,,,,,,,unlabeled,null_missing_evidence,null_missing_evidence,Quant_mvp\config\v0_3_selector_label_rules.toml,,,,,,,,,,,,,,,,evaluation_prioritization|active_learning|uncertainty_ranking|review_triage,time_aware_required_before_training,,false,false,doi:10.1111/0022-1082.00285,doi:10.1111/0022-1082.00285,false,false,blocked_missing_evaluation_evidence,ml_rows_must_not_feed_scores_rankings_reports_backtests_trading_or_auto_adoption,production_activation_requires_later_root_approved_gate
v0_3_candidate_ml_input_0_2,"This candidate ML input row is evidence-only metadata for evaluator review. It is not a production ranking input, not a trading signal, not an adoption decision, and not automatic production activation.",sc:ecard:ed310a3bccbd93ccd645,v0.3.0,sh:ecard:ed310a3bccbd93ccd645,ecard:ed310a3bccbd93ccd645,Quant_mvp\data\v0_3\selector_inputs\v0_3_selector_input.jsonl,Quant_mvp\data\v0_3\strategy_candidates\v0_3_strategy_candidate_registry.jsonl,Quant_mvp\backtest_mvp\docs\v0_3_evaluation_evidence\non_momentum_cohort_1\ee_v0_3_20260506_sc_ecard_ed310a3bccbd93ccd645.md,2026-05-06T14:04:50+00:00,evaluable,reversal,create_evaluation_evidence,true,0,1,7,8,eligible_for_candidate_selector_review,89,high,technical,technical_score_architect,mean_reversion,partial,2,low,abstract_supported,not_reported,false,false,false,6,0,2003-09-01,2003,2026-05-06,,ee_v0_3_20260506_sc_ecard_ed310a3bccbd93ccd645,evidence_recorded,2026-05-06,2026-05-06,2015-01-02,2025-12-02,,benchmark_reference_comparison|cost|drawdown|no_feedback|no_lookahead|oos_walk_forward_stability|turnover|volatility,8,true,true,approved_evaluation_evidence,candidate_specific,candidate_level_supervised_label_candidate,strategy_candidate,sc:ecard:ed310a3bccbd93ccd645,true,candidate_id_matches_candidate_level_evaluation_evidence,false,false,false,-0.06993676616043398,-0.12291489424292013,-0.12291489424292013,0.05297812808248614,-0.43446907470055085,0.3344231353969896,0.8769900497512437,0.0738775881276168,recorded_walk_forward_pass,0,1,candidate_level_evaluation_evidence,,positive,Quant_mvp\config\v0_3_selector_label_rules.toml,candidate_level_evaluation_evidence,candidate_specific,candidate_level_supervised_label_candidate,ee_v0_3_20260506_sc_ecard_ed310a3bccbd93ccd645,2026-05-06,,,,,,,,,,,evaluation_prioritization|active_learning|uncertainty_ranking|review_triage,time_aware_required_before_training,,true,false,doi:10.3386/w9951,doi:10.3386/w9951,true,false,eligible_candidate_level_label,ml_rows_must_not_feed_scores_rankings_reports_backtests_trading_or_auto_adoption,production_activation_requires_later_root_approved_gate
v0_3_candidate_ml_input_0_2,"This candidate ML input row is evidence-only metadata for evaluator review. It is not a production ranking input, not a trading signal, not an adoption decision, and not automatic production activation.",sc:ecard:ee0c8f210011e47077e3,v0.3.0,sh:ecard:ee0c8f210011e47077e3,ecard:ee0c8f210011e47077e3,Quant_mvp\data\v0_3\selector_inputs\v0_3_selector_input.jsonl,Quant_mvp\data\v0_3\strategy_candidates\v0_3_strategy_candidate_registry.jsonl,,2026-05-06T14:04:50+00:00,draft,momentum,refine_strategy_hypothesis,false,1,1,7,8,needs_manual_or_data_review,20,low,technical,technical_score_architect,momentum,not_specified,0,low,metadata_only,not_reported,false,false,false,6,1,2010-09-13,2010,,,,missing_evaluation_evidence,,,2015-01-01,2025-12-31,,,0,false,false,,,,,,false,metric_summary_missing_or_unavailable,false,false,false,,,,,,,,,,,,unlabeled,null_missing_evidence,null_missing_evidence,Quant_mvp\config\v0_3_selector_label_rules.toml,,,,,,,,,,,,,,,,evaluation_prioritization|active_learning|uncertainty_ranking|review_triage,time_aware_required_before_training,,false,false,doi:10.1016/j.jimonfin.2010.08.004,doi:10.1016/j.jimonfin.2010.08.004,false,false,blocked_missing_evaluation_evidence,ml_rows_must_not_feed_scores_rankings_reports_backtests_trading_or_auto_adoption,production_activation_requires_later_root_approved_gate
v0_3_candidate_ml_input_0_2,"This candidate ML input row is evidence-only metadata for evaluator review. It is not a production ranking input, not a trading signal, not an adoption decision, and not automatic production activation.",sc:ecard:ef0396ea2babc8a58482,v0.3.0,sh:ecard:ef0396ea2babc8a58482,ecard:ef0396ea2babc8a58482,Quant_mvp\data\v0_3\selector_inputs\v0_3_selector_input.jsonl,Quant_mvp\data\v0_3\strategy_candidates\v0_3_strategy_candidate_registry.jsonl,,2026-05-06T14:04:50+00:00,blocked,other,resolve_blocker,false,2,1,6,8,excluded_rejected_or_out_of_scope,0,not_collectable,out_of_scope,reject_log,,not_specified,0,low,metadata_only,not_reported,false,false,false,6,2,2022-05-01,2022,,,,missing_evaluation_evidence,,,2015-01-01,2025-12-31,,,0,false,false,,,,,,false,metric_summary_missing_or_unavailable,false,false,false,,,,,,,,,,,,unlabeled,null_missing_evidence,null_missing_evidence,Quant_mvp\config\v0_3_selector_label_rules.toml,,,,,,,,,,,,,,,,evaluation_prioritization|active_learning|uncertainty_ranking|review_triage,time_aware_required_before_training,,false,false,doi:10.1016/j.frl.2021.102380,doi:10.1016/j.frl.2021.102380,false,false,blocked_missing_evaluation_evidence,ml_rows_must_not_feed_scores_rankings_reports_backtests_trading_or_auto_adoption,production_activation_requires_later_root_approved_gate
v0_3_candidate_ml_input_0_2,"This candidate ML input row is evidence-only metadata for evaluator review. It is not a production ranking input, not a trading signal, not an adoption decision, and not automatic production activation.",sc:ecard:efbe2967a06e8e253048,v0.3.0,sh:ecard:efbe2967a06e8e253048,ecard:efbe2967a06e8e253048,Quant_mvp\data\v0_3\selector_inputs\v0_3_selector_input.jsonl,Quant_mvp\data\v0_3\strategy_candidates\v0_3_strategy_candidate_registry.jsonl,,2026-05-06T14:04:50+00:00,blocked,machine_learning,resolve_blocker,false,2,1,6,8,excluded_rejected_or_out_of_scope,0,not_collectable,out_of_scope,reject_log,,not_specified,0,low,metadata_only,not_reported,false,false,false,6,2,2019-12-12,2019,,,,missing_evaluation_evidence,,,2015-01-01,2025-12-31,,,0,false,false,,,,,,false,metric_summary_missing_or_unavailable,false,false,false,,,,,,,,,,,,unlabeled,null_missing_evidence,null_missing_evidence,Quant_mvp\config\v0_3_selector_label_rules.toml,,,,,,,,,,,,,,,,evaluation_prioritization|active_learning|uncertainty_ranking|review_triage,time_aware_required_before_training,,false,false,doi:10.2139/ssrn.3497170,doi:10.2139/ssrn.3497170,false,false,blocked_missing_evaluation_evidence,ml_rows_must_not_feed_scores_rankings_reports_backtests_trading_or_auto_adoption,production_activation_requires_later_root_approved_gate
v0_3_candidate_ml_input_0_2,"This candidate ML input row is evidence-only metadata for evaluator review. It is not a production ranking input, not a trading signal, not an adoption decision, and not automatic production activation.",sc:ecard:f0accdeb3afbc07ec390,v0.3.0,sh:ecard:f0accdeb3afbc07ec390,ecard:f0accdeb3afbc07ec390,Quant_mvp\data\v0_3\selector_inputs\v0_3_selector_input.jsonl,Quant_mvp\data\v0_3\strategy_candidates\v0_3_strategy_candidate_registry.jsonl,,2026-05-06T14:04:50+00:00,draft,other,refine_strategy_hypothesis,false,2,3,6,8,diagnostic_context_only,0,not_collectable,diagnostic,diagnostic_backlog,,not_specified,0,low,metadata_only,not_reported,false,false,false,6,2,2016-02-01,2016,,,,missing_evaluation_evidence,,,2015-01-01,2025-12-31,,,0,false,false,,,,,,false,metric_summary_missing_or_unavailable,false,false,false,,,,,,,,,,,,unlabeled,null_missing_evidence,null_missing_evidence,Quant_mvp\config\v0_3_selector_label_rules.toml,,,,,,,,,,,,,,,,evaluation_prioritization|active_learning|uncertainty_ranking|review_triage,time_aware_required_before_training,,false,false,doi:10.1016/j.ecolind.2015.10.041,doi:10.1016/j.ecolind.2015.10.041,false,false,blocked_missing_evaluation_evidence,ml_rows_must_not_feed_scores_rankings_reports_backtests_trading_or_auto_adoption,production_activation_requires_later_root_approved_gate
v0_3_candidate_ml_input_0_2,"This candidate ML input row is evidence-only metadata for evaluator review. It is not a production ranking input, not a trading signal, not an adoption decision, and not automatic production activation.",sc:ecard:f0c764975d171ef6b59e,v0.3.0,sh:ecard:f0c764975d171ef6b59e,ecard:f0c764975d171ef6b59e,Quant_mvp\data\v0_3\selector_inputs\v0_3_selector_input.jsonl,Quant_mvp\data\v0_3\strategy_candidates\v0_3_strategy_candidate_registry.jsonl,,2026-05-06T14:04:50+00:00,blocked,volatility,resolve_blocker,false,3,1,7,8,excluded_rejected_or_out_of_scope,0,not_collectable,out_of_scope,reject_log,volatility_liquidity,partial,0,low,abstract_supported,not_reported,true,false,false,6,3,2006-07-01,2006,,,,missing_evaluation_evidence,,,2015-01-01,2025-12-31,,,0,false,false,,,,,,false,metric_summary_missing_or_unavailable,false,false,false,,,,,,,,,,,,unlabeled,null_missing_evidence,null_missing_evidence,Quant_mvp\config\v0_3_selector_label_rules.toml,,,,,,,,,,,,,,,,evaluation_prioritization|active_learning|uncertainty_ranking|review_triage,time_aware_required_before_training,,false,false,doi:10.1108/10867370610683914,doi:10.1108/10867370610683914,false,false,blocked_missing_evaluation_evidence,ml_rows_must_not_feed_scores_rankings_reports_backtests_trading_or_auto_adoption,production_activation_requires_later_root_approved_gate
v0_3_candidate_ml_input_0_2,"This candidate ML input row is evidence-only metadata for evaluator review. It is not a production ranking input, not a trading signal, not an adoption decision, and not automatic production activation.",sc:ecard:f21c6f9419dd06a17b31,v0.3.0,sh:ecard:f21c6f9419dd06a17b31,ecard:f21c6f9419dd06a17b31,Quant_mvp\data\v0_3\selector_inputs\v0_3_selector_input.jsonl,Quant_mvp\data\v0_3\strategy_candidates\v0_3_strategy_candidate_registry.jsonl,,2026-05-06T14:04:50+00:00,draft,value,refine_strategy_hypothesis,false,4,3,6,8,excluded_valuation_lane,0,not_collectable,valuation,valuation_agent_handoff,,not_specified,0,low,metadata_only,not_reported,false,false,false,8,4,2002-01-01,2002,,,,missing_evaluation_evidence,,,2015-01-01,2025-12-31,,,0,false,false,,,,,,false,metric_summary_missing_or_unavailable,false,false,false,,,,,,,,,,,,unlabeled,null_missing_evidence,null_missing_evidence,Quant_mvp\config\v0_3_selector_label_rules.toml,,,,,,,,,,,,,,,,evaluation_prioritization|active_learning|uncertainty_ranking|review_triage,time_aware_required_before_training,,false,false,doi:10.2139/ssrn.354387,doi:10.2139/ssrn.354387,false,false,blocked_missing_evaluation_evidence,ml_rows_must_not_feed_scores_rankings_reports_backtests_trading_or_auto_adoption,production_activation_requires_later_root_approved_gate
v0_3_candidate_ml_input_0_2,"This candidate ML input row is evidence-only metadata for evaluator review. It is not a production ranking input, not a trading signal, not an adoption decision, and not automatic production activation.",sc:ecard:f24ee3355b6d8857cdbb,v0.3.0,sh:ecard:f24ee3355b6d8857cdbb,ecard:f24ee3355b6d8857cdbb,Quant_mvp\data\v0_3\selector_inputs\v0_3_selector_input.jsonl,Quant_mvp\data\v0_3\strategy_candidates\v0_3_strategy_candidate_registry.jsonl,,2026-05-06T14:04:50+00:00,draft,value,refine_strategy_hypothesis,false,4,3,6,8,excluded_valuation_lane,0,not_collectable,valuation,valuation_agent_handoff,,partial,0,medium,abstract_supported,not_reported,false,false,false,8,4,2018-05-29,2018,,,,missing_evaluation_evidence,,,2015-01-01,2025-12-31,,,0,false,false,,,,,,false,metric_summary_missing_or_unavailable,false,false,false,,,,,,,,,,,,unlabeled,null_missing_evidence,null_missing_evidence,Quant_mvp\config\v0_3_selector_label_rules.toml,,,,,,,,,,,,,,,,evaluation_prioritization|active_learning|uncertainty_ranking|review_triage,time_aware_required_before_training,,false,false,doi:10.17015/ejbe.2018.021.06,doi:10.17015/ejbe.2018.021.06,false,false,blocked_missing_evaluation_evidence,ml_rows_must_not_feed_scores_rankings_reports_backtests_trading_or_auto_adoption,production_activation_requires_later_root_approved_gate
v0_3_candidate_ml_input_0_2,"This candidate ML input row is evidence-only metadata for evaluator review. It is not a production ranking input, not a trading signal, not an adoption decision, and not automatic production activation.",sc:ecard:f2580a7a16fbd1064268,v0.3.0,sh:ecard:f2580a7a16fbd1064268,ecard:f2580a7a16fbd1064268,Quant_mvp\data\v0_3\selector_inputs\v0_3_selector_input.jsonl,Quant_mvp\data\v0_3\strategy_candidates\v0_3_strategy_candidate_registry.jsonl,,2026-05-06T14:04:50+00:00,draft,reversal,refine_strategy_hypothesis,false,1,1,7,8,needs_manual_or_data_review,20,low,technical,technical_score_architect,mean_reversion,not_specified,0,low,metadata_only,not_reported,false,false,false,6,1,2015-05-20,2015,,,,missing_evaluation_evidence,,,2015-01-01,2025-12-31,,,0,false,false,,,,,,false,metric_summary_missing_or_unavailable,false,false,false,,,,,,,,,,,,unlabeled,null_missing_evidence,null_missing_evidence,Quant_mvp\config\v0_3_selector_label_rules.toml,,,,,,,,,,,,,,,,evaluation_prioritization|active_learning|uncertainty_ranking|review_triage,time_aware_required_before_training,,false,false,doi:10.2139/ssrn.2606183,doi:10.2139/ssrn.2606183,false,false,blocked_missing_evaluation_evidence,ml_rows_must_not_feed_scores_rankings_reports_backtests_trading_or_auto_adoption,production_activation_requires_later_root_approved_gate
v0_3_candidate_ml_input_0_2,"This candidate ML input row is evidence-only metadata for evaluator review. It is not a production ranking input, not a trading signal, not an adoption decision, and not automatic production activation.",sc:ecard:f2a4d82f2c7a7420cd42,v0.3.0,sh:ecard:f2a4d82f2c7a7420cd42,ecard:f2a4d82f2c7a7420cd42,Quant_mvp\data\v0_3\selector_inputs\v0_3_selector_input.jsonl,Quant_mvp\data\v0_3\strategy_candidates\v0_3_strategy_candidate_registry.jsonl,,2026-05-06T14:04:50+00:00,draft,other,refine_strategy_hypothesis,false,2,3,6,8,diagnostic_context_only,0,not_collectable,diagnostic,diagnostic_backlog,,not_specified,0,low,metadata_only,not_reported,false,false,false,6,2,2008-11-12,2008,,,,missing_evaluation_evidence,,,2015-01-01,2025-12-31,,,0,false,false,,,,,,false,metric_summary_missing_or_unavailable,false,false,false,,,,,,,,,,,,unlabeled,null_missing_evidence,null_missing_evidence,Quant_mvp\config\v0_3_selector_label_rules.toml,,,,,,,,,,,,,,,,evaluation_prioritization|active_learning|uncertainty_ranking|review_triage,time_aware_required_before_training,,false,false,doi:10.1787/484807602168,doi:10.1787/484807602168,false,false,blocked_missing_evaluation_evidence,ml_rows_must_not_feed_scores_rankings_reports_backtests_trading_or_auto_adoption,production_activation_requires_later_root_approved_gate
v0_3_candidate_ml_input_0_2,"This candidate ML input row is evidence-only metadata for evaluator review. It is not a production ranking input, not a trading signal, not an adoption decision, and not automatic production activation.",sc:ecard:f3fa9ccad5d161b200c9,v0.3.0,sh:ecard:f3fa9ccad5d161b200c9,ecard:f3fa9ccad5d161b200c9,Quant_mvp\data\v0_3\selector_inputs\v0_3_selector_input.jsonl,Quant_mvp\data\v0_3\strategy_candidates\v0_3_strategy_candidate_registry.jsonl,,2026-05-06T14:04:50+00:00,draft,volatility,refine_strategy_hypothesis,false,2,3,7,8,diagnostic_context_only,0,not_collectable,diagnostic,diagnostic_backlog,volatility_liquidity,not_specified,0,low,metadata_only,not_reported,false,false,false,6,2,2011-05-31,2011,,,,missing_evaluation_evidence,,,2015-01-01,2025-12-31,,,0,false,false,,,,,,false,metric_summary_missing_or_unavailable,false,false,false,,,,,,,,,,,,unlabeled,null_missing_evidence,null_missing_evidence,Quant_mvp\config\v0_3_selector_label_rules.toml,,,,,,,,,,,,,,,,evaluation_prioritization|active_learning|uncertainty_ranking|review_triage,time_aware_required_before_training,,false,false,doi:10.3905/jpe.2011.14.3.038,doi:10.3905/jpe.2011.14.3.038,false,false,blocked_missing_evaluation_evidence,ml_rows_must_not_feed_scores_rankings_reports_backtests_trading_or_auto_adoption,production_activation_requires_later_root_approved_gate
v0_3_candidate_ml_input_0_2,"This candidate ML input row is evidence-only metadata for evaluator review. It is not a production ranking input, not a trading signal, not an adoption decision, and not automatic production activation.",sc:ecard:f42222ae1aa5ee7fd5f9,v0.3.0,sh:ecard:f42222ae1aa5ee7fd5f9,ecard:f42222ae1aa5ee7fd5f9,Quant_mvp\data\v0_3\selector_inputs\v0_3_selector_input.jsonl,Quant_mvp\data\v0_3\strategy_candidates\v0_3_strategy_candidate_registry.jsonl,,2026-05-06T14:04:50+00:00,draft,reversal,refine_strategy_hypothesis,false,2,3,7,8,diagnostic_context_only,0,not_collectable,diagnostic,diagnostic_backlog,mean_reversion,not_specified,0,low,metadata_only,not_reported,false,false,false,6,2,2023-03-16,2023,,,,missing_evaluation_evidence,,,2015-01-01,2025-12-31,,,0,false,false,,,,,,false,metric_summary_missing_or_unavailable,false,false,false,,,,,,,,,,,,unlabeled,null_missing_evidence,null_missing_evidence,Quant_mvp\config\v0_3_selector_label_rules.toml,,,,,,,,,,,,,,,,evaluation_prioritization|active_learning|uncertainty_ranking|review_triage,time_aware_required_before_training,,false,false,doi:10.2139/ssrn.4390750,doi:10.2139/ssrn.4390750,false,false,blocked_missing_evaluation_evidence,ml_rows_must_not_feed_scores_rankings_reports_backtests_trading_or_auto_adoption,production_activation_requires_later_root_approved_gate
v0_3_candidate_ml_input_0_2,"This candidate ML input row is evidence-only metadata for evaluator review. It is not a production ranking input, not a trading signal, not an adoption decision, and not automatic production activation.",sc:ecard:f44287b5dcb458bff94b,v0.3.0,sh:ecard:f44287b5dcb458bff94b,ecard:f44287b5dcb458bff94b,Quant_mvp\data\v0_3\selector_inputs\v0_3_selector_input.jsonl,Quant_mvp\data\v0_3\strategy_candidates\v0_3_strategy_candidate_registry.jsonl,,2026-05-06T14:04:50+00:00,blocked,other,resolve_blocker,false,2,1,6,8,excluded_rejected_or_out_of_scope,0,not_collectable,out_of_scope,reject_log,,not_specified,0,low,metadata_only,not_reported,false,false,false,6,2,1982-12-01,1982,,,,missing_evaluation_evidence,,,2015-01-01,2025-12-31,,,0,false,false,,,,,,false,metric_summary_missing_or_unavailable,false,false,false,,,,,,,,,,,,unlabeled,null_missing_evidence,null_missing_evidence,Quant_mvp\config\v0_3_selector_label_rules.toml,,,,,,,,,,,,,,,,evaluation_prioritization|active_learning|uncertainty_ranking|review_triage,time_aware_required_before_training,,false,false,doi:10.1016/s0378-4266(82)80002-2,doi:10.1016/s0378-4266(82)80002-2,false,false,blocked_missing_evaluation_evidence,ml_rows_must_not_feed_scores_rankings_reports_backtests_trading_or_auto_adoption,production_activation_requires_later_root_approved_gate
v0_3_candidate_ml_input_0_2,"This candidate ML input row is evidence-only metadata for evaluator review. It is not a production ranking input, not a trading signal, not an adoption decision, and not automatic production activation.",sc:ecard:f476b48aa5ab5444bf46,v0.3.0,sh:ecard:f476b48aa5ab5444bf46,ecard:f476b48aa5ab5444bf46,Quant_mvp\data\v0_3\selector_inputs\v0_3_selector_input.jsonl,Quant_mvp\data\v0_3\strategy_candidates\v0_3_strategy_candidate_registry.jsonl,,2026-05-06T14:04:50+00:00,blocked,volatility,resolve_blocker,false,3,1,7,8,excluded_rejected_or_out_of_scope,0,not_collectable,out_of_scope,reject_log,volatility_liquidity,partial,0,low,abstract_supported,not_reported,true,false,false,6,3,2018-11-14,2018,,,,missing_evaluation_evidence,,,2015-01-01,2025-12-31,,,0,false,false,,,,,,false,metric_summary_missing_or_unavailable,false,false,false,,,,,,,,,,,,unlabeled,null_missing_evidence,null_missing_evidence,Quant_mvp\config\v0_3_selector_label_rules.toml,,,,,,,,,,,,,,,,evaluation_prioritization|active_learning|uncertainty_ranking|review_triage,time_aware_required_before_training,,false,false,doi:10.1080/14697688.2018.1524155,doi:10.1080/14697688.2018.1524155,false,false,blocked_missing_evaluation_evidence,ml_rows_must_not_feed_scores_rankings_reports_backtests_trading_or_auto_adoption,production_activation_requires_later_root_approved_gate
v0_3_candidate_ml_input_0_2,"This candidate ML input row is evidence-only metadata for evaluator review. It is not a production ranking input, not a trading signal, not an adoption decision, and not automatic production activation.",sc:ecard:f49a3cda476ec2bade6a,v0.3.0,sh:ecard:f49a3cda476ec2bade6a,ecard:f49a3cda476ec2bade6a,Quant_mvp\data\v0_3\selector_inputs\v0_3_selector_input.jsonl,Quant_mvp\data\v0_3\strategy_candidates\v0_3_strategy_candidate_registry.jsonl,,2026-05-06T14:04:50+00:00,draft,other,refine_strategy_hypothesis,false,2,3,6,8,diagnostic_context_only,0,not_collectable,diagnostic,diagnostic_backlog,,not_specified,0,low,metadata_only,not_reported,true,false,false,6,2,2026-01-29,2026,,,,missing_evaluation_evidence,,,2015-01-01,2025-12-31,,,0,false,false,,,,,,false,metric_summary_missing_or_unavailable,false,false,false,,,,,,,,,,,,unlabeled,null_missing_evidence,null_missing_evidence,Quant_mvp\config\v0_3_selector_label_rules.toml,,,,,,,,,,,,,,,,evaluation_prioritization|active_learning|uncertainty_ranking|review_triage,time_aware_required_before_training,,false,false,doi:10.2139/ssrn.6149289,doi:10.2139/ssrn.6149289,false,false,blocked_missing_evaluation_evidence,ml_rows_must_not_feed_scores_rankings_reports_backtests_trading_or_auto_adoption,production_activation_requires_later_root_approved_gate
v0_3_candidate_ml_input_0_2,"This candidate ML input row is evidence-only metadata for evaluator review. It is not a production ranking input, not a trading signal, not an adoption decision, and not automatic production activation.",sc:ecard:f4c88f1c1c08da69b6b1,v0.3.0,sh:ecard:f4c88f1c1c08da69b6b1,ecard:f4c88f1c1c08da69b6b1,Quant_mvp\data\v0_3\selector_inputs\v0_3_selector_input.jsonl,Quant_mvp\data\v0_3\strategy_candidates\v0_3_strategy_candidate_registry.jsonl,,2026-05-06T14:04:50+00:00,draft,value,refine_strategy_hypothesis,false,4,2,6,8,needs_hybrid_split,3,low,hybrid,hybrid_split_required,momentum,partial,0,low,abstract_supported,not_reported,false,false,false,8,4,2024-10-27,2024,,,,missing_evaluation_evidence,,,2015-01-01,2025-12-31,,,0,false,false,,,,,,false,metric_summary_missing_or_unavailable,false,false,false,,,,,,,,,,,,unlabeled,null_missing_evidence,null_missing_evidence,Quant_mvp\config\v0_3_selector_label_rules.toml,,,,,,,,,,,,,,,,evaluation_prioritization|active_learning|uncertainty_ranking|review_triage,time_aware_required_before_training,,false,false,arxiv:2410.20597,arxiv:2410.20597,false,false,blocked_missing_evaluation_evidence,ml_rows_must_not_feed_scores_rankings_reports_backtests_trading_or_auto_adoption,production_activation_requires_later_root_approved_gate
v0_3_candidate_ml_input_0_2,"This candidate ML input row is evidence-only metadata for evaluator review. It is not a production ranking input, not a trading signal, not an adoption decision, and not automatic production activation.",sc:ecard:f547561b153bcf2651fe,v0.3.0,sh:ecard:f547561b153bcf2651fe,ecard:f547561b153bcf2651fe,Quant_mvp\data\v0_3\selector_inputs\v0_3_selector_input.jsonl,Quant_mvp\data\v0_3\strategy_candidates\v0_3_strategy_candidate_registry.jsonl,,2026-05-06T14:04:50+00:00,draft,value,refine_strategy_hypothesis,false,4,2,6,8,needs_hybrid_split,3,low,hybrid,hybrid_split_required,volatility_liquidity,partial,0,low,abstract_supported,not_reported,false,false,false,8,4,2020-08-31,2020,,,,missing_evaluation_evidence,,,2015-01-01,2025-12-31,,,0,false,false,,,,,,false,metric_summary_missing_or_unavailable,false,false,false,,,,,,,,,,,,unlabeled,null_missing_evidence,null_missing_evidence,Quant_mvp\config\v0_3_selector_label_rules.toml,,,,,,,,,,,,,,,,evaluation_prioritization|active_learning|uncertainty_ranking|review_triage,time_aware_required_before_training,,false,false,doi:10.1080/1351847x.2020.1812684,doi:10.1080/1351847x.2020.1812684,false,false,blocked_missing_evaluation_evidence,ml_rows_must_not_feed_scores_rankings_reports_backtests_trading_or_auto_adoption,production_activation_requires_later_root_approved_gate
v0_3_candidate_ml_input_0_2,"This candidate ML input row is evidence-only metadata for evaluator review. It is not a production ranking input, not a trading signal, not an adoption decision, and not automatic production activation.",sc:ecard:f5f9d5befa73da31636f,v0.3.0,sh:ecard:f5f9d5befa73da31636f,ecard:f5f9d5befa73da31636f,Quant_mvp\data\v0_3\selector_inputs\v0_3_selector_input.jsonl,Quant_mvp\data\v0_3\strategy_candidates\v0_3_strategy_candidate_registry.jsonl,,2026-05-06T14:04:50+00:00,draft,volatility,refine_strategy_hypothesis,false,2,3,7,8,diagnostic_context_only,0,not_collectable,diagnostic,diagnostic_backlog,volatility_liquidity,not_specified,0,low,metadata_only,not_reported,true,false,false,6,2,1994-01-01,1994,,,,missing_evaluation_evidence,,,2015-01-01,2025-12-31,,,0,false,false,,,,,,false,metric_summary_missing_or_unavailable,false,false,false,,,,,,,,,,,,unlabeled,null_missing_evidence,null_missing_evidence,Quant_mvp\config\v0_3_selector_label_rules.toml,,,,,,,,,,,,,,,,evaluation_prioritization|active_learning|uncertainty_ranking|review_triage,time_aware_required_before_training,,false,false,doi:10.5089/9781451854879.001,doi:10.5089/9781451854879.001,false,false,blocked_missing_evaluation_evidence,ml_rows_must_not_feed_scores_rankings_reports_backtests_trading_or_auto_adoption,production_activation_requires_later_root_approved_gate
v0_3_candidate_ml_input_0_2,"This candidate ML input row is evidence-only metadata for evaluator review. It is not a production ranking input, not a trading signal, not an adoption decision, and not automatic production activation.",sc:ecard:f679d3a7e52aea8026b2,v0.3.0,sh:ecard:f679d3a7e52aea8026b2,ecard:f679d3a7e52aea8026b2,Quant_mvp\data\v0_3\selector_inputs\v0_3_selector_input.jsonl,Quant_mvp\data\v0_3\strategy_candidates\v0_3_strategy_candidate_registry.jsonl,,2026-05-06T14:04:50+00:00,draft,other,refine_strategy_hypothesis,false,1,1,6,8,needs_manual_or_data_review,20,low,technical,technical_score_architect,,not_specified,0,low,metadata_only,not_reported,false,false,false,6,1,2022-12-11,2022,,,,missing_evaluation_evidence,,,2015-01-01,2025-12-31,,,0,false,false,,,,,,false,metric_summary_missing_or_unavailable,false,false,false,,,,,,,,,,,,unlabeled,null_missing_evidence,null_missing_evidence,Quant_mvp\config\v0_3_selector_label_rules.toml,,,,,,,,,,,,,,,,evaluation_prioritization|active_learning|uncertainty_ranking|review_triage,time_aware_required_before_training,,false,false,doi:10.1109/tocs56154.2022.10015924,doi:10.1109/tocs56154.2022.10015924,false,false,blocked_missing_evaluation_evidence,ml_rows_must_not_feed_scores_rankings_reports_backtests_trading_or_auto_adoption,production_activation_requires_later_root_approved_gate
v0_3_candidate_ml_input_0_2,"This candidate ML input row is evidence-only metadata for evaluator review. It is not a production ranking input, not a trading signal, not an adoption decision, and not automatic production activation.",sc:ecard:f6a2de2b3f158594199b,v0.3.0,sh:ecard:f6a2de2b3f158594199b,ecard:f6a2de2b3f158594199b,Quant_mvp\data\v0_3\selector_inputs\v0_3_selector_input.jsonl,Quant_mvp\data\v0_3\strategy_candidates\v0_3_strategy_candidate_registry.jsonl,,2026-05-06T14:04:50+00:00,draft,other,refine_strategy_hypothesis,false,2,3,6,8,diagnostic_context_only,0,not_collectable,diagnostic,diagnostic_backlog,,not_specified,0,low,metadata_only,not_reported,false,false,false,6,2,2009-09-01,2009,,,,missing_evaluation_evidence,,,2015-01-01,2025-12-31,,,0,false,false,,,,,,false,metric_summary_missing_or_unavailable,false,false,false,,,,,,,,,,,,unlabeled,null_missing_evidence,null_missing_evidence,Quant_mvp\config\v0_3_selector_label_rules.toml,,,,,,,,,,,,,,,,evaluation_prioritization|active_learning|uncertainty_ranking|review_triage,time_aware_required_before_training,,false,false,doi:10.1016/j.asieco.2009.07.008,doi:10.1016/j.asieco.2009.07.008,false,false,blocked_missing_evaluation_evidence,ml_rows_must_not_feed_scores_rankings_reports_backtests_trading_or_auto_adoption,production_activation_requires_later_root_approved_gate
v0_3_candidate_ml_input_0_2,"This candidate ML input row is evidence-only metadata for evaluator review. It is not a production ranking input, not a trading signal, not an adoption decision, and not automatic production activation.",sc:ecard:f722dca4d9c3fce57b31,v0.3.0,sh:ecard:f722dca4d9c3fce57b31,ecard:f722dca4d9c3fce57b31,Quant_mvp\data\v0_3\selector_inputs\v0_3_selector_input.jsonl,Quant_mvp\data\v0_3\strategy_candidates\v0_3_strategy_candidate_registry.jsonl,,2026-05-06T14:04:50+00:00,draft,volatility,refine_strategy_hypothesis,false,1,1,7,8,needs_manual_or_data_review,20,low,technical,technical_score_architect,volatility_liquidity,not_specified,0,low,metadata_only,,false,false,false,6,1,2005-01-01,2005,,,,missing_evaluation_evidence,,,2015-01-01,2025-12-31,,,0,false,false,,,,,,false,metric_summary_missing_or_unavailable,false,false,false,,,,,,,,,,,,unlabeled,null_missing_evidence,null_missing_evidence,Quant_mvp\config\v0_3_selector_label_rules.toml,,,,,,,,,,,,,,,,evaluation_prioritization|active_learning|uncertainty_ranking|review_triage,time_aware_required_before_training,,false,false,doi:10.2139/ssrn.567082,doi:10.2139/ssrn.567082,false,false,blocked_missing_evaluation_evidence,ml_rows_must_not_feed_scores_rankings_reports_backtests_trading_or_auto_adoption,production_activation_requires_later_root_approved_gate
v0_3_candidate_ml_input_0_2,"This candidate ML input row is evidence-only metadata for evaluator review. It is not a production ranking input, not a trading signal, not an adoption decision, and not automatic production activation.",sc:ecard:f73af532239486486f18,v0.3.0,sh:ecard:f73af532239486486f18,ecard:f73af532239486486f18,Quant_mvp\data\v0_3\selector_inputs\v0_3_selector_input.jsonl,Quant_mvp\data\v0_3\strategy_candidates\v0_3_strategy_candidate_registry.jsonl,,2026-05-06T14:04:50+00:00,draft,volatility,refine_strategy_hypothesis,false,1,1,7,8,needs_manual_or_data_review,20,low,technical,technical_score_architect,volatility_liquidity,not_specified,0,low,metadata_only,not_reported,false,false,false,6,1,2013-01-01,2013,,,,missing_evaluation_evidence,,,2015-01-01,2025-12-31,,,0,false,false,,,,,,false,metric_summary_missing_or_unavailable,false,false,false,,,,,,,,,,,,unlabeled,null_missing_evidence,null_missing_evidence,Quant_mvp\config\v0_3_selector_label_rules.toml,,,,,,,,,,,,,,,,evaluation_prioritization|active_learning|uncertainty_ranking|review_triage,time_aware_required_before_training,,false,false,doi:10.1007/978-3-642-40669-0_31,doi:10.1007/978-3-642-40669-0_31,false,false,blocked_missing_evaluation_evidence,ml_rows_must_not_feed_scores_rankings_reports_backtests_trading_or_auto_adoption,production_activation_requires_later_root_approved_gate
v0_3_candidate_ml_input_0_2,"This candidate ML input row is evidence-only metadata for evaluator review. It is not a production ranking input, not a trading signal, not an adoption decision, and not automatic production activation.",sc:ecard:f74d49ac6faaf44d7890,v0.3.0,sh:ecard:f74d49ac6faaf44d7890,ecard:f74d49ac6faaf44d7890,Quant_mvp\data\v0_3\selector_inputs\v0_3_selector_input.jsonl,Quant_mvp\data\v0_3\strategy_candidates\v0_3_strategy_candidate_registry.jsonl,,2026-05-06T14:04:50+00:00,draft,other,refine_strategy_hypothesis,false,1,3,6,8,diagnostic_context_only,24,low,diagnostic,diagnostic_backlog,,partial,2,low,abstract_supported,not_reported,false,false,false,6,1,2026-03-30,2026,,,,missing_evaluation_evidence,,,2015-01-01,2025-12-31,,,0,false,false,,,,,,false,metric_summary_missing_or_unavailable,false,false,false,,,,,,,,,,,,unlabeled,null_missing_evidence,null_missing_evidence,Quant_mvp\config\v0_3_selector_label_rules.toml,,,,,,,,,,,,,,,,evaluation_prioritization|active_learning|uncertainty_ranking|review_triage,time_aware_required_before_training,,false,false,arxiv:2603.28257,arxiv:2603.28257,false,false,blocked_missing_evaluation_evidence,ml_rows_must_not_feed_scores_rankings_reports_backtests_trading_or_auto_adoption,production_activation_requires_later_root_approved_gate
v0_3_candidate_ml_input_0_2,"This candidate ML input row is evidence-only metadata for evaluator review. It is not a production ranking input, not a trading signal, not an adoption decision, and not automatic production activation.",sc:ecard:f76072748c993b310f24,v0.3.0,sh:ecard:f76072748c993b310f24,ecard:f76072748c993b310f24,Quant_mvp\data\v0_3\selector_inputs\v0_3_selector_input.jsonl,Quant_mvp\data\v0_3\strategy_candidates\v0_3_strategy_candidate_registry.jsonl,,2026-05-06T14:04:50+00:00,draft,other,refine_strategy_hypothesis,false,1,3,6,8,diagnostic_context_only,24,low,diagnostic,diagnostic_backlog,,partial,2,low,abstract_supported,not_reported,true,false,false,6,1,2004-03-04,2004,,,,missing_evaluation_evidence,,,2015-01-01,2025-12-31,,,0,false,false,,,,,,false,metric_summary_missing_or_unavailable,false,false,false,,,,,,,,,,,,unlabeled,null_missing_evidence,null_missing_evidence,Quant_mvp\config\v0_3_selector_label_rules.toml,,,,,,,,,,,,,,,,evaluation_prioritization|active_learning|uncertainty_ranking|review_triage,time_aware_required_before_training,,false,false,doi:10.1093/oso/9780199256549.003.0005,doi:10.1093/oso/9780199256549.003.0005,false,false,blocked_missing_evaluation_evidence,ml_rows_must_not_feed_scores_rankings_reports_backtests_trading_or_auto_adoption,production_activation_requires_later_root_approved_gate
v0_3_candidate_ml_input_0_2,"This candidate ML input row is evidence-only metadata for evaluator review. It is not a production ranking input, not a trading signal, not an adoption decision, and not automatic production activation.",sc:ecard:f800369450c3ae00ff44,v0.3.0,sh:ecard:f800369450c3ae00ff44,ecard:f800369450c3ae00ff44,Quant_mvp\data\v0_3\selector_inputs\v0_3_selector_input.jsonl,Quant_mvp\data\v0_3\strategy_candidates\v0_3_strategy_candidate_registry.jsonl,,2026-05-06T14:04:50+00:00,draft,other,refine_strategy_hypothesis,false,2,3,6,8,diagnostic_context_only,0,not_collectable,diagnostic,diagnostic_backlog,,not_specified,0,low,metadata_only,not_reported,false,false,true,6,2,2026-01-12,2026,,,,missing_evaluation_evidence,,,2015-01-01,2025-12-31,,,0,false,false,,,,,,false,metric_summary_missing_or_unavailable,false,false,false,,,,,,,,,,,,unlabeled,null_missing_evidence,null_missing_evidence,Quant_mvp\config\v0_3_selector_label_rules.toml,,,,,,,,,,,,,,,,evaluation_prioritization|active_learning|uncertainty_ranking|review_triage,time_aware_required_before_training,,false,false,doi:10.2139/ssrn.6023314,doi:10.2139/ssrn.6023314,false,false,blocked_missing_evaluation_evidence,ml_rows_must_not_feed_scores_rankings_reports_backtests_trading_or_auto_adoption,production_activation_requires_later_root_approved_gate
v0_3_candidate_ml_input_0_2,"This candidate ML input row is evidence-only metadata for evaluator review. It is not a production ranking input, not a trading signal, not an adoption decision, and not automatic production activation.",sc:ecard:f806ee56137081a11326,v0.3.0,sh:ecard:f806ee56137081a11326,ecard:f806ee56137081a11326,Quant_mvp\data\v0_3\selector_inputs\v0_3_selector_input.jsonl,Quant_mvp\data\v0_3\strategy_candidates\v0_3_strategy_candidate_registry.jsonl,,2026-05-06T14:04:50+00:00,draft,other,refine_strategy_hypothesis,false,2,3,6,8,diagnostic_context_only,0,not_collectable,diagnostic,diagnostic_backlog,,not_specified,0,low,metadata_only,not_reported,false,false,false,6,2,2024-09-29,2024,,,,missing_evaluation_evidence,,,2015-01-01,2025-12-31,,,0,false,false,,,,,,false,metric_summary_missing_or_unavailable,false,false,false,,,,,,,,,,,,unlabeled,null_missing_evidence,null_missing_evidence,Quant_mvp\config\v0_3_selector_label_rules.toml,,,,,,,,,,,,,,,,evaluation_prioritization|active_learning|uncertainty_ranking|review_triage,time_aware_required_before_training,,false,false,doi:10.2139/ssrn.4970821,doi:10.2139/ssrn.4970821,false,false,blocked_missing_evaluation_evidence,ml_rows_must_not_feed_scores_rankings_reports_backtests_trading_or_auto_adoption,production_activation_requires_later_root_approved_gate
v0_3_candidate_ml_input_0_2,"This candidate ML input row is evidence-only metadata for evaluator review. It is not a production ranking input, not a trading signal, not an adoption decision, and not automatic production activation.",sc:ecard:f8157c279417699737e1,v0.3.0,sh:ecard:f8157c279417699737e1,ecard:f8157c279417699737e1,Quant_mvp\data\v0_3\selector_inputs\v0_3_selector_input.jsonl,Quant_mvp\data\v0_3\strategy_candidates\v0_3_strategy_candidate_registry.jsonl,,2026-05-06T14:04:50+00:00,draft,value,refine_strategy_hypothesis,false,4,3,6,8,excluded_valuation_lane,0,not_collectable,valuation,valuation_agent_handoff,,partial,0,low,abstract_supported,not_reported,true,true,true,8,4,2026-03-04,2026,,,,missing_evaluation_evidence,,,2015-01-01,2025-12-31,,,0,false,false,,,,,,false,metric_summary_missing_or_unavailable,false,false,false,,,,,,,,,,,,unlabeled,null_missing_evidence,null_missing_evidence,Quant_mvp\config\v0_3_selector_label_rules.toml,,,,,,,,,,,,,,,,evaluation_prioritization|active_learning|uncertainty_ranking|review_triage,time_aware_required_before_training,,false,false,arxiv:2603.16904,arxiv:2603.16904,false,false,blocked_missing_evaluation_evidence,ml_rows_must_not_feed_scores_rankings_reports_backtests_trading_or_auto_adoption,production_activation_requires_later_root_approved_gate
v0_3_candidate_ml_input_0_2,"This candidate ML input row is evidence-only metadata for evaluator review. It is not a production ranking input, not a trading signal, not an adoption decision, and not automatic production activation.",sc:ecard:f861bb2209d9985b5249,v0.3.0,sh:ecard:f861bb2209d9985b5249,ecard:f861bb2209d9985b5249,Quant_mvp\data\v0_3\selector_inputs\v0_3_selector_input.jsonl,Quant_mvp\data\v0_3\strategy_candidates\v0_3_strategy_candidate_registry.jsonl,,2026-05-06T14:04:50+00:00,blocked,other,resolve_blocker,false,2,1,6,8,excluded_rejected_or_out_of_scope,0,not_collectable,out_of_scope,reject_log,,not_specified,0,low,metadata_only,not_reported,false,false,false,6,2,2011-12-28,2011,,,,missing_evaluation_evidence,,,2015-01-01,2025-12-31,,,0,false,false,,,,,,false,metric_summary_missing_or_unavailable,false,false,false,,,,,,,,,,,,unlabeled,null_missing_evidence,null_missing_evidence,Quant_mvp\config\v0_3_selector_label_rules.toml,,,,,,,,,,,,,,,,evaluation_prioritization|active_learning|uncertainty_ranking|review_triage,time_aware_required_before_training,,false,false,doi:10.2139/ssrn.889708,doi:10.2139/ssrn.889708,false,false,blocked_missing_evaluation_evidence,ml_rows_must_not_feed_scores_rankings_reports_backtests_trading_or_auto_adoption,production_activation_requires_later_root_approved_gate
v0_3_candidate_ml_input_0_2,"This candidate ML input row is evidence-only metadata for evaluator review. It is not a production ranking input, not a trading signal, not an adoption decision, and not automatic production activation.",sc:ecard:f881fc019c0d246c7056,v0.3.0,sh:ecard:f881fc019c0d246c7056,ecard:f881fc019c0d246c7056,Quant_mvp\data\v0_3\selector_inputs\v0_3_selector_input.jsonl,Quant_mvp\data\v0_3\strategy_candidates\v0_3_strategy_candidate_registry.jsonl,,2026-05-06T14:04:50+00:00,draft,value,refine_strategy_hypothesis,false,4,3,6,8,excluded_valuation_lane,0,not_collectable,valuation,valuation_agent_handoff,,partial,0,medium,abstract_supported,not_reported,false,false,false,8,4,2012-07-01,2012,,,,missing_evaluation_evidence,,,2015-01-01,2025-12-31,,,0,false,false,,,,,,false,metric_summary_missing_or_unavailable,false,false,false,,,,,,,,,,,,unlabeled,null_missing_evidence,null_missing_evidence,Quant_mvp\config\v0_3_selector_label_rules.toml,,,,,,,,,,,,,,,,evaluation_prioritization|active_learning|uncertainty_ranking|review_triage,time_aware_required_before_training,,false,false,openalex:https://openalex.org/W2181627673,openalex:https://openalex.org/W2181627673,false,false,blocked_missing_evaluation_evidence,ml_rows_must_not_feed_scores_rankings_reports_backtests_trading_or_auto_adoption,production_activation_requires_later_root_approved_gate
v0_3_candidate_ml_input_0_2,"This candidate ML input row is evidence-only metadata for evaluator review. It is not a production ranking input, not a trading signal, not an adoption decision, and not automatic production activation.",sc:ecard:f8855feeee70d003f9ff,v0.3.0,sh:ecard:f8855feeee70d003f9ff,ecard:f8855feeee70d003f9ff,Quant_mvp\data\v0_3\selector_inputs\v0_3_selector_input.jsonl,Quant_mvp\data\v0_3\strategy_candidates\v0_3_strategy_candidate_registry.jsonl,,2026-05-06T14:04:50+00:00,draft,other,refine_strategy_hypothesis,false,2,3,6,8,diagnostic_context_only,0,not_collectable,diagnostic,diagnostic_backlog,,not_specified,0,low,metadata_only,not_reported,true,false,false,6,2,2011-01-01,2011,,,,missing_evaluation_evidence,,,2015-01-01,2025-12-31,,,0,false,false,,,,,,false,metric_summary_missing_or_unavailable,false,false,false,,,,,,,,,,,,unlabeled,null_missing_evidence,null_missing_evidence,Quant_mvp\config\v0_3_selector_label_rules.toml,,,,,,,,,,,,,,,,evaluation_prioritization|active_learning|uncertainty_ranking|review_triage,time_aware_required_before_training,,false,false,doi:10.1142/s021987111100038x,doi:10.1142/s021987111100038x,false,false,blocked_missing_evaluation_evidence,ml_rows_must_not_feed_scores_rankings_reports_backtests_trading_or_auto_adoption,production_activation_requires_later_root_approved_gate
v0_3_candidate_ml_input_0_2,"This candidate ML input row is evidence-only metadata for evaluator review. It is not a production ranking input, not a trading signal, not an adoption decision, and not automatic production activation.",sc:ecard:f8c2989d28cf31126b1e,v0.3.0,sh:ecard:f8c2989d28cf31126b1e,ecard:f8c2989d28cf31126b1e,Quant_mvp\data\v0_3\selector_inputs\v0_3_selector_input.jsonl,Quant_mvp\data\v0_3\strategy_candidates\v0_3_strategy_candidate_registry.jsonl,,2026-05-06T14:04:50+00:00,draft,volatility,refine_strategy_hypothesis,false,1,1,7,8,needs_manual_or_data_review,20,low,technical,technical_score_architect,volatility_liquidity,not_specified,0,low,metadata_only,not_reported,false,false,false,6,1,2016-01-20,2016,,,,missing_evaluation_evidence,,,2015-01-01,2025-12-31,,,0,false,false,,,,,,false,metric_summary_missing_or_unavailable,false,false,false,,,,,,,,,,,,unlabeled,null_missing_evidence,null_missing_evidence,Quant_mvp\config\v0_3_selector_label_rules.toml,,,,,,,,,,,,,,,,evaluation_prioritization|active_learning|uncertainty_ranking|review_triage,time_aware_required_before_training,,false,false,doi:10.2139/ssrn.2717484,doi:10.2139/ssrn.2717484,false,false,blocked_missing_evaluation_evidence,ml_rows_must_not_feed_scores_rankings_reports_backtests_trading_or_auto_adoption,production_activation_requires_later_root_approved_gate
v0_3_candidate_ml_input_0_2,"This candidate ML input row is evidence-only metadata for evaluator review. It is not a production ranking input, not a trading signal, not an adoption decision, and not automatic production activation.",sc:ecard:f8c5c310e41c67af0377,v0.3.0,sh:ecard:f8c5c310e41c67af0377,ecard:f8c5c310e41c67af0377,Quant_mvp\data\v0_3\selector_inputs\v0_3_selector_input.jsonl,Quant_mvp\data\v0_3\strategy_candidates\v0_3_strategy_candidate_registry.jsonl,,2026-05-06T14:04:50+00:00,draft,value,refine_strategy_hypothesis,false,4,3,6,8,excluded_valuation_lane,0,not_collectable,valuation,valuation_agent_handoff,,not_specified,0,low,metadata_only,not_reported,false,false,false,8,4,2000-02-01,2000,,,,missing_evaluation_evidence,,,2015-01-01,2025-12-31,,,0,false,false,,,,,,false,metric_summary_missing_or_unavailable,false,false,false,,,,,,,,,,,,unlabeled,null_missing_evidence,null_missing_evidence,Quant_mvp\config\v0_3_selector_label_rules.toml,,,,,,,,,,,,,,,,evaluation_prioritization|active_learning|uncertainty_ranking|review_triage,time_aware_required_before_training,,false,false,doi:10.1007/bf03372607,doi:10.1007/bf03372607,false,false,blocked_missing_evaluation_evidence,ml_rows_must_not_feed_scores_rankings_reports_backtests_trading_or_auto_adoption,production_activation_requires_later_root_approved_gate
v0_3_candidate_ml_input_0_2,"This candidate ML input row is evidence-only metadata for evaluator review. It is not a production ranking input, not a trading signal, not an adoption decision, and not automatic production activation.",sc:ecard:f8f4010e97998875e1ac,v0.3.0,sh:ecard:f8f4010e97998875e1ac,ecard:f8f4010e97998875e1ac,Quant_mvp\data\v0_3\selector_inputs\v0_3_selector_input.jsonl,Quant_mvp\data\v0_3\strategy_candidates\v0_3_strategy_candidate_registry.jsonl,,2026-05-06T14:04:50+00:00,draft,other,refine_strategy_hypothesis,false,1,1,6,8,needs_manual_or_data_review,20,low,technical,technical_score_architect,,not_specified,0,low,metadata_only,not_reported,false,false,false,6,1,2012-01-05,2012,,,,missing_evaluation_evidence,,,2015-01-01,2025-12-31,,,0,false,false,,,,,,false,metric_summary_missing_or_unavailable,false,false,false,,,,,,,,,,,,unlabeled,null_missing_evidence,null_missing_evidence,Quant_mvp\config\v0_3_selector_label_rules.toml,,,,,,,,,,,,,,,,evaluation_prioritization|active_learning|uncertainty_ranking|review_triage,time_aware_required_before_training,,false,false,doi:10.2139/ssrn.1633006,doi:10.2139/ssrn.1633006,false,false,blocked_missing_evaluation_evidence,ml_rows_must_not_feed_scores_rankings_reports_backtests_trading_or_auto_adoption,production_activation_requires_later_root_approved_gate
v0_3_candidate_ml_input_0_2,"This candidate ML input row is evidence-only metadata for evaluator review. It is not a production ranking input, not a trading signal, not an adoption decision, and not automatic production activation.",sc:ecard:fa3c54b99776b7b8e77e,v0.3.0,sh:ecard:fa3c54b99776b7b8e77e,ecard:fa3c54b99776b7b8e77e,Quant_mvp\data\v0_3\selector_inputs\v0_3_selector_input.jsonl,Quant_mvp\data\v0_3\strategy_candidates\v0_3_strategy_candidate_registry.jsonl,,2026-05-06T14:04:50+00:00,draft,other,refine_strategy_hypothesis,false,1,1,6,8,needs_manual_or_data_review,20,low,technical,technical_score_architect,,not_specified,0,low,metadata_only,not_reported,false,false,false,6,1,2020-01-01,2020,,,,missing_evaluation_evidence,,,2015-01-01,2025-12-31,,,0,false,false,,,,,,false,metric_summary_missing_or_unavailable,false,false,false,,,,,,,,,,,,unlabeled,null_missing_evidence,null_missing_evidence,Quant_mvp\config\v0_3_selector_label_rules.toml,,,,,,,,,,,,,,,,evaluation_prioritization|active_learning|uncertainty_ranking|review_triage,time_aware_required_before_training,,false,false,doi:10.1504/ijbg.2020.104965,doi:10.1504/ijbg.2020.104965,false,false,blocked_missing_evaluation_evidence,ml_rows_must_not_feed_scores_rankings_reports_backtests_trading_or_auto_adoption,production_activation_requires_later_root_approved_gate
v0_3_candidate_ml_input_0_2,"This candidate ML input row is evidence-only metadata for evaluator review. It is not a production ranking input, not a trading signal, not an adoption decision, and not automatic production activation.",sc:ecard:fa53df9a8f411aa875bb,v0.3.0,sh:ecard:fa53df9a8f411aa875bb,ecard:fa53df9a8f411aa875bb,Quant_mvp\data\v0_3\selector_inputs\v0_3_selector_input.jsonl,Quant_mvp\data\v0_3\strategy_candidates\v0_3_strategy_candidate_registry.jsonl,,2026-05-06T14:04:50+00:00,draft,volatility,refine_strategy_hypothesis,false,2,3,7,8,diagnostic_context_only,0,not_collectable,diagnostic,diagnostic_backlog,volatility_liquidity,not_specified,0,low,metadata_only,not_reported,false,false,false,6,2,2019-12-31,2019,,,,missing_evaluation_evidence,,,2015-01-01,2025-12-31,,,0,false,false,,,,,,false,metric_summary_missing_or_unavailable,false,false,false,,,,,,,,,,,,unlabeled,null_missing_evidence,null_missing_evidence,Quant_mvp\config\v0_3_selector_label_rules.toml,,,,,,,,,,,,,,,,evaluation_prioritization|active_learning|uncertainty_ranking|review_triage,time_aware_required_before_training,,false,false,doi:10.22558/jieb.2019.12.32.6.2615,doi:10.22558/jieb.2019.12.32.6.2615,false,false,blocked_missing_evaluation_evidence,ml_rows_must_not_feed_scores_rankings_reports_backtests_trading_or_auto_adoption,production_activation_requires_later_root_approved_gate
v0_3_candidate_ml_input_0_2,"This candidate ML input row is evidence-only metadata for evaluator review. It is not a production ranking input, not a trading signal, not an adoption decision, and not automatic production activation.",sc:ecard:faadf35d82b28f9fa836,v0.3.0,sh:ecard:faadf35d82b28f9fa836,ecard:faadf35d82b28f9fa836,Quant_mvp\data\v0_3\selector_inputs\v0_3_selector_input.jsonl,Quant_mvp\data\v0_3\strategy_candidates\v0_3_strategy_candidate_registry.jsonl,,2026-05-06T14:04:50+00:00,draft,other,refine_strategy_hypothesis,false,2,3,6,8,diagnostic_context_only,0,not_collectable,diagnostic,diagnostic_backlog,,not_specified,0,low,metadata_only,not_reported,true,false,false,6,2,2006-01-01,2006,,,,missing_evaluation_evidence,,,2015-01-01,2025-12-31,,,0,false,false,,,,,,false,metric_summary_missing_or_unavailable,false,false,false,,,,,,,,,,,,unlabeled,null_missing_evidence,null_missing_evidence,Quant_mvp\config\v0_3_selector_label_rules.toml,,,,,,,,,,,,,,,,evaluation_prioritization|active_learning|uncertainty_ranking|review_triage,time_aware_required_before_training,,false,false,doi:10.1142/s0219871106000299,doi:10.1142/s0219871106000299,false,false,blocked_missing_evaluation_evidence,ml_rows_must_not_feed_scores_rankings_reports_backtests_trading_or_auto_adoption,production_activation_requires_later_root_approved_gate
v0_3_candidate_ml_input_0_2,"This candidate ML input row is evidence-only metadata for evaluator review. It is not a production ranking input, not a trading signal, not an adoption decision, and not automatic production activation.",sc:ecard:faf6da0e1f8cade27dbb,v0.3.0,sh:ecard:faf6da0e1f8cade27dbb,ecard:faf6da0e1f8cade27dbb,Quant_mvp\data\v0_3\selector_inputs\v0_3_selector_input.jsonl,Quant_mvp\data\v0_3\strategy_candidates\v0_3_strategy_candidate_registry.jsonl,,2026-05-06T14:04:50+00:00,draft,seasonality,refine_strategy_hypothesis,false,1,3,6,8,diagnostic_context_only,24,low,diagnostic,diagnostic_backlog,volatility_liquidity,partial,2,low,abstract_supported,not_reported,false,false,false,6,1,2012-12-05,2012,,,,missing_evaluation_evidence,,,2015-01-01,2025-12-31,,,0,false,false,,,,,,false,metric_summary_missing_or_unavailable,false,false,false,,,,,,,,,,,,unlabeled,null_missing_evidence,null_missing_evidence,Quant_mvp\config\v0_3_selector_label_rules.toml,,,,,,,,,,,,,,,,evaluation_prioritization|active_learning|uncertainty_ranking|review_triage,time_aware_required_before_training,,false,false,doi:10.1093/rof/rfs035,doi:10.1093/rof/rfs035,false,false,blocked_missing_evaluation_evidence,ml_rows_must_not_feed_scores_rankings_reports_backtests_trading_or_auto_adoption,production_activation_requires_later_root_approved_gate
v0_3_candidate_ml_input_0_2,"This candidate ML input row is evidence-only metadata for evaluator review. It is not a production ranking input, not a trading signal, not an adoption decision, and not automatic production activation.",sc:ecard:fc1812fc9353e69b8800,v0.3.0,sh:ecard:fc1812fc9353e69b8800,ecard:fc1812fc9353e69b8800,Quant_mvp\data\v0_3\selector_inputs\v0_3_selector_input.jsonl,Quant_mvp\data\v0_3\strategy_candidates\v0_3_strategy_candidate_registry.jsonl,,2026-05-06T14:04:50+00:00,draft,seasonality,refine_strategy_hypothesis,false,2,3,6,8,diagnostic_context_only,0,not_collectable,diagnostic,diagnostic_backlog,,not_specified,0,low,metadata_only,not_reported,false,false,false,6,2,2025-09-01,2025,,,,missing_evaluation_evidence,,,2015-01-01,2025-12-31,,,0,false,false,,,,,,false,metric_summary_missing_or_unavailable,false,false,false,,,,,,,,,,,,unlabeled,null_missing_evidence,null_missing_evidence,Quant_mvp\config\v0_3_selector_label_rules.toml,,,,,,,,,,,,,,,,evaluation_prioritization|active_learning|uncertainty_ranking|review_triage,time_aware_required_before_training,,false,false,doi:10.1016/j.ememar.2025.101317,doi:10.1016/j.ememar.2025.101317,false,false,blocked_missing_evaluation_evidence,ml_rows_must_not_feed_scores_rankings_reports_backtests_trading_or_auto_adoption,production_activation_requires_later_root_approved_gate
v0_3_candidate_ml_input_0_2,"This candidate ML input row is evidence-only metadata for evaluator review. It is not a production ranking input, not a trading signal, not an adoption decision, and not automatic production activation.",sc:ecard:fcb597926866bfb1de7b,v0.3.0,sh:ecard:fcb597926866bfb1de7b,ecard:fcb597926866bfb1de7b,Quant_mvp\data\v0_3\selector_inputs\v0_3_selector_input.jsonl,Quant_mvp\data\v0_3\strategy_candidates\v0_3_strategy_candidate_registry.jsonl,,2026-05-06T14:04:50+00:00,draft,momentum,refine_strategy_hypothesis,false,1,1,7,8,needs_manual_or_data_review,20,low,technical,technical_score_architect,momentum,not_specified,0,low,metadata_only,not_reported,false,false,false,6,1,2012-01-02,2012,,,,missing_evaluation_evidence,,,2015-01-01,2025-12-31,,,0,false,false,,,,,,false,metric_summary_missing_or_unavailable,false,false,false,,,,,,,,,,,,unlabeled,null_missing_evidence,null_missing_evidence,Quant_mvp\config\v0_3_selector_label_rules.toml,,,,,,,,,,,,,,,,evaluation_prioritization|active_learning|uncertainty_ranking|review_triage,time_aware_required_before_training,,false,false,doi:10.1002/9781119200697.ch8,doi:10.1002/9781119200697.ch8,false,false,blocked_missing_evaluation_evidence,ml_rows_must_not_feed_scores_rankings_reports_backtests_trading_or_auto_adoption,production_activation_requires_later_root_approved_gate
v0_3_candidate_ml_input_0_2,"This candidate ML input row is evidence-only metadata for evaluator review. It is not a production ranking input, not a trading signal, not an adoption decision, and not automatic production activation.",sc:ecard:fcdb458eb761d357eefb,v0.3.0,sh:ecard:fcdb458eb761d357eefb,ecard:fcdb458eb761d357eefb,Quant_mvp\data\v0_3\selector_inputs\v0_3_selector_input.jsonl,Quant_mvp\data\v0_3\strategy_candidates\v0_3_strategy_candidate_registry.jsonl,,2026-05-06T14:04:50+00:00,draft,other,refine_strategy_hypothesis,false,1,1,6,8,needs_manual_or_data_review,20,low,technical,technical_score_architect,,not_specified,0,low,metadata_only,,false,false,false,6,1,2002-01-01,2002,,,,missing_evaluation_evidence,,,2015-01-01,2025-12-31,,,0,false,false,,,,,,false,metric_summary_missing_or_unavailable,false,false,false,,,,,,,,,,,,unlabeled,null_missing_evidence,null_missing_evidence,Quant_mvp\config\v0_3_selector_label_rules.toml,,,,,,,,,,,,,,,,evaluation_prioritization|active_learning|uncertainty_ranking|review_triage,time_aware_required_before_training,,false,false,doi:10.1016/b978-075065516-3.50007-8,doi:10.1016/b978-075065516-3.50007-8,false,false,blocked_missing_evaluation_evidence,ml_rows_must_not_feed_scores_rankings_reports_backtests_trading_or_auto_adoption,production_activation_requires_later_root_approved_gate
v0_3_candidate_ml_input_0_2,"This candidate ML input row is evidence-only metadata for evaluator review. It is not a production ranking input, not a trading signal, not an adoption decision, and not automatic production activation.",sc:ecard:fde9b6dd8f6f4605a419,v0.3.0,sh:ecard:fde9b6dd8f6f4605a419,ecard:fde9b6dd8f6f4605a419,Quant_mvp\data\v0_3\selector_inputs\v0_3_selector_input.jsonl,Quant_mvp\data\v0_3\strategy_candidates\v0_3_strategy_candidate_registry.jsonl,,2026-05-06T14:04:50+00:00,blocked,other,resolve_blocker,false,2,1,6,8,excluded_rejected_or_out_of_scope,0,not_collectable,out_of_scope,reject_log,,not_specified,0,low,metadata_only,not_reported,false,false,false,6,2,2012-12-01,2012,,,,missing_evaluation_evidence,,,2015-01-01,2025-12-31,,,0,false,false,,,,,,false,metric_summary_missing_or_unavailable,false,false,false,,,,,,,,,,,,unlabeled,null_missing_evidence,null_missing_evidence,Quant_mvp\config\v0_3_selector_label_rules.toml,,,,,,,,,,,,,,,,evaluation_prioritization|active_learning|uncertainty_ranking|review_triage,time_aware_required_before_training,,false,false,doi:10.1016/j.jempfin.2012.07.003,doi:10.1016/j.jempfin.2012.07.003,false,false,blocked_missing_evaluation_evidence,ml_rows_must_not_feed_scores_rankings_reports_backtests_trading_or_auto_adoption,production_activation_requires_later_root_approved_gate
v0_3_candidate_ml_input_0_2,"This candidate ML input row is evidence-only metadata for evaluator review. It is not a production ranking input, not a trading signal, not an adoption decision, and not automatic production activation.",sc:ecard:fdfc11c73edaad20dc15,v0.3.0,sh:ecard:fdfc11c73edaad20dc15,ecard:fdfc11c73edaad20dc15,Quant_mvp\data\v0_3\selector_inputs\v0_3_selector_input.jsonl,Quant_mvp\data\v0_3\strategy_candidates\v0_3_strategy_candidate_registry.jsonl,,2026-05-06T14:04:50+00:00,draft,other,refine_strategy_hypothesis,false,2,3,6,8,diagnostic_context_only,0,not_collectable,diagnostic,diagnostic_backlog,,not_specified,0,low,metadata_only,not_reported,false,false,false,6,2,1997-06-01,1997,,,,missing_evaluation_evidence,,,2015-01-01,2025-12-31,,,0,false,false,,,,,,false,metric_summary_missing_or_unavailable,false,false,false,,,,,,,,,,,,unlabeled,null_missing_evidence,null_missing_evidence,Quant_mvp\config\v0_3_selector_label_rules.toml,,,,,,,,,,,,,,,,evaluation_prioritization|active_learning|uncertainty_ranking|review_triage,time_aware_required_before_training,,false,false,doi:10.1080/10293574.1997.10510511,doi:10.1080/10293574.1997.10510511,false,false,blocked_missing_evaluation_evidence,ml_rows_must_not_feed_scores_rankings_reports_backtests_trading_or_auto_adoption,production_activation_requires_later_root_approved_gate
v0_3_candidate_ml_input_0_2,"This candidate ML input row is evidence-only metadata for evaluator review. It is not a production ranking input, not a trading signal, not an adoption decision, and not automatic production activation.",sc:ecard:fe1393f22ae8c364bdf2,v0.3.0,sh:ecard:fe1393f22ae8c364bdf2,ecard:fe1393f22ae8c364bdf2,Quant_mvp\data\v0_3\selector_inputs\v0_3_selector_input.jsonl,Quant_mvp\data\v0_3\strategy_candidates\v0_3_strategy_candidate_registry.jsonl,,2026-05-06T14:04:50+00:00,draft,momentum,refine_strategy_hypothesis,false,1,1,7,8,needs_manual_or_data_review,20,low,technical,technical_score_architect,momentum,not_specified,0,low,metadata_only,not_reported,false,false,false,6,1,2025-01-31,2025,,,,missing_evaluation_evidence,,,2015-01-01,2025-12-31,,,0,false,false,,,,,,false,metric_summary_missing_or_unavailable,false,false,false,,,,,,,,,,,,unlabeled,null_missing_evidence,null_missing_evidence,Quant_mvp\config\v0_3_selector_label_rules.toml,,,,,,,,,,,,,,,,evaluation_prioritization|active_learning|uncertainty_ranking|review_triage,time_aware_required_before_training,,false,false,doi:10.2139/ssrn.5116091,doi:10.2139/ssrn.5116091,false,false,blocked_missing_evaluation_evidence,ml_rows_must_not_feed_scores_rankings_reports_backtests_trading_or_auto_adoption,production_activation_requires_later_root_approved_gate
v0_3_candidate_ml_input_0_2,"This candidate ML input row is evidence-only metadata for evaluator review. It is not a production ranking input, not a trading signal, not an adoption decision, and not automatic production activation.",sc:ecard:fe24ed5fd589f5ffa039,v0.3.0,sh:ecard:fe24ed5fd589f5ffa039,ecard:fe24ed5fd589f5ffa039,Quant_mvp\data\v0_3\selector_inputs\v0_3_selector_input.jsonl,Quant_mvp\data\v0_3\strategy_candidates\v0_3_strategy_candidate_registry.jsonl,,2026-05-06T14:04:50+00:00,draft,value,refine_strategy_hypothesis,false,4,2,6,8,needs_hybrid_split,3,low,hybrid,hybrid_split_required,volatility_liquidity,partial,0,low,abstract_supported,,false,false,false,8,4,2025-03-29,2025,,,,missing_evaluation_evidence,,,2015-01-01,2025-12-31,,,0,false,false,,,,,,false,metric_summary_missing_or_unavailable,false,false,false,,,,,,,,,,,,unlabeled,null_missing_evidence,null_missing_evidence,Quant_mvp\config\v0_3_selector_label_rules.toml,,,,,,,,,,,,,,,,evaluation_prioritization|active_learning|uncertainty_ranking|review_triage,time_aware_required_before_training,,false,false,doi:10.55927/jfbd.v4i1.48,doi:10.55927/jfbd.v4i1.48,false,false,blocked_missing_evaluation_evidence,ml_rows_must_not_feed_scores_rankings_reports_backtests_trading_or_auto_adoption,production_activation_requires_later_root_approved_gate
v0_3_candidate_ml_input_0_2,"This candidate ML input row is evidence-only metadata for evaluator review. It is not a production ranking input, not a trading signal, not an adoption decision, and not automatic production activation.",sc:ecard:fe7a7b17da33bfd58750,v0.3.0,sh:ecard:fe7a7b17da33bfd58750,ecard:fe7a7b17da33bfd58750,Quant_mvp\data\v0_3\selector_inputs\v0_3_selector_input.jsonl,Quant_mvp\data\v0_3\strategy_candidates\v0_3_strategy_candidate_registry.jsonl,,2026-05-06T14:04:50+00:00,blocked,other,resolve_blocker,false,2,1,6,8,excluded_rejected_or_out_of_scope,0,not_collectable,out_of_scope,reject_log,,not_specified,0,low,metadata_only,not_reported,false,false,false,6,2,2002-01-01,2002,,,,missing_evaluation_evidence,,,2015-01-01,2025-12-31,,,0,false,false,,,,,,false,metric_summary_missing_or_unavailable,false,false,false,,,,,,,,,,,,unlabeled,null_missing_evidence,null_missing_evidence,Quant_mvp\config\v0_3_selector_label_rules.toml,,,,,,,,,,,,,,,,evaluation_prioritization|active_learning|uncertainty_ranking|review_triage,time_aware_required_before_training,,false,false,doi:10.2139/ssrn.296393,doi:10.2139/ssrn.296393,false,false,blocked_missing_evaluation_evidence,ml_rows_must_not_feed_scores_rankings_reports_backtests_trading_or_auto_adoption,production_activation_requires_later_root_approved_gate
