schema_version,adoption_candidate_id,candidate_id,candidate_version,source_evidence_id,selector_version,selector_run_id,selector_input_refs,diagnostic_references,selector_score_source,selector_score,selector_score_candidate,selector_rank,relative_review_rank,review_priority,confidence,reason_codes,evidence_summary,benchmark_or_proxy_reference_summary,risk_summary,limitation_summary,limitations,blocked_or_excluded_reason,required_review,status,no_feedback_check,activation_gate_ref,selector_gate_ref,production_boundary_check
v0_3_adoption_candidate_review_packet_0_1,ac_v0_3_adoption_candidate_review_packets_20260508_124600_sc_ecard_02f56db7dbb7475b226d,sc:ecard:02f56db7dbb7475b226d,v0.3.0,ee_v0_3_20260506_sc_ecard_02f56db7dbb7475b226d,v0_3_rule_first_selector_0_1,rule_first_selector_20260508_124555,"[""Quant_mvp\\data\\v0_3\\rule_first_selector\\v0_3_rule_first_selector.jsonl"", ""ee_v0_3_20260506_sc_ecard_02f56db7dbb7475b226d""]","{""adoption_auto_decision_allowed"": false, ""evaluation_mode"": ""diagnostic_ranking_only"", ""ml_score_ranking_manifest_path"": ""Quant_mvp\\data\\v0_4\\selector_scores\\v0_4_1_selector_ml_score_ranking_manifest.json"", ""performance_claim_allowed"": false, ""ranking_result_changes_selector_rank"": false, ""ranking_result_changes_selector_score"": false, ""reference_only"": true, ""selector_score_source_unchanged"": true, ""trading_signal_allowed"": false}",rule_only,58.671009,58.671009,20,20,secondary_review_candidate,low,"[""evidence_complete_enough_for_review"", ""historical_performance_summary_documented"", ""risk_metrics_documented"", ""limitations_explicit"", ""no_feedback_boundary_passed"", ""rule_only_selector_review""]","{""actual_metric_role"": ""candidate_specific"", ""actual_metric_source"": ""approved_evaluation_evidence"", ""candidate_metric_match"": true, ""metric_subject_id"": ""sc:ecard:02f56db7dbb7475b226d"", ""metric_subject_type"": ""strategy_candidate"", ""source_evidence_id"": ""ee_v0_3_20260506_sc_ecard_02f56db7dbb7475b226d"", ""total_return"": 0.9478898686276229}","{""benchmark_return"": null, ""excess_return_vs_proxy"": null, ""generic_momentum_proxy_role"": ""benchmark_reference_context_only"", ""generic_proxy_not_used_as_label_or_selector_score"": true, ""proxy_return"": null, ""reference_context_available"": false}","{""failure_flags"": [], ""max_drawdown"": -0.6092164024086726, ""sharpe"": 0.35818175172278915, ""turnover"": 0.8618159203980099, ""volatility"": 0.2968075686560764}","[""adoption_candidate_review_only_not_activation"", ""production_activation_requires_separate_root_gate"", ""supervised_ml_blocked_or_not_available_rule_only_selector_used"", ""ml_selector_score_absent""]","[""adoption_candidate_review_only_not_activation"", ""production_activation_requires_separate_root_gate"", ""supervised_ml_blocked_or_not_available_rule_only_selector_used"", ""ml_selector_score_absent""]",,"[""root_governance_review"", ""quant_strategy_adoption_gate_review"", ""production_activation_decision_gate_required""]",activation_blocked,adoption_candidate_review_packet_must_not_feed_runtime_ranking_trading_or_auto_activation,docs/extension/v0_3_production_activation_decision_gate.md,docs/extension/v0_3_adoption_candidate_selector_gate.md,no_automatic_production_activation_claim
v0_3_adoption_candidate_review_packet_0_1,ac_v0_3_adoption_candidate_review_packets_20260508_124600_sc_ecard_036ba7277bc6db18ab53,sc:ecard:036ba7277bc6db18ab53,v0.3.0,ee_v0_3_20260506_sc_ecard_036ba7277bc6db18ab53,v0_3_rule_first_selector_0_1,rule_first_selector_20260508_124555,"[""Quant_mvp\\data\\v0_3\\rule_first_selector\\v0_3_rule_first_selector.jsonl"", ""ee_v0_3_20260506_sc_ecard_036ba7277bc6db18ab53""]","{""adoption_auto_decision_allowed"": false, ""evaluation_mode"": ""diagnostic_ranking_only"", ""ml_score_ranking_manifest_path"": ""Quant_mvp\\data\\v0_4\\selector_scores\\v0_4_1_selector_ml_score_ranking_manifest.json"", ""performance_claim_allowed"": false, ""ranking_result_changes_selector_rank"": false, ""ranking_result_changes_selector_score"": false, ""reference_only"": true, ""selector_score_source_unchanged"": true, ""trading_signal_allowed"": false}",rule_only,60.641751,60.641751,1,1,top_review_candidate,low,"[""evidence_complete_enough_for_review"", ""historical_performance_summary_documented"", ""risk_metrics_documented"", ""limitations_explicit"", ""no_feedback_boundary_passed"", ""rule_only_selector_review""]","{""actual_metric_role"": ""candidate_specific"", ""actual_metric_source"": ""approved_evaluation_evidence"", ""candidate_metric_match"": true, ""metric_subject_id"": ""sc:ecard:036ba7277bc6db18ab53"", ""metric_subject_type"": ""strategy_candidate"", ""source_evidence_id"": ""ee_v0_3_20260506_sc_ecard_036ba7277bc6db18ab53"", ""total_return"": 4.59248614414884}","{""benchmark_return"": null, ""excess_return_vs_proxy"": null, ""generic_momentum_proxy_role"": ""benchmark_reference_context_only"", ""generic_proxy_not_used_as_label_or_selector_score"": true, ""proxy_return"": null, ""reference_context_available"": false}","{""failure_flags"": [], ""max_drawdown"": -0.49924422265194046, ""sharpe"": 0.5932409139655367, ""turnover"": 0.686318407960199, ""volatility"": 0.39104534114120565}","[""adoption_candidate_review_only_not_activation"", ""production_activation_requires_separate_root_gate"", ""supervised_ml_blocked_or_not_available_rule_only_selector_used"", ""ml_selector_score_absent""]","[""adoption_candidate_review_only_not_activation"", ""production_activation_requires_separate_root_gate"", ""supervised_ml_blocked_or_not_available_rule_only_selector_used"", ""ml_selector_score_absent""]",,"[""root_governance_review"", ""quant_strategy_adoption_gate_review"", ""production_activation_decision_gate_required""]",activation_blocked,adoption_candidate_review_packet_must_not_feed_runtime_ranking_trading_or_auto_activation,docs/extension/v0_3_production_activation_decision_gate.md,docs/extension/v0_3_adoption_candidate_selector_gate.md,no_automatic_production_activation_claim
v0_3_adoption_candidate_review_packet_0_1,ac_v0_3_adoption_candidate_review_packets_20260508_124600_sc_ecard_0910c98f460841de26c5,sc:ecard:0910c98f460841de26c5,v0.3.0,ee_v0_3_20260506_sc_ecard_0910c98f460841de26c5,v0_3_rule_first_selector_0_1,rule_first_selector_20260508_124555,"[""Quant_mvp\\data\\v0_3\\rule_first_selector\\v0_3_rule_first_selector.jsonl"", ""ee_v0_3_20260506_sc_ecard_0910c98f460841de26c5""]","{""adoption_auto_decision_allowed"": false, ""evaluation_mode"": ""diagnostic_ranking_only"", ""ml_score_ranking_manifest_path"": ""Quant_mvp\\data\\v0_4\\selector_scores\\v0_4_1_selector_ml_score_ranking_manifest.json"", ""performance_claim_allowed"": false, ""ranking_result_changes_selector_rank"": false, ""ranking_result_changes_selector_score"": false, ""reference_only"": true, ""selector_score_source_unchanged"": true, ""trading_signal_allowed"": false}",rule_only,60.641751,60.641751,2,2,top_review_candidate,low,"[""evidence_complete_enough_for_review"", ""historical_performance_summary_documented"", ""risk_metrics_documented"", ""limitations_explicit"", ""no_feedback_boundary_passed"", ""rule_only_selector_review""]","{""actual_metric_role"": ""candidate_specific"", ""actual_metric_source"": ""approved_evaluation_evidence"", ""candidate_metric_match"": true, ""metric_subject_id"": ""sc:ecard:0910c98f460841de26c5"", ""metric_subject_type"": ""strategy_candidate"", ""source_evidence_id"": ""ee_v0_3_20260506_sc_ecard_0910c98f460841de26c5"", ""total_return"": 4.59248614414884}","{""benchmark_return"": null, ""excess_return_vs_proxy"": null, ""generic_momentum_proxy_role"": ""benchmark_reference_context_only"", ""generic_proxy_not_used_as_label_or_selector_score"": true, ""proxy_return"": null, ""reference_context_available"": false}","{""failure_flags"": [], ""max_drawdown"": -0.49924422265194046, ""sharpe"": 0.5932409139655367, ""turnover"": 0.686318407960199, ""volatility"": 0.39104534114120565}","[""adoption_candidate_review_only_not_activation"", ""production_activation_requires_separate_root_gate"", ""supervised_ml_blocked_or_not_available_rule_only_selector_used"", ""ml_selector_score_absent""]","[""adoption_candidate_review_only_not_activation"", ""production_activation_requires_separate_root_gate"", ""supervised_ml_blocked_or_not_available_rule_only_selector_used"", ""ml_selector_score_absent""]",,"[""root_governance_review"", ""quant_strategy_adoption_gate_review"", ""production_activation_decision_gate_required""]",activation_blocked,adoption_candidate_review_packet_must_not_feed_runtime_ranking_trading_or_auto_activation,docs/extension/v0_3_production_activation_decision_gate.md,docs/extension/v0_3_adoption_candidate_selector_gate.md,no_automatic_production_activation_claim
v0_3_adoption_candidate_review_packet_0_1,ac_v0_3_adoption_candidate_review_packets_20260508_124600_sc_ecard_0bde902d7888f21a20a0,sc:ecard:0bde902d7888f21a20a0,v0.3.0,ee_v0_3_20260506_sc_ecard_0bde902d7888f21a20a0,v0_3_rule_first_selector_0_1,rule_first_selector_20260508_124555,"[""Quant_mvp\\data\\v0_3\\rule_first_selector\\v0_3_rule_first_selector.jsonl"", ""ee_v0_3_20260506_sc_ecard_0bde902d7888f21a20a0""]","{""adoption_auto_decision_allowed"": false, ""evaluation_mode"": ""diagnostic_ranking_only"", ""ml_score_ranking_manifest_path"": ""Quant_mvp\\data\\v0_4\\selector_scores\\v0_4_1_selector_ml_score_ranking_manifest.json"", ""performance_claim_allowed"": false, ""ranking_result_changes_selector_rank"": false, ""ranking_result_changes_selector_score"": false, ""reference_only"": true, ""selector_score_source_unchanged"": true, ""trading_signal_allowed"": false}",rule_only,58.671009,58.671009,21,21,secondary_review_candidate,low,"[""evidence_complete_enough_for_review"", ""historical_performance_summary_documented"", ""risk_metrics_documented"", ""limitations_explicit"", ""no_feedback_boundary_passed"", ""rule_only_selector_review""]","{""actual_metric_role"": ""candidate_specific"", ""actual_metric_source"": ""approved_evaluation_evidence"", ""candidate_metric_match"": true, ""metric_subject_id"": ""sc:ecard:0bde902d7888f21a20a0"", ""metric_subject_type"": ""strategy_candidate"", ""source_evidence_id"": ""ee_v0_3_20260506_sc_ecard_0bde902d7888f21a20a0"", ""total_return"": 0.9478898686276229}","{""benchmark_return"": null, ""excess_return_vs_proxy"": null, ""generic_momentum_proxy_role"": ""benchmark_reference_context_only"", ""generic_proxy_not_used_as_label_or_selector_score"": true, ""proxy_return"": null, ""reference_context_available"": false}","{""failure_flags"": [], ""max_drawdown"": -0.6092164024086726, ""sharpe"": 0.35818175172278915, ""turnover"": 0.8618159203980099, ""volatility"": 0.2968075686560764}","[""adoption_candidate_review_only_not_activation"", ""production_activation_requires_separate_root_gate"", ""supervised_ml_blocked_or_not_available_rule_only_selector_used"", ""ml_selector_score_absent""]","[""adoption_candidate_review_only_not_activation"", ""production_activation_requires_separate_root_gate"", ""supervised_ml_blocked_or_not_available_rule_only_selector_used"", ""ml_selector_score_absent""]",,"[""root_governance_review"", ""quant_strategy_adoption_gate_review"", ""production_activation_decision_gate_required""]",activation_blocked,adoption_candidate_review_packet_must_not_feed_runtime_ranking_trading_or_auto_activation,docs/extension/v0_3_production_activation_decision_gate.md,docs/extension/v0_3_adoption_candidate_selector_gate.md,no_automatic_production_activation_claim
v0_3_adoption_candidate_review_packet_0_1,ac_v0_3_adoption_candidate_review_packets_20260508_124600_sc_ecard_126fb6084d72e85e82a0,sc:ecard:126fb6084d72e85e82a0,v0.3.0,ee_v0_3_20260506_sc_ecard_126fb6084d72e85e82a0,v0_3_rule_first_selector_0_1,rule_first_selector_20260508_124555,"[""Quant_mvp\\data\\v0_3\\rule_first_selector\\v0_3_rule_first_selector.jsonl"", ""ee_v0_3_20260506_sc_ecard_126fb6084d72e85e82a0""]","{""adoption_auto_decision_allowed"": false, ""evaluation_mode"": ""diagnostic_ranking_only"", ""ml_score_ranking_manifest_path"": ""Quant_mvp\\data\\v0_4\\selector_scores\\v0_4_1_selector_ml_score_ranking_manifest.json"", ""performance_claim_allowed"": false, ""ranking_result_changes_selector_rank"": false, ""ranking_result_changes_selector_score"": false, ""reference_only"": true, ""selector_score_source_unchanged"": true, ""trading_signal_allowed"": false}",rule_only,58.671009,58.671009,22,22,secondary_review_candidate,low,"[""evidence_complete_enough_for_review"", ""historical_performance_summary_documented"", ""risk_metrics_documented"", ""limitations_explicit"", ""no_feedback_boundary_passed"", ""rule_only_selector_review""]","{""actual_metric_role"": ""candidate_specific"", ""actual_metric_source"": ""approved_evaluation_evidence"", ""candidate_metric_match"": true, ""metric_subject_id"": ""sc:ecard:126fb6084d72e85e82a0"", ""metric_subject_type"": ""strategy_candidate"", ""source_evidence_id"": ""ee_v0_3_20260506_sc_ecard_126fb6084d72e85e82a0"", ""total_return"": 0.9478898686276229}","{""benchmark_return"": null, ""excess_return_vs_proxy"": null, ""generic_momentum_proxy_role"": ""benchmark_reference_context_only"", ""generic_proxy_not_used_as_label_or_selector_score"": true, ""proxy_return"": null, ""reference_context_available"": false}","{""failure_flags"": [], ""max_drawdown"": -0.6092164024086726, ""sharpe"": 0.35818175172278915, ""turnover"": 0.8618159203980099, ""volatility"": 0.2968075686560764}","[""adoption_candidate_review_only_not_activation"", ""production_activation_requires_separate_root_gate"", ""supervised_ml_blocked_or_not_available_rule_only_selector_used"", ""ml_selector_score_absent""]","[""adoption_candidate_review_only_not_activation"", ""production_activation_requires_separate_root_gate"", ""supervised_ml_blocked_or_not_available_rule_only_selector_used"", ""ml_selector_score_absent""]",,"[""root_governance_review"", ""quant_strategy_adoption_gate_review"", ""production_activation_decision_gate_required""]",activation_blocked,adoption_candidate_review_packet_must_not_feed_runtime_ranking_trading_or_auto_activation,docs/extension/v0_3_production_activation_decision_gate.md,docs/extension/v0_3_adoption_candidate_selector_gate.md,no_automatic_production_activation_claim
v0_3_adoption_candidate_review_packet_0_1,ac_v0_3_adoption_candidate_review_packets_20260508_124600_sc_ecard_154d648d554b4b22a3d4,sc:ecard:154d648d554b4b22a3d4,v0.3.0,ee_v0_3_20260506_sc_ecard_154d648d554b4b22a3d4,v0_3_rule_first_selector_0_1,rule_first_selector_20260508_124555,"[""Quant_mvp\\data\\v0_3\\rule_first_selector\\v0_3_rule_first_selector.jsonl"", ""ee_v0_3_20260506_sc_ecard_154d648d554b4b22a3d4""]","{""adoption_auto_decision_allowed"": false, ""evaluation_mode"": ""diagnostic_ranking_only"", ""ml_score_ranking_manifest_path"": ""Quant_mvp\\data\\v0_4\\selector_scores\\v0_4_1_selector_ml_score_ranking_manifest.json"", ""performance_claim_allowed"": false, ""ranking_result_changes_selector_rank"": false, ""ranking_result_changes_selector_score"": false, ""reference_only"": true, ""selector_score_source_unchanged"": true, ""trading_signal_allowed"": false}",rule_only,58.671009,58.671009,23,23,secondary_review_candidate,low,"[""evidence_complete_enough_for_review"", ""historical_performance_summary_documented"", ""risk_metrics_documented"", ""limitations_explicit"", ""no_feedback_boundary_passed"", ""rule_only_selector_review""]","{""actual_metric_role"": ""candidate_specific"", ""actual_metric_source"": ""approved_evaluation_evidence"", ""candidate_metric_match"": true, ""metric_subject_id"": ""sc:ecard:154d648d554b4b22a3d4"", ""metric_subject_type"": ""strategy_candidate"", ""source_evidence_id"": ""ee_v0_3_20260506_sc_ecard_154d648d554b4b22a3d4"", ""total_return"": 0.9478898686276229}","{""benchmark_return"": null, ""excess_return_vs_proxy"": null, ""generic_momentum_proxy_role"": ""benchmark_reference_context_only"", ""generic_proxy_not_used_as_label_or_selector_score"": true, ""proxy_return"": null, ""reference_context_available"": false}","{""failure_flags"": [], ""max_drawdown"": -0.6092164024086726, ""sharpe"": 0.35818175172278915, ""turnover"": 0.8618159203980099, ""volatility"": 0.2968075686560764}","[""adoption_candidate_review_only_not_activation"", ""production_activation_requires_separate_root_gate"", ""supervised_ml_blocked_or_not_available_rule_only_selector_used"", ""ml_selector_score_absent""]","[""adoption_candidate_review_only_not_activation"", ""production_activation_requires_separate_root_gate"", ""supervised_ml_blocked_or_not_available_rule_only_selector_used"", ""ml_selector_score_absent""]",,"[""root_governance_review"", ""quant_strategy_adoption_gate_review"", ""production_activation_decision_gate_required""]",activation_blocked,adoption_candidate_review_packet_must_not_feed_runtime_ranking_trading_or_auto_activation,docs/extension/v0_3_production_activation_decision_gate.md,docs/extension/v0_3_adoption_candidate_selector_gate.md,no_automatic_production_activation_claim
v0_3_adoption_candidate_review_packet_0_1,ac_v0_3_adoption_candidate_review_packets_20260508_124600_sc_ecard_17f72dcbf14d500ec397,sc:ecard:17f72dcbf14d500ec397,v0.3.0,ee_v0_3_20260506_sc_ecard_17f72dcbf14d500ec397,v0_3_rule_first_selector_0_1,rule_first_selector_20260508_124555,"[""Quant_mvp\\data\\v0_3\\rule_first_selector\\v0_3_rule_first_selector.jsonl"", ""ee_v0_3_20260506_sc_ecard_17f72dcbf14d500ec397""]","{""adoption_auto_decision_allowed"": false, ""evaluation_mode"": ""diagnostic_ranking_only"", ""ml_score_ranking_manifest_path"": ""Quant_mvp\\data\\v0_4\\selector_scores\\v0_4_1_selector_ml_score_ranking_manifest.json"", ""performance_claim_allowed"": false, ""ranking_result_changes_selector_rank"": false, ""ranking_result_changes_selector_score"": false, ""reference_only"": true, ""selector_score_source_unchanged"": true, ""trading_signal_allowed"": false}",rule_only,58.671009,58.671009,24,24,secondary_review_candidate,low,"[""evidence_complete_enough_for_review"", ""historical_performance_summary_documented"", ""risk_metrics_documented"", ""limitations_explicit"", ""no_feedback_boundary_passed"", ""rule_only_selector_review""]","{""actual_metric_role"": ""candidate_specific"", ""actual_metric_source"": ""approved_evaluation_evidence"", ""candidate_metric_match"": true, ""metric_subject_id"": ""sc:ecard:17f72dcbf14d500ec397"", ""metric_subject_type"": ""strategy_candidate"", ""source_evidence_id"": ""ee_v0_3_20260506_sc_ecard_17f72dcbf14d500ec397"", ""total_return"": 0.9478898686276229}","{""benchmark_return"": null, ""excess_return_vs_proxy"": null, ""generic_momentum_proxy_role"": ""benchmark_reference_context_only"", ""generic_proxy_not_used_as_label_or_selector_score"": true, ""proxy_return"": null, ""reference_context_available"": false}","{""failure_flags"": [], ""max_drawdown"": -0.6092164024086726, ""sharpe"": 0.35818175172278915, ""turnover"": 0.8618159203980099, ""volatility"": 0.2968075686560764}","[""adoption_candidate_review_only_not_activation"", ""production_activation_requires_separate_root_gate"", ""supervised_ml_blocked_or_not_available_rule_only_selector_used"", ""ml_selector_score_absent""]","[""adoption_candidate_review_only_not_activation"", ""production_activation_requires_separate_root_gate"", ""supervised_ml_blocked_or_not_available_rule_only_selector_used"", ""ml_selector_score_absent""]",,"[""root_governance_review"", ""quant_strategy_adoption_gate_review"", ""production_activation_decision_gate_required""]",activation_blocked,adoption_candidate_review_packet_must_not_feed_runtime_ranking_trading_or_auto_activation,docs/extension/v0_3_production_activation_decision_gate.md,docs/extension/v0_3_adoption_candidate_selector_gate.md,no_automatic_production_activation_claim
v0_3_adoption_candidate_review_packet_0_1,ac_v0_3_adoption_candidate_review_packets_20260508_124600_sc_ecard_222478c272a5cd16615d,sc:ecard:222478c272a5cd16615d,v0.3.0,ee_v0_3_20260506_sc_ecard_222478c272a5cd16615d,v0_3_rule_first_selector_0_1,rule_first_selector_20260508_124555,"[""Quant_mvp\\data\\v0_3\\rule_first_selector\\v0_3_rule_first_selector.jsonl"", ""ee_v0_3_20260506_sc_ecard_222478c272a5cd16615d""]","{""adoption_auto_decision_allowed"": false, ""evaluation_mode"": ""diagnostic_ranking_only"", ""ml_score_ranking_manifest_path"": ""Quant_mvp\\data\\v0_4\\selector_scores\\v0_4_1_selector_ml_score_ranking_manifest.json"", ""performance_claim_allowed"": false, ""ranking_result_changes_selector_rank"": false, ""ranking_result_changes_selector_score"": false, ""reference_only"": true, ""selector_score_source_unchanged"": true, ""trading_signal_allowed"": false}",rule_only,60.641751,60.641751,3,3,top_review_candidate,low,"[""evidence_complete_enough_for_review"", ""historical_performance_summary_documented"", ""risk_metrics_documented"", ""limitations_explicit"", ""no_feedback_boundary_passed"", ""rule_only_selector_review""]","{""actual_metric_role"": ""candidate_specific"", ""actual_metric_source"": ""approved_evaluation_evidence"", ""candidate_metric_match"": true, ""metric_subject_id"": ""sc:ecard:222478c272a5cd16615d"", ""metric_subject_type"": ""strategy_candidate"", ""source_evidence_id"": ""ee_v0_3_20260506_sc_ecard_222478c272a5cd16615d"", ""total_return"": 4.59248614414884}","{""benchmark_return"": null, ""excess_return_vs_proxy"": null, ""generic_momentum_proxy_role"": ""benchmark_reference_context_only"", ""generic_proxy_not_used_as_label_or_selector_score"": true, ""proxy_return"": null, ""reference_context_available"": false}","{""failure_flags"": [], ""max_drawdown"": -0.49924422265194046, ""sharpe"": 0.5932409139655367, ""turnover"": 0.686318407960199, ""volatility"": 0.39104534114120565}","[""adoption_candidate_review_only_not_activation"", ""production_activation_requires_separate_root_gate"", ""supervised_ml_blocked_or_not_available_rule_only_selector_used"", ""ml_selector_score_absent""]","[""adoption_candidate_review_only_not_activation"", ""production_activation_requires_separate_root_gate"", ""supervised_ml_blocked_or_not_available_rule_only_selector_used"", ""ml_selector_score_absent""]",,"[""root_governance_review"", ""quant_strategy_adoption_gate_review"", ""production_activation_decision_gate_required""]",activation_blocked,adoption_candidate_review_packet_must_not_feed_runtime_ranking_trading_or_auto_activation,docs/extension/v0_3_production_activation_decision_gate.md,docs/extension/v0_3_adoption_candidate_selector_gate.md,no_automatic_production_activation_claim
v0_3_adoption_candidate_review_packet_0_1,ac_v0_3_adoption_candidate_review_packets_20260508_124600_sc_ecard_2d9c99fd0c5d10dc47c7,sc:ecard:2d9c99fd0c5d10dc47c7,v0.3.0,ee_v0_3_20260506_sc_ecard_2d9c99fd0c5d10dc47c7,v0_3_rule_first_selector_0_1,rule_first_selector_20260508_124555,"[""Quant_mvp\\data\\v0_3\\rule_first_selector\\v0_3_rule_first_selector.jsonl"", ""ee_v0_3_20260506_sc_ecard_2d9c99fd0c5d10dc47c7""]","{""adoption_auto_decision_allowed"": false, ""evaluation_mode"": ""diagnostic_ranking_only"", ""ml_score_ranking_manifest_path"": ""Quant_mvp\\data\\v0_4\\selector_scores\\v0_4_1_selector_ml_score_ranking_manifest.json"", ""performance_claim_allowed"": false, ""ranking_result_changes_selector_rank"": false, ""ranking_result_changes_selector_score"": false, ""reference_only"": true, ""selector_score_source_unchanged"": true, ""trading_signal_allowed"": false}",rule_only,58.671009,58.671009,25,25,secondary_review_candidate,low,"[""evidence_complete_enough_for_review"", ""historical_performance_summary_documented"", ""risk_metrics_documented"", ""limitations_explicit"", ""no_feedback_boundary_passed"", ""rule_only_selector_review""]","{""actual_metric_role"": ""candidate_specific"", ""actual_metric_source"": ""approved_evaluation_evidence"", ""candidate_metric_match"": true, ""metric_subject_id"": ""sc:ecard:2d9c99fd0c5d10dc47c7"", ""metric_subject_type"": ""strategy_candidate"", ""source_evidence_id"": ""ee_v0_3_20260506_sc_ecard_2d9c99fd0c5d10dc47c7"", ""total_return"": 0.9478898686276229}","{""benchmark_return"": null, ""excess_return_vs_proxy"": null, ""generic_momentum_proxy_role"": ""benchmark_reference_context_only"", ""generic_proxy_not_used_as_label_or_selector_score"": true, ""proxy_return"": null, ""reference_context_available"": false}","{""failure_flags"": [], ""max_drawdown"": -0.6092164024086726, ""sharpe"": 0.35818175172278915, ""turnover"": 0.8618159203980099, ""volatility"": 0.2968075686560764}","[""adoption_candidate_review_only_not_activation"", ""production_activation_requires_separate_root_gate"", ""supervised_ml_blocked_or_not_available_rule_only_selector_used"", ""ml_selector_score_absent""]","[""adoption_candidate_review_only_not_activation"", ""production_activation_requires_separate_root_gate"", ""supervised_ml_blocked_or_not_available_rule_only_selector_used"", ""ml_selector_score_absent""]",,"[""root_governance_review"", ""quant_strategy_adoption_gate_review"", ""production_activation_decision_gate_required""]",activation_blocked,adoption_candidate_review_packet_must_not_feed_runtime_ranking_trading_or_auto_activation,docs/extension/v0_3_production_activation_decision_gate.md,docs/extension/v0_3_adoption_candidate_selector_gate.md,no_automatic_production_activation_claim
v0_3_adoption_candidate_review_packet_0_1,ac_v0_3_adoption_candidate_review_packets_20260508_124600_sc_ecard_2ec5dd54f5df4127e5c8,sc:ecard:2ec5dd54f5df4127e5c8,v0.3.0,ee_v0_3_20260506_sc_ecard_2ec5dd54f5df4127e5c8,v0_3_rule_first_selector_0_1,rule_first_selector_20260508_124555,"[""Quant_mvp\\data\\v0_3\\rule_first_selector\\v0_3_rule_first_selector.jsonl"", ""ee_v0_3_20260506_sc_ecard_2ec5dd54f5df4127e5c8""]","{""adoption_auto_decision_allowed"": false, ""evaluation_mode"": ""diagnostic_ranking_only"", ""ml_score_ranking_manifest_path"": ""Quant_mvp\\data\\v0_4\\selector_scores\\v0_4_1_selector_ml_score_ranking_manifest.json"", ""performance_claim_allowed"": false, ""ranking_result_changes_selector_rank"": false, ""ranking_result_changes_selector_score"": false, ""reference_only"": true, ""selector_score_source_unchanged"": true, ""trading_signal_allowed"": false}",rule_only,60.641751,60.641751,4,4,top_review_candidate,low,"[""evidence_complete_enough_for_review"", ""historical_performance_summary_documented"", ""risk_metrics_documented"", ""limitations_explicit"", ""no_feedback_boundary_passed"", ""rule_only_selector_review""]","{""actual_metric_role"": ""candidate_specific"", ""actual_metric_source"": ""approved_evaluation_evidence"", ""candidate_metric_match"": true, ""metric_subject_id"": ""sc:ecard:2ec5dd54f5df4127e5c8"", ""metric_subject_type"": ""strategy_candidate"", ""source_evidence_id"": ""ee_v0_3_20260506_sc_ecard_2ec5dd54f5df4127e5c8"", ""total_return"": 4.59248614414884}","{""benchmark_return"": null, ""excess_return_vs_proxy"": null, ""generic_momentum_proxy_role"": ""benchmark_reference_context_only"", ""generic_proxy_not_used_as_label_or_selector_score"": true, ""proxy_return"": null, ""reference_context_available"": false}","{""failure_flags"": [], ""max_drawdown"": -0.49924422265194046, ""sharpe"": 0.5932409139655367, ""turnover"": 0.686318407960199, ""volatility"": 0.39104534114120565}","[""adoption_candidate_review_only_not_activation"", ""production_activation_requires_separate_root_gate"", ""supervised_ml_blocked_or_not_available_rule_only_selector_used"", ""ml_selector_score_absent""]","[""adoption_candidate_review_only_not_activation"", ""production_activation_requires_separate_root_gate"", ""supervised_ml_blocked_or_not_available_rule_only_selector_used"", ""ml_selector_score_absent""]",,"[""root_governance_review"", ""quant_strategy_adoption_gate_review"", ""production_activation_decision_gate_required""]",activation_blocked,adoption_candidate_review_packet_must_not_feed_runtime_ranking_trading_or_auto_activation,docs/extension/v0_3_production_activation_decision_gate.md,docs/extension/v0_3_adoption_candidate_selector_gate.md,no_automatic_production_activation_claim
v0_3_adoption_candidate_review_packet_0_1,ac_v0_3_adoption_candidate_review_packets_20260508_124600_sc_ecard_313c4461bef3560b2e4a,sc:ecard:313c4461bef3560b2e4a,v0.3.0,ee_v0_3_20260506_sc_ecard_313c4461bef3560b2e4a,v0_3_rule_first_selector_0_1,rule_first_selector_20260508_124555,"[""Quant_mvp\\data\\v0_3\\rule_first_selector\\v0_3_rule_first_selector.jsonl"", ""ee_v0_3_20260506_sc_ecard_313c4461bef3560b2e4a""]","{""adoption_auto_decision_allowed"": false, ""evaluation_mode"": ""diagnostic_ranking_only"", ""ml_score_ranking_manifest_path"": ""Quant_mvp\\data\\v0_4\\selector_scores\\v0_4_1_selector_ml_score_ranking_manifest.json"", ""performance_claim_allowed"": false, ""ranking_result_changes_selector_rank"": false, ""ranking_result_changes_selector_score"": false, ""reference_only"": true, ""selector_score_source_unchanged"": true, ""trading_signal_allowed"": false}",rule_only,58.671009,58.671009,26,26,reviewable_candidate,low,"[""evidence_complete_enough_for_review"", ""historical_performance_summary_documented"", ""risk_metrics_documented"", ""limitations_explicit"", ""no_feedback_boundary_passed"", ""rule_only_selector_review""]","{""actual_metric_role"": ""candidate_specific"", ""actual_metric_source"": ""approved_evaluation_evidence"", ""candidate_metric_match"": true, ""metric_subject_id"": ""sc:ecard:313c4461bef3560b2e4a"", ""metric_subject_type"": ""strategy_candidate"", ""source_evidence_id"": ""ee_v0_3_20260506_sc_ecard_313c4461bef3560b2e4a"", ""total_return"": 0.9478898686276229}","{""benchmark_return"": null, ""excess_return_vs_proxy"": null, ""generic_momentum_proxy_role"": ""benchmark_reference_context_only"", ""generic_proxy_not_used_as_label_or_selector_score"": true, ""proxy_return"": null, ""reference_context_available"": false}","{""failure_flags"": [], ""max_drawdown"": -0.6092164024086726, ""sharpe"": 0.35818175172278915, ""turnover"": 0.8618159203980099, ""volatility"": 0.2968075686560764}","[""adoption_candidate_review_only_not_activation"", ""production_activation_requires_separate_root_gate"", ""supervised_ml_blocked_or_not_available_rule_only_selector_used"", ""ml_selector_score_absent""]","[""adoption_candidate_review_only_not_activation"", ""production_activation_requires_separate_root_gate"", ""supervised_ml_blocked_or_not_available_rule_only_selector_used"", ""ml_selector_score_absent""]",,"[""root_governance_review"", ""quant_strategy_adoption_gate_review"", ""production_activation_decision_gate_required""]",activation_blocked,adoption_candidate_review_packet_must_not_feed_runtime_ranking_trading_or_auto_activation,docs/extension/v0_3_production_activation_decision_gate.md,docs/extension/v0_3_adoption_candidate_selector_gate.md,no_automatic_production_activation_claim
v0_3_adoption_candidate_review_packet_0_1,ac_v0_3_adoption_candidate_review_packets_20260508_124600_sc_ecard_3149394b7c7d5648b714,sc:ecard:3149394b7c7d5648b714,v0.3.0,ee_v0_3_20260506_sc_ecard_3149394b7c7d5648b714,v0_3_rule_first_selector_0_1,rule_first_selector_20260508_124555,"[""Quant_mvp\\data\\v0_3\\rule_first_selector\\v0_3_rule_first_selector.jsonl"", ""ee_v0_3_20260506_sc_ecard_3149394b7c7d5648b714""]","{""adoption_auto_decision_allowed"": false, ""evaluation_mode"": ""diagnostic_ranking_only"", ""ml_score_ranking_manifest_path"": ""Quant_mvp\\data\\v0_4\\selector_scores\\v0_4_1_selector_ml_score_ranking_manifest.json"", ""performance_claim_allowed"": false, ""ranking_result_changes_selector_rank"": false, ""ranking_result_changes_selector_score"": false, ""reference_only"": true, ""selector_score_source_unchanged"": true, ""trading_signal_allowed"": false}",rule_only,58.671009,58.671009,27,27,reviewable_candidate,low,"[""evidence_complete_enough_for_review"", ""historical_performance_summary_documented"", ""risk_metrics_documented"", ""limitations_explicit"", ""no_feedback_boundary_passed"", ""rule_only_selector_review""]","{""actual_metric_role"": ""candidate_specific"", ""actual_metric_source"": ""approved_evaluation_evidence"", ""candidate_metric_match"": true, ""metric_subject_id"": ""sc:ecard:3149394b7c7d5648b714"", ""metric_subject_type"": ""strategy_candidate"", ""source_evidence_id"": ""ee_v0_3_20260506_sc_ecard_3149394b7c7d5648b714"", ""total_return"": 0.9478898686276229}","{""benchmark_return"": null, ""excess_return_vs_proxy"": null, ""generic_momentum_proxy_role"": ""benchmark_reference_context_only"", ""generic_proxy_not_used_as_label_or_selector_score"": true, ""proxy_return"": null, ""reference_context_available"": false}","{""failure_flags"": [], ""max_drawdown"": -0.6092164024086726, ""sharpe"": 0.35818175172278915, ""turnover"": 0.8618159203980099, ""volatility"": 0.2968075686560764}","[""adoption_candidate_review_only_not_activation"", ""production_activation_requires_separate_root_gate"", ""supervised_ml_blocked_or_not_available_rule_only_selector_used"", ""ml_selector_score_absent""]","[""adoption_candidate_review_only_not_activation"", ""production_activation_requires_separate_root_gate"", ""supervised_ml_blocked_or_not_available_rule_only_selector_used"", ""ml_selector_score_absent""]",,"[""root_governance_review"", ""quant_strategy_adoption_gate_review"", ""production_activation_decision_gate_required""]",activation_blocked,adoption_candidate_review_packet_must_not_feed_runtime_ranking_trading_or_auto_activation,docs/extension/v0_3_production_activation_decision_gate.md,docs/extension/v0_3_adoption_candidate_selector_gate.md,no_automatic_production_activation_claim
v0_3_adoption_candidate_review_packet_0_1,ac_v0_3_adoption_candidate_review_packets_20260508_124600_sc_ecard_326c44730d772640843a,sc:ecard:326c44730d772640843a,v0.3.0,ee_v0_3_20260506_sc_ecard_326c44730d772640843a,v0_3_rule_first_selector_0_1,rule_first_selector_20260508_124555,"[""Quant_mvp\\data\\v0_3\\rule_first_selector\\v0_3_rule_first_selector.jsonl"", ""ee_v0_3_20260506_sc_ecard_326c44730d772640843a""]","{""adoption_auto_decision_allowed"": false, ""evaluation_mode"": ""diagnostic_ranking_only"", ""ml_score_ranking_manifest_path"": ""Quant_mvp\\data\\v0_4\\selector_scores\\v0_4_1_selector_ml_score_ranking_manifest.json"", ""performance_claim_allowed"": false, ""ranking_result_changes_selector_rank"": false, ""ranking_result_changes_selector_score"": false, ""reference_only"": true, ""selector_score_source_unchanged"": true, ""trading_signal_allowed"": false}",rule_only,58.671009,58.671009,28,28,reviewable_candidate,low,"[""evidence_complete_enough_for_review"", ""historical_performance_summary_documented"", ""risk_metrics_documented"", ""limitations_explicit"", ""no_feedback_boundary_passed"", ""rule_only_selector_review""]","{""actual_metric_role"": ""candidate_specific"", ""actual_metric_source"": ""approved_evaluation_evidence"", ""candidate_metric_match"": true, ""metric_subject_id"": ""sc:ecard:326c44730d772640843a"", ""metric_subject_type"": ""strategy_candidate"", ""source_evidence_id"": ""ee_v0_3_20260506_sc_ecard_326c44730d772640843a"", ""total_return"": 0.9478898686276229}","{""benchmark_return"": null, ""excess_return_vs_proxy"": null, ""generic_momentum_proxy_role"": ""benchmark_reference_context_only"", ""generic_proxy_not_used_as_label_or_selector_score"": true, ""proxy_return"": null, ""reference_context_available"": false}","{""failure_flags"": [], ""max_drawdown"": -0.6092164024086726, ""sharpe"": 0.35818175172278915, ""turnover"": 0.8618159203980099, ""volatility"": 0.2968075686560764}","[""adoption_candidate_review_only_not_activation"", ""production_activation_requires_separate_root_gate"", ""supervised_ml_blocked_or_not_available_rule_only_selector_used"", ""ml_selector_score_absent""]","[""adoption_candidate_review_only_not_activation"", ""production_activation_requires_separate_root_gate"", ""supervised_ml_blocked_or_not_available_rule_only_selector_used"", ""ml_selector_score_absent""]",,"[""root_governance_review"", ""quant_strategy_adoption_gate_review"", ""production_activation_decision_gate_required""]",activation_blocked,adoption_candidate_review_packet_must_not_feed_runtime_ranking_trading_or_auto_activation,docs/extension/v0_3_production_activation_decision_gate.md,docs/extension/v0_3_adoption_candidate_selector_gate.md,no_automatic_production_activation_claim
v0_3_adoption_candidate_review_packet_0_1,ac_v0_3_adoption_candidate_review_packets_20260508_124600_sc_ecard_329df57345dc672d046a,sc:ecard:329df57345dc672d046a,v0.3.0,ee_v0_3_20260506_sc_ecard_329df57345dc672d046a,v0_3_rule_first_selector_0_1,rule_first_selector_20260508_124555,"[""Quant_mvp\\data\\v0_3\\rule_first_selector\\v0_3_rule_first_selector.jsonl"", ""ee_v0_3_20260506_sc_ecard_329df57345dc672d046a""]","{""adoption_auto_decision_allowed"": false, ""evaluation_mode"": ""diagnostic_ranking_only"", ""ml_score_ranking_manifest_path"": ""Quant_mvp\\data\\v0_4\\selector_scores\\v0_4_1_selector_ml_score_ranking_manifest.json"", ""performance_claim_allowed"": false, ""ranking_result_changes_selector_rank"": false, ""ranking_result_changes_selector_score"": false, ""reference_only"": true, ""selector_score_source_unchanged"": true, ""trading_signal_allowed"": false}",rule_only,58.671009,58.671009,29,29,reviewable_candidate,low,"[""evidence_complete_enough_for_review"", ""historical_performance_summary_documented"", ""risk_metrics_documented"", ""limitations_explicit"", ""no_feedback_boundary_passed"", ""rule_only_selector_review""]","{""actual_metric_role"": ""candidate_specific"", ""actual_metric_source"": ""approved_evaluation_evidence"", ""candidate_metric_match"": true, ""metric_subject_id"": ""sc:ecard:329df57345dc672d046a"", ""metric_subject_type"": ""strategy_candidate"", ""source_evidence_id"": ""ee_v0_3_20260506_sc_ecard_329df57345dc672d046a"", ""total_return"": 0.9478898686276229}","{""benchmark_return"": null, ""excess_return_vs_proxy"": null, ""generic_momentum_proxy_role"": ""benchmark_reference_context_only"", ""generic_proxy_not_used_as_label_or_selector_score"": true, ""proxy_return"": null, ""reference_context_available"": false}","{""failure_flags"": [], ""max_drawdown"": -0.6092164024086726, ""sharpe"": 0.35818175172278915, ""turnover"": 0.8618159203980099, ""volatility"": 0.2968075686560764}","[""adoption_candidate_review_only_not_activation"", ""production_activation_requires_separate_root_gate"", ""supervised_ml_blocked_or_not_available_rule_only_selector_used"", ""ml_selector_score_absent""]","[""adoption_candidate_review_only_not_activation"", ""production_activation_requires_separate_root_gate"", ""supervised_ml_blocked_or_not_available_rule_only_selector_used"", ""ml_selector_score_absent""]",,"[""root_governance_review"", ""quant_strategy_adoption_gate_review"", ""production_activation_decision_gate_required""]",activation_blocked,adoption_candidate_review_packet_must_not_feed_runtime_ranking_trading_or_auto_activation,docs/extension/v0_3_production_activation_decision_gate.md,docs/extension/v0_3_adoption_candidate_selector_gate.md,no_automatic_production_activation_claim
v0_3_adoption_candidate_review_packet_0_1,ac_v0_3_adoption_candidate_review_packets_20260508_124600_sc_ecard_33f1eb352ff88f335f81,sc:ecard:33f1eb352ff88f335f81,v0.3.0,ee_v0_3_20260506_sc_ecard_33f1eb352ff88f335f81,v0_3_rule_first_selector_0_1,rule_first_selector_20260508_124555,"[""Quant_mvp\\data\\v0_3\\rule_first_selector\\v0_3_rule_first_selector.jsonl"", ""ee_v0_3_20260506_sc_ecard_33f1eb352ff88f335f81""]","{""adoption_auto_decision_allowed"": false, ""evaluation_mode"": ""diagnostic_ranking_only"", ""ml_score_ranking_manifest_path"": ""Quant_mvp\\data\\v0_4\\selector_scores\\v0_4_1_selector_ml_score_ranking_manifest.json"", ""performance_claim_allowed"": false, ""ranking_result_changes_selector_rank"": false, ""ranking_result_changes_selector_score"": false, ""reference_only"": true, ""selector_score_source_unchanged"": true, ""trading_signal_allowed"": false}",rule_only,60.641751,60.641751,5,5,top_review_candidate,low,"[""evidence_complete_enough_for_review"", ""historical_performance_summary_documented"", ""risk_metrics_documented"", ""limitations_explicit"", ""no_feedback_boundary_passed"", ""rule_only_selector_review""]","{""actual_metric_role"": ""candidate_specific"", ""actual_metric_source"": ""approved_evaluation_evidence"", ""candidate_metric_match"": true, ""metric_subject_id"": ""sc:ecard:33f1eb352ff88f335f81"", ""metric_subject_type"": ""strategy_candidate"", ""source_evidence_id"": ""ee_v0_3_20260506_sc_ecard_33f1eb352ff88f335f81"", ""total_return"": 4.59248614414884}","{""benchmark_return"": null, ""excess_return_vs_proxy"": null, ""generic_momentum_proxy_role"": ""benchmark_reference_context_only"", ""generic_proxy_not_used_as_label_or_selector_score"": true, ""proxy_return"": null, ""reference_context_available"": false}","{""failure_flags"": [], ""max_drawdown"": -0.49924422265194046, ""sharpe"": 0.5932409139655367, ""turnover"": 0.686318407960199, ""volatility"": 0.39104534114120565}","[""adoption_candidate_review_only_not_activation"", ""production_activation_requires_separate_root_gate"", ""supervised_ml_blocked_or_not_available_rule_only_selector_used"", ""ml_selector_score_absent""]","[""adoption_candidate_review_only_not_activation"", ""production_activation_requires_separate_root_gate"", ""supervised_ml_blocked_or_not_available_rule_only_selector_used"", ""ml_selector_score_absent""]",,"[""root_governance_review"", ""quant_strategy_adoption_gate_review"", ""production_activation_decision_gate_required""]",activation_blocked,adoption_candidate_review_packet_must_not_feed_runtime_ranking_trading_or_auto_activation,docs/extension/v0_3_production_activation_decision_gate.md,docs/extension/v0_3_adoption_candidate_selector_gate.md,no_automatic_production_activation_claim
v0_3_adoption_candidate_review_packet_0_1,ac_v0_3_adoption_candidate_review_packets_20260508_124600_sc_ecard_3580aa8772857dd35bd4,sc:ecard:3580aa8772857dd35bd4,v0.3.0,ee_v0_3_20260506_sc_ecard_3580aa8772857dd35bd4,v0_3_rule_first_selector_0_1,rule_first_selector_20260508_124555,"[""Quant_mvp\\data\\v0_3\\rule_first_selector\\v0_3_rule_first_selector.jsonl"", ""ee_v0_3_20260506_sc_ecard_3580aa8772857dd35bd4""]","{""adoption_auto_decision_allowed"": false, ""evaluation_mode"": ""diagnostic_ranking_only"", ""ml_score_ranking_manifest_path"": ""Quant_mvp\\data\\v0_4\\selector_scores\\v0_4_1_selector_ml_score_ranking_manifest.json"", ""performance_claim_allowed"": false, ""ranking_result_changes_selector_rank"": false, ""ranking_result_changes_selector_score"": false, ""reference_only"": true, ""selector_score_source_unchanged"": true, ""trading_signal_allowed"": false}",rule_only,58.671009,58.671009,30,30,reviewable_candidate,low,"[""evidence_complete_enough_for_review"", ""historical_performance_summary_documented"", ""risk_metrics_documented"", ""limitations_explicit"", ""no_feedback_boundary_passed"", ""rule_only_selector_review""]","{""actual_metric_role"": ""candidate_specific"", ""actual_metric_source"": ""approved_evaluation_evidence"", ""candidate_metric_match"": true, ""metric_subject_id"": ""sc:ecard:3580aa8772857dd35bd4"", ""metric_subject_type"": ""strategy_candidate"", ""source_evidence_id"": ""ee_v0_3_20260506_sc_ecard_3580aa8772857dd35bd4"", ""total_return"": 0.9478898686276229}","{""benchmark_return"": null, ""excess_return_vs_proxy"": null, ""generic_momentum_proxy_role"": ""benchmark_reference_context_only"", ""generic_proxy_not_used_as_label_or_selector_score"": true, ""proxy_return"": null, ""reference_context_available"": false}","{""failure_flags"": [], ""max_drawdown"": -0.6092164024086726, ""sharpe"": 0.35818175172278915, ""turnover"": 0.8618159203980099, ""volatility"": 0.2968075686560764}","[""adoption_candidate_review_only_not_activation"", ""production_activation_requires_separate_root_gate"", ""supervised_ml_blocked_or_not_available_rule_only_selector_used"", ""ml_selector_score_absent""]","[""adoption_candidate_review_only_not_activation"", ""production_activation_requires_separate_root_gate"", ""supervised_ml_blocked_or_not_available_rule_only_selector_used"", ""ml_selector_score_absent""]",,"[""root_governance_review"", ""quant_strategy_adoption_gate_review"", ""production_activation_decision_gate_required""]",activation_blocked,adoption_candidate_review_packet_must_not_feed_runtime_ranking_trading_or_auto_activation,docs/extension/v0_3_production_activation_decision_gate.md,docs/extension/v0_3_adoption_candidate_selector_gate.md,no_automatic_production_activation_claim
v0_3_adoption_candidate_review_packet_0_1,ac_v0_3_adoption_candidate_review_packets_20260508_124600_sc_ecard_36a011912cf96b0831e4,sc:ecard:36a011912cf96b0831e4,v0.3.0,ee_v0_3_20260506_sc_ecard_36a011912cf96b0831e4,v0_3_rule_first_selector_0_1,rule_first_selector_20260508_124555,"[""Quant_mvp\\data\\v0_3\\rule_first_selector\\v0_3_rule_first_selector.jsonl"", ""ee_v0_3_20260506_sc_ecard_36a011912cf96b0831e4""]","{""adoption_auto_decision_allowed"": false, ""evaluation_mode"": ""diagnostic_ranking_only"", ""ml_score_ranking_manifest_path"": ""Quant_mvp\\data\\v0_4\\selector_scores\\v0_4_1_selector_ml_score_ranking_manifest.json"", ""performance_claim_allowed"": false, ""ranking_result_changes_selector_rank"": false, ""ranking_result_changes_selector_score"": false, ""reference_only"": true, ""selector_score_source_unchanged"": true, ""trading_signal_allowed"": false}",rule_only,58.671009,58.671009,31,31,reviewable_candidate,low,"[""evidence_complete_enough_for_review"", ""historical_performance_summary_documented"", ""risk_metrics_documented"", ""limitations_explicit"", ""no_feedback_boundary_passed"", ""rule_only_selector_review""]","{""actual_metric_role"": ""candidate_specific"", ""actual_metric_source"": ""approved_evaluation_evidence"", ""candidate_metric_match"": true, ""metric_subject_id"": ""sc:ecard:36a011912cf96b0831e4"", ""metric_subject_type"": ""strategy_candidate"", ""source_evidence_id"": ""ee_v0_3_20260506_sc_ecard_36a011912cf96b0831e4"", ""total_return"": 0.9478898686276229}","{""benchmark_return"": null, ""excess_return_vs_proxy"": null, ""generic_momentum_proxy_role"": ""benchmark_reference_context_only"", ""generic_proxy_not_used_as_label_or_selector_score"": true, ""proxy_return"": null, ""reference_context_available"": false}","{""failure_flags"": [], ""max_drawdown"": -0.6092164024086726, ""sharpe"": 0.35818175172278915, ""turnover"": 0.8618159203980099, ""volatility"": 0.2968075686560764}","[""adoption_candidate_review_only_not_activation"", ""production_activation_requires_separate_root_gate"", ""supervised_ml_blocked_or_not_available_rule_only_selector_used"", ""ml_selector_score_absent""]","[""adoption_candidate_review_only_not_activation"", ""production_activation_requires_separate_root_gate"", ""supervised_ml_blocked_or_not_available_rule_only_selector_used"", ""ml_selector_score_absent""]",,"[""root_governance_review"", ""quant_strategy_adoption_gate_review"", ""production_activation_decision_gate_required""]",activation_blocked,adoption_candidate_review_packet_must_not_feed_runtime_ranking_trading_or_auto_activation,docs/extension/v0_3_production_activation_decision_gate.md,docs/extension/v0_3_adoption_candidate_selector_gate.md,no_automatic_production_activation_claim
v0_3_adoption_candidate_review_packet_0_1,ac_v0_3_adoption_candidate_review_packets_20260508_124600_sc_ecard_379ba2ce1b6052860ba3,sc:ecard:379ba2ce1b6052860ba3,v0.3.0,ee_v0_3_20260506_sc_ecard_379ba2ce1b6052860ba3,v0_3_rule_first_selector_0_1,rule_first_selector_20260508_124555,"[""Quant_mvp\\data\\v0_3\\rule_first_selector\\v0_3_rule_first_selector.jsonl"", ""ee_v0_3_20260506_sc_ecard_379ba2ce1b6052860ba3""]","{""adoption_auto_decision_allowed"": false, ""evaluation_mode"": ""diagnostic_ranking_only"", ""ml_score_ranking_manifest_path"": ""Quant_mvp\\data\\v0_4\\selector_scores\\v0_4_1_selector_ml_score_ranking_manifest.json"", ""performance_claim_allowed"": false, ""ranking_result_changes_selector_rank"": false, ""ranking_result_changes_selector_score"": false, ""reference_only"": true, ""selector_score_source_unchanged"": true, ""trading_signal_allowed"": false}",rule_only,58.671009,58.671009,32,32,reviewable_candidate,low,"[""evidence_complete_enough_for_review"", ""historical_performance_summary_documented"", ""risk_metrics_documented"", ""limitations_explicit"", ""no_feedback_boundary_passed"", ""rule_only_selector_review""]","{""actual_metric_role"": ""candidate_specific"", ""actual_metric_source"": ""approved_evaluation_evidence"", ""candidate_metric_match"": true, ""metric_subject_id"": ""sc:ecard:379ba2ce1b6052860ba3"", ""metric_subject_type"": ""strategy_candidate"", ""source_evidence_id"": ""ee_v0_3_20260506_sc_ecard_379ba2ce1b6052860ba3"", ""total_return"": 0.9478898686276229}","{""benchmark_return"": null, ""excess_return_vs_proxy"": null, ""generic_momentum_proxy_role"": ""benchmark_reference_context_only"", ""generic_proxy_not_used_as_label_or_selector_score"": true, ""proxy_return"": null, ""reference_context_available"": false}","{""failure_flags"": [], ""max_drawdown"": -0.6092164024086726, ""sharpe"": 0.35818175172278915, ""turnover"": 0.8618159203980099, ""volatility"": 0.2968075686560764}","[""adoption_candidate_review_only_not_activation"", ""production_activation_requires_separate_root_gate"", ""supervised_ml_blocked_or_not_available_rule_only_selector_used"", ""ml_selector_score_absent""]","[""adoption_candidate_review_only_not_activation"", ""production_activation_requires_separate_root_gate"", ""supervised_ml_blocked_or_not_available_rule_only_selector_used"", ""ml_selector_score_absent""]",,"[""root_governance_review"", ""quant_strategy_adoption_gate_review"", ""production_activation_decision_gate_required""]",activation_blocked,adoption_candidate_review_packet_must_not_feed_runtime_ranking_trading_or_auto_activation,docs/extension/v0_3_production_activation_decision_gate.md,docs/extension/v0_3_adoption_candidate_selector_gate.md,no_automatic_production_activation_claim
v0_3_adoption_candidate_review_packet_0_1,ac_v0_3_adoption_candidate_review_packets_20260508_124600_sc_ecard_431056e2a173da03d1e8,sc:ecard:431056e2a173da03d1e8,v0.3.0,ee_v0_3_20260506_sc_ecard_431056e2a173da03d1e8,v0_3_rule_first_selector_0_1,rule_first_selector_20260508_124555,"[""Quant_mvp\\data\\v0_3\\rule_first_selector\\v0_3_rule_first_selector.jsonl"", ""ee_v0_3_20260506_sc_ecard_431056e2a173da03d1e8""]","{""adoption_auto_decision_allowed"": false, ""evaluation_mode"": ""diagnostic_ranking_only"", ""ml_score_ranking_manifest_path"": ""Quant_mvp\\data\\v0_4\\selector_scores\\v0_4_1_selector_ml_score_ranking_manifest.json"", ""performance_claim_allowed"": false, ""ranking_result_changes_selector_rank"": false, ""ranking_result_changes_selector_score"": false, ""reference_only"": true, ""selector_score_source_unchanged"": true, ""trading_signal_allowed"": false}",rule_only,58.671009,58.671009,33,33,reviewable_candidate,low,"[""evidence_complete_enough_for_review"", ""historical_performance_summary_documented"", ""risk_metrics_documented"", ""limitations_explicit"", ""no_feedback_boundary_passed"", ""rule_only_selector_review""]","{""actual_metric_role"": ""candidate_specific"", ""actual_metric_source"": ""approved_evaluation_evidence"", ""candidate_metric_match"": true, ""metric_subject_id"": ""sc:ecard:431056e2a173da03d1e8"", ""metric_subject_type"": ""strategy_candidate"", ""source_evidence_id"": ""ee_v0_3_20260506_sc_ecard_431056e2a173da03d1e8"", ""total_return"": 0.9478898686276229}","{""benchmark_return"": null, ""excess_return_vs_proxy"": null, ""generic_momentum_proxy_role"": ""benchmark_reference_context_only"", ""generic_proxy_not_used_as_label_or_selector_score"": true, ""proxy_return"": null, ""reference_context_available"": false}","{""failure_flags"": [], ""max_drawdown"": -0.6092164024086726, ""sharpe"": 0.35818175172278915, ""turnover"": 0.8618159203980099, ""volatility"": 0.2968075686560764}","[""adoption_candidate_review_only_not_activation"", ""production_activation_requires_separate_root_gate"", ""supervised_ml_blocked_or_not_available_rule_only_selector_used"", ""ml_selector_score_absent""]","[""adoption_candidate_review_only_not_activation"", ""production_activation_requires_separate_root_gate"", ""supervised_ml_blocked_or_not_available_rule_only_selector_used"", ""ml_selector_score_absent""]",,"[""root_governance_review"", ""quant_strategy_adoption_gate_review"", ""production_activation_decision_gate_required""]",activation_blocked,adoption_candidate_review_packet_must_not_feed_runtime_ranking_trading_or_auto_activation,docs/extension/v0_3_production_activation_decision_gate.md,docs/extension/v0_3_adoption_candidate_selector_gate.md,no_automatic_production_activation_claim
v0_3_adoption_candidate_review_packet_0_1,ac_v0_3_adoption_candidate_review_packets_20260508_124600_sc_ecard_4e6b5c0867797eec3df8,sc:ecard:4e6b5c0867797eec3df8,v0.3.0,ee_v0_3_20260506_sc_ecard_4e6b5c0867797eec3df8,v0_3_rule_first_selector_0_1,rule_first_selector_20260508_124555,"[""Quant_mvp\\data\\v0_3\\rule_first_selector\\v0_3_rule_first_selector.jsonl"", ""ee_v0_3_20260506_sc_ecard_4e6b5c0867797eec3df8""]","{""adoption_auto_decision_allowed"": false, ""evaluation_mode"": ""diagnostic_ranking_only"", ""ml_score_ranking_manifest_path"": ""Quant_mvp\\data\\v0_4\\selector_scores\\v0_4_1_selector_ml_score_ranking_manifest.json"", ""performance_claim_allowed"": false, ""ranking_result_changes_selector_rank"": false, ""ranking_result_changes_selector_score"": false, ""reference_only"": true, ""selector_score_source_unchanged"": true, ""trading_signal_allowed"": false}",rule_only,58.671009,58.671009,34,34,reviewable_candidate,low,"[""evidence_complete_enough_for_review"", ""historical_performance_summary_documented"", ""risk_metrics_documented"", ""limitations_explicit"", ""no_feedback_boundary_passed"", ""rule_only_selector_review""]","{""actual_metric_role"": ""candidate_specific"", ""actual_metric_source"": ""approved_evaluation_evidence"", ""candidate_metric_match"": true, ""metric_subject_id"": ""sc:ecard:4e6b5c0867797eec3df8"", ""metric_subject_type"": ""strategy_candidate"", ""source_evidence_id"": ""ee_v0_3_20260506_sc_ecard_4e6b5c0867797eec3df8"", ""total_return"": 0.9478898686276229}","{""benchmark_return"": null, ""excess_return_vs_proxy"": null, ""generic_momentum_proxy_role"": ""benchmark_reference_context_only"", ""generic_proxy_not_used_as_label_or_selector_score"": true, ""proxy_return"": null, ""reference_context_available"": false}","{""failure_flags"": [], ""max_drawdown"": -0.6092164024086726, ""sharpe"": 0.35818175172278915, ""turnover"": 0.8618159203980099, ""volatility"": 0.2968075686560764}","[""adoption_candidate_review_only_not_activation"", ""production_activation_requires_separate_root_gate"", ""supervised_ml_blocked_or_not_available_rule_only_selector_used"", ""ml_selector_score_absent""]","[""adoption_candidate_review_only_not_activation"", ""production_activation_requires_separate_root_gate"", ""supervised_ml_blocked_or_not_available_rule_only_selector_used"", ""ml_selector_score_absent""]",,"[""root_governance_review"", ""quant_strategy_adoption_gate_review"", ""production_activation_decision_gate_required""]",activation_blocked,adoption_candidate_review_packet_must_not_feed_runtime_ranking_trading_or_auto_activation,docs/extension/v0_3_production_activation_decision_gate.md,docs/extension/v0_3_adoption_candidate_selector_gate.md,no_automatic_production_activation_claim
v0_3_adoption_candidate_review_packet_0_1,ac_v0_3_adoption_candidate_review_packets_20260508_124600_sc_ecard_57b2375d7ab900c1da1b,sc:ecard:57b2375d7ab900c1da1b,v0.3.0,ee_v0_3_20260506_sc_ecard_57b2375d7ab900c1da1b,v0_3_rule_first_selector_0_1,rule_first_selector_20260508_124555,"[""Quant_mvp\\data\\v0_3\\rule_first_selector\\v0_3_rule_first_selector.jsonl"", ""ee_v0_3_20260506_sc_ecard_57b2375d7ab900c1da1b""]","{""adoption_auto_decision_allowed"": false, ""evaluation_mode"": ""diagnostic_ranking_only"", ""ml_score_ranking_manifest_path"": ""Quant_mvp\\data\\v0_4\\selector_scores\\v0_4_1_selector_ml_score_ranking_manifest.json"", ""performance_claim_allowed"": false, ""ranking_result_changes_selector_rank"": false, ""ranking_result_changes_selector_score"": false, ""reference_only"": true, ""selector_score_source_unchanged"": true, ""trading_signal_allowed"": false}",rule_only,60.641751,60.641751,6,6,top_review_candidate,low,"[""evidence_complete_enough_for_review"", ""historical_performance_summary_documented"", ""risk_metrics_documented"", ""limitations_explicit"", ""no_feedback_boundary_passed"", ""rule_only_selector_review""]","{""actual_metric_role"": ""candidate_specific"", ""actual_metric_source"": ""approved_evaluation_evidence"", ""candidate_metric_match"": true, ""metric_subject_id"": ""sc:ecard:57b2375d7ab900c1da1b"", ""metric_subject_type"": ""strategy_candidate"", ""source_evidence_id"": ""ee_v0_3_20260506_sc_ecard_57b2375d7ab900c1da1b"", ""total_return"": 4.59248614414884}","{""benchmark_return"": null, ""excess_return_vs_proxy"": null, ""generic_momentum_proxy_role"": ""benchmark_reference_context_only"", ""generic_proxy_not_used_as_label_or_selector_score"": true, ""proxy_return"": null, ""reference_context_available"": false}","{""failure_flags"": [], ""max_drawdown"": -0.49924422265194046, ""sharpe"": 0.5932409139655367, ""turnover"": 0.686318407960199, ""volatility"": 0.39104534114120565}","[""adoption_candidate_review_only_not_activation"", ""production_activation_requires_separate_root_gate"", ""supervised_ml_blocked_or_not_available_rule_only_selector_used"", ""ml_selector_score_absent""]","[""adoption_candidate_review_only_not_activation"", ""production_activation_requires_separate_root_gate"", ""supervised_ml_blocked_or_not_available_rule_only_selector_used"", ""ml_selector_score_absent""]",,"[""root_governance_review"", ""quant_strategy_adoption_gate_review"", ""production_activation_decision_gate_required""]",activation_blocked,adoption_candidate_review_packet_must_not_feed_runtime_ranking_trading_or_auto_activation,docs/extension/v0_3_production_activation_decision_gate.md,docs/extension/v0_3_adoption_candidate_selector_gate.md,no_automatic_production_activation_claim
v0_3_adoption_candidate_review_packet_0_1,ac_v0_3_adoption_candidate_review_packets_20260508_124600_sc_ecard_585a4f189352330f033a,sc:ecard:585a4f189352330f033a,v0.3.0,ee_v0_3_20260506_sc_ecard_585a4f189352330f033a,v0_3_rule_first_selector_0_1,rule_first_selector_20260508_124555,"[""Quant_mvp\\data\\v0_3\\rule_first_selector\\v0_3_rule_first_selector.jsonl"", ""ee_v0_3_20260506_sc_ecard_585a4f189352330f033a""]","{""adoption_auto_decision_allowed"": false, ""evaluation_mode"": ""diagnostic_ranking_only"", ""ml_score_ranking_manifest_path"": ""Quant_mvp\\data\\v0_4\\selector_scores\\v0_4_1_selector_ml_score_ranking_manifest.json"", ""performance_claim_allowed"": false, ""ranking_result_changes_selector_rank"": false, ""ranking_result_changes_selector_score"": false, ""reference_only"": true, ""selector_score_source_unchanged"": true, ""trading_signal_allowed"": false}",rule_only,58.671009,58.671009,35,35,reviewable_candidate,low,"[""evidence_complete_enough_for_review"", ""historical_performance_summary_documented"", ""risk_metrics_documented"", ""limitations_explicit"", ""no_feedback_boundary_passed"", ""rule_only_selector_review""]","{""actual_metric_role"": ""candidate_specific"", ""actual_metric_source"": ""approved_evaluation_evidence"", ""candidate_metric_match"": true, ""metric_subject_id"": ""sc:ecard:585a4f189352330f033a"", ""metric_subject_type"": ""strategy_candidate"", ""source_evidence_id"": ""ee_v0_3_20260506_sc_ecard_585a4f189352330f033a"", ""total_return"": 0.9478898686276229}","{""benchmark_return"": null, ""excess_return_vs_proxy"": null, ""generic_momentum_proxy_role"": ""benchmark_reference_context_only"", ""generic_proxy_not_used_as_label_or_selector_score"": true, ""proxy_return"": null, ""reference_context_available"": false}","{""failure_flags"": [], ""max_drawdown"": -0.6092164024086726, ""sharpe"": 0.35818175172278915, ""turnover"": 0.8618159203980099, ""volatility"": 0.2968075686560764}","[""adoption_candidate_review_only_not_activation"", ""production_activation_requires_separate_root_gate"", ""supervised_ml_blocked_or_not_available_rule_only_selector_used"", ""ml_selector_score_absent""]","[""adoption_candidate_review_only_not_activation"", ""production_activation_requires_separate_root_gate"", ""supervised_ml_blocked_or_not_available_rule_only_selector_used"", ""ml_selector_score_absent""]",,"[""root_governance_review"", ""quant_strategy_adoption_gate_review"", ""production_activation_decision_gate_required""]",activation_blocked,adoption_candidate_review_packet_must_not_feed_runtime_ranking_trading_or_auto_activation,docs/extension/v0_3_production_activation_decision_gate.md,docs/extension/v0_3_adoption_candidate_selector_gate.md,no_automatic_production_activation_claim
v0_3_adoption_candidate_review_packet_0_1,ac_v0_3_adoption_candidate_review_packets_20260508_124600_sc_ecard_6078f60bd827785683bf,sc:ecard:6078f60bd827785683bf,v0.3.0,ee_v0_3_20260506_sc_ecard_6078f60bd827785683bf,v0_3_rule_first_selector_0_1,rule_first_selector_20260508_124555,"[""Quant_mvp\\data\\v0_3\\rule_first_selector\\v0_3_rule_first_selector.jsonl"", ""ee_v0_3_20260506_sc_ecard_6078f60bd827785683bf""]","{""adoption_auto_decision_allowed"": false, ""evaluation_mode"": ""diagnostic_ranking_only"", ""ml_score_ranking_manifest_path"": ""Quant_mvp\\data\\v0_4\\selector_scores\\v0_4_1_selector_ml_score_ranking_manifest.json"", ""performance_claim_allowed"": false, ""ranking_result_changes_selector_rank"": false, ""ranking_result_changes_selector_score"": false, ""reference_only"": true, ""selector_score_source_unchanged"": true, ""trading_signal_allowed"": false}",rule_only,58.671009,58.671009,36,36,reviewable_candidate,low,"[""evidence_complete_enough_for_review"", ""historical_performance_summary_documented"", ""risk_metrics_documented"", ""limitations_explicit"", ""no_feedback_boundary_passed"", ""rule_only_selector_review""]","{""actual_metric_role"": ""candidate_specific"", ""actual_metric_source"": ""approved_evaluation_evidence"", ""candidate_metric_match"": true, ""metric_subject_id"": ""sc:ecard:6078f60bd827785683bf"", ""metric_subject_type"": ""strategy_candidate"", ""source_evidence_id"": ""ee_v0_3_20260506_sc_ecard_6078f60bd827785683bf"", ""total_return"": 0.9478898686276229}","{""benchmark_return"": null, ""excess_return_vs_proxy"": null, ""generic_momentum_proxy_role"": ""benchmark_reference_context_only"", ""generic_proxy_not_used_as_label_or_selector_score"": true, ""proxy_return"": null, ""reference_context_available"": false}","{""failure_flags"": [], ""max_drawdown"": -0.6092164024086726, ""sharpe"": 0.35818175172278915, ""turnover"": 0.8618159203980099, ""volatility"": 0.2968075686560764}","[""adoption_candidate_review_only_not_activation"", ""production_activation_requires_separate_root_gate"", ""supervised_ml_blocked_or_not_available_rule_only_selector_used"", ""ml_selector_score_absent""]","[""adoption_candidate_review_only_not_activation"", ""production_activation_requires_separate_root_gate"", ""supervised_ml_blocked_or_not_available_rule_only_selector_used"", ""ml_selector_score_absent""]",,"[""root_governance_review"", ""quant_strategy_adoption_gate_review"", ""production_activation_decision_gate_required""]",activation_blocked,adoption_candidate_review_packet_must_not_feed_runtime_ranking_trading_or_auto_activation,docs/extension/v0_3_production_activation_decision_gate.md,docs/extension/v0_3_adoption_candidate_selector_gate.md,no_automatic_production_activation_claim
v0_3_adoption_candidate_review_packet_0_1,ac_v0_3_adoption_candidate_review_packets_20260508_124600_sc_ecard_6662290e29da98ab5c15,sc:ecard:6662290e29da98ab5c15,v0.3.0,ee_v0_3_20260506_sc_ecard_6662290e29da98ab5c15,v0_3_rule_first_selector_0_1,rule_first_selector_20260508_124555,"[""Quant_mvp\\data\\v0_3\\rule_first_selector\\v0_3_rule_first_selector.jsonl"", ""ee_v0_3_20260506_sc_ecard_6662290e29da98ab5c15""]","{""adoption_auto_decision_allowed"": false, ""evaluation_mode"": ""diagnostic_ranking_only"", ""ml_score_ranking_manifest_path"": ""Quant_mvp\\data\\v0_4\\selector_scores\\v0_4_1_selector_ml_score_ranking_manifest.json"", ""performance_claim_allowed"": false, ""ranking_result_changes_selector_rank"": false, ""ranking_result_changes_selector_score"": false, ""reference_only"": true, ""selector_score_source_unchanged"": true, ""trading_signal_allowed"": false}",rule_only,32.048278,32.048278,57,57,reviewable_candidate,low,"[""evidence_complete_enough_for_review"", ""historical_performance_summary_documented"", ""risk_metrics_documented"", ""limitations_explicit"", ""no_feedback_boundary_passed"", ""rule_only_selector_review""]","{""actual_metric_role"": ""candidate_specific"", ""actual_metric_source"": ""approved_evaluation_evidence"", ""candidate_metric_match"": true, ""metric_subject_id"": ""sc:ecard:6662290e29da98ab5c15"", ""metric_subject_type"": ""strategy_candidate"", ""source_evidence_id"": ""ee_v0_3_20260506_sc_ecard_6662290e29da98ab5c15"", ""total_return"": -0.06993676616043398}","{""benchmark_return"": null, ""excess_return_vs_proxy"": null, ""generic_momentum_proxy_role"": ""benchmark_reference_context_only"", ""generic_proxy_not_used_as_label_or_selector_score"": true, ""proxy_return"": null, ""reference_context_available"": false}","{""failure_flags"": [], ""max_drawdown"": -0.43446907470055085, ""sharpe"": 0.0738775881276168, ""turnover"": 0.8769900497512437, ""volatility"": 0.3344231353969896}","[""adoption_candidate_review_only_not_activation"", ""production_activation_requires_separate_root_gate"", ""supervised_ml_blocked_or_not_available_rule_only_selector_used"", ""ml_selector_score_absent""]","[""adoption_candidate_review_only_not_activation"", ""production_activation_requires_separate_root_gate"", ""supervised_ml_blocked_or_not_available_rule_only_selector_used"", ""ml_selector_score_absent""]",,"[""root_governance_review"", ""quant_strategy_adoption_gate_review"", ""production_activation_decision_gate_required""]",activation_blocked,adoption_candidate_review_packet_must_not_feed_runtime_ranking_trading_or_auto_activation,docs/extension/v0_3_production_activation_decision_gate.md,docs/extension/v0_3_adoption_candidate_selector_gate.md,no_automatic_production_activation_claim
v0_3_adoption_candidate_review_packet_0_1,ac_v0_3_adoption_candidate_review_packets_20260508_124600_sc_ecard_6828a0047564da84fe43,sc:ecard:6828a0047564da84fe43,v0.3.0,ee_v0_3_20260506_sc_ecard_6828a0047564da84fe43,v0_3_rule_first_selector_0_1,rule_first_selector_20260508_124555,"[""Quant_mvp\\data\\v0_3\\rule_first_selector\\v0_3_rule_first_selector.jsonl"", ""ee_v0_3_20260506_sc_ecard_6828a0047564da84fe43""]","{""adoption_auto_decision_allowed"": false, ""evaluation_mode"": ""diagnostic_ranking_only"", ""ml_score_ranking_manifest_path"": ""Quant_mvp\\data\\v0_4\\selector_scores\\v0_4_1_selector_ml_score_ranking_manifest.json"", ""performance_claim_allowed"": false, ""ranking_result_changes_selector_rank"": false, ""ranking_result_changes_selector_score"": false, ""reference_only"": true, ""selector_score_source_unchanged"": true, ""trading_signal_allowed"": false}",rule_only,60.641751,60.641751,7,7,top_review_candidate,low,"[""evidence_complete_enough_for_review"", ""historical_performance_summary_documented"", ""risk_metrics_documented"", ""limitations_explicit"", ""no_feedback_boundary_passed"", ""rule_only_selector_review""]","{""actual_metric_role"": ""candidate_specific"", ""actual_metric_source"": ""approved_evaluation_evidence"", ""candidate_metric_match"": true, ""metric_subject_id"": ""sc:ecard:6828a0047564da84fe43"", ""metric_subject_type"": ""strategy_candidate"", ""source_evidence_id"": ""ee_v0_3_20260506_sc_ecard_6828a0047564da84fe43"", ""total_return"": 4.59248614414884}","{""benchmark_return"": null, ""excess_return_vs_proxy"": null, ""generic_momentum_proxy_role"": ""benchmark_reference_context_only"", ""generic_proxy_not_used_as_label_or_selector_score"": true, ""proxy_return"": null, ""reference_context_available"": false}","{""failure_flags"": [], ""max_drawdown"": -0.49924422265194046, ""sharpe"": 0.5932409139655367, ""turnover"": 0.686318407960199, ""volatility"": 0.39104534114120565}","[""adoption_candidate_review_only_not_activation"", ""production_activation_requires_separate_root_gate"", ""supervised_ml_blocked_or_not_available_rule_only_selector_used"", ""ml_selector_score_absent""]","[""adoption_candidate_review_only_not_activation"", ""production_activation_requires_separate_root_gate"", ""supervised_ml_blocked_or_not_available_rule_only_selector_used"", ""ml_selector_score_absent""]",,"[""root_governance_review"", ""quant_strategy_adoption_gate_review"", ""production_activation_decision_gate_required""]",activation_blocked,adoption_candidate_review_packet_must_not_feed_runtime_ranking_trading_or_auto_activation,docs/extension/v0_3_production_activation_decision_gate.md,docs/extension/v0_3_adoption_candidate_selector_gate.md,no_automatic_production_activation_claim
v0_3_adoption_candidate_review_packet_0_1,ac_v0_3_adoption_candidate_review_packets_20260508_124600_sc_ecard_687ac3f1e09c49b3e725,sc:ecard:687ac3f1e09c49b3e725,v0.3.0,ee_v0_3_20260506_sc_ecard_687ac3f1e09c49b3e725,v0_3_rule_first_selector_0_1,rule_first_selector_20260508_124555,"[""Quant_mvp\\data\\v0_3\\rule_first_selector\\v0_3_rule_first_selector.jsonl"", ""ee_v0_3_20260506_sc_ecard_687ac3f1e09c49b3e725""]","{""adoption_auto_decision_allowed"": false, ""evaluation_mode"": ""diagnostic_ranking_only"", ""ml_score_ranking_manifest_path"": ""Quant_mvp\\data\\v0_4\\selector_scores\\v0_4_1_selector_ml_score_ranking_manifest.json"", ""performance_claim_allowed"": false, ""ranking_result_changes_selector_rank"": false, ""ranking_result_changes_selector_score"": false, ""reference_only"": true, ""selector_score_source_unchanged"": true, ""trading_signal_allowed"": false}",rule_only,60.641751,60.641751,8,8,top_review_candidate,low,"[""evidence_complete_enough_for_review"", ""historical_performance_summary_documented"", ""risk_metrics_documented"", ""limitations_explicit"", ""no_feedback_boundary_passed"", ""rule_only_selector_review""]","{""actual_metric_role"": ""candidate_specific"", ""actual_metric_source"": ""approved_evaluation_evidence"", ""candidate_metric_match"": true, ""metric_subject_id"": ""sc:ecard:687ac3f1e09c49b3e725"", ""metric_subject_type"": ""strategy_candidate"", ""source_evidence_id"": ""ee_v0_3_20260506_sc_ecard_687ac3f1e09c49b3e725"", ""total_return"": 4.59248614414884}","{""benchmark_return"": null, ""excess_return_vs_proxy"": null, ""generic_momentum_proxy_role"": ""benchmark_reference_context_only"", ""generic_proxy_not_used_as_label_or_selector_score"": true, ""proxy_return"": null, ""reference_context_available"": false}","{""failure_flags"": [], ""max_drawdown"": -0.49924422265194046, ""sharpe"": 0.5932409139655367, ""turnover"": 0.686318407960199, ""volatility"": 0.39104534114120565}","[""adoption_candidate_review_only_not_activation"", ""production_activation_requires_separate_root_gate"", ""supervised_ml_blocked_or_not_available_rule_only_selector_used"", ""ml_selector_score_absent""]","[""adoption_candidate_review_only_not_activation"", ""production_activation_requires_separate_root_gate"", ""supervised_ml_blocked_or_not_available_rule_only_selector_used"", ""ml_selector_score_absent""]",,"[""root_governance_review"", ""quant_strategy_adoption_gate_review"", ""production_activation_decision_gate_required""]",activation_blocked,adoption_candidate_review_packet_must_not_feed_runtime_ranking_trading_or_auto_activation,docs/extension/v0_3_production_activation_decision_gate.md,docs/extension/v0_3_adoption_candidate_selector_gate.md,no_automatic_production_activation_claim
v0_3_adoption_candidate_review_packet_0_1,ac_v0_3_adoption_candidate_review_packets_20260508_124600_sc_ecard_6a5dcbcb015cb2784314,sc:ecard:6a5dcbcb015cb2784314,v0.3.0,ee_v0_3_20260506_sc_ecard_6a5dcbcb015cb2784314,v0_3_rule_first_selector_0_1,rule_first_selector_20260508_124555,"[""Quant_mvp\\data\\v0_3\\rule_first_selector\\v0_3_rule_first_selector.jsonl"", ""ee_v0_3_20260506_sc_ecard_6a5dcbcb015cb2784314""]","{""adoption_auto_decision_allowed"": false, ""evaluation_mode"": ""diagnostic_ranking_only"", ""ml_score_ranking_manifest_path"": ""Quant_mvp\\data\\v0_4\\selector_scores\\v0_4_1_selector_ml_score_ranking_manifest.json"", ""performance_claim_allowed"": false, ""ranking_result_changes_selector_rank"": false, ""ranking_result_changes_selector_score"": false, ""reference_only"": true, ""selector_score_source_unchanged"": true, ""trading_signal_allowed"": false}",rule_only,58.671009,58.671009,37,37,reviewable_candidate,low,"[""evidence_complete_enough_for_review"", ""historical_performance_summary_documented"", ""risk_metrics_documented"", ""limitations_explicit"", ""no_feedback_boundary_passed"", ""rule_only_selector_review""]","{""actual_metric_role"": ""candidate_specific"", ""actual_metric_source"": ""approved_evaluation_evidence"", ""candidate_metric_match"": true, ""metric_subject_id"": ""sc:ecard:6a5dcbcb015cb2784314"", ""metric_subject_type"": ""strategy_candidate"", ""source_evidence_id"": ""ee_v0_3_20260506_sc_ecard_6a5dcbcb015cb2784314"", ""total_return"": 0.9478898686276229}","{""benchmark_return"": null, ""excess_return_vs_proxy"": null, ""generic_momentum_proxy_role"": ""benchmark_reference_context_only"", ""generic_proxy_not_used_as_label_or_selector_score"": true, ""proxy_return"": null, ""reference_context_available"": false}","{""failure_flags"": [], ""max_drawdown"": -0.6092164024086726, ""sharpe"": 0.35818175172278915, ""turnover"": 0.8618159203980099, ""volatility"": 0.2968075686560764}","[""adoption_candidate_review_only_not_activation"", ""production_activation_requires_separate_root_gate"", ""supervised_ml_blocked_or_not_available_rule_only_selector_used"", ""ml_selector_score_absent""]","[""adoption_candidate_review_only_not_activation"", ""production_activation_requires_separate_root_gate"", ""supervised_ml_blocked_or_not_available_rule_only_selector_used"", ""ml_selector_score_absent""]",,"[""root_governance_review"", ""quant_strategy_adoption_gate_review"", ""production_activation_decision_gate_required""]",activation_blocked,adoption_candidate_review_packet_must_not_feed_runtime_ranking_trading_or_auto_activation,docs/extension/v0_3_production_activation_decision_gate.md,docs/extension/v0_3_adoption_candidate_selector_gate.md,no_automatic_production_activation_claim
v0_3_adoption_candidate_review_packet_0_1,ac_v0_3_adoption_candidate_review_packets_20260508_124600_sc_ecard_6a9cffea47a4d33bd9eb,sc:ecard:6a9cffea47a4d33bd9eb,v0.3.0,ee_v0_3_20260506_sc_ecard_6a9cffea47a4d33bd9eb,v0_3_rule_first_selector_0_1,rule_first_selector_20260508_124555,"[""Quant_mvp\\data\\v0_3\\rule_first_selector\\v0_3_rule_first_selector.jsonl"", ""ee_v0_3_20260506_sc_ecard_6a9cffea47a4d33bd9eb""]","{""adoption_auto_decision_allowed"": false, ""evaluation_mode"": ""diagnostic_ranking_only"", ""ml_score_ranking_manifest_path"": ""Quant_mvp\\data\\v0_4\\selector_scores\\v0_4_1_selector_ml_score_ranking_manifest.json"", ""performance_claim_allowed"": false, ""ranking_result_changes_selector_rank"": false, ""ranking_result_changes_selector_score"": false, ""reference_only"": true, ""selector_score_source_unchanged"": true, ""trading_signal_allowed"": false}",rule_only,60.641751,60.641751,9,9,top_review_candidate,low,"[""evidence_complete_enough_for_review"", ""historical_performance_summary_documented"", ""risk_metrics_documented"", ""limitations_explicit"", ""no_feedback_boundary_passed"", ""rule_only_selector_review""]","{""actual_metric_role"": ""candidate_specific"", ""actual_metric_source"": ""approved_evaluation_evidence"", ""candidate_metric_match"": true, ""metric_subject_id"": ""sc:ecard:6a9cffea47a4d33bd9eb"", ""metric_subject_type"": ""strategy_candidate"", ""source_evidence_id"": ""ee_v0_3_20260506_sc_ecard_6a9cffea47a4d33bd9eb"", ""total_return"": 4.59248614414884}","{""benchmark_return"": null, ""excess_return_vs_proxy"": null, ""generic_momentum_proxy_role"": ""benchmark_reference_context_only"", ""generic_proxy_not_used_as_label_or_selector_score"": true, ""proxy_return"": null, ""reference_context_available"": false}","{""failure_flags"": [], ""max_drawdown"": -0.49924422265194046, ""sharpe"": 0.5932409139655367, ""turnover"": 0.686318407960199, ""volatility"": 0.39104534114120565}","[""adoption_candidate_review_only_not_activation"", ""production_activation_requires_separate_root_gate"", ""supervised_ml_blocked_or_not_available_rule_only_selector_used"", ""ml_selector_score_absent""]","[""adoption_candidate_review_only_not_activation"", ""production_activation_requires_separate_root_gate"", ""supervised_ml_blocked_or_not_available_rule_only_selector_used"", ""ml_selector_score_absent""]",,"[""root_governance_review"", ""quant_strategy_adoption_gate_review"", ""production_activation_decision_gate_required""]",activation_blocked,adoption_candidate_review_packet_must_not_feed_runtime_ranking_trading_or_auto_activation,docs/extension/v0_3_production_activation_decision_gate.md,docs/extension/v0_3_adoption_candidate_selector_gate.md,no_automatic_production_activation_claim
v0_3_adoption_candidate_review_packet_0_1,ac_v0_3_adoption_candidate_review_packets_20260508_124600_sc_ecard_72b25e793091bd43a3da,sc:ecard:72b25e793091bd43a3da,v0.3.0,ee_v0_3_20260506_sc_ecard_72b25e793091bd43a3da,v0_3_rule_first_selector_0_1,rule_first_selector_20260508_124555,"[""Quant_mvp\\data\\v0_3\\rule_first_selector\\v0_3_rule_first_selector.jsonl"", ""ee_v0_3_20260506_sc_ecard_72b25e793091bd43a3da""]","{""adoption_auto_decision_allowed"": false, ""evaluation_mode"": ""diagnostic_ranking_only"", ""ml_score_ranking_manifest_path"": ""Quant_mvp\\data\\v0_4\\selector_scores\\v0_4_1_selector_ml_score_ranking_manifest.json"", ""performance_claim_allowed"": false, ""ranking_result_changes_selector_rank"": false, ""ranking_result_changes_selector_score"": false, ""reference_only"": true, ""selector_score_source_unchanged"": true, ""trading_signal_allowed"": false}",rule_only,58.671009,58.671009,38,38,reviewable_candidate,low,"[""evidence_complete_enough_for_review"", ""historical_performance_summary_documented"", ""risk_metrics_documented"", ""limitations_explicit"", ""no_feedback_boundary_passed"", ""rule_only_selector_review""]","{""actual_metric_role"": ""candidate_specific"", ""actual_metric_source"": ""approved_evaluation_evidence"", ""candidate_metric_match"": true, ""metric_subject_id"": ""sc:ecard:72b25e793091bd43a3da"", ""metric_subject_type"": ""strategy_candidate"", ""source_evidence_id"": ""ee_v0_3_20260506_sc_ecard_72b25e793091bd43a3da"", ""total_return"": 0.9478898686276229}","{""benchmark_return"": null, ""excess_return_vs_proxy"": null, ""generic_momentum_proxy_role"": ""benchmark_reference_context_only"", ""generic_proxy_not_used_as_label_or_selector_score"": true, ""proxy_return"": null, ""reference_context_available"": false}","{""failure_flags"": [], ""max_drawdown"": -0.6092164024086726, ""sharpe"": 0.35818175172278915, ""turnover"": 0.8618159203980099, ""volatility"": 0.2968075686560764}","[""adoption_candidate_review_only_not_activation"", ""production_activation_requires_separate_root_gate"", ""supervised_ml_blocked_or_not_available_rule_only_selector_used"", ""ml_selector_score_absent""]","[""adoption_candidate_review_only_not_activation"", ""production_activation_requires_separate_root_gate"", ""supervised_ml_blocked_or_not_available_rule_only_selector_used"", ""ml_selector_score_absent""]",,"[""root_governance_review"", ""quant_strategy_adoption_gate_review"", ""production_activation_decision_gate_required""]",activation_blocked,adoption_candidate_review_packet_must_not_feed_runtime_ranking_trading_or_auto_activation,docs/extension/v0_3_production_activation_decision_gate.md,docs/extension/v0_3_adoption_candidate_selector_gate.md,no_automatic_production_activation_claim
v0_3_adoption_candidate_review_packet_0_1,ac_v0_3_adoption_candidate_review_packets_20260508_124600_sc_ecard_76bfe05098ce3dd93cf8,sc:ecard:76bfe05098ce3dd93cf8,v0.3.0,ee_v0_3_20260506_sc_ecard_76bfe05098ce3dd93cf8,v0_3_rule_first_selector_0_1,rule_first_selector_20260508_124555,"[""Quant_mvp\\data\\v0_3\\rule_first_selector\\v0_3_rule_first_selector.jsonl"", ""ee_v0_3_20260506_sc_ecard_76bfe05098ce3dd93cf8""]","{""adoption_auto_decision_allowed"": false, ""evaluation_mode"": ""diagnostic_ranking_only"", ""ml_score_ranking_manifest_path"": ""Quant_mvp\\data\\v0_4\\selector_scores\\v0_4_1_selector_ml_score_ranking_manifest.json"", ""performance_claim_allowed"": false, ""ranking_result_changes_selector_rank"": false, ""ranking_result_changes_selector_score"": false, ""reference_only"": true, ""selector_score_source_unchanged"": true, ""trading_signal_allowed"": false}",rule_only,60.641751,60.641751,10,10,top_review_candidate,low,"[""evidence_complete_enough_for_review"", ""historical_performance_summary_documented"", ""risk_metrics_documented"", ""limitations_explicit"", ""no_feedback_boundary_passed"", ""rule_only_selector_review""]","{""actual_metric_role"": ""candidate_specific"", ""actual_metric_source"": ""approved_evaluation_evidence"", ""candidate_metric_match"": true, ""metric_subject_id"": ""sc:ecard:76bfe05098ce3dd93cf8"", ""metric_subject_type"": ""strategy_candidate"", ""source_evidence_id"": ""ee_v0_3_20260506_sc_ecard_76bfe05098ce3dd93cf8"", ""total_return"": 4.59248614414884}","{""benchmark_return"": null, ""excess_return_vs_proxy"": null, ""generic_momentum_proxy_role"": ""benchmark_reference_context_only"", ""generic_proxy_not_used_as_label_or_selector_score"": true, ""proxy_return"": null, ""reference_context_available"": false}","{""failure_flags"": [], ""max_drawdown"": -0.49924422265194046, ""sharpe"": 0.5932409139655367, ""turnover"": 0.686318407960199, ""volatility"": 0.39104534114120565}","[""adoption_candidate_review_only_not_activation"", ""production_activation_requires_separate_root_gate"", ""supervised_ml_blocked_or_not_available_rule_only_selector_used"", ""ml_selector_score_absent""]","[""adoption_candidate_review_only_not_activation"", ""production_activation_requires_separate_root_gate"", ""supervised_ml_blocked_or_not_available_rule_only_selector_used"", ""ml_selector_score_absent""]",,"[""root_governance_review"", ""quant_strategy_adoption_gate_review"", ""production_activation_decision_gate_required""]",activation_blocked,adoption_candidate_review_packet_must_not_feed_runtime_ranking_trading_or_auto_activation,docs/extension/v0_3_production_activation_decision_gate.md,docs/extension/v0_3_adoption_candidate_selector_gate.md,no_automatic_production_activation_claim
v0_3_adoption_candidate_review_packet_0_1,ac_v0_3_adoption_candidate_review_packets_20260508_124600_sc_ecard_7eacf8a35ca049075bda,sc:ecard:7eacf8a35ca049075bda,v0.3.0,ee_v0_3_20260506_sc_ecard_7eacf8a35ca049075bda,v0_3_rule_first_selector_0_1,rule_first_selector_20260508_124555,"[""Quant_mvp\\data\\v0_3\\rule_first_selector\\v0_3_rule_first_selector.jsonl"", ""ee_v0_3_20260506_sc_ecard_7eacf8a35ca049075bda""]","{""adoption_auto_decision_allowed"": false, ""evaluation_mode"": ""diagnostic_ranking_only"", ""ml_score_ranking_manifest_path"": ""Quant_mvp\\data\\v0_4\\selector_scores\\v0_4_1_selector_ml_score_ranking_manifest.json"", ""performance_claim_allowed"": false, ""ranking_result_changes_selector_rank"": false, ""ranking_result_changes_selector_score"": false, ""reference_only"": true, ""selector_score_source_unchanged"": true, ""trading_signal_allowed"": false}",rule_only,60.641751,60.641751,11,11,secondary_review_candidate,low,"[""evidence_complete_enough_for_review"", ""historical_performance_summary_documented"", ""risk_metrics_documented"", ""limitations_explicit"", ""no_feedback_boundary_passed"", ""rule_only_selector_review""]","{""actual_metric_role"": ""candidate_specific"", ""actual_metric_source"": ""approved_evaluation_evidence"", ""candidate_metric_match"": true, ""metric_subject_id"": ""sc:ecard:7eacf8a35ca049075bda"", ""metric_subject_type"": ""strategy_candidate"", ""source_evidence_id"": ""ee_v0_3_20260506_sc_ecard_7eacf8a35ca049075bda"", ""total_return"": 4.59248614414884}","{""benchmark_return"": null, ""excess_return_vs_proxy"": null, ""generic_momentum_proxy_role"": ""benchmark_reference_context_only"", ""generic_proxy_not_used_as_label_or_selector_score"": true, ""proxy_return"": null, ""reference_context_available"": false}","{""failure_flags"": [], ""max_drawdown"": -0.49924422265194046, ""sharpe"": 0.5932409139655367, ""turnover"": 0.686318407960199, ""volatility"": 0.39104534114120565}","[""adoption_candidate_review_only_not_activation"", ""production_activation_requires_separate_root_gate"", ""supervised_ml_blocked_or_not_available_rule_only_selector_used"", ""ml_selector_score_absent""]","[""adoption_candidate_review_only_not_activation"", ""production_activation_requires_separate_root_gate"", ""supervised_ml_blocked_or_not_available_rule_only_selector_used"", ""ml_selector_score_absent""]",,"[""root_governance_review"", ""quant_strategy_adoption_gate_review"", ""production_activation_decision_gate_required""]",activation_blocked,adoption_candidate_review_packet_must_not_feed_runtime_ranking_trading_or_auto_activation,docs/extension/v0_3_production_activation_decision_gate.md,docs/extension/v0_3_adoption_candidate_selector_gate.md,no_automatic_production_activation_claim
v0_3_adoption_candidate_review_packet_0_1,ac_v0_3_adoption_candidate_review_packets_20260508_124600_sc_ecard_804c33f44268262857cd,sc:ecard:804c33f44268262857cd,v0.3.0,ee_v0_3_20260506_sc_ecard_804c33f44268262857cd,v0_3_rule_first_selector_0_1,rule_first_selector_20260508_124555,"[""Quant_mvp\\data\\v0_3\\rule_first_selector\\v0_3_rule_first_selector.jsonl"", ""ee_v0_3_20260506_sc_ecard_804c33f44268262857cd""]","{""adoption_auto_decision_allowed"": false, ""evaluation_mode"": ""diagnostic_ranking_only"", ""ml_score_ranking_manifest_path"": ""Quant_mvp\\data\\v0_4\\selector_scores\\v0_4_1_selector_ml_score_ranking_manifest.json"", ""performance_claim_allowed"": false, ""ranking_result_changes_selector_rank"": false, ""ranking_result_changes_selector_score"": false, ""reference_only"": true, ""selector_score_source_unchanged"": true, ""trading_signal_allowed"": false}",rule_only,58.671009,58.671009,39,39,reviewable_candidate,low,"[""evidence_complete_enough_for_review"", ""historical_performance_summary_documented"", ""risk_metrics_documented"", ""limitations_explicit"", ""no_feedback_boundary_passed"", ""rule_only_selector_review""]","{""actual_metric_role"": ""candidate_specific"", ""actual_metric_source"": ""approved_evaluation_evidence"", ""candidate_metric_match"": true, ""metric_subject_id"": ""sc:ecard:804c33f44268262857cd"", ""metric_subject_type"": ""strategy_candidate"", ""source_evidence_id"": ""ee_v0_3_20260506_sc_ecard_804c33f44268262857cd"", ""total_return"": 0.9478898686276229}","{""benchmark_return"": null, ""excess_return_vs_proxy"": null, ""generic_momentum_proxy_role"": ""benchmark_reference_context_only"", ""generic_proxy_not_used_as_label_or_selector_score"": true, ""proxy_return"": null, ""reference_context_available"": false}","{""failure_flags"": [], ""max_drawdown"": -0.6092164024086726, ""sharpe"": 0.35818175172278915, ""turnover"": 0.8618159203980099, ""volatility"": 0.2968075686560764}","[""adoption_candidate_review_only_not_activation"", ""production_activation_requires_separate_root_gate"", ""supervised_ml_blocked_or_not_available_rule_only_selector_used"", ""ml_selector_score_absent""]","[""adoption_candidate_review_only_not_activation"", ""production_activation_requires_separate_root_gate"", ""supervised_ml_blocked_or_not_available_rule_only_selector_used"", ""ml_selector_score_absent""]",,"[""root_governance_review"", ""quant_strategy_adoption_gate_review"", ""production_activation_decision_gate_required""]",activation_blocked,adoption_candidate_review_packet_must_not_feed_runtime_ranking_trading_or_auto_activation,docs/extension/v0_3_production_activation_decision_gate.md,docs/extension/v0_3_adoption_candidate_selector_gate.md,no_automatic_production_activation_claim
v0_3_adoption_candidate_review_packet_0_1,ac_v0_3_adoption_candidate_review_packets_20260508_124600_sc_ecard_8530fbc96de367a86cf1,sc:ecard:8530fbc96de367a86cf1,v0.3.0,ee_v0_3_20260506_sc_ecard_8530fbc96de367a86cf1,v0_3_rule_first_selector_0_1,rule_first_selector_20260508_124555,"[""Quant_mvp\\data\\v0_3\\rule_first_selector\\v0_3_rule_first_selector.jsonl"", ""ee_v0_3_20260506_sc_ecard_8530fbc96de367a86cf1""]","{""adoption_auto_decision_allowed"": false, ""evaluation_mode"": ""diagnostic_ranking_only"", ""ml_score_ranking_manifest_path"": ""Quant_mvp\\data\\v0_4\\selector_scores\\v0_4_1_selector_ml_score_ranking_manifest.json"", ""performance_claim_allowed"": false, ""ranking_result_changes_selector_rank"": false, ""ranking_result_changes_selector_score"": false, ""reference_only"": true, ""selector_score_source_unchanged"": true, ""trading_signal_allowed"": false}",rule_only,58.671009,58.671009,40,40,reviewable_candidate,low,"[""evidence_complete_enough_for_review"", ""historical_performance_summary_documented"", ""risk_metrics_documented"", ""limitations_explicit"", ""no_feedback_boundary_passed"", ""rule_only_selector_review""]","{""actual_metric_role"": ""candidate_specific"", ""actual_metric_source"": ""approved_evaluation_evidence"", ""candidate_metric_match"": true, ""metric_subject_id"": ""sc:ecard:8530fbc96de367a86cf1"", ""metric_subject_type"": ""strategy_candidate"", ""source_evidence_id"": ""ee_v0_3_20260506_sc_ecard_8530fbc96de367a86cf1"", ""total_return"": 0.9478898686276229}","{""benchmark_return"": null, ""excess_return_vs_proxy"": null, ""generic_momentum_proxy_role"": ""benchmark_reference_context_only"", ""generic_proxy_not_used_as_label_or_selector_score"": true, ""proxy_return"": null, ""reference_context_available"": false}","{""failure_flags"": [], ""max_drawdown"": -0.6092164024086726, ""sharpe"": 0.35818175172278915, ""turnover"": 0.8618159203980099, ""volatility"": 0.2968075686560764}","[""adoption_candidate_review_only_not_activation"", ""production_activation_requires_separate_root_gate"", ""supervised_ml_blocked_or_not_available_rule_only_selector_used"", ""ml_selector_score_absent""]","[""adoption_candidate_review_only_not_activation"", ""production_activation_requires_separate_root_gate"", ""supervised_ml_blocked_or_not_available_rule_only_selector_used"", ""ml_selector_score_absent""]",,"[""root_governance_review"", ""quant_strategy_adoption_gate_review"", ""production_activation_decision_gate_required""]",activation_blocked,adoption_candidate_review_packet_must_not_feed_runtime_ranking_trading_or_auto_activation,docs/extension/v0_3_production_activation_decision_gate.md,docs/extension/v0_3_adoption_candidate_selector_gate.md,no_automatic_production_activation_claim
v0_3_adoption_candidate_review_packet_0_1,ac_v0_3_adoption_candidate_review_packets_20260508_124600_sc_ecard_86d7f94c4c6c142ee973,sc:ecard:86d7f94c4c6c142ee973,v0.3.0,ee_v0_3_20260506_sc_ecard_86d7f94c4c6c142ee973,v0_3_rule_first_selector_0_1,rule_first_selector_20260508_124555,"[""Quant_mvp\\data\\v0_3\\rule_first_selector\\v0_3_rule_first_selector.jsonl"", ""ee_v0_3_20260506_sc_ecard_86d7f94c4c6c142ee973""]","{""adoption_auto_decision_allowed"": false, ""evaluation_mode"": ""diagnostic_ranking_only"", ""ml_score_ranking_manifest_path"": ""Quant_mvp\\data\\v0_4\\selector_scores\\v0_4_1_selector_ml_score_ranking_manifest.json"", ""performance_claim_allowed"": false, ""ranking_result_changes_selector_rank"": false, ""ranking_result_changes_selector_score"": false, ""reference_only"": true, ""selector_score_source_unchanged"": true, ""trading_signal_allowed"": false}",rule_only,60.641751,60.641751,12,12,secondary_review_candidate,low,"[""evidence_complete_enough_for_review"", ""historical_performance_summary_documented"", ""risk_metrics_documented"", ""limitations_explicit"", ""no_feedback_boundary_passed"", ""rule_only_selector_review""]","{""actual_metric_role"": ""candidate_specific"", ""actual_metric_source"": ""approved_evaluation_evidence"", ""candidate_metric_match"": true, ""metric_subject_id"": ""sc:ecard:86d7f94c4c6c142ee973"", ""metric_subject_type"": ""strategy_candidate"", ""source_evidence_id"": ""ee_v0_3_20260506_sc_ecard_86d7f94c4c6c142ee973"", ""total_return"": 4.59248614414884}","{""benchmark_return"": null, ""excess_return_vs_proxy"": null, ""generic_momentum_proxy_role"": ""benchmark_reference_context_only"", ""generic_proxy_not_used_as_label_or_selector_score"": true, ""proxy_return"": null, ""reference_context_available"": false}","{""failure_flags"": [], ""max_drawdown"": -0.49924422265194046, ""sharpe"": 0.5932409139655367, ""turnover"": 0.686318407960199, ""volatility"": 0.39104534114120565}","[""adoption_candidate_review_only_not_activation"", ""production_activation_requires_separate_root_gate"", ""supervised_ml_blocked_or_not_available_rule_only_selector_used"", ""ml_selector_score_absent""]","[""adoption_candidate_review_only_not_activation"", ""production_activation_requires_separate_root_gate"", ""supervised_ml_blocked_or_not_available_rule_only_selector_used"", ""ml_selector_score_absent""]",,"[""root_governance_review"", ""quant_strategy_adoption_gate_review"", ""production_activation_decision_gate_required""]",activation_blocked,adoption_candidate_review_packet_must_not_feed_runtime_ranking_trading_or_auto_activation,docs/extension/v0_3_production_activation_decision_gate.md,docs/extension/v0_3_adoption_candidate_selector_gate.md,no_automatic_production_activation_claim
v0_3_adoption_candidate_review_packet_0_1,ac_v0_3_adoption_candidate_review_packets_20260508_124600_sc_ecard_879f0712deaf4f995c36,sc:ecard:879f0712deaf4f995c36,v0.3.0,ee_v0_3_20260506_sc_ecard_879f0712deaf4f995c36,v0_3_rule_first_selector_0_1,rule_first_selector_20260508_124555,"[""Quant_mvp\\data\\v0_3\\rule_first_selector\\v0_3_rule_first_selector.jsonl"", ""ee_v0_3_20260506_sc_ecard_879f0712deaf4f995c36""]","{""adoption_auto_decision_allowed"": false, ""evaluation_mode"": ""diagnostic_ranking_only"", ""ml_score_ranking_manifest_path"": ""Quant_mvp\\data\\v0_4\\selector_scores\\v0_4_1_selector_ml_score_ranking_manifest.json"", ""performance_claim_allowed"": false, ""ranking_result_changes_selector_rank"": false, ""ranking_result_changes_selector_score"": false, ""reference_only"": true, ""selector_score_source_unchanged"": true, ""trading_signal_allowed"": false}",rule_only,58.671009,58.671009,41,41,reviewable_candidate,low,"[""evidence_complete_enough_for_review"", ""historical_performance_summary_documented"", ""risk_metrics_documented"", ""limitations_explicit"", ""no_feedback_boundary_passed"", ""rule_only_selector_review""]","{""actual_metric_role"": ""candidate_specific"", ""actual_metric_source"": ""approved_evaluation_evidence"", ""candidate_metric_match"": true, ""metric_subject_id"": ""sc:ecard:879f0712deaf4f995c36"", ""metric_subject_type"": ""strategy_candidate"", ""source_evidence_id"": ""ee_v0_3_20260506_sc_ecard_879f0712deaf4f995c36"", ""total_return"": 0.9478898686276229}","{""benchmark_return"": null, ""excess_return_vs_proxy"": null, ""generic_momentum_proxy_role"": ""benchmark_reference_context_only"", ""generic_proxy_not_used_as_label_or_selector_score"": true, ""proxy_return"": null, ""reference_context_available"": false}","{""failure_flags"": [], ""max_drawdown"": -0.6092164024086726, ""sharpe"": 0.35818175172278915, ""turnover"": 0.8618159203980099, ""volatility"": 0.2968075686560764}","[""adoption_candidate_review_only_not_activation"", ""production_activation_requires_separate_root_gate"", ""supervised_ml_blocked_or_not_available_rule_only_selector_used"", ""ml_selector_score_absent""]","[""adoption_candidate_review_only_not_activation"", ""production_activation_requires_separate_root_gate"", ""supervised_ml_blocked_or_not_available_rule_only_selector_used"", ""ml_selector_score_absent""]",,"[""root_governance_review"", ""quant_strategy_adoption_gate_review"", ""production_activation_decision_gate_required""]",activation_blocked,adoption_candidate_review_packet_must_not_feed_runtime_ranking_trading_or_auto_activation,docs/extension/v0_3_production_activation_decision_gate.md,docs/extension/v0_3_adoption_candidate_selector_gate.md,no_automatic_production_activation_claim
v0_3_adoption_candidate_review_packet_0_1,ac_v0_3_adoption_candidate_review_packets_20260508_124600_sc_ecard_8c300bfdd648e5e7c17b,sc:ecard:8c300bfdd648e5e7c17b,v0.3.0,ee_v0_3_20260506_sc_ecard_8c300bfdd648e5e7c17b,v0_3_rule_first_selector_0_1,rule_first_selector_20260508_124555,"[""Quant_mvp\\data\\v0_3\\rule_first_selector\\v0_3_rule_first_selector.jsonl"", ""ee_v0_3_20260506_sc_ecard_8c300bfdd648e5e7c17b""]","{""adoption_auto_decision_allowed"": false, ""evaluation_mode"": ""diagnostic_ranking_only"", ""ml_score_ranking_manifest_path"": ""Quant_mvp\\data\\v0_4\\selector_scores\\v0_4_1_selector_ml_score_ranking_manifest.json"", ""performance_claim_allowed"": false, ""ranking_result_changes_selector_rank"": false, ""ranking_result_changes_selector_score"": false, ""reference_only"": true, ""selector_score_source_unchanged"": true, ""trading_signal_allowed"": false}",rule_only,60.641751,60.641751,13,13,secondary_review_candidate,low,"[""evidence_complete_enough_for_review"", ""historical_performance_summary_documented"", ""risk_metrics_documented"", ""limitations_explicit"", ""no_feedback_boundary_passed"", ""rule_only_selector_review""]","{""actual_metric_role"": ""candidate_specific"", ""actual_metric_source"": ""approved_evaluation_evidence"", ""candidate_metric_match"": true, ""metric_subject_id"": ""sc:ecard:8c300bfdd648e5e7c17b"", ""metric_subject_type"": ""strategy_candidate"", ""source_evidence_id"": ""ee_v0_3_20260506_sc_ecard_8c300bfdd648e5e7c17b"", ""total_return"": 4.59248614414884}","{""benchmark_return"": null, ""excess_return_vs_proxy"": null, ""generic_momentum_proxy_role"": ""benchmark_reference_context_only"", ""generic_proxy_not_used_as_label_or_selector_score"": true, ""proxy_return"": null, ""reference_context_available"": false}","{""failure_flags"": [], ""max_drawdown"": -0.49924422265194046, ""sharpe"": 0.5932409139655367, ""turnover"": 0.686318407960199, ""volatility"": 0.39104534114120565}","[""adoption_candidate_review_only_not_activation"", ""production_activation_requires_separate_root_gate"", ""supervised_ml_blocked_or_not_available_rule_only_selector_used"", ""ml_selector_score_absent""]","[""adoption_candidate_review_only_not_activation"", ""production_activation_requires_separate_root_gate"", ""supervised_ml_blocked_or_not_available_rule_only_selector_used"", ""ml_selector_score_absent""]",,"[""root_governance_review"", ""quant_strategy_adoption_gate_review"", ""production_activation_decision_gate_required""]",activation_blocked,adoption_candidate_review_packet_must_not_feed_runtime_ranking_trading_or_auto_activation,docs/extension/v0_3_production_activation_decision_gate.md,docs/extension/v0_3_adoption_candidate_selector_gate.md,no_automatic_production_activation_claim
v0_3_adoption_candidate_review_packet_0_1,ac_v0_3_adoption_candidate_review_packets_20260508_124600_sc_ecard_9045cf70f81a2fef79c9,sc:ecard:9045cf70f81a2fef79c9,v0.3.0,ee_v0_3_20260506_sc_ecard_9045cf70f81a2fef79c9,v0_3_rule_first_selector_0_1,rule_first_selector_20260508_124555,"[""Quant_mvp\\data\\v0_3\\rule_first_selector\\v0_3_rule_first_selector.jsonl"", ""ee_v0_3_20260506_sc_ecard_9045cf70f81a2fef79c9""]","{""adoption_auto_decision_allowed"": false, ""evaluation_mode"": ""diagnostic_ranking_only"", ""ml_score_ranking_manifest_path"": ""Quant_mvp\\data\\v0_4\\selector_scores\\v0_4_1_selector_ml_score_ranking_manifest.json"", ""performance_claim_allowed"": false, ""ranking_result_changes_selector_rank"": false, ""ranking_result_changes_selector_score"": false, ""reference_only"": true, ""selector_score_source_unchanged"": true, ""trading_signal_allowed"": false}",rule_only,58.671009,58.671009,42,42,reviewable_candidate,low,"[""evidence_complete_enough_for_review"", ""historical_performance_summary_documented"", ""risk_metrics_documented"", ""limitations_explicit"", ""no_feedback_boundary_passed"", ""rule_only_selector_review""]","{""actual_metric_role"": ""candidate_specific"", ""actual_metric_source"": ""approved_evaluation_evidence"", ""candidate_metric_match"": true, ""metric_subject_id"": ""sc:ecard:9045cf70f81a2fef79c9"", ""metric_subject_type"": ""strategy_candidate"", ""source_evidence_id"": ""ee_v0_3_20260506_sc_ecard_9045cf70f81a2fef79c9"", ""total_return"": 0.9478898686276229}","{""benchmark_return"": null, ""excess_return_vs_proxy"": null, ""generic_momentum_proxy_role"": ""benchmark_reference_context_only"", ""generic_proxy_not_used_as_label_or_selector_score"": true, ""proxy_return"": null, ""reference_context_available"": false}","{""failure_flags"": [], ""max_drawdown"": -0.6092164024086726, ""sharpe"": 0.35818175172278915, ""turnover"": 0.8618159203980099, ""volatility"": 0.2968075686560764}","[""adoption_candidate_review_only_not_activation"", ""production_activation_requires_separate_root_gate"", ""supervised_ml_blocked_or_not_available_rule_only_selector_used"", ""ml_selector_score_absent""]","[""adoption_candidate_review_only_not_activation"", ""production_activation_requires_separate_root_gate"", ""supervised_ml_blocked_or_not_available_rule_only_selector_used"", ""ml_selector_score_absent""]",,"[""root_governance_review"", ""quant_strategy_adoption_gate_review"", ""production_activation_decision_gate_required""]",activation_blocked,adoption_candidate_review_packet_must_not_feed_runtime_ranking_trading_or_auto_activation,docs/extension/v0_3_production_activation_decision_gate.md,docs/extension/v0_3_adoption_candidate_selector_gate.md,no_automatic_production_activation_claim
v0_3_adoption_candidate_review_packet_0_1,ac_v0_3_adoption_candidate_review_packets_20260508_124600_sc_ecard_9251cf532ee8ca2e9463,sc:ecard:9251cf532ee8ca2e9463,v0.3.0,ee_v0_3_20260506_sc_ecard_9251cf532ee8ca2e9463,v0_3_rule_first_selector_0_1,rule_first_selector_20260508_124555,"[""Quant_mvp\\data\\v0_3\\rule_first_selector\\v0_3_rule_first_selector.jsonl"", ""ee_v0_3_20260506_sc_ecard_9251cf532ee8ca2e9463""]","{""adoption_auto_decision_allowed"": false, ""evaluation_mode"": ""diagnostic_ranking_only"", ""ml_score_ranking_manifest_path"": ""Quant_mvp\\data\\v0_4\\selector_scores\\v0_4_1_selector_ml_score_ranking_manifest.json"", ""performance_claim_allowed"": false, ""ranking_result_changes_selector_rank"": false, ""ranking_result_changes_selector_score"": false, ""reference_only"": true, ""selector_score_source_unchanged"": true, ""trading_signal_allowed"": false}",rule_only,58.671009,58.671009,43,43,reviewable_candidate,low,"[""evidence_complete_enough_for_review"", ""historical_performance_summary_documented"", ""risk_metrics_documented"", ""limitations_explicit"", ""no_feedback_boundary_passed"", ""rule_only_selector_review""]","{""actual_metric_role"": ""candidate_specific"", ""actual_metric_source"": ""approved_evaluation_evidence"", ""candidate_metric_match"": true, ""metric_subject_id"": ""sc:ecard:9251cf532ee8ca2e9463"", ""metric_subject_type"": ""strategy_candidate"", ""source_evidence_id"": ""ee_v0_3_20260506_sc_ecard_9251cf532ee8ca2e9463"", ""total_return"": 0.9478898686276229}","{""benchmark_return"": null, ""excess_return_vs_proxy"": null, ""generic_momentum_proxy_role"": ""benchmark_reference_context_only"", ""generic_proxy_not_used_as_label_or_selector_score"": true, ""proxy_return"": null, ""reference_context_available"": false}","{""failure_flags"": [], ""max_drawdown"": -0.6092164024086726, ""sharpe"": 0.35818175172278915, ""turnover"": 0.8618159203980099, ""volatility"": 0.2968075686560764}","[""adoption_candidate_review_only_not_activation"", ""production_activation_requires_separate_root_gate"", ""supervised_ml_blocked_or_not_available_rule_only_selector_used"", ""ml_selector_score_absent""]","[""adoption_candidate_review_only_not_activation"", ""production_activation_requires_separate_root_gate"", ""supervised_ml_blocked_or_not_available_rule_only_selector_used"", ""ml_selector_score_absent""]",,"[""root_governance_review"", ""quant_strategy_adoption_gate_review"", ""production_activation_decision_gate_required""]",activation_blocked,adoption_candidate_review_packet_must_not_feed_runtime_ranking_trading_or_auto_activation,docs/extension/v0_3_production_activation_decision_gate.md,docs/extension/v0_3_adoption_candidate_selector_gate.md,no_automatic_production_activation_claim
v0_3_adoption_candidate_review_packet_0_1,ac_v0_3_adoption_candidate_review_packets_20260508_124600_sc_ecard_930cc5e5e099182e344b,sc:ecard:930cc5e5e099182e344b,v0.3.0,ee_v0_3_20260506_sc_ecard_930cc5e5e099182e344b,v0_3_rule_first_selector_0_1,rule_first_selector_20260508_124555,"[""Quant_mvp\\data\\v0_3\\rule_first_selector\\v0_3_rule_first_selector.jsonl"", ""ee_v0_3_20260506_sc_ecard_930cc5e5e099182e344b""]","{""adoption_auto_decision_allowed"": false, ""evaluation_mode"": ""diagnostic_ranking_only"", ""ml_score_ranking_manifest_path"": ""Quant_mvp\\data\\v0_4\\selector_scores\\v0_4_1_selector_ml_score_ranking_manifest.json"", ""performance_claim_allowed"": false, ""ranking_result_changes_selector_rank"": false, ""ranking_result_changes_selector_score"": false, ""reference_only"": true, ""selector_score_source_unchanged"": true, ""trading_signal_allowed"": false}",rule_only,58.671009,58.671009,44,44,reviewable_candidate,low,"[""evidence_complete_enough_for_review"", ""historical_performance_summary_documented"", ""risk_metrics_documented"", ""limitations_explicit"", ""no_feedback_boundary_passed"", ""rule_only_selector_review""]","{""actual_metric_role"": ""candidate_specific"", ""actual_metric_source"": ""approved_evaluation_evidence"", ""candidate_metric_match"": true, ""metric_subject_id"": ""sc:ecard:930cc5e5e099182e344b"", ""metric_subject_type"": ""strategy_candidate"", ""source_evidence_id"": ""ee_v0_3_20260506_sc_ecard_930cc5e5e099182e344b"", ""total_return"": 0.9478898686276229}","{""benchmark_return"": null, ""excess_return_vs_proxy"": null, ""generic_momentum_proxy_role"": ""benchmark_reference_context_only"", ""generic_proxy_not_used_as_label_or_selector_score"": true, ""proxy_return"": null, ""reference_context_available"": false}","{""failure_flags"": [], ""max_drawdown"": -0.6092164024086726, ""sharpe"": 0.35818175172278915, ""turnover"": 0.8618159203980099, ""volatility"": 0.2968075686560764}","[""adoption_candidate_review_only_not_activation"", ""production_activation_requires_separate_root_gate"", ""supervised_ml_blocked_or_not_available_rule_only_selector_used"", ""ml_selector_score_absent""]","[""adoption_candidate_review_only_not_activation"", ""production_activation_requires_separate_root_gate"", ""supervised_ml_blocked_or_not_available_rule_only_selector_used"", ""ml_selector_score_absent""]",,"[""root_governance_review"", ""quant_strategy_adoption_gate_review"", ""production_activation_decision_gate_required""]",activation_blocked,adoption_candidate_review_packet_must_not_feed_runtime_ranking_trading_or_auto_activation,docs/extension/v0_3_production_activation_decision_gate.md,docs/extension/v0_3_adoption_candidate_selector_gate.md,no_automatic_production_activation_claim
v0_3_adoption_candidate_review_packet_0_1,ac_v0_3_adoption_candidate_review_packets_20260508_124600_sc_ecard_970d6a6eea742efb59b5,sc:ecard:970d6a6eea742efb59b5,v0.3.0,ee_v0_3_20260506_sc_ecard_970d6a6eea742efb59b5,v0_3_rule_first_selector_0_1,rule_first_selector_20260508_124555,"[""Quant_mvp\\data\\v0_3\\rule_first_selector\\v0_3_rule_first_selector.jsonl"", ""ee_v0_3_20260506_sc_ecard_970d6a6eea742efb59b5""]","{""adoption_auto_decision_allowed"": false, ""evaluation_mode"": ""diagnostic_ranking_only"", ""ml_score_ranking_manifest_path"": ""Quant_mvp\\data\\v0_4\\selector_scores\\v0_4_1_selector_ml_score_ranking_manifest.json"", ""performance_claim_allowed"": false, ""ranking_result_changes_selector_rank"": false, ""ranking_result_changes_selector_score"": false, ""reference_only"": true, ""selector_score_source_unchanged"": true, ""trading_signal_allowed"": false}",rule_only,58.671009,58.671009,45,45,reviewable_candidate,low,"[""evidence_complete_enough_for_review"", ""historical_performance_summary_documented"", ""risk_metrics_documented"", ""limitations_explicit"", ""no_feedback_boundary_passed"", ""rule_only_selector_review""]","{""actual_metric_role"": ""candidate_specific"", ""actual_metric_source"": ""approved_evaluation_evidence"", ""candidate_metric_match"": true, ""metric_subject_id"": ""sc:ecard:970d6a6eea742efb59b5"", ""metric_subject_type"": ""strategy_candidate"", ""source_evidence_id"": ""ee_v0_3_20260506_sc_ecard_970d6a6eea742efb59b5"", ""total_return"": 0.9478898686276229}","{""benchmark_return"": null, ""excess_return_vs_proxy"": null, ""generic_momentum_proxy_role"": ""benchmark_reference_context_only"", ""generic_proxy_not_used_as_label_or_selector_score"": true, ""proxy_return"": null, ""reference_context_available"": false}","{""failure_flags"": [], ""max_drawdown"": -0.6092164024086726, ""sharpe"": 0.35818175172278915, ""turnover"": 0.8618159203980099, ""volatility"": 0.2968075686560764}","[""adoption_candidate_review_only_not_activation"", ""production_activation_requires_separate_root_gate"", ""supervised_ml_blocked_or_not_available_rule_only_selector_used"", ""ml_selector_score_absent""]","[""adoption_candidate_review_only_not_activation"", ""production_activation_requires_separate_root_gate"", ""supervised_ml_blocked_or_not_available_rule_only_selector_used"", ""ml_selector_score_absent""]",,"[""root_governance_review"", ""quant_strategy_adoption_gate_review"", ""production_activation_decision_gate_required""]",activation_blocked,adoption_candidate_review_packet_must_not_feed_runtime_ranking_trading_or_auto_activation,docs/extension/v0_3_production_activation_decision_gate.md,docs/extension/v0_3_adoption_candidate_selector_gate.md,no_automatic_production_activation_claim
v0_3_adoption_candidate_review_packet_0_1,ac_v0_3_adoption_candidate_review_packets_20260508_124600_sc_ecard_9e8efa218a7f4eac8285,sc:ecard:9e8efa218a7f4eac8285,v0.3.0,ee_v0_3_20260506_sc_ecard_9e8efa218a7f4eac8285,v0_3_rule_first_selector_0_1,rule_first_selector_20260508_124555,"[""Quant_mvp\\data\\v0_3\\rule_first_selector\\v0_3_rule_first_selector.jsonl"", ""ee_v0_3_20260506_sc_ecard_9e8efa218a7f4eac8285""]","{""adoption_auto_decision_allowed"": false, ""evaluation_mode"": ""diagnostic_ranking_only"", ""ml_score_ranking_manifest_path"": ""Quant_mvp\\data\\v0_4\\selector_scores\\v0_4_1_selector_ml_score_ranking_manifest.json"", ""performance_claim_allowed"": false, ""ranking_result_changes_selector_rank"": false, ""ranking_result_changes_selector_score"": false, ""reference_only"": true, ""selector_score_source_unchanged"": true, ""trading_signal_allowed"": false}",rule_only,60.641751,60.641751,14,14,secondary_review_candidate,low,"[""evidence_complete_enough_for_review"", ""historical_performance_summary_documented"", ""risk_metrics_documented"", ""limitations_explicit"", ""no_feedback_boundary_passed"", ""rule_only_selector_review""]","{""actual_metric_role"": ""candidate_specific"", ""actual_metric_source"": ""approved_evaluation_evidence"", ""candidate_metric_match"": true, ""metric_subject_id"": ""sc:ecard:9e8efa218a7f4eac8285"", ""metric_subject_type"": ""strategy_candidate"", ""source_evidence_id"": ""ee_v0_3_20260506_sc_ecard_9e8efa218a7f4eac8285"", ""total_return"": 4.59248614414884}","{""benchmark_return"": null, ""excess_return_vs_proxy"": null, ""generic_momentum_proxy_role"": ""benchmark_reference_context_only"", ""generic_proxy_not_used_as_label_or_selector_score"": true, ""proxy_return"": null, ""reference_context_available"": false}","{""failure_flags"": [], ""max_drawdown"": -0.49924422265194046, ""sharpe"": 0.5932409139655367, ""turnover"": 0.686318407960199, ""volatility"": 0.39104534114120565}","[""adoption_candidate_review_only_not_activation"", ""production_activation_requires_separate_root_gate"", ""supervised_ml_blocked_or_not_available_rule_only_selector_used"", ""ml_selector_score_absent""]","[""adoption_candidate_review_only_not_activation"", ""production_activation_requires_separate_root_gate"", ""supervised_ml_blocked_or_not_available_rule_only_selector_used"", ""ml_selector_score_absent""]",,"[""root_governance_review"", ""quant_strategy_adoption_gate_review"", ""production_activation_decision_gate_required""]",activation_blocked,adoption_candidate_review_packet_must_not_feed_runtime_ranking_trading_or_auto_activation,docs/extension/v0_3_production_activation_decision_gate.md,docs/extension/v0_3_adoption_candidate_selector_gate.md,no_automatic_production_activation_claim
v0_3_adoption_candidate_review_packet_0_1,ac_v0_3_adoption_candidate_review_packets_20260508_124600_sc_ecard_a082775b44c5902cc581,sc:ecard:a082775b44c5902cc581,v0.3.0,ee_v0_3_20260506_sc_ecard_a082775b44c5902cc581,v0_3_rule_first_selector_0_1,rule_first_selector_20260508_124555,"[""Quant_mvp\\data\\v0_3\\rule_first_selector\\v0_3_rule_first_selector.jsonl"", ""ee_v0_3_20260506_sc_ecard_a082775b44c5902cc581""]","{""adoption_auto_decision_allowed"": false, ""evaluation_mode"": ""diagnostic_ranking_only"", ""ml_score_ranking_manifest_path"": ""Quant_mvp\\data\\v0_4\\selector_scores\\v0_4_1_selector_ml_score_ranking_manifest.json"", ""performance_claim_allowed"": false, ""ranking_result_changes_selector_rank"": false, ""ranking_result_changes_selector_score"": false, ""reference_only"": true, ""selector_score_source_unchanged"": true, ""trading_signal_allowed"": false}",rule_only,58.671009,58.671009,46,46,reviewable_candidate,low,"[""evidence_complete_enough_for_review"", ""historical_performance_summary_documented"", ""risk_metrics_documented"", ""limitations_explicit"", ""no_feedback_boundary_passed"", ""rule_only_selector_review""]","{""actual_metric_role"": ""candidate_specific"", ""actual_metric_source"": ""approved_evaluation_evidence"", ""candidate_metric_match"": true, ""metric_subject_id"": ""sc:ecard:a082775b44c5902cc581"", ""metric_subject_type"": ""strategy_candidate"", ""source_evidence_id"": ""ee_v0_3_20260506_sc_ecard_a082775b44c5902cc581"", ""total_return"": 0.9478898686276229}","{""benchmark_return"": null, ""excess_return_vs_proxy"": null, ""generic_momentum_proxy_role"": ""benchmark_reference_context_only"", ""generic_proxy_not_used_as_label_or_selector_score"": true, ""proxy_return"": null, ""reference_context_available"": false}","{""failure_flags"": [], ""max_drawdown"": -0.6092164024086726, ""sharpe"": 0.35818175172278915, ""turnover"": 0.8618159203980099, ""volatility"": 0.2968075686560764}","[""adoption_candidate_review_only_not_activation"", ""production_activation_requires_separate_root_gate"", ""supervised_ml_blocked_or_not_available_rule_only_selector_used"", ""ml_selector_score_absent""]","[""adoption_candidate_review_only_not_activation"", ""production_activation_requires_separate_root_gate"", ""supervised_ml_blocked_or_not_available_rule_only_selector_used"", ""ml_selector_score_absent""]",,"[""root_governance_review"", ""quant_strategy_adoption_gate_review"", ""production_activation_decision_gate_required""]",activation_blocked,adoption_candidate_review_packet_must_not_feed_runtime_ranking_trading_or_auto_activation,docs/extension/v0_3_production_activation_decision_gate.md,docs/extension/v0_3_adoption_candidate_selector_gate.md,no_automatic_production_activation_claim
v0_3_adoption_candidate_review_packet_0_1,ac_v0_3_adoption_candidate_review_packets_20260508_124600_sc_ecard_a0b572e687cc09c2c0c8,sc:ecard:a0b572e687cc09c2c0c8,v0.3.0,ee_v0_3_20260506_sc_ecard_a0b572e687cc09c2c0c8,v0_3_rule_first_selector_0_1,rule_first_selector_20260508_124555,"[""Quant_mvp\\data\\v0_3\\rule_first_selector\\v0_3_rule_first_selector.jsonl"", ""ee_v0_3_20260506_sc_ecard_a0b572e687cc09c2c0c8""]","{""adoption_auto_decision_allowed"": false, ""evaluation_mode"": ""diagnostic_ranking_only"", ""ml_score_ranking_manifest_path"": ""Quant_mvp\\data\\v0_4\\selector_scores\\v0_4_1_selector_ml_score_ranking_manifest.json"", ""performance_claim_allowed"": false, ""ranking_result_changes_selector_rank"": false, ""ranking_result_changes_selector_score"": false, ""reference_only"": true, ""selector_score_source_unchanged"": true, ""trading_signal_allowed"": false}",rule_only,32.048278,32.048278,58,58,reviewable_candidate,low,"[""evidence_complete_enough_for_review"", ""historical_performance_summary_documented"", ""risk_metrics_documented"", ""limitations_explicit"", ""no_feedback_boundary_passed"", ""rule_only_selector_review""]","{""actual_metric_role"": ""candidate_specific"", ""actual_metric_source"": ""approved_evaluation_evidence"", ""candidate_metric_match"": true, ""metric_subject_id"": ""sc:ecard:a0b572e687cc09c2c0c8"", ""metric_subject_type"": ""strategy_candidate"", ""source_evidence_id"": ""ee_v0_3_20260506_sc_ecard_a0b572e687cc09c2c0c8"", ""total_return"": -0.06993676616043398}","{""benchmark_return"": null, ""excess_return_vs_proxy"": null, ""generic_momentum_proxy_role"": ""benchmark_reference_context_only"", ""generic_proxy_not_used_as_label_or_selector_score"": true, ""proxy_return"": null, ""reference_context_available"": false}","{""failure_flags"": [], ""max_drawdown"": -0.43446907470055085, ""sharpe"": 0.0738775881276168, ""turnover"": 0.8769900497512437, ""volatility"": 0.3344231353969896}","[""adoption_candidate_review_only_not_activation"", ""production_activation_requires_separate_root_gate"", ""supervised_ml_blocked_or_not_available_rule_only_selector_used"", ""ml_selector_score_absent""]","[""adoption_candidate_review_only_not_activation"", ""production_activation_requires_separate_root_gate"", ""supervised_ml_blocked_or_not_available_rule_only_selector_used"", ""ml_selector_score_absent""]",,"[""root_governance_review"", ""quant_strategy_adoption_gate_review"", ""production_activation_decision_gate_required""]",activation_blocked,adoption_candidate_review_packet_must_not_feed_runtime_ranking_trading_or_auto_activation,docs/extension/v0_3_production_activation_decision_gate.md,docs/extension/v0_3_adoption_candidate_selector_gate.md,no_automatic_production_activation_claim
v0_3_adoption_candidate_review_packet_0_1,ac_v0_3_adoption_candidate_review_packets_20260508_124600_sc_ecard_ac299534730e9fc98d95,sc:ecard:ac299534730e9fc98d95,v0.3.0,ee_v0_3_20260506_sc_ecard_ac299534730e9fc98d95,v0_3_rule_first_selector_0_1,rule_first_selector_20260508_124555,"[""Quant_mvp\\data\\v0_3\\rule_first_selector\\v0_3_rule_first_selector.jsonl"", ""ee_v0_3_20260506_sc_ecard_ac299534730e9fc98d95""]","{""adoption_auto_decision_allowed"": false, ""evaluation_mode"": ""diagnostic_ranking_only"", ""ml_score_ranking_manifest_path"": ""Quant_mvp\\data\\v0_4\\selector_scores\\v0_4_1_selector_ml_score_ranking_manifest.json"", ""performance_claim_allowed"": false, ""ranking_result_changes_selector_rank"": false, ""ranking_result_changes_selector_score"": false, ""reference_only"": true, ""selector_score_source_unchanged"": true, ""trading_signal_allowed"": false}",rule_only,58.671009,58.671009,47,47,reviewable_candidate,low,"[""evidence_complete_enough_for_review"", ""historical_performance_summary_documented"", ""risk_metrics_documented"", ""limitations_explicit"", ""no_feedback_boundary_passed"", ""rule_only_selector_review""]","{""actual_metric_role"": ""candidate_specific"", ""actual_metric_source"": ""approved_evaluation_evidence"", ""candidate_metric_match"": true, ""metric_subject_id"": ""sc:ecard:ac299534730e9fc98d95"", ""metric_subject_type"": ""strategy_candidate"", ""source_evidence_id"": ""ee_v0_3_20260506_sc_ecard_ac299534730e9fc98d95"", ""total_return"": 0.9478898686276229}","{""benchmark_return"": null, ""excess_return_vs_proxy"": null, ""generic_momentum_proxy_role"": ""benchmark_reference_context_only"", ""generic_proxy_not_used_as_label_or_selector_score"": true, ""proxy_return"": null, ""reference_context_available"": false}","{""failure_flags"": [], ""max_drawdown"": -0.6092164024086726, ""sharpe"": 0.35818175172278915, ""turnover"": 0.8618159203980099, ""volatility"": 0.2968075686560764}","[""adoption_candidate_review_only_not_activation"", ""production_activation_requires_separate_root_gate"", ""supervised_ml_blocked_or_not_available_rule_only_selector_used"", ""ml_selector_score_absent""]","[""adoption_candidate_review_only_not_activation"", ""production_activation_requires_separate_root_gate"", ""supervised_ml_blocked_or_not_available_rule_only_selector_used"", ""ml_selector_score_absent""]",,"[""root_governance_review"", ""quant_strategy_adoption_gate_review"", ""production_activation_decision_gate_required""]",activation_blocked,adoption_candidate_review_packet_must_not_feed_runtime_ranking_trading_or_auto_activation,docs/extension/v0_3_production_activation_decision_gate.md,docs/extension/v0_3_adoption_candidate_selector_gate.md,no_automatic_production_activation_claim
v0_3_adoption_candidate_review_packet_0_1,ac_v0_3_adoption_candidate_review_packets_20260508_124600_sc_ecard_b062486da9acf6e1bcbb,sc:ecard:b062486da9acf6e1bcbb,v0.3.0,ee_v0_3_20260506_sc_ecard_b062486da9acf6e1bcbb,v0_3_rule_first_selector_0_1,rule_first_selector_20260508_124555,"[""Quant_mvp\\data\\v0_3\\rule_first_selector\\v0_3_rule_first_selector.jsonl"", ""ee_v0_3_20260506_sc_ecard_b062486da9acf6e1bcbb""]","{""adoption_auto_decision_allowed"": false, ""evaluation_mode"": ""diagnostic_ranking_only"", ""ml_score_ranking_manifest_path"": ""Quant_mvp\\data\\v0_4\\selector_scores\\v0_4_1_selector_ml_score_ranking_manifest.json"", ""performance_claim_allowed"": false, ""ranking_result_changes_selector_rank"": false, ""ranking_result_changes_selector_score"": false, ""reference_only"": true, ""selector_score_source_unchanged"": true, ""trading_signal_allowed"": false}",rule_only,58.671009,58.671009,48,48,reviewable_candidate,low,"[""evidence_complete_enough_for_review"", ""historical_performance_summary_documented"", ""risk_metrics_documented"", ""limitations_explicit"", ""no_feedback_boundary_passed"", ""rule_only_selector_review""]","{""actual_metric_role"": ""candidate_specific"", ""actual_metric_source"": ""approved_evaluation_evidence"", ""candidate_metric_match"": true, ""metric_subject_id"": ""sc:ecard:b062486da9acf6e1bcbb"", ""metric_subject_type"": ""strategy_candidate"", ""source_evidence_id"": ""ee_v0_3_20260506_sc_ecard_b062486da9acf6e1bcbb"", ""total_return"": 0.9478898686276229}","{""benchmark_return"": null, ""excess_return_vs_proxy"": null, ""generic_momentum_proxy_role"": ""benchmark_reference_context_only"", ""generic_proxy_not_used_as_label_or_selector_score"": true, ""proxy_return"": null, ""reference_context_available"": false}","{""failure_flags"": [], ""max_drawdown"": -0.6092164024086726, ""sharpe"": 0.35818175172278915, ""turnover"": 0.8618159203980099, ""volatility"": 0.2968075686560764}","[""adoption_candidate_review_only_not_activation"", ""production_activation_requires_separate_root_gate"", ""supervised_ml_blocked_or_not_available_rule_only_selector_used"", ""ml_selector_score_absent""]","[""adoption_candidate_review_only_not_activation"", ""production_activation_requires_separate_root_gate"", ""supervised_ml_blocked_or_not_available_rule_only_selector_used"", ""ml_selector_score_absent""]",,"[""root_governance_review"", ""quant_strategy_adoption_gate_review"", ""production_activation_decision_gate_required""]",activation_blocked,adoption_candidate_review_packet_must_not_feed_runtime_ranking_trading_or_auto_activation,docs/extension/v0_3_production_activation_decision_gate.md,docs/extension/v0_3_adoption_candidate_selector_gate.md,no_automatic_production_activation_claim
v0_3_adoption_candidate_review_packet_0_1,ac_v0_3_adoption_candidate_review_packets_20260508_124600_sc_ecard_b350f65971f95a6ba521,sc:ecard:b350f65971f95a6ba521,v0.3.0,ee_v0_3_20260506_sc_ecard_b350f65971f95a6ba521,v0_3_rule_first_selector_0_1,rule_first_selector_20260508_124555,"[""Quant_mvp\\data\\v0_3\\rule_first_selector\\v0_3_rule_first_selector.jsonl"", ""ee_v0_3_20260506_sc_ecard_b350f65971f95a6ba521""]","{""adoption_auto_decision_allowed"": false, ""evaluation_mode"": ""diagnostic_ranking_only"", ""ml_score_ranking_manifest_path"": ""Quant_mvp\\data\\v0_4\\selector_scores\\v0_4_1_selector_ml_score_ranking_manifest.json"", ""performance_claim_allowed"": false, ""ranking_result_changes_selector_rank"": false, ""ranking_result_changes_selector_score"": false, ""reference_only"": true, ""selector_score_source_unchanged"": true, ""trading_signal_allowed"": false}",rule_only,60.641751,60.641751,15,15,secondary_review_candidate,low,"[""evidence_complete_enough_for_review"", ""historical_performance_summary_documented"", ""risk_metrics_documented"", ""limitations_explicit"", ""no_feedback_boundary_passed"", ""rule_only_selector_review""]","{""actual_metric_role"": ""candidate_specific"", ""actual_metric_source"": ""approved_evaluation_evidence"", ""candidate_metric_match"": true, ""metric_subject_id"": ""sc:ecard:b350f65971f95a6ba521"", ""metric_subject_type"": ""strategy_candidate"", ""source_evidence_id"": ""ee_v0_3_20260506_sc_ecard_b350f65971f95a6ba521"", ""total_return"": 4.59248614414884}","{""benchmark_return"": null, ""excess_return_vs_proxy"": null, ""generic_momentum_proxy_role"": ""benchmark_reference_context_only"", ""generic_proxy_not_used_as_label_or_selector_score"": true, ""proxy_return"": null, ""reference_context_available"": false}","{""failure_flags"": [], ""max_drawdown"": -0.49924422265194046, ""sharpe"": 0.5932409139655367, ""turnover"": 0.686318407960199, ""volatility"": 0.39104534114120565}","[""adoption_candidate_review_only_not_activation"", ""production_activation_requires_separate_root_gate"", ""supervised_ml_blocked_or_not_available_rule_only_selector_used"", ""ml_selector_score_absent""]","[""adoption_candidate_review_only_not_activation"", ""production_activation_requires_separate_root_gate"", ""supervised_ml_blocked_or_not_available_rule_only_selector_used"", ""ml_selector_score_absent""]",,"[""root_governance_review"", ""quant_strategy_adoption_gate_review"", ""production_activation_decision_gate_required""]",activation_blocked,adoption_candidate_review_packet_must_not_feed_runtime_ranking_trading_or_auto_activation,docs/extension/v0_3_production_activation_decision_gate.md,docs/extension/v0_3_adoption_candidate_selector_gate.md,no_automatic_production_activation_claim
v0_3_adoption_candidate_review_packet_0_1,ac_v0_3_adoption_candidate_review_packets_20260508_124600_sc_ecard_b4fdf26a68069984b392,sc:ecard:b4fdf26a68069984b392,v0.3.0,ee_v0_3_20260506_sc_ecard_b4fdf26a68069984b392,v0_3_rule_first_selector_0_1,rule_first_selector_20260508_124555,"[""Quant_mvp\\data\\v0_3\\rule_first_selector\\v0_3_rule_first_selector.jsonl"", ""ee_v0_3_20260506_sc_ecard_b4fdf26a68069984b392""]","{""adoption_auto_decision_allowed"": false, ""evaluation_mode"": ""diagnostic_ranking_only"", ""ml_score_ranking_manifest_path"": ""Quant_mvp\\data\\v0_4\\selector_scores\\v0_4_1_selector_ml_score_ranking_manifest.json"", ""performance_claim_allowed"": false, ""ranking_result_changes_selector_rank"": false, ""ranking_result_changes_selector_score"": false, ""reference_only"": true, ""selector_score_source_unchanged"": true, ""trading_signal_allowed"": false}",rule_only,60.641751,60.641751,16,16,secondary_review_candidate,low,"[""evidence_complete_enough_for_review"", ""historical_performance_summary_documented"", ""risk_metrics_documented"", ""limitations_explicit"", ""no_feedback_boundary_passed"", ""rule_only_selector_review""]","{""actual_metric_role"": ""candidate_specific"", ""actual_metric_source"": ""approved_evaluation_evidence"", ""candidate_metric_match"": true, ""metric_subject_id"": ""sc:ecard:b4fdf26a68069984b392"", ""metric_subject_type"": ""strategy_candidate"", ""source_evidence_id"": ""ee_v0_3_20260506_sc_ecard_b4fdf26a68069984b392"", ""total_return"": 4.59248614414884}","{""benchmark_return"": null, ""excess_return_vs_proxy"": null, ""generic_momentum_proxy_role"": ""benchmark_reference_context_only"", ""generic_proxy_not_used_as_label_or_selector_score"": true, ""proxy_return"": null, ""reference_context_available"": false}","{""failure_flags"": [], ""max_drawdown"": -0.49924422265194046, ""sharpe"": 0.5932409139655367, ""turnover"": 0.686318407960199, ""volatility"": 0.39104534114120565}","[""adoption_candidate_review_only_not_activation"", ""production_activation_requires_separate_root_gate"", ""supervised_ml_blocked_or_not_available_rule_only_selector_used"", ""ml_selector_score_absent""]","[""adoption_candidate_review_only_not_activation"", ""production_activation_requires_separate_root_gate"", ""supervised_ml_blocked_or_not_available_rule_only_selector_used"", ""ml_selector_score_absent""]",,"[""root_governance_review"", ""quant_strategy_adoption_gate_review"", ""production_activation_decision_gate_required""]",activation_blocked,adoption_candidate_review_packet_must_not_feed_runtime_ranking_trading_or_auto_activation,docs/extension/v0_3_production_activation_decision_gate.md,docs/extension/v0_3_adoption_candidate_selector_gate.md,no_automatic_production_activation_claim
v0_3_adoption_candidate_review_packet_0_1,ac_v0_3_adoption_candidate_review_packets_20260508_124600_sc_ecard_c678f8cfac7e251ecdea,sc:ecard:c678f8cfac7e251ecdea,v0.3.0,ee_v0_3_20260506_sc_ecard_c678f8cfac7e251ecdea,v0_3_rule_first_selector_0_1,rule_first_selector_20260508_124555,"[""Quant_mvp\\data\\v0_3\\rule_first_selector\\v0_3_rule_first_selector.jsonl"", ""ee_v0_3_20260506_sc_ecard_c678f8cfac7e251ecdea""]","{""adoption_auto_decision_allowed"": false, ""evaluation_mode"": ""diagnostic_ranking_only"", ""ml_score_ranking_manifest_path"": ""Quant_mvp\\data\\v0_4\\selector_scores\\v0_4_1_selector_ml_score_ranking_manifest.json"", ""performance_claim_allowed"": false, ""ranking_result_changes_selector_rank"": false, ""ranking_result_changes_selector_score"": false, ""reference_only"": true, ""selector_score_source_unchanged"": true, ""trading_signal_allowed"": false}",rule_only,58.671009,58.671009,49,49,reviewable_candidate,low,"[""evidence_complete_enough_for_review"", ""historical_performance_summary_documented"", ""risk_metrics_documented"", ""limitations_explicit"", ""no_feedback_boundary_passed"", ""rule_only_selector_review""]","{""actual_metric_role"": ""candidate_specific"", ""actual_metric_source"": ""approved_evaluation_evidence"", ""candidate_metric_match"": true, ""metric_subject_id"": ""sc:ecard:c678f8cfac7e251ecdea"", ""metric_subject_type"": ""strategy_candidate"", ""source_evidence_id"": ""ee_v0_3_20260506_sc_ecard_c678f8cfac7e251ecdea"", ""total_return"": 0.9478898686276229}","{""benchmark_return"": null, ""excess_return_vs_proxy"": null, ""generic_momentum_proxy_role"": ""benchmark_reference_context_only"", ""generic_proxy_not_used_as_label_or_selector_score"": true, ""proxy_return"": null, ""reference_context_available"": false}","{""failure_flags"": [], ""max_drawdown"": -0.6092164024086726, ""sharpe"": 0.35818175172278915, ""turnover"": 0.8618159203980099, ""volatility"": 0.2968075686560764}","[""adoption_candidate_review_only_not_activation"", ""production_activation_requires_separate_root_gate"", ""supervised_ml_blocked_or_not_available_rule_only_selector_used"", ""ml_selector_score_absent""]","[""adoption_candidate_review_only_not_activation"", ""production_activation_requires_separate_root_gate"", ""supervised_ml_blocked_or_not_available_rule_only_selector_used"", ""ml_selector_score_absent""]",,"[""root_governance_review"", ""quant_strategy_adoption_gate_review"", ""production_activation_decision_gate_required""]",activation_blocked,adoption_candidate_review_packet_must_not_feed_runtime_ranking_trading_or_auto_activation,docs/extension/v0_3_production_activation_decision_gate.md,docs/extension/v0_3_adoption_candidate_selector_gate.md,no_automatic_production_activation_claim
v0_3_adoption_candidate_review_packet_0_1,ac_v0_3_adoption_candidate_review_packets_20260508_124600_sc_ecard_c7090f26cd0b63125f59,sc:ecard:c7090f26cd0b63125f59,v0.3.0,ee_v0_3_20260506_sc_ecard_c7090f26cd0b63125f59,v0_3_rule_first_selector_0_1,rule_first_selector_20260508_124555,"[""Quant_mvp\\data\\v0_3\\rule_first_selector\\v0_3_rule_first_selector.jsonl"", ""ee_v0_3_20260506_sc_ecard_c7090f26cd0b63125f59""]","{""adoption_auto_decision_allowed"": false, ""evaluation_mode"": ""diagnostic_ranking_only"", ""ml_score_ranking_manifest_path"": ""Quant_mvp\\data\\v0_4\\selector_scores\\v0_4_1_selector_ml_score_ranking_manifest.json"", ""performance_claim_allowed"": false, ""ranking_result_changes_selector_rank"": false, ""ranking_result_changes_selector_score"": false, ""reference_only"": true, ""selector_score_source_unchanged"": true, ""trading_signal_allowed"": false}",rule_only,58.671009,58.671009,50,50,reviewable_candidate,low,"[""evidence_complete_enough_for_review"", ""historical_performance_summary_documented"", ""risk_metrics_documented"", ""limitations_explicit"", ""no_feedback_boundary_passed"", ""rule_only_selector_review""]","{""actual_metric_role"": ""candidate_specific"", ""actual_metric_source"": ""approved_evaluation_evidence"", ""candidate_metric_match"": true, ""metric_subject_id"": ""sc:ecard:c7090f26cd0b63125f59"", ""metric_subject_type"": ""strategy_candidate"", ""source_evidence_id"": ""ee_v0_3_20260506_sc_ecard_c7090f26cd0b63125f59"", ""total_return"": 0.9478898686276229}","{""benchmark_return"": null, ""excess_return_vs_proxy"": null, ""generic_momentum_proxy_role"": ""benchmark_reference_context_only"", ""generic_proxy_not_used_as_label_or_selector_score"": true, ""proxy_return"": null, ""reference_context_available"": false}","{""failure_flags"": [], ""max_drawdown"": -0.6092164024086726, ""sharpe"": 0.35818175172278915, ""turnover"": 0.8618159203980099, ""volatility"": 0.2968075686560764}","[""adoption_candidate_review_only_not_activation"", ""production_activation_requires_separate_root_gate"", ""supervised_ml_blocked_or_not_available_rule_only_selector_used"", ""ml_selector_score_absent""]","[""adoption_candidate_review_only_not_activation"", ""production_activation_requires_separate_root_gate"", ""supervised_ml_blocked_or_not_available_rule_only_selector_used"", ""ml_selector_score_absent""]",,"[""root_governance_review"", ""quant_strategy_adoption_gate_review"", ""production_activation_decision_gate_required""]",activation_blocked,adoption_candidate_review_packet_must_not_feed_runtime_ranking_trading_or_auto_activation,docs/extension/v0_3_production_activation_decision_gate.md,docs/extension/v0_3_adoption_candidate_selector_gate.md,no_automatic_production_activation_claim
v0_3_adoption_candidate_review_packet_0_1,ac_v0_3_adoption_candidate_review_packets_20260508_124600_sc_ecard_c8c49c28a8603b21dbfa,sc:ecard:c8c49c28a8603b21dbfa,v0.3.0,ee_v0_3_20260506_sc_ecard_c8c49c28a8603b21dbfa,v0_3_rule_first_selector_0_1,rule_first_selector_20260508_124555,"[""Quant_mvp\\data\\v0_3\\rule_first_selector\\v0_3_rule_first_selector.jsonl"", ""ee_v0_3_20260506_sc_ecard_c8c49c28a8603b21dbfa""]","{""adoption_auto_decision_allowed"": false, ""evaluation_mode"": ""diagnostic_ranking_only"", ""ml_score_ranking_manifest_path"": ""Quant_mvp\\data\\v0_4\\selector_scores\\v0_4_1_selector_ml_score_ranking_manifest.json"", ""performance_claim_allowed"": false, ""ranking_result_changes_selector_rank"": false, ""ranking_result_changes_selector_score"": false, ""reference_only"": true, ""selector_score_source_unchanged"": true, ""trading_signal_allowed"": false}",rule_only,32.048278,32.048278,59,59,reviewable_candidate,low,"[""evidence_complete_enough_for_review"", ""historical_performance_summary_documented"", ""risk_metrics_documented"", ""limitations_explicit"", ""no_feedback_boundary_passed"", ""rule_only_selector_review""]","{""actual_metric_role"": ""candidate_specific"", ""actual_metric_source"": ""approved_evaluation_evidence"", ""candidate_metric_match"": true, ""metric_subject_id"": ""sc:ecard:c8c49c28a8603b21dbfa"", ""metric_subject_type"": ""strategy_candidate"", ""source_evidence_id"": ""ee_v0_3_20260506_sc_ecard_c8c49c28a8603b21dbfa"", ""total_return"": -0.06993676616043398}","{""benchmark_return"": null, ""excess_return_vs_proxy"": null, ""generic_momentum_proxy_role"": ""benchmark_reference_context_only"", ""generic_proxy_not_used_as_label_or_selector_score"": true, ""proxy_return"": null, ""reference_context_available"": false}","{""failure_flags"": [], ""max_drawdown"": -0.43446907470055085, ""sharpe"": 0.0738775881276168, ""turnover"": 0.8769900497512437, ""volatility"": 0.3344231353969896}","[""adoption_candidate_review_only_not_activation"", ""production_activation_requires_separate_root_gate"", ""supervised_ml_blocked_or_not_available_rule_only_selector_used"", ""ml_selector_score_absent""]","[""adoption_candidate_review_only_not_activation"", ""production_activation_requires_separate_root_gate"", ""supervised_ml_blocked_or_not_available_rule_only_selector_used"", ""ml_selector_score_absent""]",,"[""root_governance_review"", ""quant_strategy_adoption_gate_review"", ""production_activation_decision_gate_required""]",activation_blocked,adoption_candidate_review_packet_must_not_feed_runtime_ranking_trading_or_auto_activation,docs/extension/v0_3_production_activation_decision_gate.md,docs/extension/v0_3_adoption_candidate_selector_gate.md,no_automatic_production_activation_claim
v0_3_adoption_candidate_review_packet_0_1,ac_v0_3_adoption_candidate_review_packets_20260508_124600_sc_ecard_ca3dd000c8df00babbce,sc:ecard:ca3dd000c8df00babbce,v0.3.0,ee_v0_3_20260506_sc_ecard_ca3dd000c8df00babbce,v0_3_rule_first_selector_0_1,rule_first_selector_20260508_124555,"[""Quant_mvp\\data\\v0_3\\rule_first_selector\\v0_3_rule_first_selector.jsonl"", ""ee_v0_3_20260506_sc_ecard_ca3dd000c8df00babbce""]","{""adoption_auto_decision_allowed"": false, ""evaluation_mode"": ""diagnostic_ranking_only"", ""ml_score_ranking_manifest_path"": ""Quant_mvp\\data\\v0_4\\selector_scores\\v0_4_1_selector_ml_score_ranking_manifest.json"", ""performance_claim_allowed"": false, ""ranking_result_changes_selector_rank"": false, ""ranking_result_changes_selector_score"": false, ""reference_only"": true, ""selector_score_source_unchanged"": true, ""trading_signal_allowed"": false}",rule_only,32.048278,32.048278,60,60,reviewable_candidate,low,"[""evidence_complete_enough_for_review"", ""historical_performance_summary_documented"", ""risk_metrics_documented"", ""limitations_explicit"", ""no_feedback_boundary_passed"", ""rule_only_selector_review""]","{""actual_metric_role"": ""candidate_specific"", ""actual_metric_source"": ""approved_evaluation_evidence"", ""candidate_metric_match"": true, ""metric_subject_id"": ""sc:ecard:ca3dd000c8df00babbce"", ""metric_subject_type"": ""strategy_candidate"", ""source_evidence_id"": ""ee_v0_3_20260506_sc_ecard_ca3dd000c8df00babbce"", ""total_return"": -0.06993676616043398}","{""benchmark_return"": null, ""excess_return_vs_proxy"": null, ""generic_momentum_proxy_role"": ""benchmark_reference_context_only"", ""generic_proxy_not_used_as_label_or_selector_score"": true, ""proxy_return"": null, ""reference_context_available"": false}","{""failure_flags"": [], ""max_drawdown"": -0.43446907470055085, ""sharpe"": 0.0738775881276168, ""turnover"": 0.8769900497512437, ""volatility"": 0.3344231353969896}","[""adoption_candidate_review_only_not_activation"", ""production_activation_requires_separate_root_gate"", ""supervised_ml_blocked_or_not_available_rule_only_selector_used"", ""ml_selector_score_absent""]","[""adoption_candidate_review_only_not_activation"", ""production_activation_requires_separate_root_gate"", ""supervised_ml_blocked_or_not_available_rule_only_selector_used"", ""ml_selector_score_absent""]",,"[""root_governance_review"", ""quant_strategy_adoption_gate_review"", ""production_activation_decision_gate_required""]",activation_blocked,adoption_candidate_review_packet_must_not_feed_runtime_ranking_trading_or_auto_activation,docs/extension/v0_3_production_activation_decision_gate.md,docs/extension/v0_3_adoption_candidate_selector_gate.md,no_automatic_production_activation_claim
v0_3_adoption_candidate_review_packet_0_1,ac_v0_3_adoption_candidate_review_packets_20260508_124600_sc_ecard_cfd996db80d683b6924e,sc:ecard:cfd996db80d683b6924e,v0.3.0,ee_v0_3_20260506_sc_ecard_cfd996db80d683b6924e,v0_3_rule_first_selector_0_1,rule_first_selector_20260508_124555,"[""Quant_mvp\\data\\v0_3\\rule_first_selector\\v0_3_rule_first_selector.jsonl"", ""ee_v0_3_20260506_sc_ecard_cfd996db80d683b6924e""]","{""adoption_auto_decision_allowed"": false, ""evaluation_mode"": ""diagnostic_ranking_only"", ""ml_score_ranking_manifest_path"": ""Quant_mvp\\data\\v0_4\\selector_scores\\v0_4_1_selector_ml_score_ranking_manifest.json"", ""performance_claim_allowed"": false, ""ranking_result_changes_selector_rank"": false, ""ranking_result_changes_selector_score"": false, ""reference_only"": true, ""selector_score_source_unchanged"": true, ""trading_signal_allowed"": false}",rule_only,58.671009,58.671009,51,51,reviewable_candidate,low,"[""evidence_complete_enough_for_review"", ""historical_performance_summary_documented"", ""risk_metrics_documented"", ""limitations_explicit"", ""no_feedback_boundary_passed"", ""rule_only_selector_review""]","{""actual_metric_role"": ""candidate_specific"", ""actual_metric_source"": ""approved_evaluation_evidence"", ""candidate_metric_match"": true, ""metric_subject_id"": ""sc:ecard:cfd996db80d683b6924e"", ""metric_subject_type"": ""strategy_candidate"", ""source_evidence_id"": ""ee_v0_3_20260506_sc_ecard_cfd996db80d683b6924e"", ""total_return"": 0.9478898686276229}","{""benchmark_return"": null, ""excess_return_vs_proxy"": null, ""generic_momentum_proxy_role"": ""benchmark_reference_context_only"", ""generic_proxy_not_used_as_label_or_selector_score"": true, ""proxy_return"": null, ""reference_context_available"": false}","{""failure_flags"": [], ""max_drawdown"": -0.6092164024086726, ""sharpe"": 0.35818175172278915, ""turnover"": 0.8618159203980099, ""volatility"": 0.2968075686560764}","[""adoption_candidate_review_only_not_activation"", ""production_activation_requires_separate_root_gate"", ""supervised_ml_blocked_or_not_available_rule_only_selector_used"", ""ml_selector_score_absent""]","[""adoption_candidate_review_only_not_activation"", ""production_activation_requires_separate_root_gate"", ""supervised_ml_blocked_or_not_available_rule_only_selector_used"", ""ml_selector_score_absent""]",,"[""root_governance_review"", ""quant_strategy_adoption_gate_review"", ""production_activation_decision_gate_required""]",activation_blocked,adoption_candidate_review_packet_must_not_feed_runtime_ranking_trading_or_auto_activation,docs/extension/v0_3_production_activation_decision_gate.md,docs/extension/v0_3_adoption_candidate_selector_gate.md,no_automatic_production_activation_claim
v0_3_adoption_candidate_review_packet_0_1,ac_v0_3_adoption_candidate_review_packets_20260508_124600_sc_ecard_d591f2351ea1b8e57d77,sc:ecard:d591f2351ea1b8e57d77,v0.3.0,ee_v0_3_20260506_sc_ecard_d591f2351ea1b8e57d77,v0_3_rule_first_selector_0_1,rule_first_selector_20260508_124555,"[""Quant_mvp\\data\\v0_3\\rule_first_selector\\v0_3_rule_first_selector.jsonl"", ""ee_v0_3_20260506_sc_ecard_d591f2351ea1b8e57d77""]","{""adoption_auto_decision_allowed"": false, ""evaluation_mode"": ""diagnostic_ranking_only"", ""ml_score_ranking_manifest_path"": ""Quant_mvp\\data\\v0_4\\selector_scores\\v0_4_1_selector_ml_score_ranking_manifest.json"", ""performance_claim_allowed"": false, ""ranking_result_changes_selector_rank"": false, ""ranking_result_changes_selector_score"": false, ""reference_only"": true, ""selector_score_source_unchanged"": true, ""trading_signal_allowed"": false}",rule_only,58.671009,58.671009,52,52,reviewable_candidate,low,"[""evidence_complete_enough_for_review"", ""historical_performance_summary_documented"", ""risk_metrics_documented"", ""limitations_explicit"", ""no_feedback_boundary_passed"", ""rule_only_selector_review""]","{""actual_metric_role"": ""candidate_specific"", ""actual_metric_source"": ""approved_evaluation_evidence"", ""candidate_metric_match"": true, ""metric_subject_id"": ""sc:ecard:d591f2351ea1b8e57d77"", ""metric_subject_type"": ""strategy_candidate"", ""source_evidence_id"": ""ee_v0_3_20260506_sc_ecard_d591f2351ea1b8e57d77"", ""total_return"": 0.9478898686276229}","{""benchmark_return"": null, ""excess_return_vs_proxy"": null, ""generic_momentum_proxy_role"": ""benchmark_reference_context_only"", ""generic_proxy_not_used_as_label_or_selector_score"": true, ""proxy_return"": null, ""reference_context_available"": false}","{""failure_flags"": [], ""max_drawdown"": -0.6092164024086726, ""sharpe"": 0.35818175172278915, ""turnover"": 0.8618159203980099, ""volatility"": 0.2968075686560764}","[""adoption_candidate_review_only_not_activation"", ""production_activation_requires_separate_root_gate"", ""supervised_ml_blocked_or_not_available_rule_only_selector_used"", ""ml_selector_score_absent""]","[""adoption_candidate_review_only_not_activation"", ""production_activation_requires_separate_root_gate"", ""supervised_ml_blocked_or_not_available_rule_only_selector_used"", ""ml_selector_score_absent""]",,"[""root_governance_review"", ""quant_strategy_adoption_gate_review"", ""production_activation_decision_gate_required""]",activation_blocked,adoption_candidate_review_packet_must_not_feed_runtime_ranking_trading_or_auto_activation,docs/extension/v0_3_production_activation_decision_gate.md,docs/extension/v0_3_adoption_candidate_selector_gate.md,no_automatic_production_activation_claim
v0_3_adoption_candidate_review_packet_0_1,ac_v0_3_adoption_candidate_review_packets_20260508_124600_sc_ecard_d952f32391be4d833de8,sc:ecard:d952f32391be4d833de8,v0.3.0,ee_v0_3_20260506_sc_ecard_d952f32391be4d833de8,v0_3_rule_first_selector_0_1,rule_first_selector_20260508_124555,"[""Quant_mvp\\data\\v0_3\\rule_first_selector\\v0_3_rule_first_selector.jsonl"", ""ee_v0_3_20260506_sc_ecard_d952f32391be4d833de8""]","{""adoption_auto_decision_allowed"": false, ""evaluation_mode"": ""diagnostic_ranking_only"", ""ml_score_ranking_manifest_path"": ""Quant_mvp\\data\\v0_4\\selector_scores\\v0_4_1_selector_ml_score_ranking_manifest.json"", ""performance_claim_allowed"": false, ""ranking_result_changes_selector_rank"": false, ""ranking_result_changes_selector_score"": false, ""reference_only"": true, ""selector_score_source_unchanged"": true, ""trading_signal_allowed"": false}",rule_only,58.671009,58.671009,53,53,reviewable_candidate,low,"[""evidence_complete_enough_for_review"", ""historical_performance_summary_documented"", ""risk_metrics_documented"", ""limitations_explicit"", ""no_feedback_boundary_passed"", ""rule_only_selector_review""]","{""actual_metric_role"": ""candidate_specific"", ""actual_metric_source"": ""approved_evaluation_evidence"", ""candidate_metric_match"": true, ""metric_subject_id"": ""sc:ecard:d952f32391be4d833de8"", ""metric_subject_type"": ""strategy_candidate"", ""source_evidence_id"": ""ee_v0_3_20260506_sc_ecard_d952f32391be4d833de8"", ""total_return"": 0.9478898686276229}","{""benchmark_return"": null, ""excess_return_vs_proxy"": null, ""generic_momentum_proxy_role"": ""benchmark_reference_context_only"", ""generic_proxy_not_used_as_label_or_selector_score"": true, ""proxy_return"": null, ""reference_context_available"": false}","{""failure_flags"": [], ""max_drawdown"": -0.6092164024086726, ""sharpe"": 0.35818175172278915, ""turnover"": 0.8618159203980099, ""volatility"": 0.2968075686560764}","[""adoption_candidate_review_only_not_activation"", ""production_activation_requires_separate_root_gate"", ""supervised_ml_blocked_or_not_available_rule_only_selector_used"", ""ml_selector_score_absent""]","[""adoption_candidate_review_only_not_activation"", ""production_activation_requires_separate_root_gate"", ""supervised_ml_blocked_or_not_available_rule_only_selector_used"", ""ml_selector_score_absent""]",,"[""root_governance_review"", ""quant_strategy_adoption_gate_review"", ""production_activation_decision_gate_required""]",activation_blocked,adoption_candidate_review_packet_must_not_feed_runtime_ranking_trading_or_auto_activation,docs/extension/v0_3_production_activation_decision_gate.md,docs/extension/v0_3_adoption_candidate_selector_gate.md,no_automatic_production_activation_claim
v0_3_adoption_candidate_review_packet_0_1,ac_v0_3_adoption_candidate_review_packets_20260508_124600_sc_ecard_daf4d160e04a65278278,sc:ecard:daf4d160e04a65278278,v0.3.0,ee_v0_3_20260506_sc_ecard_daf4d160e04a65278278,v0_3_rule_first_selector_0_1,rule_first_selector_20260508_124555,"[""Quant_mvp\\data\\v0_3\\rule_first_selector\\v0_3_rule_first_selector.jsonl"", ""ee_v0_3_20260506_sc_ecard_daf4d160e04a65278278""]","{""adoption_auto_decision_allowed"": false, ""evaluation_mode"": ""diagnostic_ranking_only"", ""ml_score_ranking_manifest_path"": ""Quant_mvp\\data\\v0_4\\selector_scores\\v0_4_1_selector_ml_score_ranking_manifest.json"", ""performance_claim_allowed"": false, ""ranking_result_changes_selector_rank"": false, ""ranking_result_changes_selector_score"": false, ""reference_only"": true, ""selector_score_source_unchanged"": true, ""trading_signal_allowed"": false}",rule_only,32.048278,32.048278,61,61,reviewable_candidate,low,"[""evidence_complete_enough_for_review"", ""historical_performance_summary_documented"", ""risk_metrics_documented"", ""limitations_explicit"", ""no_feedback_boundary_passed"", ""rule_only_selector_review""]","{""actual_metric_role"": ""candidate_specific"", ""actual_metric_source"": ""approved_evaluation_evidence"", ""candidate_metric_match"": true, ""metric_subject_id"": ""sc:ecard:daf4d160e04a65278278"", ""metric_subject_type"": ""strategy_candidate"", ""source_evidence_id"": ""ee_v0_3_20260506_sc_ecard_daf4d160e04a65278278"", ""total_return"": -0.06993676616043398}","{""benchmark_return"": null, ""excess_return_vs_proxy"": null, ""generic_momentum_proxy_role"": ""benchmark_reference_context_only"", ""generic_proxy_not_used_as_label_or_selector_score"": true, ""proxy_return"": null, ""reference_context_available"": false}","{""failure_flags"": [], ""max_drawdown"": -0.43446907470055085, ""sharpe"": 0.0738775881276168, ""turnover"": 0.8769900497512437, ""volatility"": 0.3344231353969896}","[""adoption_candidate_review_only_not_activation"", ""production_activation_requires_separate_root_gate"", ""supervised_ml_blocked_or_not_available_rule_only_selector_used"", ""ml_selector_score_absent""]","[""adoption_candidate_review_only_not_activation"", ""production_activation_requires_separate_root_gate"", ""supervised_ml_blocked_or_not_available_rule_only_selector_used"", ""ml_selector_score_absent""]",,"[""root_governance_review"", ""quant_strategy_adoption_gate_review"", ""production_activation_decision_gate_required""]",activation_blocked,adoption_candidate_review_packet_must_not_feed_runtime_ranking_trading_or_auto_activation,docs/extension/v0_3_production_activation_decision_gate.md,docs/extension/v0_3_adoption_candidate_selector_gate.md,no_automatic_production_activation_claim
v0_3_adoption_candidate_review_packet_0_1,ac_v0_3_adoption_candidate_review_packets_20260508_124600_sc_ecard_ddd7f55eedcf50910593,sc:ecard:ddd7f55eedcf50910593,v0.3.0,ee_v0_3_20260506_sc_ecard_ddd7f55eedcf50910593,v0_3_rule_first_selector_0_1,rule_first_selector_20260508_124555,"[""Quant_mvp\\data\\v0_3\\rule_first_selector\\v0_3_rule_first_selector.jsonl"", ""ee_v0_3_20260506_sc_ecard_ddd7f55eedcf50910593""]","{""adoption_auto_decision_allowed"": false, ""evaluation_mode"": ""diagnostic_ranking_only"", ""ml_score_ranking_manifest_path"": ""Quant_mvp\\data\\v0_4\\selector_scores\\v0_4_1_selector_ml_score_ranking_manifest.json"", ""performance_claim_allowed"": false, ""ranking_result_changes_selector_rank"": false, ""ranking_result_changes_selector_score"": false, ""reference_only"": true, ""selector_score_source_unchanged"": true, ""trading_signal_allowed"": false}",rule_only,58.671009,58.671009,54,54,reviewable_candidate,low,"[""evidence_complete_enough_for_review"", ""historical_performance_summary_documented"", ""risk_metrics_documented"", ""limitations_explicit"", ""no_feedback_boundary_passed"", ""rule_only_selector_review""]","{""actual_metric_role"": ""candidate_specific"", ""actual_metric_source"": ""approved_evaluation_evidence"", ""candidate_metric_match"": true, ""metric_subject_id"": ""sc:ecard:ddd7f55eedcf50910593"", ""metric_subject_type"": ""strategy_candidate"", ""source_evidence_id"": ""ee_v0_3_20260506_sc_ecard_ddd7f55eedcf50910593"", ""total_return"": 0.9478898686276229}","{""benchmark_return"": null, ""excess_return_vs_proxy"": null, ""generic_momentum_proxy_role"": ""benchmark_reference_context_only"", ""generic_proxy_not_used_as_label_or_selector_score"": true, ""proxy_return"": null, ""reference_context_available"": false}","{""failure_flags"": [], ""max_drawdown"": -0.6092164024086726, ""sharpe"": 0.35818175172278915, ""turnover"": 0.8618159203980099, ""volatility"": 0.2968075686560764}","[""adoption_candidate_review_only_not_activation"", ""production_activation_requires_separate_root_gate"", ""supervised_ml_blocked_or_not_available_rule_only_selector_used"", ""ml_selector_score_absent""]","[""adoption_candidate_review_only_not_activation"", ""production_activation_requires_separate_root_gate"", ""supervised_ml_blocked_or_not_available_rule_only_selector_used"", ""ml_selector_score_absent""]",,"[""root_governance_review"", ""quant_strategy_adoption_gate_review"", ""production_activation_decision_gate_required""]",activation_blocked,adoption_candidate_review_packet_must_not_feed_runtime_ranking_trading_or_auto_activation,docs/extension/v0_3_production_activation_decision_gate.md,docs/extension/v0_3_adoption_candidate_selector_gate.md,no_automatic_production_activation_claim
v0_3_adoption_candidate_review_packet_0_1,ac_v0_3_adoption_candidate_review_packets_20260508_124600_sc_ecard_e17eedd2d4b34ad36afc,sc:ecard:e17eedd2d4b34ad36afc,v0.3.0,ee_v0_3_20260506_sc_ecard_e17eedd2d4b34ad36afc,v0_3_rule_first_selector_0_1,rule_first_selector_20260508_124555,"[""Quant_mvp\\data\\v0_3\\rule_first_selector\\v0_3_rule_first_selector.jsonl"", ""ee_v0_3_20260506_sc_ecard_e17eedd2d4b34ad36afc""]","{""adoption_auto_decision_allowed"": false, ""evaluation_mode"": ""diagnostic_ranking_only"", ""ml_score_ranking_manifest_path"": ""Quant_mvp\\data\\v0_4\\selector_scores\\v0_4_1_selector_ml_score_ranking_manifest.json"", ""performance_claim_allowed"": false, ""ranking_result_changes_selector_rank"": false, ""ranking_result_changes_selector_score"": false, ""reference_only"": true, ""selector_score_source_unchanged"": true, ""trading_signal_allowed"": false}",rule_only,58.671009,58.671009,55,55,reviewable_candidate,low,"[""evidence_complete_enough_for_review"", ""historical_performance_summary_documented"", ""risk_metrics_documented"", ""limitations_explicit"", ""no_feedback_boundary_passed"", ""rule_only_selector_review""]","{""actual_metric_role"": ""candidate_specific"", ""actual_metric_source"": ""approved_evaluation_evidence"", ""candidate_metric_match"": true, ""metric_subject_id"": ""sc:ecard:e17eedd2d4b34ad36afc"", ""metric_subject_type"": ""strategy_candidate"", ""source_evidence_id"": ""ee_v0_3_20260506_sc_ecard_e17eedd2d4b34ad36afc"", ""total_return"": 0.9478898686276229}","{""benchmark_return"": null, ""excess_return_vs_proxy"": null, ""generic_momentum_proxy_role"": ""benchmark_reference_context_only"", ""generic_proxy_not_used_as_label_or_selector_score"": true, ""proxy_return"": null, ""reference_context_available"": false}","{""failure_flags"": [], ""max_drawdown"": -0.6092164024086726, ""sharpe"": 0.35818175172278915, ""turnover"": 0.8618159203980099, ""volatility"": 0.2968075686560764}","[""adoption_candidate_review_only_not_activation"", ""production_activation_requires_separate_root_gate"", ""supervised_ml_blocked_or_not_available_rule_only_selector_used"", ""ml_selector_score_absent""]","[""adoption_candidate_review_only_not_activation"", ""production_activation_requires_separate_root_gate"", ""supervised_ml_blocked_or_not_available_rule_only_selector_used"", ""ml_selector_score_absent""]",,"[""root_governance_review"", ""quant_strategy_adoption_gate_review"", ""production_activation_decision_gate_required""]",activation_blocked,adoption_candidate_review_packet_must_not_feed_runtime_ranking_trading_or_auto_activation,docs/extension/v0_3_production_activation_decision_gate.md,docs/extension/v0_3_adoption_candidate_selector_gate.md,no_automatic_production_activation_claim
v0_3_adoption_candidate_review_packet_0_1,ac_v0_3_adoption_candidate_review_packets_20260508_124600_sc_ecard_e389d85092f8a47f51ab,sc:ecard:e389d85092f8a47f51ab,v0.3.0,ee_v0_3_20260506_sc_ecard_e389d85092f8a47f51ab,v0_3_rule_first_selector_0_1,rule_first_selector_20260508_124555,"[""Quant_mvp\\data\\v0_3\\rule_first_selector\\v0_3_rule_first_selector.jsonl"", ""ee_v0_3_20260506_sc_ecard_e389d85092f8a47f51ab""]","{""adoption_auto_decision_allowed"": false, ""evaluation_mode"": ""diagnostic_ranking_only"", ""ml_score_ranking_manifest_path"": ""Quant_mvp\\data\\v0_4\\selector_scores\\v0_4_1_selector_ml_score_ranking_manifest.json"", ""performance_claim_allowed"": false, ""ranking_result_changes_selector_rank"": false, ""ranking_result_changes_selector_score"": false, ""reference_only"": true, ""selector_score_source_unchanged"": true, ""trading_signal_allowed"": false}",rule_only,60.641751,60.641751,17,17,secondary_review_candidate,low,"[""evidence_complete_enough_for_review"", ""historical_performance_summary_documented"", ""risk_metrics_documented"", ""limitations_explicit"", ""no_feedback_boundary_passed"", ""rule_only_selector_review""]","{""actual_metric_role"": ""candidate_specific"", ""actual_metric_source"": ""approved_evaluation_evidence"", ""candidate_metric_match"": true, ""metric_subject_id"": ""sc:ecard:e389d85092f8a47f51ab"", ""metric_subject_type"": ""strategy_candidate"", ""source_evidence_id"": ""ee_v0_3_20260506_sc_ecard_e389d85092f8a47f51ab"", ""total_return"": 4.59248614414884}","{""benchmark_return"": null, ""excess_return_vs_proxy"": null, ""generic_momentum_proxy_role"": ""benchmark_reference_context_only"", ""generic_proxy_not_used_as_label_or_selector_score"": true, ""proxy_return"": null, ""reference_context_available"": false}","{""failure_flags"": [], ""max_drawdown"": -0.49924422265194046, ""sharpe"": 0.5932409139655367, ""turnover"": 0.686318407960199, ""volatility"": 0.39104534114120565}","[""adoption_candidate_review_only_not_activation"", ""production_activation_requires_separate_root_gate"", ""supervised_ml_blocked_or_not_available_rule_only_selector_used"", ""ml_selector_score_absent""]","[""adoption_candidate_review_only_not_activation"", ""production_activation_requires_separate_root_gate"", ""supervised_ml_blocked_or_not_available_rule_only_selector_used"", ""ml_selector_score_absent""]",,"[""root_governance_review"", ""quant_strategy_adoption_gate_review"", ""production_activation_decision_gate_required""]",activation_blocked,adoption_candidate_review_packet_must_not_feed_runtime_ranking_trading_or_auto_activation,docs/extension/v0_3_production_activation_decision_gate.md,docs/extension/v0_3_adoption_candidate_selector_gate.md,no_automatic_production_activation_claim
v0_3_adoption_candidate_review_packet_0_1,ac_v0_3_adoption_candidate_review_packets_20260508_124600_sc_ecard_e5282acba434eaf3e08e,sc:ecard:e5282acba434eaf3e08e,v0.3.0,ee_v0_3_20260506_sc_ecard_e5282acba434eaf3e08e,v0_3_rule_first_selector_0_1,rule_first_selector_20260508_124555,"[""Quant_mvp\\data\\v0_3\\rule_first_selector\\v0_3_rule_first_selector.jsonl"", ""ee_v0_3_20260506_sc_ecard_e5282acba434eaf3e08e""]","{""adoption_auto_decision_allowed"": false, ""evaluation_mode"": ""diagnostic_ranking_only"", ""ml_score_ranking_manifest_path"": ""Quant_mvp\\data\\v0_4\\selector_scores\\v0_4_1_selector_ml_score_ranking_manifest.json"", ""performance_claim_allowed"": false, ""ranking_result_changes_selector_rank"": false, ""ranking_result_changes_selector_score"": false, ""reference_only"": true, ""selector_score_source_unchanged"": true, ""trading_signal_allowed"": false}",rule_only,60.641751,60.641751,18,18,secondary_review_candidate,low,"[""evidence_complete_enough_for_review"", ""historical_performance_summary_documented"", ""risk_metrics_documented"", ""limitations_explicit"", ""no_feedback_boundary_passed"", ""rule_only_selector_review""]","{""actual_metric_role"": ""candidate_specific"", ""actual_metric_source"": ""approved_evaluation_evidence"", ""candidate_metric_match"": true, ""metric_subject_id"": ""sc:ecard:e5282acba434eaf3e08e"", ""metric_subject_type"": ""strategy_candidate"", ""source_evidence_id"": ""ee_v0_3_20260506_sc_ecard_e5282acba434eaf3e08e"", ""total_return"": 4.59248614414884}","{""benchmark_return"": null, ""excess_return_vs_proxy"": null, ""generic_momentum_proxy_role"": ""benchmark_reference_context_only"", ""generic_proxy_not_used_as_label_or_selector_score"": true, ""proxy_return"": null, ""reference_context_available"": false}","{""failure_flags"": [], ""max_drawdown"": -0.49924422265194046, ""sharpe"": 0.5932409139655367, ""turnover"": 0.686318407960199, ""volatility"": 0.39104534114120565}","[""adoption_candidate_review_only_not_activation"", ""production_activation_requires_separate_root_gate"", ""supervised_ml_blocked_or_not_available_rule_only_selector_used"", ""ml_selector_score_absent""]","[""adoption_candidate_review_only_not_activation"", ""production_activation_requires_separate_root_gate"", ""supervised_ml_blocked_or_not_available_rule_only_selector_used"", ""ml_selector_score_absent""]",,"[""root_governance_review"", ""quant_strategy_adoption_gate_review"", ""production_activation_decision_gate_required""]",activation_blocked,adoption_candidate_review_packet_must_not_feed_runtime_ranking_trading_or_auto_activation,docs/extension/v0_3_production_activation_decision_gate.md,docs/extension/v0_3_adoption_candidate_selector_gate.md,no_automatic_production_activation_claim
v0_3_adoption_candidate_review_packet_0_1,ac_v0_3_adoption_candidate_review_packets_20260508_124600_sc_ecard_e5dbdb28a625b1099ad6,sc:ecard:e5dbdb28a625b1099ad6,v0.3.0,ee_v0_3_20260506_sc_ecard_e5dbdb28a625b1099ad6,v0_3_rule_first_selector_0_1,rule_first_selector_20260508_124555,"[""Quant_mvp\\data\\v0_3\\rule_first_selector\\v0_3_rule_first_selector.jsonl"", ""ee_v0_3_20260506_sc_ecard_e5dbdb28a625b1099ad6""]","{""adoption_auto_decision_allowed"": false, ""evaluation_mode"": ""diagnostic_ranking_only"", ""ml_score_ranking_manifest_path"": ""Quant_mvp\\data\\v0_4\\selector_scores\\v0_4_1_selector_ml_score_ranking_manifest.json"", ""performance_claim_allowed"": false, ""ranking_result_changes_selector_rank"": false, ""ranking_result_changes_selector_score"": false, ""reference_only"": true, ""selector_score_source_unchanged"": true, ""trading_signal_allowed"": false}",rule_only,60.641751,60.641751,19,19,secondary_review_candidate,low,"[""evidence_complete_enough_for_review"", ""historical_performance_summary_documented"", ""risk_metrics_documented"", ""limitations_explicit"", ""no_feedback_boundary_passed"", ""rule_only_selector_review""]","{""actual_metric_role"": ""candidate_specific"", ""actual_metric_source"": ""approved_evaluation_evidence"", ""candidate_metric_match"": true, ""metric_subject_id"": ""sc:ecard:e5dbdb28a625b1099ad6"", ""metric_subject_type"": ""strategy_candidate"", ""source_evidence_id"": ""ee_v0_3_20260506_sc_ecard_e5dbdb28a625b1099ad6"", ""total_return"": 4.59248614414884}","{""benchmark_return"": null, ""excess_return_vs_proxy"": null, ""generic_momentum_proxy_role"": ""benchmark_reference_context_only"", ""generic_proxy_not_used_as_label_or_selector_score"": true, ""proxy_return"": null, ""reference_context_available"": false}","{""failure_flags"": [], ""max_drawdown"": -0.49924422265194046, ""sharpe"": 0.5932409139655367, ""turnover"": 0.686318407960199, ""volatility"": 0.39104534114120565}","[""adoption_candidate_review_only_not_activation"", ""production_activation_requires_separate_root_gate"", ""supervised_ml_blocked_or_not_available_rule_only_selector_used"", ""ml_selector_score_absent""]","[""adoption_candidate_review_only_not_activation"", ""production_activation_requires_separate_root_gate"", ""supervised_ml_blocked_or_not_available_rule_only_selector_used"", ""ml_selector_score_absent""]",,"[""root_governance_review"", ""quant_strategy_adoption_gate_review"", ""production_activation_decision_gate_required""]",activation_blocked,adoption_candidate_review_packet_must_not_feed_runtime_ranking_trading_or_auto_activation,docs/extension/v0_3_production_activation_decision_gate.md,docs/extension/v0_3_adoption_candidate_selector_gate.md,no_automatic_production_activation_claim
v0_3_adoption_candidate_review_packet_0_1,ac_v0_3_adoption_candidate_review_packets_20260508_124600_sc_ecard_e6ddd42db570903e4c9e,sc:ecard:e6ddd42db570903e4c9e,v0.3.0,ee_v0_3_20260506_sc_ecard_e6ddd42db570903e4c9e,v0_3_rule_first_selector_0_1,rule_first_selector_20260508_124555,"[""Quant_mvp\\data\\v0_3\\rule_first_selector\\v0_3_rule_first_selector.jsonl"", ""ee_v0_3_20260506_sc_ecard_e6ddd42db570903e4c9e""]","{""adoption_auto_decision_allowed"": false, ""evaluation_mode"": ""diagnostic_ranking_only"", ""ml_score_ranking_manifest_path"": ""Quant_mvp\\data\\v0_4\\selector_scores\\v0_4_1_selector_ml_score_ranking_manifest.json"", ""performance_claim_allowed"": false, ""ranking_result_changes_selector_rank"": false, ""ranking_result_changes_selector_score"": false, ""reference_only"": true, ""selector_score_source_unchanged"": true, ""trading_signal_allowed"": false}",rule_only,58.671009,58.671009,56,56,reviewable_candidate,low,"[""evidence_complete_enough_for_review"", ""historical_performance_summary_documented"", ""risk_metrics_documented"", ""limitations_explicit"", ""no_feedback_boundary_passed"", ""rule_only_selector_review""]","{""actual_metric_role"": ""candidate_specific"", ""actual_metric_source"": ""approved_evaluation_evidence"", ""candidate_metric_match"": true, ""metric_subject_id"": ""sc:ecard:e6ddd42db570903e4c9e"", ""metric_subject_type"": ""strategy_candidate"", ""source_evidence_id"": ""ee_v0_3_20260506_sc_ecard_e6ddd42db570903e4c9e"", ""total_return"": 0.9478898686276229}","{""benchmark_return"": null, ""excess_return_vs_proxy"": null, ""generic_momentum_proxy_role"": ""benchmark_reference_context_only"", ""generic_proxy_not_used_as_label_or_selector_score"": true, ""proxy_return"": null, ""reference_context_available"": false}","{""failure_flags"": [], ""max_drawdown"": -0.6092164024086726, ""sharpe"": 0.35818175172278915, ""turnover"": 0.8618159203980099, ""volatility"": 0.2968075686560764}","[""adoption_candidate_review_only_not_activation"", ""production_activation_requires_separate_root_gate"", ""supervised_ml_blocked_or_not_available_rule_only_selector_used"", ""ml_selector_score_absent""]","[""adoption_candidate_review_only_not_activation"", ""production_activation_requires_separate_root_gate"", ""supervised_ml_blocked_or_not_available_rule_only_selector_used"", ""ml_selector_score_absent""]",,"[""root_governance_review"", ""quant_strategy_adoption_gate_review"", ""production_activation_decision_gate_required""]",activation_blocked,adoption_candidate_review_packet_must_not_feed_runtime_ranking_trading_or_auto_activation,docs/extension/v0_3_production_activation_decision_gate.md,docs/extension/v0_3_adoption_candidate_selector_gate.md,no_automatic_production_activation_claim
v0_3_adoption_candidate_review_packet_0_1,ac_v0_3_adoption_candidate_review_packets_20260508_124600_sc_ecard_ed310a3bccbd93ccd645,sc:ecard:ed310a3bccbd93ccd645,v0.3.0,ee_v0_3_20260506_sc_ecard_ed310a3bccbd93ccd645,v0_3_rule_first_selector_0_1,rule_first_selector_20260508_124555,"[""Quant_mvp\\data\\v0_3\\rule_first_selector\\v0_3_rule_first_selector.jsonl"", ""ee_v0_3_20260506_sc_ecard_ed310a3bccbd93ccd645""]","{""adoption_auto_decision_allowed"": false, ""evaluation_mode"": ""diagnostic_ranking_only"", ""ml_score_ranking_manifest_path"": ""Quant_mvp\\data\\v0_4\\selector_scores\\v0_4_1_selector_ml_score_ranking_manifest.json"", ""performance_claim_allowed"": false, ""ranking_result_changes_selector_rank"": false, ""ranking_result_changes_selector_score"": false, ""reference_only"": true, ""selector_score_source_unchanged"": true, ""trading_signal_allowed"": false}",rule_only,32.048278,32.048278,62,62,reviewable_candidate,low,"[""evidence_complete_enough_for_review"", ""historical_performance_summary_documented"", ""risk_metrics_documented"", ""limitations_explicit"", ""no_feedback_boundary_passed"", ""rule_only_selector_review""]","{""actual_metric_role"": ""candidate_specific"", ""actual_metric_source"": ""approved_evaluation_evidence"", ""candidate_metric_match"": true, ""metric_subject_id"": ""sc:ecard:ed310a3bccbd93ccd645"", ""metric_subject_type"": ""strategy_candidate"", ""source_evidence_id"": ""ee_v0_3_20260506_sc_ecard_ed310a3bccbd93ccd645"", ""total_return"": -0.06993676616043398}","{""benchmark_return"": null, ""excess_return_vs_proxy"": null, ""generic_momentum_proxy_role"": ""benchmark_reference_context_only"", ""generic_proxy_not_used_as_label_or_selector_score"": true, ""proxy_return"": null, ""reference_context_available"": false}","{""failure_flags"": [], ""max_drawdown"": -0.43446907470055085, ""sharpe"": 0.0738775881276168, ""turnover"": 0.8769900497512437, ""volatility"": 0.3344231353969896}","[""adoption_candidate_review_only_not_activation"", ""production_activation_requires_separate_root_gate"", ""supervised_ml_blocked_or_not_available_rule_only_selector_used"", ""ml_selector_score_absent""]","[""adoption_candidate_review_only_not_activation"", ""production_activation_requires_separate_root_gate"", ""supervised_ml_blocked_or_not_available_rule_only_selector_used"", ""ml_selector_score_absent""]",,"[""root_governance_review"", ""quant_strategy_adoption_gate_review"", ""production_activation_decision_gate_required""]",activation_blocked,adoption_candidate_review_packet_must_not_feed_runtime_ranking_trading_or_auto_activation,docs/extension/v0_3_production_activation_decision_gate.md,docs/extension/v0_3_adoption_candidate_selector_gate.md,no_automatic_production_activation_claim
