schema_version,collection_boundary,mapping_mode,requested_period_start,requested_period_end,observed_coverage_start,observed_coverage_end,as_of_date,coverage_status,rank_scope,universe_ticker_count_for_date,candidate_id,evidence_id,rank_slot,slot_reason,resolved_ticker,resolved_company_name,resolved_liquidity_rank,average_traded_value_20d,average_traded_value_window_start,average_traded_value_window_end,source_type,source_ref,market_cap_proxy,market_cap_status,market_cap_as_of_date,candidate_mapping_status,not_strategy_composition,no_feedback_check
v1_3_candidate_ticker_mapping_period.v3,evidence_only_generated_artifact_not_for_valuation_scoring_trading_or_production_ranking,rolling_rank_slot_desc_average_traded_value_20d,2025-03-31,2026-05-13,2025-03-31,2026-05-12,2025-03-31,observed_local_daily_rank_date,full_local_kospi200_daily_universe_files,309,sc_v1_3_high_turnover,ee_v1_0_rc_sc_v1_3_high_turnover_1d_5101aca49335,1,highest_20d_average_traded_value_for_requested_as_of_date,005930,삼성전자,1,1200518825895.0,2025-03-04,2025-03-31,full_local_daily_price_close_times_volume_rolling_20d,data/historical_kospi200/prices/005930_daily_prices.csv,1660343124672000,available_from_latest_approved_snapshot,2026-05-13,dynamic_full_local_universe_rank_slot_resolution_for_as_of_date,true,rank_uses_only_existing_local_price_volume_or_approved_snapshot_values_available_for_the_as_of_date
v1_3_candidate_ticker_mapping_period.v3,evidence_only_generated_artifact_not_for_valuation_scoring_trading_or_production_ranking,rolling_rank_slot_desc_average_traded_value_20d,2025-03-31,2026-05-13,2025-03-31,2026-05-12,2025-03-31,observed_local_daily_rank_date,full_local_kospi200_daily_universe_files,309,sc_v1_3_missing_liquidity,ee_v1_0_rc_sc_v1_3_missing_liquidity_1d_189794a48a70,2,next_highest_20d_average_traded_value_for_requested_as_of_date,000660,SK하이닉스,2,644229961245.0,2025-03-04,2025-03-31,full_local_daily_price_close_times_volume_rolling_20d,data/historical_kospi200/prices/000660_daily_prices.csv,1408299873240000,available_from_latest_approved_snapshot,2026-05-13,dynamic_full_local_universe_rank_slot_resolution_for_as_of_date,true,rank_uses_only_existing_local_price_volume_or_approved_snapshot_values_available_for_the_as_of_date
v1_3_candidate_ticker_mapping_period.v4,evidence_only_generated_artifact_not_for_valuation_scoring_trading_or_production_ranking,rolling_rank_slot_desc_average_traded_value_20d,2025-03-31,2026-05-13,2025-03-31,2026-05-12,2025-03-31,observed_local_daily_rank_date,full_local_kospi200_daily_universe_files,309,sc_v1_3_low_drag,ee_v1_0_rc_sc_v1_3_low_drag_1d_3955d197ec26,4,first_top5_supplemental_slot_with_complete_market_cap_and_liquidity_fields,012450,,4,420140143350.0,2025-03-04,2025-03-31,full_local_daily_price_close_times_volume_rolling_20d,data/historical_kospi200/prices/012450_daily_prices.csv,,not_collected_for_full_local_universe_rank,,dynamic_full_local_universe_rank_slot_resolution_for_as_of_date,true,rank_uses_only_existing_local_price_volume_or_approved_snapshot_values_available_for_the_as_of_date
v1_3_candidate_ticker_mapping_period.v3,evidence_only_generated_artifact_not_for_valuation_scoring_trading_or_production_ranking,rolling_rank_slot_desc_average_traded_value_20d,2025-03-31,2026-05-13,2025-03-31,2026-05-12,2025-04-01,observed_local_daily_rank_date,full_local_kospi200_daily_universe_files,309,sc_v1_3_high_turnover,ee_v1_0_rc_sc_v1_3_high_turnover_1d_5101aca49335,1,highest_20d_average_traded_value_for_requested_as_of_date,005930,삼성전자,1,1190653974110.0,2025-03-05,2025-04-01,full_local_daily_price_close_times_volume_rolling_20d,data/historical_kospi200/prices/005930_daily_prices.csv,1660343124672000,available_from_latest_approved_snapshot,2026-05-13,dynamic_full_local_universe_rank_slot_resolution_for_as_of_date,true,rank_uses_only_existing_local_price_volume_or_approved_snapshot_values_available_for_the_as_of_date
v1_3_candidate_ticker_mapping_period.v3,evidence_only_generated_artifact_not_for_valuation_scoring_trading_or_production_ranking,rolling_rank_slot_desc_average_traded_value_20d,2025-03-31,2026-05-13,2025-03-31,2026-05-12,2025-04-01,observed_local_daily_rank_date,full_local_kospi200_daily_universe_files,309,sc_v1_3_missing_liquidity,ee_v1_0_rc_sc_v1_3_missing_liquidity_1d_189794a48a70,2,next_highest_20d_average_traded_value_for_requested_as_of_date,000660,SK하이닉스,2,616579409715.0,2025-03-05,2025-04-01,full_local_daily_price_close_times_volume_rolling_20d,data/historical_kospi200/prices/000660_daily_prices.csv,1408299873240000,available_from_latest_approved_snapshot,2026-05-13,dynamic_full_local_universe_rank_slot_resolution_for_as_of_date,true,rank_uses_only_existing_local_price_volume_or_approved_snapshot_values_available_for_the_as_of_date
v1_3_candidate_ticker_mapping_period.v4,evidence_only_generated_artifact_not_for_valuation_scoring_trading_or_production_ranking,rolling_rank_slot_desc_average_traded_value_20d,2025-03-31,2026-05-13,2025-03-31,2026-05-12,2025-04-01,observed_local_daily_rank_date,full_local_kospi200_daily_universe_files,309,sc_v1_3_low_drag,ee_v1_0_rc_sc_v1_3_low_drag_1d_3955d197ec26,4,first_top5_supplemental_slot_with_complete_market_cap_and_liquidity_fields,012450,,4,387610953850.0,2025-03-05,2025-04-01,full_local_daily_price_close_times_volume_rolling_20d,data/historical_kospi200/prices/012450_daily_prices.csv,,not_collected_for_full_local_universe_rank,,dynamic_full_local_universe_rank_slot_resolution_for_as_of_date,true,rank_uses_only_existing_local_price_volume_or_approved_snapshot_values_available_for_the_as_of_date
v1_3_candidate_ticker_mapping_period.v3,evidence_only_generated_artifact_not_for_valuation_scoring_trading_or_production_ranking,rolling_rank_slot_desc_average_traded_value_20d,2025-03-31,2026-05-13,2025-03-31,2026-05-12,2025-04-02,observed_local_daily_rank_date,full_local_kospi200_daily_universe_files,309,sc_v1_3_high_turnover,ee_v1_0_rc_sc_v1_3_high_turnover_1d_5101aca49335,1,highest_20d_average_traded_value_for_requested_as_of_date,005930,삼성전자,1,1188233921390.0,2025-03-06,2025-04-02,full_local_daily_price_close_times_volume_rolling_20d,data/historical_kospi200/prices/005930_daily_prices.csv,1660343124672000,available_from_latest_approved_snapshot,2026-05-13,dynamic_full_local_universe_rank_slot_resolution_for_as_of_date,true,rank_uses_only_existing_local_price_volume_or_approved_snapshot_values_available_for_the_as_of_date
v1_3_candidate_ticker_mapping_period.v3,evidence_only_generated_artifact_not_for_valuation_scoring_trading_or_production_ranking,rolling_rank_slot_desc_average_traded_value_20d,2025-03-31,2026-05-13,2025-03-31,2026-05-12,2025-04-02,observed_local_daily_rank_date,full_local_kospi200_daily_universe_files,309,sc_v1_3_missing_liquidity,ee_v1_0_rc_sc_v1_3_missing_liquidity_1d_189794a48a70,2,next_highest_20d_average_traded_value_for_requested_as_of_date,000660,SK하이닉스,2,603743733260.0,2025-03-06,2025-04-02,full_local_daily_price_close_times_volume_rolling_20d,data/historical_kospi200/prices/000660_daily_prices.csv,1408299873240000,available_from_latest_approved_snapshot,2026-05-13,dynamic_full_local_universe_rank_slot_resolution_for_as_of_date,true,rank_uses_only_existing_local_price_volume_or_approved_snapshot_values_available_for_the_as_of_date
v1_3_candidate_ticker_mapping_period.v4,evidence_only_generated_artifact_not_for_valuation_scoring_trading_or_production_ranking,rolling_rank_slot_desc_average_traded_value_20d,2025-03-31,2026-05-13,2025-03-31,2026-05-12,2025-04-02,observed_local_daily_rank_date,full_local_kospi200_daily_universe_files,309,sc_v1_3_low_drag,ee_v1_0_rc_sc_v1_3_low_drag_1d_3955d197ec26,4,first_top5_supplemental_slot_with_complete_market_cap_and_liquidity_fields,012450,,4,370446815400.0,2025-03-06,2025-04-02,full_local_daily_price_close_times_volume_rolling_20d,data/historical_kospi200/prices/012450_daily_prices.csv,,not_collected_for_full_local_universe_rank,,dynamic_full_local_universe_rank_slot_resolution_for_as_of_date,true,rank_uses_only_existing_local_price_volume_or_approved_snapshot_values_available_for_the_as_of_date
v1_3_candidate_ticker_mapping_period.v3,evidence_only_generated_artifact_not_for_valuation_scoring_trading_or_production_ranking,rolling_rank_slot_desc_average_traded_value_20d,2025-03-31,2026-05-13,2025-03-31,2026-05-12,2025-04-03,observed_local_daily_rank_date,full_local_kospi200_daily_universe_files,309,sc_v1_3_high_turnover,ee_v1_0_rc_sc_v1_3_high_turnover_1d_5101aca49335,1,highest_20d_average_traded_value_for_requested_as_of_date,005930,삼성전자,1,1211136436055.0,2025-03-07,2025-04-03,full_local_daily_price_close_times_volume_rolling_20d,data/historical_kospi200/prices/005930_daily_prices.csv,1660343124672000,available_from_latest_approved_snapshot,2026-05-13,dynamic_full_local_universe_rank_slot_resolution_for_as_of_date,true,rank_uses_only_existing_local_price_volume_or_approved_snapshot_values_available_for_the_as_of_date
v1_3_candidate_ticker_mapping_period.v3,evidence_only_generated_artifact_not_for_valuation_scoring_trading_or_production_ranking,rolling_rank_slot_desc_average_traded_value_20d,2025-03-31,2026-05-13,2025-03-31,2026-05-12,2025-04-03,observed_local_daily_rank_date,full_local_kospi200_daily_universe_files,309,sc_v1_3_missing_liquidity,ee_v1_0_rc_sc_v1_3_missing_liquidity_1d_189794a48a70,2,next_highest_20d_average_traded_value_for_requested_as_of_date,000660,SK하이닉스,2,619957151350.0,2025-03-07,2025-04-03,full_local_daily_price_close_times_volume_rolling_20d,data/historical_kospi200/prices/000660_daily_prices.csv,1408299873240000,available_from_latest_approved_snapshot,2026-05-13,dynamic_full_local_universe_rank_slot_resolution_for_as_of_date,true,rank_uses_only_existing_local_price_volume_or_approved_snapshot_values_available_for_the_as_of_date
v1_3_candidate_ticker_mapping_period.v4,evidence_only_generated_artifact_not_for_valuation_scoring_trading_or_production_ranking,rolling_rank_slot_desc_average_traded_value_20d,2025-03-31,2026-05-13,2025-03-31,2026-05-12,2025-04-03,observed_local_daily_rank_date,full_local_kospi200_daily_universe_files,309,sc_v1_3_low_drag,ee_v1_0_rc_sc_v1_3_low_drag_1d_3955d197ec26,4,first_top5_supplemental_slot_with_complete_market_cap_and_liquidity_fields,012450,,4,365579929250.0,2025-03-07,2025-04-03,full_local_daily_price_close_times_volume_rolling_20d,data/historical_kospi200/prices/012450_daily_prices.csv,,not_collected_for_full_local_universe_rank,,dynamic_full_local_universe_rank_slot_resolution_for_as_of_date,true,rank_uses_only_existing_local_price_volume_or_approved_snapshot_values_available_for_the_as_of_date
v1_3_candidate_ticker_mapping_period.v3,evidence_only_generated_artifact_not_for_valuation_scoring_trading_or_production_ranking,rolling_rank_slot_desc_average_traded_value_20d,2025-03-31,2026-05-13,2025-03-31,2026-05-12,2025-04-04,observed_local_daily_rank_date,full_local_kospi200_daily_universe_files,309,sc_v1_3_high_turnover,ee_v1_0_rc_sc_v1_3_high_turnover_1d_5101aca49335,1,highest_20d_average_traded_value_for_requested_as_of_date,005930,삼성전자,1,1238801707430.0,2025-03-10,2025-04-04,full_local_daily_price_close_times_volume_rolling_20d,data/historical_kospi200/prices/005930_daily_prices.csv,1660343124672000,available_from_latest_approved_snapshot,2026-05-13,dynamic_full_local_universe_rank_slot_resolution_for_as_of_date,true,rank_uses_only_existing_local_price_volume_or_approved_snapshot_values_available_for_the_as_of_date
v1_3_candidate_ticker_mapping_period.v3,evidence_only_generated_artifact_not_for_valuation_scoring_trading_or_production_ranking,rolling_rank_slot_desc_average_traded_value_20d,2025-03-31,2026-05-13,2025-03-31,2026-05-12,2025-04-04,observed_local_daily_rank_date,full_local_kospi200_daily_universe_files,309,sc_v1_3_missing_liquidity,ee_v1_0_rc_sc_v1_3_missing_liquidity_1d_189794a48a70,2,next_highest_20d_average_traded_value_for_requested_as_of_date,000660,SK하이닉스,2,677625650420.0,2025-03-10,2025-04-04,full_local_daily_price_close_times_volume_rolling_20d,data/historical_kospi200/prices/000660_daily_prices.csv,1408299873240000,available_from_latest_approved_snapshot,2026-05-13,dynamic_full_local_universe_rank_slot_resolution_for_as_of_date,true,rank_uses_only_existing_local_price_volume_or_approved_snapshot_values_available_for_the_as_of_date
v1_3_candidate_ticker_mapping_period.v4,evidence_only_generated_artifact_not_for_valuation_scoring_trading_or_production_ranking,rolling_rank_slot_desc_average_traded_value_20d,2025-03-31,2026-05-13,2025-03-31,2026-05-12,2025-04-04,observed_local_daily_rank_date,full_local_kospi200_daily_universe_files,309,sc_v1_3_low_drag,ee_v1_0_rc_sc_v1_3_low_drag_1d_3955d197ec26,4,first_top5_supplemental_slot_with_complete_market_cap_and_liquidity_fields,012450,,4,345620191900.0,2025-03-10,2025-04-04,full_local_daily_price_close_times_volume_rolling_20d,data/historical_kospi200/prices/012450_daily_prices.csv,,not_collected_for_full_local_universe_rank,,dynamic_full_local_universe_rank_slot_resolution_for_as_of_date,true,rank_uses_only_existing_local_price_volume_or_approved_snapshot_values_available_for_the_as_of_date
v1_3_candidate_ticker_mapping_period.v3,evidence_only_generated_artifact_not_for_valuation_scoring_trading_or_production_ranking,rolling_rank_slot_desc_average_traded_value_20d,2025-03-31,2026-05-13,2025-03-31,2026-05-12,2025-04-07,observed_local_daily_rank_date,full_local_kospi200_daily_universe_files,309,sc_v1_3_high_turnover,ee_v1_0_rc_sc_v1_3_high_turnover_1d_5101aca49335,1,highest_20d_average_traded_value_for_requested_as_of_date,005930,삼성전자,1,1289224052260.0,2025-03-11,2025-04-07,full_local_daily_price_close_times_volume_rolling_20d,data/historical_kospi200/prices/005930_daily_prices.csv,1660343124672000,available_from_latest_approved_snapshot,2026-05-13,dynamic_full_local_universe_rank_slot_resolution_for_as_of_date,true,rank_uses_only_existing_local_price_volume_or_approved_snapshot_values_available_for_the_as_of_date
v1_3_candidate_ticker_mapping_period.v3,evidence_only_generated_artifact_not_for_valuation_scoring_trading_or_production_ranking,rolling_rank_slot_desc_average_traded_value_20d,2025-03-31,2026-05-13,2025-03-31,2026-05-12,2025-04-07,observed_local_daily_rank_date,full_local_kospi200_daily_universe_files,309,sc_v1_3_missing_liquidity,ee_v1_0_rc_sc_v1_3_missing_liquidity_1d_189794a48a70,2,next_highest_20d_average_traded_value_for_requested_as_of_date,000660,SK하이닉스,2,719611355400.0,2025-03-11,2025-04-07,full_local_daily_price_close_times_volume_rolling_20d,data/historical_kospi200/prices/000660_daily_prices.csv,1408299873240000,available_from_latest_approved_snapshot,2026-05-13,dynamic_full_local_universe_rank_slot_resolution_for_as_of_date,true,rank_uses_only_existing_local_price_volume_or_approved_snapshot_values_available_for_the_as_of_date
v1_3_candidate_ticker_mapping_period.v4,evidence_only_generated_artifact_not_for_valuation_scoring_trading_or_production_ranking,rolling_rank_slot_desc_average_traded_value_20d,2025-03-31,2026-05-13,2025-03-31,2026-05-12,2025-04-07,observed_local_daily_rank_date,full_local_kospi200_daily_universe_files,309,sc_v1_3_low_drag,ee_v1_0_rc_sc_v1_3_low_drag_1d_3955d197ec26,4,first_top5_supplemental_slot_with_complete_market_cap_and_liquidity_fields,012450,,4,338599988500.0,2025-03-11,2025-04-07,full_local_daily_price_close_times_volume_rolling_20d,data/historical_kospi200/prices/012450_daily_prices.csv,,not_collected_for_full_local_universe_rank,,dynamic_full_local_universe_rank_slot_resolution_for_as_of_date,true,rank_uses_only_existing_local_price_volume_or_approved_snapshot_values_available_for_the_as_of_date
v1_3_candidate_ticker_mapping_period.v3,evidence_only_generated_artifact_not_for_valuation_scoring_trading_or_production_ranking,rolling_rank_slot_desc_average_traded_value_20d,2025-03-31,2026-05-13,2025-03-31,2026-05-12,2025-04-08,observed_local_daily_rank_date,full_local_kospi200_daily_universe_files,309,sc_v1_3_high_turnover,ee_v1_0_rc_sc_v1_3_high_turnover_1d_5101aca49335,1,highest_20d_average_traded_value_for_requested_as_of_date,005930,삼성전자,1,1309978824755.0,2025-03-12,2025-04-08,full_local_daily_price_close_times_volume_rolling_20d,data/historical_kospi200/prices/005930_daily_prices.csv,1660343124672000,available_from_latest_approved_snapshot,2026-05-13,dynamic_full_local_universe_rank_slot_resolution_for_as_of_date,true,rank_uses_only_existing_local_price_volume_or_approved_snapshot_values_available_for_the_as_of_date
v1_3_candidate_ticker_mapping_period.v3,evidence_only_generated_artifact_not_for_valuation_scoring_trading_or_production_ranking,rolling_rank_slot_desc_average_traded_value_20d,2025-03-31,2026-05-13,2025-03-31,2026-05-12,2025-04-08,observed_local_daily_rank_date,full_local_kospi200_daily_universe_files,309,sc_v1_3_missing_liquidity,ee_v1_0_rc_sc_v1_3_missing_liquidity_1d_189794a48a70,2,next_highest_20d_average_traded_value_for_requested_as_of_date,000660,SK하이닉스,2,728621477625.0,2025-03-12,2025-04-08,full_local_daily_price_close_times_volume_rolling_20d,data/historical_kospi200/prices/000660_daily_prices.csv,1408299873240000,available_from_latest_approved_snapshot,2026-05-13,dynamic_full_local_universe_rank_slot_resolution_for_as_of_date,true,rank_uses_only_existing_local_price_volume_or_approved_snapshot_values_available_for_the_as_of_date
v1_3_candidate_ticker_mapping_period.v4,evidence_only_generated_artifact_not_for_valuation_scoring_trading_or_production_ranking,rolling_rank_slot_desc_average_traded_value_20d,2025-03-31,2026-05-13,2025-03-31,2026-05-12,2025-04-08,observed_local_daily_rank_date,full_local_kospi200_daily_universe_files,309,sc_v1_3_low_drag,ee_v1_0_rc_sc_v1_3_low_drag_1d_3955d197ec26,4,first_top5_supplemental_slot_with_complete_market_cap_and_liquidity_fields,042660,,4,291457563435.0,2025-03-12,2025-04-08,full_local_daily_price_close_times_volume_rolling_20d,data/historical_kospi200/prices/042660_daily_prices.csv,,not_collected_for_full_local_universe_rank,,dynamic_full_local_universe_rank_slot_resolution_for_as_of_date,true,rank_uses_only_existing_local_price_volume_or_approved_snapshot_values_available_for_the_as_of_date
v1_3_candidate_ticker_mapping_period.v3,evidence_only_generated_artifact_not_for_valuation_scoring_trading_or_production_ranking,rolling_rank_slot_desc_average_traded_value_20d,2025-03-31,2026-05-13,2025-03-31,2026-05-12,2025-04-09,observed_local_daily_rank_date,full_local_kospi200_daily_universe_files,309,sc_v1_3_high_turnover,ee_v1_0_rc_sc_v1_3_high_turnover_1d_5101aca49335,1,highest_20d_average_traded_value_for_requested_as_of_date,005930,삼성전자,1,1315171277110.0,2025-03-13,2025-04-09,full_local_daily_price_close_times_volume_rolling_20d,data/historical_kospi200/prices/005930_daily_prices.csv,1660343124672000,available_from_latest_approved_snapshot,2026-05-13,dynamic_full_local_universe_rank_slot_resolution_for_as_of_date,true,rank_uses_only_existing_local_price_volume_or_approved_snapshot_values_available_for_the_as_of_date
v1_3_candidate_ticker_mapping_period.v3,evidence_only_generated_artifact_not_for_valuation_scoring_trading_or_production_ranking,rolling_rank_slot_desc_average_traded_value_20d,2025-03-31,2026-05-13,2025-03-31,2026-05-12,2025-04-09,observed_local_daily_rank_date,full_local_kospi200_daily_universe_files,309,sc_v1_3_missing_liquidity,ee_v1_0_rc_sc_v1_3_missing_liquidity_1d_189794a48a70,2,next_highest_20d_average_traded_value_for_requested_as_of_date,000660,SK하이닉스,2,754496584665.0,2025-03-13,2025-04-09,full_local_daily_price_close_times_volume_rolling_20d,data/historical_kospi200/prices/000660_daily_prices.csv,1408299873240000,available_from_latest_approved_snapshot,2026-05-13,dynamic_full_local_universe_rank_slot_resolution_for_as_of_date,true,rank_uses_only_existing_local_price_volume_or_approved_snapshot_values_available_for_the_as_of_date
v1_3_candidate_ticker_mapping_period.v4,evidence_only_generated_artifact_not_for_valuation_scoring_trading_or_production_ranking,rolling_rank_slot_desc_average_traded_value_20d,2025-03-31,2026-05-13,2025-03-31,2026-05-12,2025-04-09,observed_local_daily_rank_date,full_local_kospi200_daily_universe_files,309,sc_v1_3_low_drag,ee_v1_0_rc_sc_v1_3_low_drag_1d_3955d197ec26,4,first_top5_supplemental_slot_with_complete_market_cap_and_liquidity_fields,042660,,4,267980007365.0,2025-03-13,2025-04-09,full_local_daily_price_close_times_volume_rolling_20d,data/historical_kospi200/prices/042660_daily_prices.csv,,not_collected_for_full_local_universe_rank,,dynamic_full_local_universe_rank_slot_resolution_for_as_of_date,true,rank_uses_only_existing_local_price_volume_or_approved_snapshot_values_available_for_the_as_of_date
v1_3_candidate_ticker_mapping_period.v3,evidence_only_generated_artifact_not_for_valuation_scoring_trading_or_production_ranking,rolling_rank_slot_desc_average_traded_value_20d,2025-03-31,2026-05-13,2025-03-31,2026-05-12,2025-04-10,observed_local_daily_rank_date,full_local_kospi200_daily_universe_files,309,sc_v1_3_high_turnover,ee_v1_0_rc_sc_v1_3_high_turnover_1d_5101aca49335,1,highest_20d_average_traded_value_for_requested_as_of_date,005930,삼성전자,1,1313883689165.0,2025-03-14,2025-04-10,full_local_daily_price_close_times_volume_rolling_20d,data/historical_kospi200/prices/005930_daily_prices.csv,1660343124672000,available_from_latest_approved_snapshot,2026-05-13,dynamic_full_local_universe_rank_slot_resolution_for_as_of_date,true,rank_uses_only_existing_local_price_volume_or_approved_snapshot_values_available_for_the_as_of_date
v1_3_candidate_ticker_mapping_period.v3,evidence_only_generated_artifact_not_for_valuation_scoring_trading_or_production_ranking,rolling_rank_slot_desc_average_traded_value_20d,2025-03-31,2026-05-13,2025-03-31,2026-05-12,2025-04-10,observed_local_daily_rank_date,full_local_kospi200_daily_universe_files,309,sc_v1_3_missing_liquidity,ee_v1_0_rc_sc_v1_3_missing_liquidity_1d_189794a48a70,2,next_highest_20d_average_traded_value_for_requested_as_of_date,000660,SK하이닉스,2,787511273600.0,2025-03-14,2025-04-10,full_local_daily_price_close_times_volume_rolling_20d,data/historical_kospi200/prices/000660_daily_prices.csv,1408299873240000,available_from_latest_approved_snapshot,2026-05-13,dynamic_full_local_universe_rank_slot_resolution_for_as_of_date,true,rank_uses_only_existing_local_price_volume_or_approved_snapshot_values_available_for_the_as_of_date
v1_3_candidate_ticker_mapping_period.v4,evidence_only_generated_artifact_not_for_valuation_scoring_trading_or_production_ranking,rolling_rank_slot_desc_average_traded_value_20d,2025-03-31,2026-05-13,2025-03-31,2026-05-12,2025-04-10,observed_local_daily_rank_date,full_local_kospi200_daily_universe_files,309,sc_v1_3_low_drag,ee_v1_0_rc_sc_v1_3_low_drag_1d_3955d197ec26,4,first_top5_supplemental_slot_with_complete_market_cap_and_liquidity_fields,042660,,4,257607192480.0,2025-03-14,2025-04-10,full_local_daily_price_close_times_volume_rolling_20d,data/historical_kospi200/prices/042660_daily_prices.csv,,not_collected_for_full_local_universe_rank,,dynamic_full_local_universe_rank_slot_resolution_for_as_of_date,true,rank_uses_only_existing_local_price_volume_or_approved_snapshot_values_available_for_the_as_of_date
v1_3_candidate_ticker_mapping_period.v3,evidence_only_generated_artifact_not_for_valuation_scoring_trading_or_production_ranking,rolling_rank_slot_desc_average_traded_value_20d,2025-03-31,2026-05-13,2025-03-31,2026-05-12,2025-04-11,observed_local_daily_rank_date,full_local_kospi200_daily_universe_files,309,sc_v1_3_high_turnover,ee_v1_0_rc_sc_v1_3_high_turnover_1d_5101aca49335,1,highest_20d_average_traded_value_for_requested_as_of_date,005930,삼성전자,1,1322670317775.0,2025-03-17,2025-04-11,full_local_daily_price_close_times_volume_rolling_20d,data/historical_kospi200/prices/005930_daily_prices.csv,1660343124672000,available_from_latest_approved_snapshot,2026-05-13,dynamic_full_local_universe_rank_slot_resolution_for_as_of_date,true,rank_uses_only_existing_local_price_volume_or_approved_snapshot_values_available_for_the_as_of_date
v1_3_candidate_ticker_mapping_period.v3,evidence_only_generated_artifact_not_for_valuation_scoring_trading_or_production_ranking,rolling_rank_slot_desc_average_traded_value_20d,2025-03-31,2026-05-13,2025-03-31,2026-05-12,2025-04-11,observed_local_daily_rank_date,full_local_kospi200_daily_universe_files,309,sc_v1_3_missing_liquidity,ee_v1_0_rc_sc_v1_3_missing_liquidity_1d_189794a48a70,2,next_highest_20d_average_traded_value_for_requested_as_of_date,000660,SK하이닉스,2,781914789050.0,2025-03-17,2025-04-11,full_local_daily_price_close_times_volume_rolling_20d,data/historical_kospi200/prices/000660_daily_prices.csv,1408299873240000,available_from_latest_approved_snapshot,2026-05-13,dynamic_full_local_universe_rank_slot_resolution_for_as_of_date,true,rank_uses_only_existing_local_price_volume_or_approved_snapshot_values_available_for_the_as_of_date
v1_3_candidate_ticker_mapping_period.v4,evidence_only_generated_artifact_not_for_valuation_scoring_trading_or_production_ranking,rolling_rank_slot_desc_average_traded_value_20d,2025-03-31,2026-05-13,2025-03-31,2026-05-12,2025-04-11,observed_local_daily_rank_date,full_local_kospi200_daily_universe_files,309,sc_v1_3_low_drag,ee_v1_0_rc_sc_v1_3_low_drag_1d_3955d197ec26,4,first_top5_supplemental_slot_with_complete_market_cap_and_liquidity_fields,042660,,4,264714877085.0,2025-03-17,2025-04-11,full_local_daily_price_close_times_volume_rolling_20d,data/historical_kospi200/prices/042660_daily_prices.csv,,not_collected_for_full_local_universe_rank,,dynamic_full_local_universe_rank_slot_resolution_for_as_of_date,true,rank_uses_only_existing_local_price_volume_or_approved_snapshot_values_available_for_the_as_of_date
v1_3_candidate_ticker_mapping_period.v3,evidence_only_generated_artifact_not_for_valuation_scoring_trading_or_production_ranking,rolling_rank_slot_desc_average_traded_value_20d,2025-03-31,2026-05-13,2025-03-31,2026-05-12,2025-04-14,observed_local_daily_rank_date,full_local_kospi200_daily_universe_files,309,sc_v1_3_high_turnover,ee_v1_0_rc_sc_v1_3_high_turnover_1d_5101aca49335,1,highest_20d_average_traded_value_for_requested_as_of_date,005930,삼성전자,1,1256376179825.0,2025-03-18,2025-04-14,full_local_daily_price_close_times_volume_rolling_20d,data/historical_kospi200/prices/005930_daily_prices.csv,1660343124672000,available_from_latest_approved_snapshot,2026-05-13,dynamic_full_local_universe_rank_slot_resolution_for_as_of_date,true,rank_uses_only_existing_local_price_volume_or_approved_snapshot_values_available_for_the_as_of_date
v1_3_candidate_ticker_mapping_period.v3,evidence_only_generated_artifact_not_for_valuation_scoring_trading_or_production_ranking,rolling_rank_slot_desc_average_traded_value_20d,2025-03-31,2026-05-13,2025-03-31,2026-05-12,2025-04-14,observed_local_daily_rank_date,full_local_kospi200_daily_universe_files,309,sc_v1_3_missing_liquidity,ee_v1_0_rc_sc_v1_3_missing_liquidity_1d_189794a48a70,2,next_highest_20d_average_traded_value_for_requested_as_of_date,000660,SK하이닉스,2,786523003290.0,2025-03-18,2025-04-14,full_local_daily_price_close_times_volume_rolling_20d,data/historical_kospi200/prices/000660_daily_prices.csv,1408299873240000,available_from_latest_approved_snapshot,2026-05-13,dynamic_full_local_universe_rank_slot_resolution_for_as_of_date,true,rank_uses_only_existing_local_price_volume_or_approved_snapshot_values_available_for_the_as_of_date
v1_3_candidate_ticker_mapping_period.v4,evidence_only_generated_artifact_not_for_valuation_scoring_trading_or_production_ranking,rolling_rank_slot_desc_average_traded_value_20d,2025-03-31,2026-05-13,2025-03-31,2026-05-12,2025-04-14,observed_local_daily_rank_date,full_local_kospi200_daily_universe_files,309,sc_v1_3_low_drag,ee_v1_0_rc_sc_v1_3_low_drag_1d_3955d197ec26,4,first_top5_supplemental_slot_with_complete_market_cap_and_liquidity_fields,042660,,4,253076635395.0,2025-03-18,2025-04-14,full_local_daily_price_close_times_volume_rolling_20d,data/historical_kospi200/prices/042660_daily_prices.csv,,not_collected_for_full_local_universe_rank,,dynamic_full_local_universe_rank_slot_resolution_for_as_of_date,true,rank_uses_only_existing_local_price_volume_or_approved_snapshot_values_available_for_the_as_of_date
v1_3_candidate_ticker_mapping_period.v3,evidence_only_generated_artifact_not_for_valuation_scoring_trading_or_production_ranking,rolling_rank_slot_desc_average_traded_value_20d,2025-03-31,2026-05-13,2025-03-31,2026-05-12,2025-04-15,observed_local_daily_rank_date,full_local_kospi200_daily_universe_files,309,sc_v1_3_high_turnover,ee_v1_0_rc_sc_v1_3_high_turnover_1d_5101aca49335,1,highest_20d_average_traded_value_for_requested_as_of_date,005930,삼성전자,1,1200803180305.0,2025-03-19,2025-04-15,full_local_daily_price_close_times_volume_rolling_20d,data/historical_kospi200/prices/005930_daily_prices.csv,1660343124672000,available_from_latest_approved_snapshot,2026-05-13,dynamic_full_local_universe_rank_slot_resolution_for_as_of_date,true,rank_uses_only_existing_local_price_volume_or_approved_snapshot_values_available_for_the_as_of_date
v1_3_candidate_ticker_mapping_period.v3,evidence_only_generated_artifact_not_for_valuation_scoring_trading_or_production_ranking,rolling_rank_slot_desc_average_traded_value_20d,2025-03-31,2026-05-13,2025-03-31,2026-05-12,2025-04-15,observed_local_daily_rank_date,full_local_kospi200_daily_universe_files,309,sc_v1_3_missing_liquidity,ee_v1_0_rc_sc_v1_3_missing_liquidity_1d_189794a48a70,2,next_highest_20d_average_traded_value_for_requested_as_of_date,000660,SK하이닉스,2,776453223290.0,2025-03-19,2025-04-15,full_local_daily_price_close_times_volume_rolling_20d,data/historical_kospi200/prices/000660_daily_prices.csv,1408299873240000,available_from_latest_approved_snapshot,2026-05-13,dynamic_full_local_universe_rank_slot_resolution_for_as_of_date,true,rank_uses_only_existing_local_price_volume_or_approved_snapshot_values_available_for_the_as_of_date
v1_3_candidate_ticker_mapping_period.v4,evidence_only_generated_artifact_not_for_valuation_scoring_trading_or_production_ranking,rolling_rank_slot_desc_average_traded_value_20d,2025-03-31,2026-05-13,2025-03-31,2026-05-12,2025-04-15,observed_local_daily_rank_date,full_local_kospi200_daily_universe_files,309,sc_v1_3_low_drag,ee_v1_0_rc_sc_v1_3_low_drag_1d_3955d197ec26,4,first_top5_supplemental_slot_with_complete_market_cap_and_liquidity_fields,042660,,4,223924629985.0,2025-03-19,2025-04-15,full_local_daily_price_close_times_volume_rolling_20d,data/historical_kospi200/prices/042660_daily_prices.csv,,not_collected_for_full_local_universe_rank,,dynamic_full_local_universe_rank_slot_resolution_for_as_of_date,true,rank_uses_only_existing_local_price_volume_or_approved_snapshot_values_available_for_the_as_of_date
v1_3_candidate_ticker_mapping_period.v3,evidence_only_generated_artifact_not_for_valuation_scoring_trading_or_production_ranking,rolling_rank_slot_desc_average_traded_value_20d,2025-03-31,2026-05-13,2025-03-31,2026-05-12,2025-04-16,observed_local_daily_rank_date,full_local_kospi200_daily_universe_files,309,sc_v1_3_high_turnover,ee_v1_0_rc_sc_v1_3_high_turnover_1d_5101aca49335,1,highest_20d_average_traded_value_for_requested_as_of_date,005930,삼성전자,1,1154229798605.0,2025-03-20,2025-04-16,full_local_daily_price_close_times_volume_rolling_20d,data/historical_kospi200/prices/005930_daily_prices.csv,1660343124672000,available_from_latest_approved_snapshot,2026-05-13,dynamic_full_local_universe_rank_slot_resolution_for_as_of_date,true,rank_uses_only_existing_local_price_volume_or_approved_snapshot_values_available_for_the_as_of_date
v1_3_candidate_ticker_mapping_period.v3,evidence_only_generated_artifact_not_for_valuation_scoring_trading_or_production_ranking,rolling_rank_slot_desc_average_traded_value_20d,2025-03-31,2026-05-13,2025-03-31,2026-05-12,2025-04-16,observed_local_daily_rank_date,full_local_kospi200_daily_universe_files,309,sc_v1_3_missing_liquidity,ee_v1_0_rc_sc_v1_3_missing_liquidity_1d_189794a48a70,2,next_highest_20d_average_traded_value_for_requested_as_of_date,000660,SK하이닉스,2,770100996890.0,2025-03-20,2025-04-16,full_local_daily_price_close_times_volume_rolling_20d,data/historical_kospi200/prices/000660_daily_prices.csv,1408299873240000,available_from_latest_approved_snapshot,2026-05-13,dynamic_full_local_universe_rank_slot_resolution_for_as_of_date,true,rank_uses_only_existing_local_price_volume_or_approved_snapshot_values_available_for_the_as_of_date
v1_3_candidate_ticker_mapping_period.v4,evidence_only_generated_artifact_not_for_valuation_scoring_trading_or_production_ranking,rolling_rank_slot_desc_average_traded_value_20d,2025-03-31,2026-05-13,2025-03-31,2026-05-12,2025-04-16,observed_local_daily_rank_date,full_local_kospi200_daily_universe_files,309,sc_v1_3_low_drag,ee_v1_0_rc_sc_v1_3_low_drag_1d_3955d197ec26,4,first_top5_supplemental_slot_with_complete_market_cap_and_liquidity_fields,042660,,4,208849361000.0,2025-03-20,2025-04-16,full_local_daily_price_close_times_volume_rolling_20d,data/historical_kospi200/prices/042660_daily_prices.csv,,not_collected_for_full_local_universe_rank,,dynamic_full_local_universe_rank_slot_resolution_for_as_of_date,true,rank_uses_only_existing_local_price_volume_or_approved_snapshot_values_available_for_the_as_of_date
v1_3_candidate_ticker_mapping_period.v3,evidence_only_generated_artifact_not_for_valuation_scoring_trading_or_production_ranking,rolling_rank_slot_desc_average_traded_value_20d,2025-03-31,2026-05-13,2025-03-31,2026-05-12,2025-04-17,observed_local_daily_rank_date,full_local_kospi200_daily_universe_files,309,sc_v1_3_high_turnover,ee_v1_0_rc_sc_v1_3_high_turnover_1d_5101aca49335,1,highest_20d_average_traded_value_for_requested_as_of_date,005930,삼성전자,1,1078851671660.0,2025-03-21,2025-04-17,full_local_daily_price_close_times_volume_rolling_20d,data/historical_kospi200/prices/005930_daily_prices.csv,1660343124672000,available_from_latest_approved_snapshot,2026-05-13,dynamic_full_local_universe_rank_slot_resolution_for_as_of_date,true,rank_uses_only_existing_local_price_volume_or_approved_snapshot_values_available_for_the_as_of_date
v1_3_candidate_ticker_mapping_period.v3,evidence_only_generated_artifact_not_for_valuation_scoring_trading_or_production_ranking,rolling_rank_slot_desc_average_traded_value_20d,2025-03-31,2026-05-13,2025-03-31,2026-05-12,2025-04-17,observed_local_daily_rank_date,full_local_kospi200_daily_universe_files,309,sc_v1_3_missing_liquidity,ee_v1_0_rc_sc_v1_3_missing_liquidity_1d_189794a48a70,2,next_highest_20d_average_traded_value_for_requested_as_of_date,000660,SK하이닉스,2,767073712140.0,2025-03-21,2025-04-17,full_local_daily_price_close_times_volume_rolling_20d,data/historical_kospi200/prices/000660_daily_prices.csv,1408299873240000,available_from_latest_approved_snapshot,2026-05-13,dynamic_full_local_universe_rank_slot_resolution_for_as_of_date,true,rank_uses_only_existing_local_price_volume_or_approved_snapshot_values_available_for_the_as_of_date
v1_3_candidate_ticker_mapping_period.v4,evidence_only_generated_artifact_not_for_valuation_scoring_trading_or_production_ranking,rolling_rank_slot_desc_average_traded_value_20d,2025-03-31,2026-05-13,2025-03-31,2026-05-12,2025-04-17,observed_local_daily_rank_date,full_local_kospi200_daily_universe_files,309,sc_v1_3_low_drag,ee_v1_0_rc_sc_v1_3_low_drag_1d_3955d197ec26,4,first_top5_supplemental_slot_with_complete_market_cap_and_liquidity_fields,005380,현대차,4,194776751480.0,2025-03-21,2025-04-17,full_local_daily_price_close_times_volume_rolling_20d,data/historical_kospi200/prices/005380_daily_prices.csv,145378013860000,available_from_latest_approved_snapshot,2026-05-13,dynamic_full_local_universe_rank_slot_resolution_for_as_of_date,true,rank_uses_only_existing_local_price_volume_or_approved_snapshot_values_available_for_the_as_of_date
v1_3_candidate_ticker_mapping_period.v3,evidence_only_generated_artifact_not_for_valuation_scoring_trading_or_production_ranking,rolling_rank_slot_desc_average_traded_value_20d,2025-03-31,2026-05-13,2025-03-31,2026-05-12,2025-04-18,observed_local_daily_rank_date,full_local_kospi200_daily_universe_files,309,sc_v1_3_high_turnover,ee_v1_0_rc_sc_v1_3_high_turnover_1d_5101aca49335,1,highest_20d_average_traded_value_for_requested_as_of_date,005930,삼성전자,1,971142274270.0,2025-03-24,2025-04-18,full_local_daily_price_close_times_volume_rolling_20d,data/historical_kospi200/prices/005930_daily_prices.csv,1660343124672000,available_from_latest_approved_snapshot,2026-05-13,dynamic_full_local_universe_rank_slot_resolution_for_as_of_date,true,rank_uses_only_existing_local_price_volume_or_approved_snapshot_values_available_for_the_as_of_date
v1_3_candidate_ticker_mapping_period.v3,evidence_only_generated_artifact_not_for_valuation_scoring_trading_or_production_ranking,rolling_rank_slot_desc_average_traded_value_20d,2025-03-31,2026-05-13,2025-03-31,2026-05-12,2025-04-18,observed_local_daily_rank_date,full_local_kospi200_daily_universe_files,309,sc_v1_3_missing_liquidity,ee_v1_0_rc_sc_v1_3_missing_liquidity_1d_189794a48a70,2,next_highest_20d_average_traded_value_for_requested_as_of_date,000660,SK하이닉스,2,716732785140.0,2025-03-24,2025-04-18,full_local_daily_price_close_times_volume_rolling_20d,data/historical_kospi200/prices/000660_daily_prices.csv,1408299873240000,available_from_latest_approved_snapshot,2026-05-13,dynamic_full_local_universe_rank_slot_resolution_for_as_of_date,true,rank_uses_only_existing_local_price_volume_or_approved_snapshot_values_available_for_the_as_of_date
v1_3_candidate_ticker_mapping_period.v4,evidence_only_generated_artifact_not_for_valuation_scoring_trading_or_production_ranking,rolling_rank_slot_desc_average_traded_value_20d,2025-03-31,2026-05-13,2025-03-31,2026-05-12,2025-04-18,observed_local_daily_rank_date,full_local_kospi200_daily_universe_files,309,sc_v1_3_low_drag,ee_v1_0_rc_sc_v1_3_low_drag_1d_3955d197ec26,4,first_top5_supplemental_slot_with_complete_market_cap_and_liquidity_fields,005380,현대차,4,195334619620.0,2025-03-24,2025-04-18,full_local_daily_price_close_times_volume_rolling_20d,data/historical_kospi200/prices/005380_daily_prices.csv,145378013860000,available_from_latest_approved_snapshot,2026-05-13,dynamic_full_local_universe_rank_slot_resolution_for_as_of_date,true,rank_uses_only_existing_local_price_volume_or_approved_snapshot_values_available_for_the_as_of_date
v1_3_candidate_ticker_mapping_period.v3,evidence_only_generated_artifact_not_for_valuation_scoring_trading_or_production_ranking,rolling_rank_slot_desc_average_traded_value_20d,2025-03-31,2026-05-13,2025-03-31,2026-05-12,2025-04-21,observed_local_daily_rank_date,full_local_kospi200_daily_universe_files,309,sc_v1_3_high_turnover,ee_v1_0_rc_sc_v1_3_high_turnover_1d_5101aca49335,1,highest_20d_average_traded_value_for_requested_as_of_date,005930,삼성전자,1,944984706110.0,2025-03-25,2025-04-21,full_local_daily_price_close_times_volume_rolling_20d,data/historical_kospi200/prices/005930_daily_prices.csv,1660343124672000,available_from_latest_approved_snapshot,2026-05-13,dynamic_full_local_universe_rank_slot_resolution_for_as_of_date,true,rank_uses_only_existing_local_price_volume_or_approved_snapshot_values_available_for_the_as_of_date
v1_3_candidate_ticker_mapping_period.v3,evidence_only_generated_artifact_not_for_valuation_scoring_trading_or_production_ranking,rolling_rank_slot_desc_average_traded_value_20d,2025-03-31,2026-05-13,2025-03-31,2026-05-12,2025-04-21,observed_local_daily_rank_date,full_local_kospi200_daily_universe_files,309,sc_v1_3_missing_liquidity,ee_v1_0_rc_sc_v1_3_missing_liquidity_1d_189794a48a70,2,next_highest_20d_average_traded_value_for_requested_as_of_date,000660,SK하이닉스,2,716274123730.0,2025-03-25,2025-04-21,full_local_daily_price_close_times_volume_rolling_20d,data/historical_kospi200/prices/000660_daily_prices.csv,1408299873240000,available_from_latest_approved_snapshot,2026-05-13,dynamic_full_local_universe_rank_slot_resolution_for_as_of_date,true,rank_uses_only_existing_local_price_volume_or_approved_snapshot_values_available_for_the_as_of_date
v1_3_candidate_ticker_mapping_period.v4,evidence_only_generated_artifact_not_for_valuation_scoring_trading_or_production_ranking,rolling_rank_slot_desc_average_traded_value_20d,2025-03-31,2026-05-13,2025-03-31,2026-05-12,2025-04-21,observed_local_daily_rank_date,full_local_kospi200_daily_universe_files,309,sc_v1_3_low_drag,ee_v1_0_rc_sc_v1_3_low_drag_1d_3955d197ec26,4,first_top5_supplemental_slot_with_complete_market_cap_and_liquidity_fields,005380,현대차,4,185723454720.0,2025-03-25,2025-04-21,full_local_daily_price_close_times_volume_rolling_20d,data/historical_kospi200/prices/005380_daily_prices.csv,145378013860000,available_from_latest_approved_snapshot,2026-05-13,dynamic_full_local_universe_rank_slot_resolution_for_as_of_date,true,rank_uses_only_existing_local_price_volume_or_approved_snapshot_values_available_for_the_as_of_date
v1_3_candidate_ticker_mapping_period.v3,evidence_only_generated_artifact_not_for_valuation_scoring_trading_or_production_ranking,rolling_rank_slot_desc_average_traded_value_20d,2025-03-31,2026-05-13,2025-03-31,2026-05-12,2025-04-22,observed_local_daily_rank_date,full_local_kospi200_daily_universe_files,309,sc_v1_3_high_turnover,ee_v1_0_rc_sc_v1_3_high_turnover_1d_5101aca49335,1,highest_20d_average_traded_value_for_requested_as_of_date,005930,삼성전자,1,919593225410.0,2025-03-26,2025-04-22,full_local_daily_price_close_times_volume_rolling_20d,data/historical_kospi200/prices/005930_daily_prices.csv,1660343124672000,available_from_latest_approved_snapshot,2026-05-13,dynamic_full_local_universe_rank_slot_resolution_for_as_of_date,true,rank_uses_only_existing_local_price_volume_or_approved_snapshot_values_available_for_the_as_of_date
v1_3_candidate_ticker_mapping_period.v3,evidence_only_generated_artifact_not_for_valuation_scoring_trading_or_production_ranking,rolling_rank_slot_desc_average_traded_value_20d,2025-03-31,2026-05-13,2025-03-31,2026-05-12,2025-04-22,observed_local_daily_rank_date,full_local_kospi200_daily_universe_files,309,sc_v1_3_missing_liquidity,ee_v1_0_rc_sc_v1_3_missing_liquidity_1d_189794a48a70,2,next_highest_20d_average_traded_value_for_requested_as_of_date,000660,SK하이닉스,2,710195393050.0,2025-03-26,2025-04-22,full_local_daily_price_close_times_volume_rolling_20d,data/historical_kospi200/prices/000660_daily_prices.csv,1408299873240000,available_from_latest_approved_snapshot,2026-05-13,dynamic_full_local_universe_rank_slot_resolution_for_as_of_date,true,rank_uses_only_existing_local_price_volume_or_approved_snapshot_values_available_for_the_as_of_date
v1_3_candidate_ticker_mapping_period.v4,evidence_only_generated_artifact_not_for_valuation_scoring_trading_or_production_ranking,rolling_rank_slot_desc_average_traded_value_20d,2025-03-31,2026-05-13,2025-03-31,2026-05-12,2025-04-22,observed_local_daily_rank_date,full_local_kospi200_daily_universe_files,309,sc_v1_3_low_drag,ee_v1_0_rc_sc_v1_3_low_drag_1d_3955d197ec26,4,first_top5_supplemental_slot_with_complete_market_cap_and_liquidity_fields,042660,,4,176113210590.0,2025-03-26,2025-04-22,full_local_daily_price_close_times_volume_rolling_20d,data/historical_kospi200/prices/042660_daily_prices.csv,,not_collected_for_full_local_universe_rank,,dynamic_full_local_universe_rank_slot_resolution_for_as_of_date,true,rank_uses_only_existing_local_price_volume_or_approved_snapshot_values_available_for_the_as_of_date
v1_3_candidate_ticker_mapping_period.v3,evidence_only_generated_artifact_not_for_valuation_scoring_trading_or_production_ranking,rolling_rank_slot_desc_average_traded_value_20d,2025-03-31,2026-05-13,2025-03-31,2026-05-12,2025-04-23,observed_local_daily_rank_date,full_local_kospi200_daily_universe_files,309,sc_v1_3_high_turnover,ee_v1_0_rc_sc_v1_3_high_turnover_1d_5101aca49335,1,highest_20d_average_traded_value_for_requested_as_of_date,005930,삼성전자,1,900197182480.0,2025-03-27,2025-04-23,full_local_daily_price_close_times_volume_rolling_20d,data/historical_kospi200/prices/005930_daily_prices.csv,1660343124672000,available_from_latest_approved_snapshot,2026-05-13,dynamic_full_local_universe_rank_slot_resolution_for_as_of_date,true,rank_uses_only_existing_local_price_volume_or_approved_snapshot_values_available_for_the_as_of_date
v1_3_candidate_ticker_mapping_period.v3,evidence_only_generated_artifact_not_for_valuation_scoring_trading_or_production_ranking,rolling_rank_slot_desc_average_traded_value_20d,2025-03-31,2026-05-13,2025-03-31,2026-05-12,2025-04-23,observed_local_daily_rank_date,full_local_kospi200_daily_universe_files,309,sc_v1_3_missing_liquidity,ee_v1_0_rc_sc_v1_3_missing_liquidity_1d_189794a48a70,2,next_highest_20d_average_traded_value_for_requested_as_of_date,000660,SK하이닉스,2,723078240700.0,2025-03-27,2025-04-23,full_local_daily_price_close_times_volume_rolling_20d,data/historical_kospi200/prices/000660_daily_prices.csv,1408299873240000,available_from_latest_approved_snapshot,2026-05-13,dynamic_full_local_universe_rank_slot_resolution_for_as_of_date,true,rank_uses_only_existing_local_price_volume_or_approved_snapshot_values_available_for_the_as_of_date
v1_3_candidate_ticker_mapping_period.v4,evidence_only_generated_artifact_not_for_valuation_scoring_trading_or_production_ranking,rolling_rank_slot_desc_average_traded_value_20d,2025-03-31,2026-05-13,2025-03-31,2026-05-12,2025-04-23,observed_local_daily_rank_date,full_local_kospi200_daily_universe_files,309,sc_v1_3_low_drag,ee_v1_0_rc_sc_v1_3_low_drag_1d_3955d197ec26,4,first_top5_supplemental_slot_with_complete_market_cap_and_liquidity_fields,042660,,4,176656904995.0,2025-03-27,2025-04-23,full_local_daily_price_close_times_volume_rolling_20d,data/historical_kospi200/prices/042660_daily_prices.csv,,not_collected_for_full_local_universe_rank,,dynamic_full_local_universe_rank_slot_resolution_for_as_of_date,true,rank_uses_only_existing_local_price_volume_or_approved_snapshot_values_available_for_the_as_of_date
v1_3_candidate_ticker_mapping_period.v3,evidence_only_generated_artifact_not_for_valuation_scoring_trading_or_production_ranking,rolling_rank_slot_desc_average_traded_value_20d,2025-03-31,2026-05-13,2025-03-31,2026-05-12,2025-04-24,observed_local_daily_rank_date,full_local_kospi200_daily_universe_files,309,sc_v1_3_high_turnover,ee_v1_0_rc_sc_v1_3_high_turnover_1d_5101aca49335,1,highest_20d_average_traded_value_for_requested_as_of_date,005930,삼성전자,1,866659081325.0,2025-03-28,2025-04-24,full_local_daily_price_close_times_volume_rolling_20d,data/historical_kospi200/prices/005930_daily_prices.csv,1660343124672000,available_from_latest_approved_snapshot,2026-05-13,dynamic_full_local_universe_rank_slot_resolution_for_as_of_date,true,rank_uses_only_existing_local_price_volume_or_approved_snapshot_values_available_for_the_as_of_date
v1_3_candidate_ticker_mapping_period.v3,evidence_only_generated_artifact_not_for_valuation_scoring_trading_or_production_ranking,rolling_rank_slot_desc_average_traded_value_20d,2025-03-31,2026-05-13,2025-03-31,2026-05-12,2025-04-24,observed_local_daily_rank_date,full_local_kospi200_daily_universe_files,309,sc_v1_3_missing_liquidity,ee_v1_0_rc_sc_v1_3_missing_liquidity_1d_189794a48a70,2,next_highest_20d_average_traded_value_for_requested_as_of_date,000660,SK하이닉스,2,727596134440.0,2025-03-28,2025-04-24,full_local_daily_price_close_times_volume_rolling_20d,data/historical_kospi200/prices/000660_daily_prices.csv,1408299873240000,available_from_latest_approved_snapshot,2026-05-13,dynamic_full_local_universe_rank_slot_resolution_for_as_of_date,true,rank_uses_only_existing_local_price_volume_or_approved_snapshot_values_available_for_the_as_of_date
v1_3_candidate_ticker_mapping_period.v4,evidence_only_generated_artifact_not_for_valuation_scoring_trading_or_production_ranking,rolling_rank_slot_desc_average_traded_value_20d,2025-03-31,2026-05-13,2025-03-31,2026-05-12,2025-04-24,observed_local_daily_rank_date,full_local_kospi200_daily_universe_files,309,sc_v1_3_low_drag,ee_v1_0_rc_sc_v1_3_low_drag_1d_3955d197ec26,4,first_top5_supplemental_slot_with_complete_market_cap_and_liquidity_fields,042660,,4,178444120550.0,2025-03-28,2025-04-24,full_local_daily_price_close_times_volume_rolling_20d,data/historical_kospi200/prices/042660_daily_prices.csv,,not_collected_for_full_local_universe_rank,,dynamic_full_local_universe_rank_slot_resolution_for_as_of_date,true,rank_uses_only_existing_local_price_volume_or_approved_snapshot_values_available_for_the_as_of_date
v1_3_candidate_ticker_mapping_period.v3,evidence_only_generated_artifact_not_for_valuation_scoring_trading_or_production_ranking,rolling_rank_slot_desc_average_traded_value_20d,2025-03-31,2026-05-13,2025-03-31,2026-05-12,2025-04-25,observed_local_daily_rank_date,full_local_kospi200_daily_universe_files,309,sc_v1_3_high_turnover,ee_v1_0_rc_sc_v1_3_high_turnover_1d_5101aca49335,1,highest_20d_average_traded_value_for_requested_as_of_date,005930,삼성전자,1,851579213040.0,2025-03-31,2025-04-25,full_local_daily_price_close_times_volume_rolling_20d,data/historical_kospi200/prices/005930_daily_prices.csv,1660343124672000,available_from_latest_approved_snapshot,2026-05-13,dynamic_full_local_universe_rank_slot_resolution_for_as_of_date,true,rank_uses_only_existing_local_price_volume_or_approved_snapshot_values_available_for_the_as_of_date
v1_3_candidate_ticker_mapping_period.v3,evidence_only_generated_artifact_not_for_valuation_scoring_trading_or_production_ranking,rolling_rank_slot_desc_average_traded_value_20d,2025-03-31,2026-05-13,2025-03-31,2026-05-12,2025-04-25,observed_local_daily_rank_date,full_local_kospi200_daily_universe_files,309,sc_v1_3_missing_liquidity,ee_v1_0_rc_sc_v1_3_missing_liquidity_1d_189794a48a70,2,next_highest_20d_average_traded_value_for_requested_as_of_date,000660,SK하이닉스,2,733296186995.0,2025-03-31,2025-04-25,full_local_daily_price_close_times_volume_rolling_20d,data/historical_kospi200/prices/000660_daily_prices.csv,1408299873240000,available_from_latest_approved_snapshot,2026-05-13,dynamic_full_local_universe_rank_slot_resolution_for_as_of_date,true,rank_uses_only_existing_local_price_volume_or_approved_snapshot_values_available_for_the_as_of_date
v1_3_candidate_ticker_mapping_period.v4,evidence_only_generated_artifact_not_for_valuation_scoring_trading_or_production_ranking,rolling_rank_slot_desc_average_traded_value_20d,2025-03-31,2026-05-13,2025-03-31,2026-05-12,2025-04-25,observed_local_daily_rank_date,full_local_kospi200_daily_universe_files,309,sc_v1_3_low_drag,ee_v1_0_rc_sc_v1_3_low_drag_1d_3955d197ec26,4,first_top5_supplemental_slot_with_complete_market_cap_and_liquidity_fields,042660,,4,205551893975.0,2025-03-31,2025-04-25,full_local_daily_price_close_times_volume_rolling_20d,data/historical_kospi200/prices/042660_daily_prices.csv,,not_collected_for_full_local_universe_rank,,dynamic_full_local_universe_rank_slot_resolution_for_as_of_date,true,rank_uses_only_existing_local_price_volume_or_approved_snapshot_values_available_for_the_as_of_date
v1_3_candidate_ticker_mapping_period.v3,evidence_only_generated_artifact_not_for_valuation_scoring_trading_or_production_ranking,rolling_rank_slot_desc_average_traded_value_20d,2025-03-31,2026-05-13,2025-03-31,2026-05-12,2025-04-28,observed_local_daily_rank_date,full_local_kospi200_daily_universe_files,309,sc_v1_3_high_turnover,ee_v1_0_rc_sc_v1_3_high_turnover_1d_5101aca49335,1,highest_20d_average_traded_value_for_requested_as_of_date,005930,삼성전자,1,826681250600.0,2025-04-01,2025-04-28,full_local_daily_price_close_times_volume_rolling_20d,data/historical_kospi200/prices/005930_daily_prices.csv,1660343124672000,available_from_latest_approved_snapshot,2026-05-13,dynamic_full_local_universe_rank_slot_resolution_for_as_of_date,true,rank_uses_only_existing_local_price_volume_or_approved_snapshot_values_available_for_the_as_of_date
v1_3_candidate_ticker_mapping_period.v3,evidence_only_generated_artifact_not_for_valuation_scoring_trading_or_production_ranking,rolling_rank_slot_desc_average_traded_value_20d,2025-03-31,2026-05-13,2025-03-31,2026-05-12,2025-04-28,observed_local_daily_rank_date,full_local_kospi200_daily_universe_files,309,sc_v1_3_missing_liquidity,ee_v1_0_rc_sc_v1_3_missing_liquidity_1d_189794a48a70,2,next_highest_20d_average_traded_value_for_requested_as_of_date,000660,SK하이닉스,2,712147195470.0,2025-04-01,2025-04-28,full_local_daily_price_close_times_volume_rolling_20d,data/historical_kospi200/prices/000660_daily_prices.csv,1408299873240000,available_from_latest_approved_snapshot,2026-05-13,dynamic_full_local_universe_rank_slot_resolution_for_as_of_date,true,rank_uses_only_existing_local_price_volume_or_approved_snapshot_values_available_for_the_as_of_date
v1_3_candidate_ticker_mapping_period.v4,evidence_only_generated_artifact_not_for_valuation_scoring_trading_or_production_ranking,rolling_rank_slot_desc_average_traded_value_20d,2025-03-31,2026-05-13,2025-03-31,2026-05-12,2025-04-28,observed_local_daily_rank_date,full_local_kospi200_daily_universe_files,309,sc_v1_3_low_drag,ee_v1_0_rc_sc_v1_3_low_drag_1d_3955d197ec26,4,first_top5_supplemental_slot_with_complete_market_cap_and_liquidity_fields,042660,,4,225632887395.0,2025-04-01,2025-04-28,full_local_daily_price_close_times_volume_rolling_20d,data/historical_kospi200/prices/042660_daily_prices.csv,,not_collected_for_full_local_universe_rank,,dynamic_full_local_universe_rank_slot_resolution_for_as_of_date,true,rank_uses_only_existing_local_price_volume_or_approved_snapshot_values_available_for_the_as_of_date
v1_3_candidate_ticker_mapping_period.v3,evidence_only_generated_artifact_not_for_valuation_scoring_trading_or_production_ranking,rolling_rank_slot_desc_average_traded_value_20d,2025-03-31,2026-05-13,2025-03-31,2026-05-12,2025-04-29,observed_local_daily_rank_date,full_local_kospi200_daily_universe_files,309,sc_v1_3_high_turnover,ee_v1_0_rc_sc_v1_3_high_turnover_1d_5101aca49335,1,highest_20d_average_traded_value_for_requested_as_of_date,005930,삼성전자,1,814711130180.0,2025-04-02,2025-04-29,full_local_daily_price_close_times_volume_rolling_20d,data/historical_kospi200/prices/005930_daily_prices.csv,1660343124672000,available_from_latest_approved_snapshot,2026-05-13,dynamic_full_local_universe_rank_slot_resolution_for_as_of_date,true,rank_uses_only_existing_local_price_volume_or_approved_snapshot_values_available_for_the_as_of_date
v1_3_candidate_ticker_mapping_period.v3,evidence_only_generated_artifact_not_for_valuation_scoring_trading_or_production_ranking,rolling_rank_slot_desc_average_traded_value_20d,2025-03-31,2026-05-13,2025-03-31,2026-05-12,2025-04-29,observed_local_daily_rank_date,full_local_kospi200_daily_universe_files,309,sc_v1_3_missing_liquidity,ee_v1_0_rc_sc_v1_3_missing_liquidity_1d_189794a48a70,2,next_highest_20d_average_traded_value_for_requested_as_of_date,000660,SK하이닉스,2,706194382860.0,2025-04-02,2025-04-29,full_local_daily_price_close_times_volume_rolling_20d,data/historical_kospi200/prices/000660_daily_prices.csv,1408299873240000,available_from_latest_approved_snapshot,2026-05-13,dynamic_full_local_universe_rank_slot_resolution_for_as_of_date,true,rank_uses_only_existing_local_price_volume_or_approved_snapshot_values_available_for_the_as_of_date
v1_3_candidate_ticker_mapping_period.v4,evidence_only_generated_artifact_not_for_valuation_scoring_trading_or_production_ranking,rolling_rank_slot_desc_average_traded_value_20d,2025-03-31,2026-05-13,2025-03-31,2026-05-12,2025-04-29,observed_local_daily_rank_date,full_local_kospi200_daily_universe_files,309,sc_v1_3_low_drag,ee_v1_0_rc_sc_v1_3_low_drag_1d_3955d197ec26,4,first_top5_supplemental_slot_with_complete_market_cap_and_liquidity_fields,012450,,4,238625802600.0,2025-04-02,2025-04-29,full_local_daily_price_close_times_volume_rolling_20d,data/historical_kospi200/prices/012450_daily_prices.csv,,not_collected_for_full_local_universe_rank,,dynamic_full_local_universe_rank_slot_resolution_for_as_of_date,true,rank_uses_only_existing_local_price_volume_or_approved_snapshot_values_available_for_the_as_of_date
v1_3_candidate_ticker_mapping_period.v3,evidence_only_generated_artifact_not_for_valuation_scoring_trading_or_production_ranking,rolling_rank_slot_desc_average_traded_value_20d,2025-03-31,2026-05-13,2025-03-31,2026-05-12,2025-04-30,observed_local_daily_rank_date,full_local_kospi200_daily_universe_files,309,sc_v1_3_high_turnover,ee_v1_0_rc_sc_v1_3_high_turnover_1d_5101aca49335,1,highest_20d_average_traded_value_for_requested_as_of_date,005930,삼성전자,1,808482751475.0,2025-04-03,2025-04-30,full_local_daily_price_close_times_volume_rolling_20d,data/historical_kospi200/prices/005930_daily_prices.csv,1660343124672000,available_from_latest_approved_snapshot,2026-05-13,dynamic_full_local_universe_rank_slot_resolution_for_as_of_date,true,rank_uses_only_existing_local_price_volume_or_approved_snapshot_values_available_for_the_as_of_date
v1_3_candidate_ticker_mapping_period.v3,evidence_only_generated_artifact_not_for_valuation_scoring_trading_or_production_ranking,rolling_rank_slot_desc_average_traded_value_20d,2025-03-31,2026-05-13,2025-03-31,2026-05-12,2025-04-30,observed_local_daily_rank_date,full_local_kospi200_daily_universe_files,309,sc_v1_3_missing_liquidity,ee_v1_0_rc_sc_v1_3_missing_liquidity_1d_189794a48a70,2,next_highest_20d_average_traded_value_for_requested_as_of_date,000660,SK하이닉스,2,699738344150.0,2025-04-03,2025-04-30,full_local_daily_price_close_times_volume_rolling_20d,data/historical_kospi200/prices/000660_daily_prices.csv,1408299873240000,available_from_latest_approved_snapshot,2026-05-13,dynamic_full_local_universe_rank_slot_resolution_for_as_of_date,true,rank_uses_only_existing_local_price_volume_or_approved_snapshot_values_available_for_the_as_of_date
v1_3_candidate_ticker_mapping_period.v4,evidence_only_generated_artifact_not_for_valuation_scoring_trading_or_production_ranking,rolling_rank_slot_desc_average_traded_value_20d,2025-03-31,2026-05-13,2025-03-31,2026-05-12,2025-04-30,observed_local_daily_rank_date,full_local_kospi200_daily_universe_files,309,sc_v1_3_low_drag,ee_v1_0_rc_sc_v1_3_low_drag_1d_3955d197ec26,4,first_top5_supplemental_slot_with_complete_market_cap_and_liquidity_fields,012450,,4,249036054450.0,2025-04-03,2025-04-30,full_local_daily_price_close_times_volume_rolling_20d,data/historical_kospi200/prices/012450_daily_prices.csv,,not_collected_for_full_local_universe_rank,,dynamic_full_local_universe_rank_slot_resolution_for_as_of_date,true,rank_uses_only_existing_local_price_volume_or_approved_snapshot_values_available_for_the_as_of_date
v1_3_candidate_ticker_mapping_period.v3,evidence_only_generated_artifact_not_for_valuation_scoring_trading_or_production_ranking,rolling_rank_slot_desc_average_traded_value_20d,2025-03-31,2026-05-13,2025-03-31,2026-05-12,2025-05-02,observed_local_daily_rank_date,full_local_kospi200_daily_universe_files,309,sc_v1_3_high_turnover,ee_v1_0_rc_sc_v1_3_high_turnover_1d_5101aca49335,1,highest_20d_average_traded_value_for_requested_as_of_date,005930,삼성전자,1,813262656455.0,2025-04-04,2025-05-02,full_local_daily_price_close_times_volume_rolling_20d,data/historical_kospi200/prices/005930_daily_prices.csv,1660343124672000,available_from_latest_approved_snapshot,2026-05-13,dynamic_full_local_universe_rank_slot_resolution_for_as_of_date,true,rank_uses_only_existing_local_price_volume_or_approved_snapshot_values_available_for_the_as_of_date
v1_3_candidate_ticker_mapping_period.v3,evidence_only_generated_artifact_not_for_valuation_scoring_trading_or_production_ranking,rolling_rank_slot_desc_average_traded_value_20d,2025-03-31,2026-05-13,2025-03-31,2026-05-12,2025-05-02,observed_local_daily_rank_date,full_local_kospi200_daily_universe_files,309,sc_v1_3_missing_liquidity,ee_v1_0_rc_sc_v1_3_missing_liquidity_1d_189794a48a70,2,next_highest_20d_average_traded_value_for_requested_as_of_date,000660,SK하이닉스,2,695236794040.0,2025-04-04,2025-05-02,full_local_daily_price_close_times_volume_rolling_20d,data/historical_kospi200/prices/000660_daily_prices.csv,1408299873240000,available_from_latest_approved_snapshot,2026-05-13,dynamic_full_local_universe_rank_slot_resolution_for_as_of_date,true,rank_uses_only_existing_local_price_volume_or_approved_snapshot_values_available_for_the_as_of_date
v1_3_candidate_ticker_mapping_period.v4,evidence_only_generated_artifact_not_for_valuation_scoring_trading_or_production_ranking,rolling_rank_slot_desc_average_traded_value_20d,2025-03-31,2026-05-13,2025-03-31,2026-05-12,2025-05-02,observed_local_daily_rank_date,full_local_kospi200_daily_universe_files,309,sc_v1_3_low_drag,ee_v1_0_rc_sc_v1_3_low_drag_1d_3955d197ec26,4,first_top5_supplemental_slot_with_complete_market_cap_and_liquidity_fields,012450,,4,245121465300.0,2025-04-04,2025-05-02,full_local_daily_price_close_times_volume_rolling_20d,data/historical_kospi200/prices/012450_daily_prices.csv,,not_collected_for_full_local_universe_rank,,dynamic_full_local_universe_rank_slot_resolution_for_as_of_date,true,rank_uses_only_existing_local_price_volume_or_approved_snapshot_values_available_for_the_as_of_date
v1_3_candidate_ticker_mapping_period.v3,evidence_only_generated_artifact_not_for_valuation_scoring_trading_or_production_ranking,rolling_rank_slot_desc_average_traded_value_20d,2025-03-31,2026-05-13,2025-03-31,2026-05-12,2025-05-07,observed_local_daily_rank_date,full_local_kospi200_daily_universe_files,309,sc_v1_3_high_turnover,ee_v1_0_rc_sc_v1_3_high_turnover_1d_5101aca49335,1,highest_20d_average_traded_value_for_requested_as_of_date,005930,삼성전자,1,794053016990.0,2025-04-07,2025-05-07,full_local_daily_price_close_times_volume_rolling_20d,data/historical_kospi200/prices/005930_daily_prices.csv,1660343124672000,available_from_latest_approved_snapshot,2026-05-13,dynamic_full_local_universe_rank_slot_resolution_for_as_of_date,true,rank_uses_only_existing_local_price_volume_or_approved_snapshot_values_available_for_the_as_of_date
v1_3_candidate_ticker_mapping_period.v3,evidence_only_generated_artifact_not_for_valuation_scoring_trading_or_production_ranking,rolling_rank_slot_desc_average_traded_value_20d,2025-03-31,2026-05-13,2025-03-31,2026-05-12,2025-05-07,observed_local_daily_rank_date,full_local_kospi200_daily_universe_files,309,sc_v1_3_missing_liquidity,ee_v1_0_rc_sc_v1_3_missing_liquidity_1d_189794a48a70,2,next_highest_20d_average_traded_value_for_requested_as_of_date,000660,SK하이닉스,2,648127744550.0,2025-04-07,2025-05-07,full_local_daily_price_close_times_volume_rolling_20d,data/historical_kospi200/prices/000660_daily_prices.csv,1408299873240000,available_from_latest_approved_snapshot,2026-05-13,dynamic_full_local_universe_rank_slot_resolution_for_as_of_date,true,rank_uses_only_existing_local_price_volume_or_approved_snapshot_values_available_for_the_as_of_date
v1_3_candidate_ticker_mapping_period.v4,evidence_only_generated_artifact_not_for_valuation_scoring_trading_or_production_ranking,rolling_rank_slot_desc_average_traded_value_20d,2025-03-31,2026-05-13,2025-03-31,2026-05-12,2025-05-07,observed_local_daily_rank_date,full_local_kospi200_daily_universe_files,309,sc_v1_3_low_drag,ee_v1_0_rc_sc_v1_3_low_drag_1d_3955d197ec26,4,first_top5_supplemental_slot_with_complete_market_cap_and_liquidity_fields,012450,,4,251128438200.0,2025-04-07,2025-05-07,full_local_daily_price_close_times_volume_rolling_20d,data/historical_kospi200/prices/012450_daily_prices.csv,,not_collected_for_full_local_universe_rank,,dynamic_full_local_universe_rank_slot_resolution_for_as_of_date,true,rank_uses_only_existing_local_price_volume_or_approved_snapshot_values_available_for_the_as_of_date
v1_3_candidate_ticker_mapping_period.v3,evidence_only_generated_artifact_not_for_valuation_scoring_trading_or_production_ranking,rolling_rank_slot_desc_average_traded_value_20d,2025-03-31,2026-05-13,2025-03-31,2026-05-12,2025-05-08,observed_local_daily_rank_date,full_local_kospi200_daily_universe_files,309,sc_v1_3_high_turnover,ee_v1_0_rc_sc_v1_3_high_turnover_1d_5101aca49335,1,highest_20d_average_traded_value_for_requested_as_of_date,005930,삼성전자,1,753491040570.0,2025-04-08,2025-05-08,full_local_daily_price_close_times_volume_rolling_20d,data/historical_kospi200/prices/005930_daily_prices.csv,1660343124672000,available_from_latest_approved_snapshot,2026-05-13,dynamic_full_local_universe_rank_slot_resolution_for_as_of_date,true,rank_uses_only_existing_local_price_volume_or_approved_snapshot_values_available_for_the_as_of_date
v1_3_candidate_ticker_mapping_period.v3,evidence_only_generated_artifact_not_for_valuation_scoring_trading_or_production_ranking,rolling_rank_slot_desc_average_traded_value_20d,2025-03-31,2026-05-13,2025-03-31,2026-05-12,2025-05-08,observed_local_daily_rank_date,full_local_kospi200_daily_universe_files,309,sc_v1_3_missing_liquidity,ee_v1_0_rc_sc_v1_3_missing_liquidity_1d_189794a48a70,2,next_highest_20d_average_traded_value_for_requested_as_of_date,000660,SK하이닉스,2,631971887500.0,2025-04-08,2025-05-08,full_local_daily_price_close_times_volume_rolling_20d,data/historical_kospi200/prices/000660_daily_prices.csv,1408299873240000,available_from_latest_approved_snapshot,2026-05-13,dynamic_full_local_universe_rank_slot_resolution_for_as_of_date,true,rank_uses_only_existing_local_price_volume_or_approved_snapshot_values_available_for_the_as_of_date
v1_3_candidate_ticker_mapping_period.v4,evidence_only_generated_artifact_not_for_valuation_scoring_trading_or_production_ranking,rolling_rank_slot_desc_average_traded_value_20d,2025-03-31,2026-05-13,2025-03-31,2026-05-12,2025-05-08,observed_local_daily_rank_date,full_local_kospi200_daily_universe_files,309,sc_v1_3_low_drag,ee_v1_0_rc_sc_v1_3_low_drag_1d_3955d197ec26,4,first_top5_supplemental_slot_with_complete_market_cap_and_liquidity_fields,012450,,4,252197486250.0,2025-04-08,2025-05-08,full_local_daily_price_close_times_volume_rolling_20d,data/historical_kospi200/prices/012450_daily_prices.csv,,not_collected_for_full_local_universe_rank,,dynamic_full_local_universe_rank_slot_resolution_for_as_of_date,true,rank_uses_only_existing_local_price_volume_or_approved_snapshot_values_available_for_the_as_of_date
v1_3_candidate_ticker_mapping_period.v3,evidence_only_generated_artifact_not_for_valuation_scoring_trading_or_production_ranking,rolling_rank_slot_desc_average_traded_value_20d,2025-03-31,2026-05-13,2025-03-31,2026-05-12,2025-05-09,observed_local_daily_rank_date,full_local_kospi200_daily_universe_files,309,sc_v1_3_high_turnover,ee_v1_0_rc_sc_v1_3_high_turnover_1d_5101aca49335,1,highest_20d_average_traded_value_for_requested_as_of_date,005930,삼성전자,1,706601922475.0,2025-04-09,2025-05-09,full_local_daily_price_close_times_volume_rolling_20d,data/historical_kospi200/prices/005930_daily_prices.csv,1660343124672000,available_from_latest_approved_snapshot,2026-05-13,dynamic_full_local_universe_rank_slot_resolution_for_as_of_date,true,rank_uses_only_existing_local_price_volume_or_approved_snapshot_values_available_for_the_as_of_date
v1_3_candidate_ticker_mapping_period.v3,evidence_only_generated_artifact_not_for_valuation_scoring_trading_or_production_ranking,rolling_rank_slot_desc_average_traded_value_20d,2025-03-31,2026-05-13,2025-03-31,2026-05-12,2025-05-09,observed_local_daily_rank_date,full_local_kospi200_daily_universe_files,309,sc_v1_3_missing_liquidity,ee_v1_0_rc_sc_v1_3_missing_liquidity_1d_189794a48a70,2,next_highest_20d_average_traded_value_for_requested_as_of_date,000660,SK하이닉스,2,614033071385.0,2025-04-09,2025-05-09,full_local_daily_price_close_times_volume_rolling_20d,data/historical_kospi200/prices/000660_daily_prices.csv,1408299873240000,available_from_latest_approved_snapshot,2026-05-13,dynamic_full_local_universe_rank_slot_resolution_for_as_of_date,true,rank_uses_only_existing_local_price_volume_or_approved_snapshot_values_available_for_the_as_of_date
v1_3_candidate_ticker_mapping_period.v4,evidence_only_generated_artifact_not_for_valuation_scoring_trading_or_production_ranking,rolling_rank_slot_desc_average_traded_value_20d,2025-03-31,2026-05-13,2025-03-31,2026-05-12,2025-05-09,observed_local_daily_rank_date,full_local_kospi200_daily_universe_files,309,sc_v1_3_low_drag,ee_v1_0_rc_sc_v1_3_low_drag_1d_3955d197ec26,4,first_top5_supplemental_slot_with_complete_market_cap_and_liquidity_fields,012450,,4,248889533550.0,2025-04-09,2025-05-09,full_local_daily_price_close_times_volume_rolling_20d,data/historical_kospi200/prices/012450_daily_prices.csv,,not_collected_for_full_local_universe_rank,,dynamic_full_local_universe_rank_slot_resolution_for_as_of_date,true,rank_uses_only_existing_local_price_volume_or_approved_snapshot_values_available_for_the_as_of_date
v1_3_candidate_ticker_mapping_period.v3,evidence_only_generated_artifact_not_for_valuation_scoring_trading_or_production_ranking,rolling_rank_slot_desc_average_traded_value_20d,2025-03-31,2026-05-13,2025-03-31,2026-05-12,2025-05-12,observed_local_daily_rank_date,full_local_kospi200_daily_universe_files,309,sc_v1_3_high_turnover,ee_v1_0_rc_sc_v1_3_high_turnover_1d_5101aca49335,1,highest_20d_average_traded_value_for_requested_as_of_date,005930,삼성전자,1,696467320235.0,2025-04-10,2025-05-12,full_local_daily_price_close_times_volume_rolling_20d,data/historical_kospi200/prices/005930_daily_prices.csv,1660343124672000,available_from_latest_approved_snapshot,2026-05-13,dynamic_full_local_universe_rank_slot_resolution_for_as_of_date,true,rank_uses_only_existing_local_price_volume_or_approved_snapshot_values_available_for_the_as_of_date
v1_3_candidate_ticker_mapping_period.v3,evidence_only_generated_artifact_not_for_valuation_scoring_trading_or_production_ranking,rolling_rank_slot_desc_average_traded_value_20d,2025-03-31,2026-05-13,2025-03-31,2026-05-12,2025-05-12,observed_local_daily_rank_date,full_local_kospi200_daily_universe_files,309,sc_v1_3_missing_liquidity,ee_v1_0_rc_sc_v1_3_missing_liquidity_1d_189794a48a70,2,next_highest_20d_average_traded_value_for_requested_as_of_date,000660,SK하이닉스,2,563581338635.0,2025-04-10,2025-05-12,full_local_daily_price_close_times_volume_rolling_20d,data/historical_kospi200/prices/000660_daily_prices.csv,1408299873240000,available_from_latest_approved_snapshot,2026-05-13,dynamic_full_local_universe_rank_slot_resolution_for_as_of_date,true,rank_uses_only_existing_local_price_volume_or_approved_snapshot_values_available_for_the_as_of_date
v1_3_candidate_ticker_mapping_period.v4,evidence_only_generated_artifact_not_for_valuation_scoring_trading_or_production_ranking,rolling_rank_slot_desc_average_traded_value_20d,2025-03-31,2026-05-13,2025-03-31,2026-05-12,2025-05-12,observed_local_daily_rank_date,full_local_kospi200_daily_universe_files,309,sc_v1_3_low_drag,ee_v1_0_rc_sc_v1_3_low_drag_1d_3955d197ec26,4,first_top5_supplemental_slot_with_complete_market_cap_and_liquidity_fields,012450,,4,246377806950.0,2025-04-10,2025-05-12,full_local_daily_price_close_times_volume_rolling_20d,data/historical_kospi200/prices/012450_daily_prices.csv,,not_collected_for_full_local_universe_rank,,dynamic_full_local_universe_rank_slot_resolution_for_as_of_date,true,rank_uses_only_existing_local_price_volume_or_approved_snapshot_values_available_for_the_as_of_date
v1_3_candidate_ticker_mapping_period.v3,evidence_only_generated_artifact_not_for_valuation_scoring_trading_or_production_ranking,rolling_rank_slot_desc_average_traded_value_20d,2025-03-31,2026-05-13,2025-03-31,2026-05-12,2025-05-13,observed_local_daily_rank_date,full_local_kospi200_daily_universe_files,309,sc_v1_3_high_turnover,ee_v1_0_rc_sc_v1_3_high_turnover_1d_5101aca49335,1,highest_20d_average_traded_value_for_requested_as_of_date,005930,삼성전자,1,679671244040.0,2025-04-11,2025-05-13,full_local_daily_price_close_times_volume_rolling_20d,data/historical_kospi200/prices/005930_daily_prices.csv,1660343124672000,available_from_latest_approved_snapshot,2026-05-13,dynamic_full_local_universe_rank_slot_resolution_for_as_of_date,true,rank_uses_only_existing_local_price_volume_or_approved_snapshot_values_available_for_the_as_of_date
v1_3_candidate_ticker_mapping_period.v3,evidence_only_generated_artifact_not_for_valuation_scoring_trading_or_production_ranking,rolling_rank_slot_desc_average_traded_value_20d,2025-03-31,2026-05-13,2025-03-31,2026-05-12,2025-05-13,observed_local_daily_rank_date,full_local_kospi200_daily_universe_files,309,sc_v1_3_missing_liquidity,ee_v1_0_rc_sc_v1_3_missing_liquidity_1d_189794a48a70,2,next_highest_20d_average_traded_value_for_requested_as_of_date,000660,SK하이닉스,2,525390779520.0,2025-04-11,2025-05-13,full_local_daily_price_close_times_volume_rolling_20d,data/historical_kospi200/prices/000660_daily_prices.csv,1408299873240000,available_from_latest_approved_snapshot,2026-05-13,dynamic_full_local_universe_rank_slot_resolution_for_as_of_date,true,rank_uses_only_existing_local_price_volume_or_approved_snapshot_values_available_for_the_as_of_date
v1_3_candidate_ticker_mapping_period.v4,evidence_only_generated_artifact_not_for_valuation_scoring_trading_or_production_ranking,rolling_rank_slot_desc_average_traded_value_20d,2025-03-31,2026-05-13,2025-03-31,2026-05-12,2025-05-13,observed_local_daily_rank_date,full_local_kospi200_daily_universe_files,309,sc_v1_3_low_drag,ee_v1_0_rc_sc_v1_3_low_drag_1d_3955d197ec26,4,first_top5_supplemental_slot_with_complete_market_cap_and_liquidity_fields,012450,,4,245697900950.0,2025-04-11,2025-05-13,full_local_daily_price_close_times_volume_rolling_20d,data/historical_kospi200/prices/012450_daily_prices.csv,,not_collected_for_full_local_universe_rank,,dynamic_full_local_universe_rank_slot_resolution_for_as_of_date,true,rank_uses_only_existing_local_price_volume_or_approved_snapshot_values_available_for_the_as_of_date
v1_3_candidate_ticker_mapping_period.v3,evidence_only_generated_artifact_not_for_valuation_scoring_trading_or_production_ranking,rolling_rank_slot_desc_average_traded_value_20d,2025-03-31,2026-05-13,2025-03-31,2026-05-12,2025-05-14,observed_local_daily_rank_date,full_local_kospi200_daily_universe_files,309,sc_v1_3_high_turnover,ee_v1_0_rc_sc_v1_3_high_turnover_1d_5101aca49335,1,highest_20d_average_traded_value_for_requested_as_of_date,005930,삼성전자,1,677006534670.0,2025-04-14,2025-05-14,full_local_daily_price_close_times_volume_rolling_20d,data/historical_kospi200/prices/005930_daily_prices.csv,1660343124672000,available_from_latest_approved_snapshot,2026-05-13,dynamic_full_local_universe_rank_slot_resolution_for_as_of_date,true,rank_uses_only_existing_local_price_volume_or_approved_snapshot_values_available_for_the_as_of_date
v1_3_candidate_ticker_mapping_period.v3,evidence_only_generated_artifact_not_for_valuation_scoring_trading_or_production_ranking,rolling_rank_slot_desc_average_traded_value_20d,2025-03-31,2026-05-13,2025-03-31,2026-05-12,2025-05-14,observed_local_daily_rank_date,full_local_kospi200_daily_universe_files,309,sc_v1_3_missing_liquidity,ee_v1_0_rc_sc_v1_3_missing_liquidity_1d_189794a48a70,2,next_highest_20d_average_traded_value_for_requested_as_of_date,000660,SK하이닉스,2,530583378420.0,2025-04-14,2025-05-14,full_local_daily_price_close_times_volume_rolling_20d,data/historical_kospi200/prices/000660_daily_prices.csv,1408299873240000,available_from_latest_approved_snapshot,2026-05-13,dynamic_full_local_universe_rank_slot_resolution_for_as_of_date,true,rank_uses_only_existing_local_price_volume_or_approved_snapshot_values_available_for_the_as_of_date
v1_3_candidate_ticker_mapping_period.v4,evidence_only_generated_artifact_not_for_valuation_scoring_trading_or_production_ranking,rolling_rank_slot_desc_average_traded_value_20d,2025-03-31,2026-05-13,2025-03-31,2026-05-12,2025-05-14,observed_local_daily_rank_date,full_local_kospi200_daily_universe_files,309,sc_v1_3_low_drag,ee_v1_0_rc_sc_v1_3_low_drag_1d_3955d197ec26,4,first_top5_supplemental_slot_with_complete_market_cap_and_liquidity_fields,012450,,4,242228761800.0,2025-04-14,2025-05-14,full_local_daily_price_close_times_volume_rolling_20d,data/historical_kospi200/prices/012450_daily_prices.csv,,not_collected_for_full_local_universe_rank,,dynamic_full_local_universe_rank_slot_resolution_for_as_of_date,true,rank_uses_only_existing_local_price_volume_or_approved_snapshot_values_available_for_the_as_of_date
v1_3_candidate_ticker_mapping_period.v3,evidence_only_generated_artifact_not_for_valuation_scoring_trading_or_production_ranking,rolling_rank_slot_desc_average_traded_value_20d,2025-03-31,2026-05-13,2025-03-31,2026-05-12,2025-05-15,observed_local_daily_rank_date,full_local_kospi200_daily_universe_files,309,sc_v1_3_high_turnover,ee_v1_0_rc_sc_v1_3_high_turnover_1d_5101aca49335,1,highest_20d_average_traded_value_for_requested_as_of_date,005930,삼성전자,1,678536035780.0,2025-04-15,2025-05-15,full_local_daily_price_close_times_volume_rolling_20d,data/historical_kospi200/prices/005930_daily_prices.csv,1660343124672000,available_from_latest_approved_snapshot,2026-05-13,dynamic_full_local_universe_rank_slot_resolution_for_as_of_date,true,rank_uses_only_existing_local_price_volume_or_approved_snapshot_values_available_for_the_as_of_date
v1_3_candidate_ticker_mapping_period.v3,evidence_only_generated_artifact_not_for_valuation_scoring_trading_or_production_ranking,rolling_rank_slot_desc_average_traded_value_20d,2025-03-31,2026-05-13,2025-03-31,2026-05-12,2025-05-15,observed_local_daily_rank_date,full_local_kospi200_daily_universe_files,309,sc_v1_3_missing_liquidity,ee_v1_0_rc_sc_v1_3_missing_liquidity_1d_189794a48a70,2,next_highest_20d_average_traded_value_for_requested_as_of_date,000660,SK하이닉스,2,531222014405.0,2025-04-15,2025-05-15,full_local_daily_price_close_times_volume_rolling_20d,data/historical_kospi200/prices/000660_daily_prices.csv,1408299873240000,available_from_latest_approved_snapshot,2026-05-13,dynamic_full_local_universe_rank_slot_resolution_for_as_of_date,true,rank_uses_only_existing_local_price_volume_or_approved_snapshot_values_available_for_the_as_of_date
v1_3_candidate_ticker_mapping_period.v4,evidence_only_generated_artifact_not_for_valuation_scoring_trading_or_production_ranking,rolling_rank_slot_desc_average_traded_value_20d,2025-03-31,2026-05-13,2025-03-31,2026-05-12,2025-05-15,observed_local_daily_rank_date,full_local_kospi200_daily_universe_files,309,sc_v1_3_low_drag,ee_v1_0_rc_sc_v1_3_low_drag_1d_3955d197ec26,4,first_top5_supplemental_slot_with_complete_market_cap_and_liquidity_fields,012450,,4,238288613700.0,2025-04-15,2025-05-15,full_local_daily_price_close_times_volume_rolling_20d,data/historical_kospi200/prices/012450_daily_prices.csv,,not_collected_for_full_local_universe_rank,,dynamic_full_local_universe_rank_slot_resolution_for_as_of_date,true,rank_uses_only_existing_local_price_volume_or_approved_snapshot_values_available_for_the_as_of_date
v1_3_candidate_ticker_mapping_period.v3,evidence_only_generated_artifact_not_for_valuation_scoring_trading_or_production_ranking,rolling_rank_slot_desc_average_traded_value_20d,2025-03-31,2026-05-13,2025-03-31,2026-05-12,2025-05-16,observed_local_daily_rank_date,full_local_kospi200_daily_universe_files,309,sc_v1_3_high_turnover,ee_v1_0_rc_sc_v1_3_high_turnover_1d_5101aca49335,1,highest_20d_average_traded_value_for_requested_as_of_date,005930,삼성전자,1,682564284260.0,2025-04-16,2025-05-16,full_local_daily_price_close_times_volume_rolling_20d,data/historical_kospi200/prices/005930_daily_prices.csv,1660343124672000,available_from_latest_approved_snapshot,2026-05-13,dynamic_full_local_universe_rank_slot_resolution_for_as_of_date,true,rank_uses_only_existing_local_price_volume_or_approved_snapshot_values_available_for_the_as_of_date
v1_3_candidate_ticker_mapping_period.v3,evidence_only_generated_artifact_not_for_valuation_scoring_trading_or_production_ranking,rolling_rank_slot_desc_average_traded_value_20d,2025-03-31,2026-05-13,2025-03-31,2026-05-12,2025-05-16,observed_local_daily_rank_date,full_local_kospi200_daily_universe_files,309,sc_v1_3_missing_liquidity,ee_v1_0_rc_sc_v1_3_missing_liquidity_1d_189794a48a70,2,next_highest_20d_average_traded_value_for_requested_as_of_date,000660,SK하이닉스,2,538664914830.0,2025-04-16,2025-05-16,full_local_daily_price_close_times_volume_rolling_20d,data/historical_kospi200/prices/000660_daily_prices.csv,1408299873240000,available_from_latest_approved_snapshot,2026-05-13,dynamic_full_local_universe_rank_slot_resolution_for_as_of_date,true,rank_uses_only_existing_local_price_volume_or_approved_snapshot_values_available_for_the_as_of_date
v1_3_candidate_ticker_mapping_period.v4,evidence_only_generated_artifact_not_for_valuation_scoring_trading_or_production_ranking,rolling_rank_slot_desc_average_traded_value_20d,2025-03-31,2026-05-13,2025-03-31,2026-05-12,2025-05-16,observed_local_daily_rank_date,full_local_kospi200_daily_universe_files,309,sc_v1_3_low_drag,ee_v1_0_rc_sc_v1_3_low_drag_1d_3955d197ec26,4,first_top5_supplemental_slot_with_complete_market_cap_and_liquidity_fields,012450,,4,235262463300.0,2025-04-16,2025-05-16,full_local_daily_price_close_times_volume_rolling_20d,data/historical_kospi200/prices/012450_daily_prices.csv,,not_collected_for_full_local_universe_rank,,dynamic_full_local_universe_rank_slot_resolution_for_as_of_date,true,rank_uses_only_existing_local_price_volume_or_approved_snapshot_values_available_for_the_as_of_date
v1_3_candidate_ticker_mapping_period.v3,evidence_only_generated_artifact_not_for_valuation_scoring_trading_or_production_ranking,rolling_rank_slot_desc_average_traded_value_20d,2025-03-31,2026-05-13,2025-03-31,2026-05-12,2025-05-19,observed_local_daily_rank_date,full_local_kospi200_daily_universe_files,309,sc_v1_3_high_turnover,ee_v1_0_rc_sc_v1_3_high_turnover_1d_5101aca49335,1,highest_20d_average_traded_value_for_requested_as_of_date,005930,삼성전자,1,670426893835.0,2025-04-17,2025-05-19,full_local_daily_price_close_times_volume_rolling_20d,data/historical_kospi200/prices/005930_daily_prices.csv,1660343124672000,available_from_latest_approved_snapshot,2026-05-13,dynamic_full_local_universe_rank_slot_resolution_for_as_of_date,true,rank_uses_only_existing_local_price_volume_or_approved_snapshot_values_available_for_the_as_of_date
v1_3_candidate_ticker_mapping_period.v3,evidence_only_generated_artifact_not_for_valuation_scoring_trading_or_production_ranking,rolling_rank_slot_desc_average_traded_value_20d,2025-03-31,2026-05-13,2025-03-31,2026-05-12,2025-05-19,observed_local_daily_rank_date,full_local_kospi200_daily_universe_files,309,sc_v1_3_missing_liquidity,ee_v1_0_rc_sc_v1_3_missing_liquidity_1d_189794a48a70,2,next_highest_20d_average_traded_value_for_requested_as_of_date,000660,SK하이닉스,2,537896341040.0,2025-04-17,2025-05-19,full_local_daily_price_close_times_volume_rolling_20d,data/historical_kospi200/prices/000660_daily_prices.csv,1408299873240000,available_from_latest_approved_snapshot,2026-05-13,dynamic_full_local_universe_rank_slot_resolution_for_as_of_date,true,rank_uses_only_existing_local_price_volume_or_approved_snapshot_values_available_for_the_as_of_date
v1_3_candidate_ticker_mapping_period.v4,evidence_only_generated_artifact_not_for_valuation_scoring_trading_or_production_ranking,rolling_rank_slot_desc_average_traded_value_20d,2025-03-31,2026-05-13,2025-03-31,2026-05-12,2025-05-19,observed_local_daily_rank_date,full_local_kospi200_daily_universe_files,309,sc_v1_3_low_drag,ee_v1_0_rc_sc_v1_3_low_drag_1d_3955d197ec26,4,first_top5_supplemental_slot_with_complete_market_cap_and_liquidity_fields,034020,,4,242401343235.0,2025-04-17,2025-05-19,full_local_daily_price_close_times_volume_rolling_20d,data/historical_kospi200/prices/034020_daily_prices.csv,,not_collected_for_full_local_universe_rank,,dynamic_full_local_universe_rank_slot_resolution_for_as_of_date,true,rank_uses_only_existing_local_price_volume_or_approved_snapshot_values_available_for_the_as_of_date
v1_3_candidate_ticker_mapping_period.v3,evidence_only_generated_artifact_not_for_valuation_scoring_trading_or_production_ranking,rolling_rank_slot_desc_average_traded_value_20d,2025-03-31,2026-05-13,2025-03-31,2026-05-12,2025-05-20,observed_local_daily_rank_date,full_local_kospi200_daily_universe_files,309,sc_v1_3_high_turnover,ee_v1_0_rc_sc_v1_3_high_turnover_1d_5101aca49335,1,highest_20d_average_traded_value_for_requested_as_of_date,005930,삼성전자,1,665868331455.0,2025-04-18,2025-05-20,full_local_daily_price_close_times_volume_rolling_20d,data/historical_kospi200/prices/005930_daily_prices.csv,1660343124672000,available_from_latest_approved_snapshot,2026-05-13,dynamic_full_local_universe_rank_slot_resolution_for_as_of_date,true,rank_uses_only_existing_local_price_volume_or_approved_snapshot_values_available_for_the_as_of_date
v1_3_candidate_ticker_mapping_period.v3,evidence_only_generated_artifact_not_for_valuation_scoring_trading_or_production_ranking,rolling_rank_slot_desc_average_traded_value_20d,2025-03-31,2026-05-13,2025-03-31,2026-05-12,2025-05-20,observed_local_daily_rank_date,full_local_kospi200_daily_universe_files,309,sc_v1_3_missing_liquidity,ee_v1_0_rc_sc_v1_3_missing_liquidity_1d_189794a48a70,2,next_highest_20d_average_traded_value_for_requested_as_of_date,000660,SK하이닉스,2,540225791890.0,2025-04-18,2025-05-20,full_local_daily_price_close_times_volume_rolling_20d,data/historical_kospi200/prices/000660_daily_prices.csv,1408299873240000,available_from_latest_approved_snapshot,2026-05-13,dynamic_full_local_universe_rank_slot_resolution_for_as_of_date,true,rank_uses_only_existing_local_price_volume_or_approved_snapshot_values_available_for_the_as_of_date
v1_3_candidate_ticker_mapping_period.v4,evidence_only_generated_artifact_not_for_valuation_scoring_trading_or_production_ranking,rolling_rank_slot_desc_average_traded_value_20d,2025-03-31,2026-05-13,2025-03-31,2026-05-12,2025-05-20,observed_local_daily_rank_date,full_local_kospi200_daily_universe_files,309,sc_v1_3_low_drag,ee_v1_0_rc_sc_v1_3_low_drag_1d_3955d197ec26,4,first_top5_supplemental_slot_with_complete_market_cap_and_liquidity_fields,034020,,4,264817402162.5,2025-04-18,2025-05-20,full_local_daily_price_close_times_volume_rolling_20d,data/historical_kospi200/prices/034020_daily_prices.csv,,not_collected_for_full_local_universe_rank,,dynamic_full_local_universe_rank_slot_resolution_for_as_of_date,true,rank_uses_only_existing_local_price_volume_or_approved_snapshot_values_available_for_the_as_of_date
v1_3_candidate_ticker_mapping_period.v3,evidence_only_generated_artifact_not_for_valuation_scoring_trading_or_production_ranking,rolling_rank_slot_desc_average_traded_value_20d,2025-03-31,2026-05-13,2025-03-31,2026-05-12,2025-05-21,observed_local_daily_rank_date,full_local_kospi200_daily_universe_files,309,sc_v1_3_high_turnover,ee_v1_0_rc_sc_v1_3_high_turnover_1d_5101aca49335,1,highest_20d_average_traded_value_for_requested_as_of_date,005930,삼성전자,1,671404459910.0,2025-04-21,2025-05-21,full_local_daily_price_close_times_volume_rolling_20d,data/historical_kospi200/prices/005930_daily_prices.csv,1660343124672000,available_from_latest_approved_snapshot,2026-05-13,dynamic_full_local_universe_rank_slot_resolution_for_as_of_date,true,rank_uses_only_existing_local_price_volume_or_approved_snapshot_values_available_for_the_as_of_date
v1_3_candidate_ticker_mapping_period.v3,evidence_only_generated_artifact_not_for_valuation_scoring_trading_or_production_ranking,rolling_rank_slot_desc_average_traded_value_20d,2025-03-31,2026-05-13,2025-03-31,2026-05-12,2025-05-21,observed_local_daily_rank_date,full_local_kospi200_daily_universe_files,309,sc_v1_3_missing_liquidity,ee_v1_0_rc_sc_v1_3_missing_liquidity_1d_189794a48a70,2,next_highest_20d_average_traded_value_for_requested_as_of_date,000660,SK하이닉스,2,546066355890.0,2025-04-21,2025-05-21,full_local_daily_price_close_times_volume_rolling_20d,data/historical_kospi200/prices/000660_daily_prices.csv,1408299873240000,available_from_latest_approved_snapshot,2026-05-13,dynamic_full_local_universe_rank_slot_resolution_for_as_of_date,true,rank_uses_only_existing_local_price_volume_or_approved_snapshot_values_available_for_the_as_of_date
v1_3_candidate_ticker_mapping_period.v4,evidence_only_generated_artifact_not_for_valuation_scoring_trading_or_production_ranking,rolling_rank_slot_desc_average_traded_value_20d,2025-03-31,2026-05-13,2025-03-31,2026-05-12,2025-05-21,observed_local_daily_rank_date,full_local_kospi200_daily_universe_files,309,sc_v1_3_low_drag,ee_v1_0_rc_sc_v1_3_low_drag_1d_3955d197ec26,4,first_top5_supplemental_slot_with_complete_market_cap_and_liquidity_fields,034020,,4,286663398302.5,2025-04-21,2025-05-21,full_local_daily_price_close_times_volume_rolling_20d,data/historical_kospi200/prices/034020_daily_prices.csv,,not_collected_for_full_local_universe_rank,,dynamic_full_local_universe_rank_slot_resolution_for_as_of_date,true,rank_uses_only_existing_local_price_volume_or_approved_snapshot_values_available_for_the_as_of_date
v1_3_candidate_ticker_mapping_period.v3,evidence_only_generated_artifact_not_for_valuation_scoring_trading_or_production_ranking,rolling_rank_slot_desc_average_traded_value_20d,2025-03-31,2026-05-13,2025-03-31,2026-05-12,2025-05-22,observed_local_daily_rank_date,full_local_kospi200_daily_universe_files,309,sc_v1_3_high_turnover,ee_v1_0_rc_sc_v1_3_high_turnover_1d_5101aca49335,1,highest_20d_average_traded_value_for_requested_as_of_date,005930,삼성전자,1,696665994050.0,2025-04-22,2025-05-22,full_local_daily_price_close_times_volume_rolling_20d,data/historical_kospi200/prices/005930_daily_prices.csv,1660343124672000,available_from_latest_approved_snapshot,2026-05-13,dynamic_full_local_universe_rank_slot_resolution_for_as_of_date,true,rank_uses_only_existing_local_price_volume_or_approved_snapshot_values_available_for_the_as_of_date
v1_3_candidate_ticker_mapping_period.v3,evidence_only_generated_artifact_not_for_valuation_scoring_trading_or_production_ranking,rolling_rank_slot_desc_average_traded_value_20d,2025-03-31,2026-05-13,2025-03-31,2026-05-12,2025-05-22,observed_local_daily_rank_date,full_local_kospi200_daily_universe_files,309,sc_v1_3_missing_liquidity,ee_v1_0_rc_sc_v1_3_missing_liquidity_1d_189794a48a70,2,next_highest_20d_average_traded_value_for_requested_as_of_date,000660,SK하이닉스,2,549065908315.0,2025-04-22,2025-05-22,full_local_daily_price_close_times_volume_rolling_20d,data/historical_kospi200/prices/000660_daily_prices.csv,1408299873240000,available_from_latest_approved_snapshot,2026-05-13,dynamic_full_local_universe_rank_slot_resolution_for_as_of_date,true,rank_uses_only_existing_local_price_volume_or_approved_snapshot_values_available_for_the_as_of_date
v1_3_candidate_ticker_mapping_period.v4,evidence_only_generated_artifact_not_for_valuation_scoring_trading_or_production_ranking,rolling_rank_slot_desc_average_traded_value_20d,2025-03-31,2026-05-13,2025-03-31,2026-05-12,2025-05-22,observed_local_daily_rank_date,full_local_kospi200_daily_universe_files,309,sc_v1_3_low_drag,ee_v1_0_rc_sc_v1_3_low_drag_1d_3955d197ec26,4,first_top5_supplemental_slot_with_complete_market_cap_and_liquidity_fields,034020,,4,298841411987.5,2025-04-22,2025-05-22,full_local_daily_price_close_times_volume_rolling_20d,data/historical_kospi200/prices/034020_daily_prices.csv,,not_collected_for_full_local_universe_rank,,dynamic_full_local_universe_rank_slot_resolution_for_as_of_date,true,rank_uses_only_existing_local_price_volume_or_approved_snapshot_values_available_for_the_as_of_date
v1_3_candidate_ticker_mapping_period.v3,evidence_only_generated_artifact_not_for_valuation_scoring_trading_or_production_ranking,rolling_rank_slot_desc_average_traded_value_20d,2025-03-31,2026-05-13,2025-03-31,2026-05-12,2025-05-23,observed_local_daily_rank_date,full_local_kospi200_daily_universe_files,309,sc_v1_3_high_turnover,ee_v1_0_rc_sc_v1_3_high_turnover_1d_5101aca49335,1,highest_20d_average_traded_value_for_requested_as_of_date,005930,삼성전자,1,700931385950.0,2025-04-23,2025-05-23,full_local_daily_price_close_times_volume_rolling_20d,data/historical_kospi200/prices/005930_daily_prices.csv,1660343124672000,available_from_latest_approved_snapshot,2026-05-13,dynamic_full_local_universe_rank_slot_resolution_for_as_of_date,true,rank_uses_only_existing_local_price_volume_or_approved_snapshot_values_available_for_the_as_of_date
v1_3_candidate_ticker_mapping_period.v3,evidence_only_generated_artifact_not_for_valuation_scoring_trading_or_production_ranking,rolling_rank_slot_desc_average_traded_value_20d,2025-03-31,2026-05-13,2025-03-31,2026-05-12,2025-05-23,observed_local_daily_rank_date,full_local_kospi200_daily_universe_files,309,sc_v1_3_missing_liquidity,ee_v1_0_rc_sc_v1_3_missing_liquidity_1d_189794a48a70,2,next_highest_20d_average_traded_value_for_requested_as_of_date,000660,SK하이닉스,2,547000026595.0,2025-04-23,2025-05-23,full_local_daily_price_close_times_volume_rolling_20d,data/historical_kospi200/prices/000660_daily_prices.csv,1408299873240000,available_from_latest_approved_snapshot,2026-05-13,dynamic_full_local_universe_rank_slot_resolution_for_as_of_date,true,rank_uses_only_existing_local_price_volume_or_approved_snapshot_values_available_for_the_as_of_date
v1_3_candidate_ticker_mapping_period.v4,evidence_only_generated_artifact_not_for_valuation_scoring_trading_or_production_ranking,rolling_rank_slot_desc_average_traded_value_20d,2025-03-31,2026-05-13,2025-03-31,2026-05-12,2025-05-23,observed_local_daily_rank_date,full_local_kospi200_daily_universe_files,309,sc_v1_3_low_drag,ee_v1_0_rc_sc_v1_3_low_drag_1d_3955d197ec26,4,first_top5_supplemental_slot_with_complete_market_cap_and_liquidity_fields,042660,,4,306113203315.0,2025-04-23,2025-05-23,full_local_daily_price_close_times_volume_rolling_20d,data/historical_kospi200/prices/042660_daily_prices.csv,,not_collected_for_full_local_universe_rank,,dynamic_full_local_universe_rank_slot_resolution_for_as_of_date,true,rank_uses_only_existing_local_price_volume_or_approved_snapshot_values_available_for_the_as_of_date
v1_3_candidate_ticker_mapping_period.v3,evidence_only_generated_artifact_not_for_valuation_scoring_trading_or_production_ranking,rolling_rank_slot_desc_average_traded_value_20d,2025-03-31,2026-05-13,2025-03-31,2026-05-12,2025-05-26,observed_local_daily_rank_date,full_local_kospi200_daily_universe_files,309,sc_v1_3_high_turnover,ee_v1_0_rc_sc_v1_3_high_turnover_1d_5101aca49335,1,highest_20d_average_traded_value_for_requested_as_of_date,005930,삼성전자,1,699697435425.0,2025-04-24,2025-05-26,full_local_daily_price_close_times_volume_rolling_20d,data/historical_kospi200/prices/005930_daily_prices.csv,1660343124672000,available_from_latest_approved_snapshot,2026-05-13,dynamic_full_local_universe_rank_slot_resolution_for_as_of_date,true,rank_uses_only_existing_local_price_volume_or_approved_snapshot_values_available_for_the_as_of_date
v1_3_candidate_ticker_mapping_period.v3,evidence_only_generated_artifact_not_for_valuation_scoring_trading_or_production_ranking,rolling_rank_slot_desc_average_traded_value_20d,2025-03-31,2026-05-13,2025-03-31,2026-05-12,2025-05-26,observed_local_daily_rank_date,full_local_kospi200_daily_universe_files,309,sc_v1_3_missing_liquidity,ee_v1_0_rc_sc_v1_3_missing_liquidity_1d_189794a48a70,2,next_highest_20d_average_traded_value_for_requested_as_of_date,000660,SK하이닉스,2,526909770495.0,2025-04-24,2025-05-26,full_local_daily_price_close_times_volume_rolling_20d,data/historical_kospi200/prices/000660_daily_prices.csv,1408299873240000,available_from_latest_approved_snapshot,2026-05-13,dynamic_full_local_universe_rank_slot_resolution_for_as_of_date,true,rank_uses_only_existing_local_price_volume_or_approved_snapshot_values_available_for_the_as_of_date
v1_3_candidate_ticker_mapping_period.v4,evidence_only_generated_artifact_not_for_valuation_scoring_trading_or_production_ranking,rolling_rank_slot_desc_average_traded_value_20d,2025-03-31,2026-05-13,2025-03-31,2026-05-12,2025-05-26,observed_local_daily_rank_date,full_local_kospi200_daily_universe_files,309,sc_v1_3_low_drag,ee_v1_0_rc_sc_v1_3_low_drag_1d_3955d197ec26,4,first_top5_supplemental_slot_with_complete_market_cap_and_liquidity_fields,042660,,4,303211649600.0,2025-04-24,2025-05-26,full_local_daily_price_close_times_volume_rolling_20d,data/historical_kospi200/prices/042660_daily_prices.csv,,not_collected_for_full_local_universe_rank,,dynamic_full_local_universe_rank_slot_resolution_for_as_of_date,true,rank_uses_only_existing_local_price_volume_or_approved_snapshot_values_available_for_the_as_of_date
v1_3_candidate_ticker_mapping_period.v3,evidence_only_generated_artifact_not_for_valuation_scoring_trading_or_production_ranking,rolling_rank_slot_desc_average_traded_value_20d,2025-03-31,2026-05-13,2025-03-31,2026-05-12,2025-05-27,observed_local_daily_rank_date,full_local_kospi200_daily_universe_files,309,sc_v1_3_high_turnover,ee_v1_0_rc_sc_v1_3_high_turnover_1d_5101aca49335,1,highest_20d_average_traded_value_for_requested_as_of_date,005930,삼성전자,1,706450591880.0,2025-04-25,2025-05-27,full_local_daily_price_close_times_volume_rolling_20d,data/historical_kospi200/prices/005930_daily_prices.csv,1660343124672000,available_from_latest_approved_snapshot,2026-05-13,dynamic_full_local_universe_rank_slot_resolution_for_as_of_date,true,rank_uses_only_existing_local_price_volume_or_approved_snapshot_values_available_for_the_as_of_date
v1_3_candidate_ticker_mapping_period.v3,evidence_only_generated_artifact_not_for_valuation_scoring_trading_or_production_ranking,rolling_rank_slot_desc_average_traded_value_20d,2025-03-31,2026-05-13,2025-03-31,2026-05-12,2025-05-27,observed_local_daily_rank_date,full_local_kospi200_daily_universe_files,309,sc_v1_3_missing_liquidity,ee_v1_0_rc_sc_v1_3_missing_liquidity_1d_189794a48a70,2,next_highest_20d_average_traded_value_for_requested_as_of_date,000660,SK하이닉스,2,513146424255.0,2025-04-25,2025-05-27,full_local_daily_price_close_times_volume_rolling_20d,data/historical_kospi200/prices/000660_daily_prices.csv,1408299873240000,available_from_latest_approved_snapshot,2026-05-13,dynamic_full_local_universe_rank_slot_resolution_for_as_of_date,true,rank_uses_only_existing_local_price_volume_or_approved_snapshot_values_available_for_the_as_of_date
v1_3_candidate_ticker_mapping_period.v4,evidence_only_generated_artifact_not_for_valuation_scoring_trading_or_production_ranking,rolling_rank_slot_desc_average_traded_value_20d,2025-03-31,2026-05-13,2025-03-31,2026-05-12,2025-05-27,observed_local_daily_rank_date,full_local_kospi200_daily_universe_files,309,sc_v1_3_low_drag,ee_v1_0_rc_sc_v1_3_low_drag_1d_3955d197ec26,4,first_top5_supplemental_slot_with_complete_market_cap_and_liquidity_fields,042660,,4,298537911940.0,2025-04-25,2025-05-27,full_local_daily_price_close_times_volume_rolling_20d,data/historical_kospi200/prices/042660_daily_prices.csv,,not_collected_for_full_local_universe_rank,,dynamic_full_local_universe_rank_slot_resolution_for_as_of_date,true,rank_uses_only_existing_local_price_volume_or_approved_snapshot_values_available_for_the_as_of_date
v1_3_candidate_ticker_mapping_period.v3,evidence_only_generated_artifact_not_for_valuation_scoring_trading_or_production_ranking,rolling_rank_slot_desc_average_traded_value_20d,2025-03-31,2026-05-13,2025-03-31,2026-05-12,2025-05-28,observed_local_daily_rank_date,full_local_kospi200_daily_universe_files,309,sc_v1_3_high_turnover,ee_v1_0_rc_sc_v1_3_high_turnover_1d_5101aca49335,1,highest_20d_average_traded_value_for_requested_as_of_date,005930,삼성전자,1,721478104010.0,2025-04-28,2025-05-28,full_local_daily_price_close_times_volume_rolling_20d,data/historical_kospi200/prices/005930_daily_prices.csv,1660343124672000,available_from_latest_approved_snapshot,2026-05-13,dynamic_full_local_universe_rank_slot_resolution_for_as_of_date,true,rank_uses_only_existing_local_price_volume_or_approved_snapshot_values_available_for_the_as_of_date
v1_3_candidate_ticker_mapping_period.v3,evidence_only_generated_artifact_not_for_valuation_scoring_trading_or_production_ranking,rolling_rank_slot_desc_average_traded_value_20d,2025-03-31,2026-05-13,2025-03-31,2026-05-12,2025-05-28,observed_local_daily_rank_date,full_local_kospi200_daily_universe_files,309,sc_v1_3_missing_liquidity,ee_v1_0_rc_sc_v1_3_missing_liquidity_1d_189794a48a70,2,next_highest_20d_average_traded_value_for_requested_as_of_date,000660,SK하이닉스,2,513680771255.0,2025-04-28,2025-05-28,full_local_daily_price_close_times_volume_rolling_20d,data/historical_kospi200/prices/000660_daily_prices.csv,1408299873240000,available_from_latest_approved_snapshot,2026-05-13,dynamic_full_local_universe_rank_slot_resolution_for_as_of_date,true,rank_uses_only_existing_local_price_volume_or_approved_snapshot_values_available_for_the_as_of_date
v1_3_candidate_ticker_mapping_period.v4,evidence_only_generated_artifact_not_for_valuation_scoring_trading_or_production_ranking,rolling_rank_slot_desc_average_traded_value_20d,2025-03-31,2026-05-13,2025-03-31,2026-05-12,2025-05-28,observed_local_daily_rank_date,full_local_kospi200_daily_universe_files,309,sc_v1_3_low_drag,ee_v1_0_rc_sc_v1_3_low_drag_1d_3955d197ec26,4,first_top5_supplemental_slot_with_complete_market_cap_and_liquidity_fields,042660,,4,273270147265.0,2025-04-28,2025-05-28,full_local_daily_price_close_times_volume_rolling_20d,data/historical_kospi200/prices/042660_daily_prices.csv,,not_collected_for_full_local_universe_rank,,dynamic_full_local_universe_rank_slot_resolution_for_as_of_date,true,rank_uses_only_existing_local_price_volume_or_approved_snapshot_values_available_for_the_as_of_date
v1_3_candidate_ticker_mapping_period.v3,evidence_only_generated_artifact_not_for_valuation_scoring_trading_or_production_ranking,rolling_rank_slot_desc_average_traded_value_20d,2025-03-31,2026-05-13,2025-03-31,2026-05-12,2025-05-29,observed_local_daily_rank_date,full_local_kospi200_daily_universe_files,309,sc_v1_3_high_turnover,ee_v1_0_rc_sc_v1_3_high_turnover_1d_5101aca49335,1,highest_20d_average_traded_value_for_requested_as_of_date,005930,삼성전자,1,731703020840.0,2025-04-29,2025-05-29,full_local_daily_price_close_times_volume_rolling_20d,data/historical_kospi200/prices/005930_daily_prices.csv,1660343124672000,available_from_latest_approved_snapshot,2026-05-13,dynamic_full_local_universe_rank_slot_resolution_for_as_of_date,true,rank_uses_only_existing_local_price_volume_or_approved_snapshot_values_available_for_the_as_of_date
v1_3_candidate_ticker_mapping_period.v3,evidence_only_generated_artifact_not_for_valuation_scoring_trading_or_production_ranking,rolling_rank_slot_desc_average_traded_value_20d,2025-03-31,2026-05-13,2025-03-31,2026-05-12,2025-05-29,observed_local_daily_rank_date,full_local_kospi200_daily_universe_files,309,sc_v1_3_missing_liquidity,ee_v1_0_rc_sc_v1_3_missing_liquidity_1d_189794a48a70,2,next_highest_20d_average_traded_value_for_requested_as_of_date,000660,SK하이닉스,2,531907313655.0,2025-04-29,2025-05-29,full_local_daily_price_close_times_volume_rolling_20d,data/historical_kospi200/prices/000660_daily_prices.csv,1408299873240000,available_from_latest_approved_snapshot,2026-05-13,dynamic_full_local_universe_rank_slot_resolution_for_as_of_date,true,rank_uses_only_existing_local_price_volume_or_approved_snapshot_values_available_for_the_as_of_date
v1_3_candidate_ticker_mapping_period.v4,evidence_only_generated_artifact_not_for_valuation_scoring_trading_or_production_ranking,rolling_rank_slot_desc_average_traded_value_20d,2025-03-31,2026-05-13,2025-03-31,2026-05-12,2025-05-29,observed_local_daily_rank_date,full_local_kospi200_daily_universe_files,309,sc_v1_3_low_drag,ee_v1_0_rc_sc_v1_3_low_drag_1d_3955d197ec26,4,first_top5_supplemental_slot_with_complete_market_cap_and_liquidity_fields,042660,,4,250565478175.0,2025-04-29,2025-05-29,full_local_daily_price_close_times_volume_rolling_20d,data/historical_kospi200/prices/042660_daily_prices.csv,,not_collected_for_full_local_universe_rank,,dynamic_full_local_universe_rank_slot_resolution_for_as_of_date,true,rank_uses_only_existing_local_price_volume_or_approved_snapshot_values_available_for_the_as_of_date
v1_3_candidate_ticker_mapping_period.v3,evidence_only_generated_artifact_not_for_valuation_scoring_trading_or_production_ranking,rolling_rank_slot_desc_average_traded_value_20d,2025-03-31,2026-05-13,2025-03-31,2026-05-12,2025-05-30,observed_local_daily_rank_date,full_local_kospi200_daily_universe_files,309,sc_v1_3_high_turnover,ee_v1_0_rc_sc_v1_3_high_turnover_1d_5101aca49335,1,highest_20d_average_traded_value_for_requested_as_of_date,005930,삼성전자,1,776655834850.0,2025-04-30,2025-05-30,full_local_daily_price_close_times_volume_rolling_20d,data/historical_kospi200/prices/005930_daily_prices.csv,1660343124672000,available_from_latest_approved_snapshot,2026-05-13,dynamic_full_local_universe_rank_slot_resolution_for_as_of_date,true,rank_uses_only_existing_local_price_volume_or_approved_snapshot_values_available_for_the_as_of_date
v1_3_candidate_ticker_mapping_period.v3,evidence_only_generated_artifact_not_for_valuation_scoring_trading_or_production_ranking,rolling_rank_slot_desc_average_traded_value_20d,2025-03-31,2026-05-13,2025-03-31,2026-05-12,2025-05-30,observed_local_daily_rank_date,full_local_kospi200_daily_universe_files,309,sc_v1_3_missing_liquidity,ee_v1_0_rc_sc_v1_3_missing_liquidity_1d_189794a48a70,2,next_highest_20d_average_traded_value_for_requested_as_of_date,000660,SK하이닉스,2,564387455515.0,2025-04-30,2025-05-30,full_local_daily_price_close_times_volume_rolling_20d,data/historical_kospi200/prices/000660_daily_prices.csv,1408299873240000,available_from_latest_approved_snapshot,2026-05-13,dynamic_full_local_universe_rank_slot_resolution_for_as_of_date,true,rank_uses_only_existing_local_price_volume_or_approved_snapshot_values_available_for_the_as_of_date
v1_3_candidate_ticker_mapping_period.v4,evidence_only_generated_artifact_not_for_valuation_scoring_trading_or_production_ranking,rolling_rank_slot_desc_average_traded_value_20d,2025-03-31,2026-05-13,2025-03-31,2026-05-12,2025-05-30,observed_local_daily_rank_date,full_local_kospi200_daily_universe_files,309,sc_v1_3_low_drag,ee_v1_0_rc_sc_v1_3_low_drag_1d_3955d197ec26,4,first_top5_supplemental_slot_with_complete_market_cap_and_liquidity_fields,012450,,4,232384354900.0,2025-04-30,2025-05-30,full_local_daily_price_close_times_volume_rolling_20d,data/historical_kospi200/prices/012450_daily_prices.csv,,not_collected_for_full_local_universe_rank,,dynamic_full_local_universe_rank_slot_resolution_for_as_of_date,true,rank_uses_only_existing_local_price_volume_or_approved_snapshot_values_available_for_the_as_of_date
v1_3_candidate_ticker_mapping_period.v3,evidence_only_generated_artifact_not_for_valuation_scoring_trading_or_production_ranking,rolling_rank_slot_desc_average_traded_value_20d,2025-03-31,2026-05-13,2025-03-31,2026-05-12,2025-06-02,observed_local_daily_rank_date,full_local_kospi200_daily_universe_files,309,sc_v1_3_high_turnover,ee_v1_0_rc_sc_v1_3_high_turnover_1d_5101aca49335,1,highest_20d_average_traded_value_for_requested_as_of_date,005930,삼성전자,1,777093722975.0,2025-05-02,2025-06-02,full_local_daily_price_close_times_volume_rolling_20d,data/historical_kospi200/prices/005930_daily_prices.csv,1660343124672000,available_from_latest_approved_snapshot,2026-05-13,dynamic_full_local_universe_rank_slot_resolution_for_as_of_date,true,rank_uses_only_existing_local_price_volume_or_approved_snapshot_values_available_for_the_as_of_date
v1_3_candidate_ticker_mapping_period.v3,evidence_only_generated_artifact_not_for_valuation_scoring_trading_or_production_ranking,rolling_rank_slot_desc_average_traded_value_20d,2025-03-31,2026-05-13,2025-03-31,2026-05-12,2025-06-02,observed_local_daily_rank_date,full_local_kospi200_daily_universe_files,309,sc_v1_3_missing_liquidity,ee_v1_0_rc_sc_v1_3_missing_liquidity_1d_189794a48a70,2,next_highest_20d_average_traded_value_for_requested_as_of_date,000660,SK하이닉스,2,561914934640.0,2025-05-02,2025-06-02,full_local_daily_price_close_times_volume_rolling_20d,data/historical_kospi200/prices/000660_daily_prices.csv,1408299873240000,available_from_latest_approved_snapshot,2026-05-13,dynamic_full_local_universe_rank_slot_resolution_for_as_of_date,true,rank_uses_only_existing_local_price_volume_or_approved_snapshot_values_available_for_the_as_of_date
v1_3_candidate_ticker_mapping_period.v4,evidence_only_generated_artifact_not_for_valuation_scoring_trading_or_production_ranking,rolling_rank_slot_desc_average_traded_value_20d,2025-03-31,2026-05-13,2025-03-31,2026-05-12,2025-06-02,observed_local_daily_rank_date,full_local_kospi200_daily_universe_files,309,sc_v1_3_low_drag,ee_v1_0_rc_sc_v1_3_low_drag_1d_3955d197ec26,4,first_top5_supplemental_slot_with_complete_market_cap_and_liquidity_fields,012450,,4,218619838500.0,2025-05-02,2025-06-02,full_local_daily_price_close_times_volume_rolling_20d,data/historical_kospi200/prices/012450_daily_prices.csv,,not_collected_for_full_local_universe_rank,,dynamic_full_local_universe_rank_slot_resolution_for_as_of_date,true,rank_uses_only_existing_local_price_volume_or_approved_snapshot_values_available_for_the_as_of_date
v1_3_candidate_ticker_mapping_period.v3,evidence_only_generated_artifact_not_for_valuation_scoring_trading_or_production_ranking,rolling_rank_slot_desc_average_traded_value_20d,2025-03-31,2026-05-13,2025-03-31,2026-05-12,2025-06-04,observed_local_daily_rank_date,full_local_kospi200_daily_universe_files,309,sc_v1_3_high_turnover,ee_v1_0_rc_sc_v1_3_high_turnover_1d_5101aca49335,1,highest_20d_average_traded_value_for_requested_as_of_date,005930,삼성전자,1,772919009985.0,2025-05-07,2025-06-04,full_local_daily_price_close_times_volume_rolling_20d,data/historical_kospi200/prices/005930_daily_prices.csv,1660343124672000,available_from_latest_approved_snapshot,2026-05-13,dynamic_full_local_universe_rank_slot_resolution_for_as_of_date,true,rank_uses_only_existing_local_price_volume_or_approved_snapshot_values_available_for_the_as_of_date
v1_3_candidate_ticker_mapping_period.v3,evidence_only_generated_artifact_not_for_valuation_scoring_trading_or_production_ranking,rolling_rank_slot_desc_average_traded_value_20d,2025-03-31,2026-05-13,2025-03-31,2026-05-12,2025-06-04,observed_local_daily_rank_date,full_local_kospi200_daily_universe_files,309,sc_v1_3_missing_liquidity,ee_v1_0_rc_sc_v1_3_missing_liquidity_1d_189794a48a70,2,next_highest_20d_average_traded_value_for_requested_as_of_date,000660,SK하이닉스,2,581323836190.0,2025-05-07,2025-06-04,full_local_daily_price_close_times_volume_rolling_20d,data/historical_kospi200/prices/000660_daily_prices.csv,1408299873240000,available_from_latest_approved_snapshot,2026-05-13,dynamic_full_local_universe_rank_slot_resolution_for_as_of_date,true,rank_uses_only_existing_local_price_volume_or_approved_snapshot_values_available_for_the_as_of_date
v1_3_candidate_ticker_mapping_period.v4,evidence_only_generated_artifact_not_for_valuation_scoring_trading_or_production_ranking,rolling_rank_slot_desc_average_traded_value_20d,2025-03-31,2026-05-13,2025-03-31,2026-05-12,2025-06-04,observed_local_daily_rank_date,full_local_kospi200_daily_universe_files,309,sc_v1_3_low_drag,ee_v1_0_rc_sc_v1_3_low_drag_1d_3955d197ec26,4,first_top5_supplemental_slot_with_complete_market_cap_and_liquidity_fields,012450,,4,216674148450.0,2025-05-07,2025-06-04,full_local_daily_price_close_times_volume_rolling_20d,data/historical_kospi200/prices/012450_daily_prices.csv,,not_collected_for_full_local_universe_rank,,dynamic_full_local_universe_rank_slot_resolution_for_as_of_date,true,rank_uses_only_existing_local_price_volume_or_approved_snapshot_values_available_for_the_as_of_date
v1_3_candidate_ticker_mapping_period.v3,evidence_only_generated_artifact_not_for_valuation_scoring_trading_or_production_ranking,rolling_rank_slot_desc_average_traded_value_20d,2025-03-31,2026-05-13,2025-03-31,2026-05-12,2025-06-05,observed_local_daily_rank_date,full_local_kospi200_daily_universe_files,309,sc_v1_3_high_turnover,ee_v1_0_rc_sc_v1_3_high_turnover_1d_5101aca49335,1,highest_20d_average_traded_value_for_requested_as_of_date,005930,삼성전자,1,794886134340.0,2025-05-08,2025-06-05,full_local_daily_price_close_times_volume_rolling_20d,data/historical_kospi200/prices/005930_daily_prices.csv,1660343124672000,available_from_latest_approved_snapshot,2026-05-13,dynamic_full_local_universe_rank_slot_resolution_for_as_of_date,true,rank_uses_only_existing_local_price_volume_or_approved_snapshot_values_available_for_the_as_of_date
v1_3_candidate_ticker_mapping_period.v3,evidence_only_generated_artifact_not_for_valuation_scoring_trading_or_production_ranking,rolling_rank_slot_desc_average_traded_value_20d,2025-03-31,2026-05-13,2025-03-31,2026-05-12,2025-06-05,observed_local_daily_rank_date,full_local_kospi200_daily_universe_files,309,sc_v1_3_missing_liquidity,ee_v1_0_rc_sc_v1_3_missing_liquidity_1d_189794a48a70,2,next_highest_20d_average_traded_value_for_requested_as_of_date,000660,SK하이닉스,2,609536190660.0,2025-05-08,2025-06-05,full_local_daily_price_close_times_volume_rolling_20d,data/historical_kospi200/prices/000660_daily_prices.csv,1408299873240000,available_from_latest_approved_snapshot,2026-05-13,dynamic_full_local_universe_rank_slot_resolution_for_as_of_date,true,rank_uses_only_existing_local_price_volume_or_approved_snapshot_values_available_for_the_as_of_date
v1_3_candidate_ticker_mapping_period.v4,evidence_only_generated_artifact_not_for_valuation_scoring_trading_or_production_ranking,rolling_rank_slot_desc_average_traded_value_20d,2025-03-31,2026-05-13,2025-03-31,2026-05-12,2025-06-05,observed_local_daily_rank_date,full_local_kospi200_daily_universe_files,309,sc_v1_3_low_drag,ee_v1_0_rc_sc_v1_3_low_drag_1d_3955d197ec26,4,first_top5_supplemental_slot_with_complete_market_cap_and_liquidity_fields,012450,,4,218997605450.0,2025-05-08,2025-06-05,full_local_daily_price_close_times_volume_rolling_20d,data/historical_kospi200/prices/012450_daily_prices.csv,,not_collected_for_full_local_universe_rank,,dynamic_full_local_universe_rank_slot_resolution_for_as_of_date,true,rank_uses_only_existing_local_price_volume_or_approved_snapshot_values_available_for_the_as_of_date
v1_3_candidate_ticker_mapping_period.v3,evidence_only_generated_artifact_not_for_valuation_scoring_trading_or_production_ranking,rolling_rank_slot_desc_average_traded_value_20d,2025-03-31,2026-05-13,2025-03-31,2026-05-12,2025-06-09,observed_local_daily_rank_date,full_local_kospi200_daily_universe_files,309,sc_v1_3_high_turnover,ee_v1_0_rc_sc_v1_3_high_turnover_1d_5101aca49335,1,highest_20d_average_traded_value_for_requested_as_of_date,005930,삼성전자,1,808963962390.0,2025-05-09,2025-06-09,full_local_daily_price_close_times_volume_rolling_20d,data/historical_kospi200/prices/005930_daily_prices.csv,1660343124672000,available_from_latest_approved_snapshot,2026-05-13,dynamic_full_local_universe_rank_slot_resolution_for_as_of_date,true,rank_uses_only_existing_local_price_volume_or_approved_snapshot_values_available_for_the_as_of_date
v1_3_candidate_ticker_mapping_period.v3,evidence_only_generated_artifact_not_for_valuation_scoring_trading_or_production_ranking,rolling_rank_slot_desc_average_traded_value_20d,2025-03-31,2026-05-13,2025-03-31,2026-05-12,2025-06-09,observed_local_daily_rank_date,full_local_kospi200_daily_universe_files,309,sc_v1_3_missing_liquidity,ee_v1_0_rc_sc_v1_3_missing_liquidity_1d_189794a48a70,2,next_highest_20d_average_traded_value_for_requested_as_of_date,000660,SK하이닉스,2,602745337510.0,2025-05-09,2025-06-09,full_local_daily_price_close_times_volume_rolling_20d,data/historical_kospi200/prices/000660_daily_prices.csv,1408299873240000,available_from_latest_approved_snapshot,2026-05-13,dynamic_full_local_universe_rank_slot_resolution_for_as_of_date,true,rank_uses_only_existing_local_price_volume_or_approved_snapshot_values_available_for_the_as_of_date
v1_3_candidate_ticker_mapping_period.v4,evidence_only_generated_artifact_not_for_valuation_scoring_trading_or_production_ranking,rolling_rank_slot_desc_average_traded_value_20d,2025-03-31,2026-05-13,2025-03-31,2026-05-12,2025-06-09,observed_local_daily_rank_date,full_local_kospi200_daily_universe_files,309,sc_v1_3_low_drag,ee_v1_0_rc_sc_v1_3_low_drag_1d_3955d197ec26,4,first_top5_supplemental_slot_with_complete_market_cap_and_liquidity_fields,012450,,4,217199865700.0,2025-05-09,2025-06-09,full_local_daily_price_close_times_volume_rolling_20d,data/historical_kospi200/prices/012450_daily_prices.csv,,not_collected_for_full_local_universe_rank,,dynamic_full_local_universe_rank_slot_resolution_for_as_of_date,true,rank_uses_only_existing_local_price_volume_or_approved_snapshot_values_available_for_the_as_of_date
v1_3_candidate_ticker_mapping_period.v3,evidence_only_generated_artifact_not_for_valuation_scoring_trading_or_production_ranking,rolling_rank_slot_desc_average_traded_value_20d,2025-03-31,2026-05-13,2025-03-31,2026-05-12,2025-06-10,observed_local_daily_rank_date,full_local_kospi200_daily_universe_files,309,sc_v1_3_high_turnover,ee_v1_0_rc_sc_v1_3_high_turnover_1d_5101aca49335,1,highest_20d_average_traded_value_for_requested_as_of_date,005930,삼성전자,1,832857769710.0,2025-05-12,2025-06-10,full_local_daily_price_close_times_volume_rolling_20d,data/historical_kospi200/prices/005930_daily_prices.csv,1660343124672000,available_from_latest_approved_snapshot,2026-05-13,dynamic_full_local_universe_rank_slot_resolution_for_as_of_date,true,rank_uses_only_existing_local_price_volume_or_approved_snapshot_values_available_for_the_as_of_date
v1_3_candidate_ticker_mapping_period.v3,evidence_only_generated_artifact_not_for_valuation_scoring_trading_or_production_ranking,rolling_rank_slot_desc_average_traded_value_20d,2025-03-31,2026-05-13,2025-03-31,2026-05-12,2025-06-10,observed_local_daily_rank_date,full_local_kospi200_daily_universe_files,309,sc_v1_3_missing_liquidity,ee_v1_0_rc_sc_v1_3_missing_liquidity_1d_189794a48a70,2,next_highest_20d_average_traded_value_for_requested_as_of_date,000660,SK하이닉스,2,621461828275.0,2025-05-12,2025-06-10,full_local_daily_price_close_times_volume_rolling_20d,data/historical_kospi200/prices/000660_daily_prices.csv,1408299873240000,available_from_latest_approved_snapshot,2026-05-13,dynamic_full_local_universe_rank_slot_resolution_for_as_of_date,true,rank_uses_only_existing_local_price_volume_or_approved_snapshot_values_available_for_the_as_of_date
v1_3_candidate_ticker_mapping_period.v4,evidence_only_generated_artifact_not_for_valuation_scoring_trading_or_production_ranking,rolling_rank_slot_desc_average_traded_value_20d,2025-03-31,2026-05-13,2025-03-31,2026-05-12,2025-06-10,observed_local_daily_rank_date,full_local_kospi200_daily_universe_files,309,sc_v1_3_low_drag,ee_v1_0_rc_sc_v1_3_low_drag_1d_3955d197ec26,4,first_top5_supplemental_slot_with_complete_market_cap_and_liquidity_fields,012450,,4,216827213100.0,2025-05-12,2025-06-10,full_local_daily_price_close_times_volume_rolling_20d,data/historical_kospi200/prices/012450_daily_prices.csv,,not_collected_for_full_local_universe_rank,,dynamic_full_local_universe_rank_slot_resolution_for_as_of_date,true,rank_uses_only_existing_local_price_volume_or_approved_snapshot_values_available_for_the_as_of_date
v1_3_candidate_ticker_mapping_period.v3,evidence_only_generated_artifact_not_for_valuation_scoring_trading_or_production_ranking,rolling_rank_slot_desc_average_traded_value_20d,2025-03-31,2026-05-13,2025-03-31,2026-05-12,2025-06-11,observed_local_daily_rank_date,full_local_kospi200_daily_universe_files,309,sc_v1_3_high_turnover,ee_v1_0_rc_sc_v1_3_high_turnover_1d_5101aca49335,1,highest_20d_average_traded_value_for_requested_as_of_date,005930,삼성전자,1,829227576280.0,2025-05-13,2025-06-11,full_local_daily_price_close_times_volume_rolling_20d,data/historical_kospi200/prices/005930_daily_prices.csv,1660343124672000,available_from_latest_approved_snapshot,2026-05-13,dynamic_full_local_universe_rank_slot_resolution_for_as_of_date,true,rank_uses_only_existing_local_price_volume_or_approved_snapshot_values_available_for_the_as_of_date
v1_3_candidate_ticker_mapping_period.v3,evidence_only_generated_artifact_not_for_valuation_scoring_trading_or_production_ranking,rolling_rank_slot_desc_average_traded_value_20d,2025-03-31,2026-05-13,2025-03-31,2026-05-12,2025-06-11,observed_local_daily_rank_date,full_local_kospi200_daily_universe_files,309,sc_v1_3_missing_liquidity,ee_v1_0_rc_sc_v1_3_missing_liquidity_1d_189794a48a70,2,next_highest_20d_average_traded_value_for_requested_as_of_date,000660,SK하이닉스,2,656384261275.0,2025-05-13,2025-06-11,full_local_daily_price_close_times_volume_rolling_20d,data/historical_kospi200/prices/000660_daily_prices.csv,1408299873240000,available_from_latest_approved_snapshot,2026-05-13,dynamic_full_local_universe_rank_slot_resolution_for_as_of_date,true,rank_uses_only_existing_local_price_volume_or_approved_snapshot_values_available_for_the_as_of_date
v1_3_candidate_ticker_mapping_period.v4,evidence_only_generated_artifact_not_for_valuation_scoring_trading_or_production_ranking,rolling_rank_slot_desc_average_traded_value_20d,2025-03-31,2026-05-13,2025-03-31,2026-05-12,2025-06-11,observed_local_daily_rank_date,full_local_kospi200_daily_universe_files,309,sc_v1_3_low_drag,ee_v1_0_rc_sc_v1_3_low_drag_1d_3955d197ec26,4,first_top5_supplemental_slot_with_complete_market_cap_and_liquidity_fields,012450,,4,223901289600.0,2025-05-13,2025-06-11,full_local_daily_price_close_times_volume_rolling_20d,data/historical_kospi200/prices/012450_daily_prices.csv,,not_collected_for_full_local_universe_rank,,dynamic_full_local_universe_rank_slot_resolution_for_as_of_date,true,rank_uses_only_existing_local_price_volume_or_approved_snapshot_values_available_for_the_as_of_date
v1_3_candidate_ticker_mapping_period.v3,evidence_only_generated_artifact_not_for_valuation_scoring_trading_or_production_ranking,rolling_rank_slot_desc_average_traded_value_20d,2025-03-31,2026-05-13,2025-03-31,2026-05-12,2025-06-12,observed_local_daily_rank_date,full_local_kospi200_daily_universe_files,309,sc_v1_3_high_turnover,ee_v1_0_rc_sc_v1_3_high_turnover_1d_5101aca49335,1,highest_20d_average_traded_value_for_requested_as_of_date,005930,삼성전자,1,834131274560.0,2025-05-14,2025-06-12,full_local_daily_price_close_times_volume_rolling_20d,data/historical_kospi200/prices/005930_daily_prices.csv,1660343124672000,available_from_latest_approved_snapshot,2026-05-13,dynamic_full_local_universe_rank_slot_resolution_for_as_of_date,true,rank_uses_only_existing_local_price_volume_or_approved_snapshot_values_available_for_the_as_of_date
v1_3_candidate_ticker_mapping_period.v3,evidence_only_generated_artifact_not_for_valuation_scoring_trading_or_production_ranking,rolling_rank_slot_desc_average_traded_value_20d,2025-03-31,2026-05-13,2025-03-31,2026-05-12,2025-06-12,observed_local_daily_rank_date,full_local_kospi200_daily_universe_files,309,sc_v1_3_missing_liquidity,ee_v1_0_rc_sc_v1_3_missing_liquidity_1d_189794a48a70,2,next_highest_20d_average_traded_value_for_requested_as_of_date,000660,SK하이닉스,2,681595199400.0,2025-05-14,2025-06-12,full_local_daily_price_close_times_volume_rolling_20d,data/historical_kospi200/prices/000660_daily_prices.csv,1408299873240000,available_from_latest_approved_snapshot,2026-05-13,dynamic_full_local_universe_rank_slot_resolution_for_as_of_date,true,rank_uses_only_existing_local_price_volume_or_approved_snapshot_values_available_for_the_as_of_date
v1_3_candidate_ticker_mapping_period.v4,evidence_only_generated_artifact_not_for_valuation_scoring_trading_or_production_ranking,rolling_rank_slot_desc_average_traded_value_20d,2025-03-31,2026-05-13,2025-03-31,2026-05-12,2025-06-12,observed_local_daily_rank_date,full_local_kospi200_daily_universe_files,309,sc_v1_3_low_drag,ee_v1_0_rc_sc_v1_3_low_drag_1d_3955d197ec26,4,first_top5_supplemental_slot_with_complete_market_cap_and_liquidity_fields,012450,,4,230458668600.0,2025-05-14,2025-06-12,full_local_daily_price_close_times_volume_rolling_20d,data/historical_kospi200/prices/012450_daily_prices.csv,,not_collected_for_full_local_universe_rank,,dynamic_full_local_universe_rank_slot_resolution_for_as_of_date,true,rank_uses_only_existing_local_price_volume_or_approved_snapshot_values_available_for_the_as_of_date
v1_3_candidate_ticker_mapping_period.v3,evidence_only_generated_artifact_not_for_valuation_scoring_trading_or_production_ranking,rolling_rank_slot_desc_average_traded_value_20d,2025-03-31,2026-05-13,2025-03-31,2026-05-12,2025-06-13,observed_local_daily_rank_date,full_local_kospi200_daily_universe_files,309,sc_v1_3_high_turnover,ee_v1_0_rc_sc_v1_3_high_turnover_1d_5101aca49335,1,highest_20d_average_traded_value_for_requested_as_of_date,005930,삼성전자,1,858705787915.0,2025-05-15,2025-06-13,full_local_daily_price_close_times_volume_rolling_20d,data/historical_kospi200/prices/005930_daily_prices.csv,1660343124672000,available_from_latest_approved_snapshot,2026-05-13,dynamic_full_local_universe_rank_slot_resolution_for_as_of_date,true,rank_uses_only_existing_local_price_volume_or_approved_snapshot_values_available_for_the_as_of_date
v1_3_candidate_ticker_mapping_period.v3,evidence_only_generated_artifact_not_for_valuation_scoring_trading_or_production_ranking,rolling_rank_slot_desc_average_traded_value_20d,2025-03-31,2026-05-13,2025-03-31,2026-05-12,2025-06-13,observed_local_daily_rank_date,full_local_kospi200_daily_universe_files,309,sc_v1_3_missing_liquidity,ee_v1_0_rc_sc_v1_3_missing_liquidity_1d_189794a48a70,2,next_highest_20d_average_traded_value_for_requested_as_of_date,000660,SK하이닉스,2,695544718850.0,2025-05-15,2025-06-13,full_local_daily_price_close_times_volume_rolling_20d,data/historical_kospi200/prices/000660_daily_prices.csv,1408299873240000,available_from_latest_approved_snapshot,2026-05-13,dynamic_full_local_universe_rank_slot_resolution_for_as_of_date,true,rank_uses_only_existing_local_price_volume_or_approved_snapshot_values_available_for_the_as_of_date
v1_3_candidate_ticker_mapping_period.v4,evidence_only_generated_artifact_not_for_valuation_scoring_trading_or_production_ranking,rolling_rank_slot_desc_average_traded_value_20d,2025-03-31,2026-05-13,2025-03-31,2026-05-12,2025-06-13,observed_local_daily_rank_date,full_local_kospi200_daily_universe_files,309,sc_v1_3_low_drag,ee_v1_0_rc_sc_v1_3_low_drag_1d_3955d197ec26,4,first_top5_supplemental_slot_with_complete_market_cap_and_liquidity_fields,012450,,4,242471907350.0,2025-05-15,2025-06-13,full_local_daily_price_close_times_volume_rolling_20d,data/historical_kospi200/prices/012450_daily_prices.csv,,not_collected_for_full_local_universe_rank,,dynamic_full_local_universe_rank_slot_resolution_for_as_of_date,true,rank_uses_only_existing_local_price_volume_or_approved_snapshot_values_available_for_the_as_of_date
v1_3_candidate_ticker_mapping_period.v3,evidence_only_generated_artifact_not_for_valuation_scoring_trading_or_production_ranking,rolling_rank_slot_desc_average_traded_value_20d,2025-03-31,2026-05-13,2025-03-31,2026-05-12,2025-06-16,observed_local_daily_rank_date,full_local_kospi200_daily_universe_files,309,sc_v1_3_high_turnover,ee_v1_0_rc_sc_v1_3_high_turnover_1d_5101aca49335,1,highest_20d_average_traded_value_for_requested_as_of_date,005930,삼성전자,1,884554938195.0,2025-05-16,2025-06-16,full_local_daily_price_close_times_volume_rolling_20d,data/historical_kospi200/prices/005930_daily_prices.csv,1660343124672000,available_from_latest_approved_snapshot,2026-05-13,dynamic_full_local_universe_rank_slot_resolution_for_as_of_date,true,rank_uses_only_existing_local_price_volume_or_approved_snapshot_values_available_for_the_as_of_date
v1_3_candidate_ticker_mapping_period.v3,evidence_only_generated_artifact_not_for_valuation_scoring_trading_or_production_ranking,rolling_rank_slot_desc_average_traded_value_20d,2025-03-31,2026-05-13,2025-03-31,2026-05-12,2025-06-16,observed_local_daily_rank_date,full_local_kospi200_daily_universe_files,309,sc_v1_3_missing_liquidity,ee_v1_0_rc_sc_v1_3_missing_liquidity_1d_189794a48a70,2,next_highest_20d_average_traded_value_for_requested_as_of_date,000660,SK하이닉스,2,710308850925.0,2025-05-16,2025-06-16,full_local_daily_price_close_times_volume_rolling_20d,data/historical_kospi200/prices/000660_daily_prices.csv,1408299873240000,available_from_latest_approved_snapshot,2026-05-13,dynamic_full_local_universe_rank_slot_resolution_for_as_of_date,true,rank_uses_only_existing_local_price_volume_or_approved_snapshot_values_available_for_the_as_of_date
v1_3_candidate_ticker_mapping_period.v4,evidence_only_generated_artifact_not_for_valuation_scoring_trading_or_production_ranking,rolling_rank_slot_desc_average_traded_value_20d,2025-03-31,2026-05-13,2025-03-31,2026-05-12,2025-06-16,observed_local_daily_rank_date,full_local_kospi200_daily_universe_files,309,sc_v1_3_low_drag,ee_v1_0_rc_sc_v1_3_low_drag_1d_3955d197ec26,4,first_top5_supplemental_slot_with_complete_market_cap_and_liquidity_fields,012450,,4,251518778450.0,2025-05-16,2025-06-16,full_local_daily_price_close_times_volume_rolling_20d,data/historical_kospi200/prices/012450_daily_prices.csv,,not_collected_for_full_local_universe_rank,,dynamic_full_local_universe_rank_slot_resolution_for_as_of_date,true,rank_uses_only_existing_local_price_volume_or_approved_snapshot_values_available_for_the_as_of_date
v1_3_candidate_ticker_mapping_period.v3,evidence_only_generated_artifact_not_for_valuation_scoring_trading_or_production_ranking,rolling_rank_slot_desc_average_traded_value_20d,2025-03-31,2026-05-13,2025-03-31,2026-05-12,2025-06-17,observed_local_daily_rank_date,full_local_kospi200_daily_universe_files,309,sc_v1_3_high_turnover,ee_v1_0_rc_sc_v1_3_high_turnover_1d_5101aca49335,1,highest_20d_average_traded_value_for_requested_as_of_date,005930,삼성전자,1,938251032230.0,2025-05-19,2025-06-17,full_local_daily_price_close_times_volume_rolling_20d,data/historical_kospi200/prices/005930_daily_prices.csv,1660343124672000,available_from_latest_approved_snapshot,2026-05-13,dynamic_full_local_universe_rank_slot_resolution_for_as_of_date,true,rank_uses_only_existing_local_price_volume_or_approved_snapshot_values_available_for_the_as_of_date
v1_3_candidate_ticker_mapping_period.v3,evidence_only_generated_artifact_not_for_valuation_scoring_trading_or_production_ranking,rolling_rank_slot_desc_average_traded_value_20d,2025-03-31,2026-05-13,2025-03-31,2026-05-12,2025-06-17,observed_local_daily_rank_date,full_local_kospi200_daily_universe_files,309,sc_v1_3_missing_liquidity,ee_v1_0_rc_sc_v1_3_missing_liquidity_1d_189794a48a70,2,next_highest_20d_average_traded_value_for_requested_as_of_date,000660,SK하이닉스,2,748375520900.0,2025-05-19,2025-06-17,full_local_daily_price_close_times_volume_rolling_20d,data/historical_kospi200/prices/000660_daily_prices.csv,1408299873240000,available_from_latest_approved_snapshot,2026-05-13,dynamic_full_local_universe_rank_slot_resolution_for_as_of_date,true,rank_uses_only_existing_local_price_volume_or_approved_snapshot_values_available_for_the_as_of_date
v1_3_candidate_ticker_mapping_period.v4,evidence_only_generated_artifact_not_for_valuation_scoring_trading_or_production_ranking,rolling_rank_slot_desc_average_traded_value_20d,2025-03-31,2026-05-13,2025-03-31,2026-05-12,2025-06-17,observed_local_daily_rank_date,full_local_kospi200_daily_universe_files,309,sc_v1_3_low_drag,ee_v1_0_rc_sc_v1_3_low_drag_1d_3955d197ec26,4,first_top5_supplemental_slot_with_complete_market_cap_and_liquidity_fields,012450,,4,257673203900.0,2025-05-19,2025-06-17,full_local_daily_price_close_times_volume_rolling_20d,data/historical_kospi200/prices/012450_daily_prices.csv,,not_collected_for_full_local_universe_rank,,dynamic_full_local_universe_rank_slot_resolution_for_as_of_date,true,rank_uses_only_existing_local_price_volume_or_approved_snapshot_values_available_for_the_as_of_date
v1_3_candidate_ticker_mapping_period.v3,evidence_only_generated_artifact_not_for_valuation_scoring_trading_or_production_ranking,rolling_rank_slot_desc_average_traded_value_20d,2025-03-31,2026-05-13,2025-03-31,2026-05-12,2025-06-18,observed_local_daily_rank_date,full_local_kospi200_daily_universe_files,309,sc_v1_3_high_turnover,ee_v1_0_rc_sc_v1_3_high_turnover_1d_5101aca49335,1,highest_20d_average_traded_value_for_requested_as_of_date,005930,삼성전자,1,963589067230.0,2025-05-20,2025-06-18,full_local_daily_price_close_times_volume_rolling_20d,data/historical_kospi200/prices/005930_daily_prices.csv,1660343124672000,available_from_latest_approved_snapshot,2026-05-13,dynamic_full_local_universe_rank_slot_resolution_for_as_of_date,true,rank_uses_only_existing_local_price_volume_or_approved_snapshot_values_available_for_the_as_of_date
v1_3_candidate_ticker_mapping_period.v3,evidence_only_generated_artifact_not_for_valuation_scoring_trading_or_production_ranking,rolling_rank_slot_desc_average_traded_value_20d,2025-03-31,2026-05-13,2025-03-31,2026-05-12,2025-06-18,observed_local_daily_rank_date,full_local_kospi200_daily_universe_files,309,sc_v1_3_missing_liquidity,ee_v1_0_rc_sc_v1_3_missing_liquidity_1d_189794a48a70,2,next_highest_20d_average_traded_value_for_requested_as_of_date,000660,SK하이닉스,2,773921608415.0,2025-05-20,2025-06-18,full_local_daily_price_close_times_volume_rolling_20d,data/historical_kospi200/prices/000660_daily_prices.csv,1408299873240000,available_from_latest_approved_snapshot,2026-05-13,dynamic_full_local_universe_rank_slot_resolution_for_as_of_date,true,rank_uses_only_existing_local_price_volume_or_approved_snapshot_values_available_for_the_as_of_date
v1_3_candidate_ticker_mapping_period.v4,evidence_only_generated_artifact_not_for_valuation_scoring_trading_or_production_ranking,rolling_rank_slot_desc_average_traded_value_20d,2025-03-31,2026-05-13,2025-03-31,2026-05-12,2025-06-18,observed_local_daily_rank_date,full_local_kospi200_daily_universe_files,309,sc_v1_3_low_drag,ee_v1_0_rc_sc_v1_3_low_drag_1d_3955d197ec26,4,first_top5_supplemental_slot_with_complete_market_cap_and_liquidity_fields,042660,,4,273571027020.0,2025-05-20,2025-06-18,full_local_daily_price_close_times_volume_rolling_20d,data/historical_kospi200/prices/042660_daily_prices.csv,,not_collected_for_full_local_universe_rank,,dynamic_full_local_universe_rank_slot_resolution_for_as_of_date,true,rank_uses_only_existing_local_price_volume_or_approved_snapshot_values_available_for_the_as_of_date
v1_3_candidate_ticker_mapping_period.v3,evidence_only_generated_artifact_not_for_valuation_scoring_trading_or_production_ranking,rolling_rank_slot_desc_average_traded_value_20d,2025-03-31,2026-05-13,2025-03-31,2026-05-12,2025-06-19,observed_local_daily_rank_date,full_local_kospi200_daily_universe_files,309,sc_v1_3_high_turnover,ee_v1_0_rc_sc_v1_3_high_turnover_1d_5101aca49335,1,highest_20d_average_traded_value_for_requested_as_of_date,005930,삼성전자,1,988162637395.0,2025-05-21,2025-06-19,full_local_daily_price_close_times_volume_rolling_20d,data/historical_kospi200/prices/005930_daily_prices.csv,1660343124672000,available_from_latest_approved_snapshot,2026-05-13,dynamic_full_local_universe_rank_slot_resolution_for_as_of_date,true,rank_uses_only_existing_local_price_volume_or_approved_snapshot_values_available_for_the_as_of_date
v1_3_candidate_ticker_mapping_period.v3,evidence_only_generated_artifact_not_for_valuation_scoring_trading_or_production_ranking,rolling_rank_slot_desc_average_traded_value_20d,2025-03-31,2026-05-13,2025-03-31,2026-05-12,2025-06-19,observed_local_daily_rank_date,full_local_kospi200_daily_universe_files,309,sc_v1_3_missing_liquidity,ee_v1_0_rc_sc_v1_3_missing_liquidity_1d_189794a48a70,2,next_highest_20d_average_traded_value_for_requested_as_of_date,000660,SK하이닉스,2,773942984615.0,2025-05-21,2025-06-19,full_local_daily_price_close_times_volume_rolling_20d,data/historical_kospi200/prices/000660_daily_prices.csv,1408299873240000,available_from_latest_approved_snapshot,2026-05-13,dynamic_full_local_universe_rank_slot_resolution_for_as_of_date,true,rank_uses_only_existing_local_price_volume_or_approved_snapshot_values_available_for_the_as_of_date
v1_3_candidate_ticker_mapping_period.v4,evidence_only_generated_artifact_not_for_valuation_scoring_trading_or_production_ranking,rolling_rank_slot_desc_average_traded_value_20d,2025-03-31,2026-05-13,2025-03-31,2026-05-12,2025-06-19,observed_local_daily_rank_date,full_local_kospi200_daily_universe_files,309,sc_v1_3_low_drag,ee_v1_0_rc_sc_v1_3_low_drag_1d_3955d197ec26,4,first_top5_supplemental_slot_with_complete_market_cap_and_liquidity_fields,042660,,4,284844659800.0,2025-05-21,2025-06-19,full_local_daily_price_close_times_volume_rolling_20d,data/historical_kospi200/prices/042660_daily_prices.csv,,not_collected_for_full_local_universe_rank,,dynamic_full_local_universe_rank_slot_resolution_for_as_of_date,true,rank_uses_only_existing_local_price_volume_or_approved_snapshot_values_available_for_the_as_of_date
v1_3_candidate_ticker_mapping_period.v3,evidence_only_generated_artifact_not_for_valuation_scoring_trading_or_production_ranking,rolling_rank_slot_desc_average_traded_value_20d,2025-03-31,2026-05-13,2025-03-31,2026-05-12,2025-06-20,observed_local_daily_rank_date,full_local_kospi200_daily_universe_files,309,sc_v1_3_high_turnover,ee_v1_0_rc_sc_v1_3_high_turnover_1d_5101aca49335,1,highest_20d_average_traded_value_for_requested_as_of_date,005930,삼성전자,1,1020220790035.0,2025-05-22,2025-06-20,full_local_daily_price_close_times_volume_rolling_20d,data/historical_kospi200/prices/005930_daily_prices.csv,1660343124672000,available_from_latest_approved_snapshot,2026-05-13,dynamic_full_local_universe_rank_slot_resolution_for_as_of_date,true,rank_uses_only_existing_local_price_volume_or_approved_snapshot_values_available_for_the_as_of_date
v1_3_candidate_ticker_mapping_period.v3,evidence_only_generated_artifact_not_for_valuation_scoring_trading_or_production_ranking,rolling_rank_slot_desc_average_traded_value_20d,2025-03-31,2026-05-13,2025-03-31,2026-05-12,2025-06-20,observed_local_daily_rank_date,full_local_kospi200_daily_universe_files,309,sc_v1_3_missing_liquidity,ee_v1_0_rc_sc_v1_3_missing_liquidity_1d_189794a48a70,2,next_highest_20d_average_traded_value_for_requested_as_of_date,000660,SK하이닉스,2,802915060065.0,2025-05-22,2025-06-20,full_local_daily_price_close_times_volume_rolling_20d,data/historical_kospi200/prices/000660_daily_prices.csv,1408299873240000,available_from_latest_approved_snapshot,2026-05-13,dynamic_full_local_universe_rank_slot_resolution_for_as_of_date,true,rank_uses_only_existing_local_price_volume_or_approved_snapshot_values_available_for_the_as_of_date
v1_3_candidate_ticker_mapping_period.v4,evidence_only_generated_artifact_not_for_valuation_scoring_trading_or_production_ranking,rolling_rank_slot_desc_average_traded_value_20d,2025-03-31,2026-05-13,2025-03-31,2026-05-12,2025-06-20,observed_local_daily_rank_date,full_local_kospi200_daily_universe_files,309,sc_v1_3_low_drag,ee_v1_0_rc_sc_v1_3_low_drag_1d_3955d197ec26,4,first_top5_supplemental_slot_with_complete_market_cap_and_liquidity_fields,035420,,4,308720434950.0,2025-05-22,2025-06-20,full_local_daily_price_close_times_volume_rolling_20d,data/historical_kospi200/prices/035420_daily_prices.csv,,not_collected_for_full_local_universe_rank,,dynamic_full_local_universe_rank_slot_resolution_for_as_of_date,true,rank_uses_only_existing_local_price_volume_or_approved_snapshot_values_available_for_the_as_of_date
v1_3_candidate_ticker_mapping_period.v3,evidence_only_generated_artifact_not_for_valuation_scoring_trading_or_production_ranking,rolling_rank_slot_desc_average_traded_value_20d,2025-03-31,2026-05-13,2025-03-31,2026-05-12,2025-06-23,observed_local_daily_rank_date,full_local_kospi200_daily_universe_files,309,sc_v1_3_high_turnover,ee_v1_0_rc_sc_v1_3_high_turnover_1d_5101aca49335,1,highest_20d_average_traded_value_for_requested_as_of_date,005930,삼성전자,1,1026500252305.0,2025-05-23,2025-06-23,full_local_daily_price_close_times_volume_rolling_20d,data/historical_kospi200/prices/005930_daily_prices.csv,1660343124672000,available_from_latest_approved_snapshot,2026-05-13,dynamic_full_local_universe_rank_slot_resolution_for_as_of_date,true,rank_uses_only_existing_local_price_volume_or_approved_snapshot_values_available_for_the_as_of_date
v1_3_candidate_ticker_mapping_period.v3,evidence_only_generated_artifact_not_for_valuation_scoring_trading_or_production_ranking,rolling_rank_slot_desc_average_traded_value_20d,2025-03-31,2026-05-13,2025-03-31,2026-05-12,2025-06-23,observed_local_daily_rank_date,full_local_kospi200_daily_universe_files,309,sc_v1_3_missing_liquidity,ee_v1_0_rc_sc_v1_3_missing_liquidity_1d_189794a48a70,2,next_highest_20d_average_traded_value_for_requested_as_of_date,000660,SK하이닉스,2,827436020650.0,2025-05-23,2025-06-23,full_local_daily_price_close_times_volume_rolling_20d,data/historical_kospi200/prices/000660_daily_prices.csv,1408299873240000,available_from_latest_approved_snapshot,2026-05-13,dynamic_full_local_universe_rank_slot_resolution_for_as_of_date,true,rank_uses_only_existing_local_price_volume_or_approved_snapshot_values_available_for_the_as_of_date
v1_3_candidate_ticker_mapping_period.v4,evidence_only_generated_artifact_not_for_valuation_scoring_trading_or_production_ranking,rolling_rank_slot_desc_average_traded_value_20d,2025-03-31,2026-05-13,2025-03-31,2026-05-12,2025-06-23,observed_local_daily_rank_date,full_local_kospi200_daily_universe_files,309,sc_v1_3_low_drag,ee_v1_0_rc_sc_v1_3_low_drag_1d_3955d197ec26,4,first_top5_supplemental_slot_with_complete_market_cap_and_liquidity_fields,035420,,4,377651388170.0,2025-05-23,2025-06-23,full_local_daily_price_close_times_volume_rolling_20d,data/historical_kospi200/prices/035420_daily_prices.csv,,not_collected_for_full_local_universe_rank,,dynamic_full_local_universe_rank_slot_resolution_for_as_of_date,true,rank_uses_only_existing_local_price_volume_or_approved_snapshot_values_available_for_the_as_of_date
v1_3_candidate_ticker_mapping_period.v3,evidence_only_generated_artifact_not_for_valuation_scoring_trading_or_production_ranking,rolling_rank_slot_desc_average_traded_value_20d,2025-03-31,2026-05-13,2025-03-31,2026-05-12,2025-06-24,observed_local_daily_rank_date,full_local_kospi200_daily_universe_files,309,sc_v1_3_high_turnover,ee_v1_0_rc_sc_v1_3_high_turnover_1d_5101aca49335,1,highest_20d_average_traded_value_for_requested_as_of_date,005930,삼성전자,1,1067827715130.0,2025-05-26,2025-06-24,full_local_daily_price_close_times_volume_rolling_20d,data/historical_kospi200/prices/005930_daily_prices.csv,1660343124672000,available_from_latest_approved_snapshot,2026-05-13,dynamic_full_local_universe_rank_slot_resolution_for_as_of_date,true,rank_uses_only_existing_local_price_volume_or_approved_snapshot_values_available_for_the_as_of_date
v1_3_candidate_ticker_mapping_period.v3,evidence_only_generated_artifact_not_for_valuation_scoring_trading_or_production_ranking,rolling_rank_slot_desc_average_traded_value_20d,2025-03-31,2026-05-13,2025-03-31,2026-05-12,2025-06-24,observed_local_daily_rank_date,full_local_kospi200_daily_universe_files,309,sc_v1_3_missing_liquidity,ee_v1_0_rc_sc_v1_3_missing_liquidity_1d_189794a48a70,2,next_highest_20d_average_traded_value_for_requested_as_of_date,000660,SK하이닉스,2,887749655250.0,2025-05-26,2025-06-24,full_local_daily_price_close_times_volume_rolling_20d,data/historical_kospi200/prices/000660_daily_prices.csv,1408299873240000,available_from_latest_approved_snapshot,2026-05-13,dynamic_full_local_universe_rank_slot_resolution_for_as_of_date,true,rank_uses_only_existing_local_price_volume_or_approved_snapshot_values_available_for_the_as_of_date
v1_3_candidate_ticker_mapping_period.v4,evidence_only_generated_artifact_not_for_valuation_scoring_trading_or_production_ranking,rolling_rank_slot_desc_average_traded_value_20d,2025-03-31,2026-05-13,2025-03-31,2026-05-12,2025-06-24,observed_local_daily_rank_date,full_local_kospi200_daily_universe_files,309,sc_v1_3_low_drag,ee_v1_0_rc_sc_v1_3_low_drag_1d_3955d197ec26,4,first_top5_supplemental_slot_with_complete_market_cap_and_liquidity_fields,035420,,4,438140302725.0,2025-05-26,2025-06-24,full_local_daily_price_close_times_volume_rolling_20d,data/historical_kospi200/prices/035420_daily_prices.csv,,not_collected_for_full_local_universe_rank,,dynamic_full_local_universe_rank_slot_resolution_for_as_of_date,true,rank_uses_only_existing_local_price_volume_or_approved_snapshot_values_available_for_the_as_of_date
v1_3_candidate_ticker_mapping_period.v3,evidence_only_generated_artifact_not_for_valuation_scoring_trading_or_production_ranking,rolling_rank_slot_desc_average_traded_value_20d,2025-03-31,2026-05-13,2025-03-31,2026-05-12,2025-06-25,observed_local_daily_rank_date,full_local_kospi200_daily_universe_files,309,sc_v1_3_high_turnover,ee_v1_0_rc_sc_v1_3_high_turnover_1d_5101aca49335,1,highest_20d_average_traded_value_for_requested_as_of_date,005930,삼성전자,1,1111369079215.0,2025-05-27,2025-06-25,full_local_daily_price_close_times_volume_rolling_20d,data/historical_kospi200/prices/005930_daily_prices.csv,1660343124672000,available_from_latest_approved_snapshot,2026-05-13,dynamic_full_local_universe_rank_slot_resolution_for_as_of_date,true,rank_uses_only_existing_local_price_volume_or_approved_snapshot_values_available_for_the_as_of_date
v1_3_candidate_ticker_mapping_period.v3,evidence_only_generated_artifact_not_for_valuation_scoring_trading_or_production_ranking,rolling_rank_slot_desc_average_traded_value_20d,2025-03-31,2026-05-13,2025-03-31,2026-05-12,2025-06-25,observed_local_daily_rank_date,full_local_kospi200_daily_universe_files,309,sc_v1_3_missing_liquidity,ee_v1_0_rc_sc_v1_3_missing_liquidity_1d_189794a48a70,2,next_highest_20d_average_traded_value_for_requested_as_of_date,000660,SK하이닉스,2,951103037100.0,2025-05-27,2025-06-25,full_local_daily_price_close_times_volume_rolling_20d,data/historical_kospi200/prices/000660_daily_prices.csv,1408299873240000,available_from_latest_approved_snapshot,2026-05-13,dynamic_full_local_universe_rank_slot_resolution_for_as_of_date,true,rank_uses_only_existing_local_price_volume_or_approved_snapshot_values_available_for_the_as_of_date
v1_3_candidate_ticker_mapping_period.v4,evidence_only_generated_artifact_not_for_valuation_scoring_trading_or_production_ranking,rolling_rank_slot_desc_average_traded_value_20d,2025-03-31,2026-05-13,2025-03-31,2026-05-12,2025-06-25,observed_local_daily_rank_date,full_local_kospi200_daily_universe_files,309,sc_v1_3_low_drag,ee_v1_0_rc_sc_v1_3_low_drag_1d_3955d197ec26,4,first_top5_supplemental_slot_with_complete_market_cap_and_liquidity_fields,035420,,4,474275935800.0,2025-05-27,2025-06-25,full_local_daily_price_close_times_volume_rolling_20d,data/historical_kospi200/prices/035420_daily_prices.csv,,not_collected_for_full_local_universe_rank,,dynamic_full_local_universe_rank_slot_resolution_for_as_of_date,true,rank_uses_only_existing_local_price_volume_or_approved_snapshot_values_available_for_the_as_of_date
v1_3_candidate_ticker_mapping_period.v3,evidence_only_generated_artifact_not_for_valuation_scoring_trading_or_production_ranking,rolling_rank_slot_desc_average_traded_value_20d,2025-03-31,2026-05-13,2025-03-31,2026-05-12,2025-06-26,observed_local_daily_rank_date,full_local_kospi200_daily_universe_files,309,sc_v1_3_high_turnover,ee_v1_0_rc_sc_v1_3_high_turnover_1d_5101aca49335,1,highest_20d_average_traded_value_for_requested_as_of_date,005930,삼성전자,1,1133550495815.0,2025-05-28,2025-06-26,full_local_daily_price_close_times_volume_rolling_20d,data/historical_kospi200/prices/005930_daily_prices.csv,1660343124672000,available_from_latest_approved_snapshot,2026-05-13,dynamic_full_local_universe_rank_slot_resolution_for_as_of_date,true,rank_uses_only_existing_local_price_volume_or_approved_snapshot_values_available_for_the_as_of_date
v1_3_candidate_ticker_mapping_period.v3,evidence_only_generated_artifact_not_for_valuation_scoring_trading_or_production_ranking,rolling_rank_slot_desc_average_traded_value_20d,2025-03-31,2026-05-13,2025-03-31,2026-05-12,2025-06-26,observed_local_daily_rank_date,full_local_kospi200_daily_universe_files,309,sc_v1_3_missing_liquidity,ee_v1_0_rc_sc_v1_3_missing_liquidity_1d_189794a48a70,2,next_highest_20d_average_traded_value_for_requested_as_of_date,000660,SK하이닉스,2,1023023155600.0,2025-05-28,2025-06-26,full_local_daily_price_close_times_volume_rolling_20d,data/historical_kospi200/prices/000660_daily_prices.csv,1408299873240000,available_from_latest_approved_snapshot,2026-05-13,dynamic_full_local_universe_rank_slot_resolution_for_as_of_date,true,rank_uses_only_existing_local_price_volume_or_approved_snapshot_values_available_for_the_as_of_date
v1_3_candidate_ticker_mapping_period.v4,evidence_only_generated_artifact_not_for_valuation_scoring_trading_or_production_ranking,rolling_rank_slot_desc_average_traded_value_20d,2025-03-31,2026-05-13,2025-03-31,2026-05-12,2025-06-26,observed_local_daily_rank_date,full_local_kospi200_daily_universe_files,309,sc_v1_3_low_drag,ee_v1_0_rc_sc_v1_3_low_drag_1d_3955d197ec26,4,first_top5_supplemental_slot_with_complete_market_cap_and_liquidity_fields,035420,,4,524438724450.0,2025-05-28,2025-06-26,full_local_daily_price_close_times_volume_rolling_20d,data/historical_kospi200/prices/035420_daily_prices.csv,,not_collected_for_full_local_universe_rank,,dynamic_full_local_universe_rank_slot_resolution_for_as_of_date,true,rank_uses_only_existing_local_price_volume_or_approved_snapshot_values_available_for_the_as_of_date
v1_3_candidate_ticker_mapping_period.v3,evidence_only_generated_artifact_not_for_valuation_scoring_trading_or_production_ranking,rolling_rank_slot_desc_average_traded_value_20d,2025-03-31,2026-05-13,2025-03-31,2026-05-12,2025-06-27,observed_local_daily_rank_date,full_local_kospi200_daily_universe_files,309,sc_v1_3_high_turnover,ee_v1_0_rc_sc_v1_3_high_turnover_1d_5101aca49335,1,highest_20d_average_traded_value_for_requested_as_of_date,005930,삼성전자,1,1137307513630.0,2025-05-29,2025-06-27,full_local_daily_price_close_times_volume_rolling_20d,data/historical_kospi200/prices/005930_daily_prices.csv,1660343124672000,available_from_latest_approved_snapshot,2026-05-13,dynamic_full_local_universe_rank_slot_resolution_for_as_of_date,true,rank_uses_only_existing_local_price_volume_or_approved_snapshot_values_available_for_the_as_of_date
v1_3_candidate_ticker_mapping_period.v3,evidence_only_generated_artifact_not_for_valuation_scoring_trading_or_production_ranking,rolling_rank_slot_desc_average_traded_value_20d,2025-03-31,2026-05-13,2025-03-31,2026-05-12,2025-06-27,observed_local_daily_rank_date,full_local_kospi200_daily_universe_files,309,sc_v1_3_missing_liquidity,ee_v1_0_rc_sc_v1_3_missing_liquidity_1d_189794a48a70,2,next_highest_20d_average_traded_value_for_requested_as_of_date,000660,SK하이닉스,2,1063061855000.0,2025-05-29,2025-06-27,full_local_daily_price_close_times_volume_rolling_20d,data/historical_kospi200/prices/000660_daily_prices.csv,1408299873240000,available_from_latest_approved_snapshot,2026-05-13,dynamic_full_local_universe_rank_slot_resolution_for_as_of_date,true,rank_uses_only_existing_local_price_volume_or_approved_snapshot_values_available_for_the_as_of_date
v1_3_candidate_ticker_mapping_period.v4,evidence_only_generated_artifact_not_for_valuation_scoring_trading_or_production_ranking,rolling_rank_slot_desc_average_traded_value_20d,2025-03-31,2026-05-13,2025-03-31,2026-05-12,2025-06-27,observed_local_daily_rank_date,full_local_kospi200_daily_universe_files,309,sc_v1_3_low_drag,ee_v1_0_rc_sc_v1_3_low_drag_1d_3955d197ec26,4,first_top5_supplemental_slot_with_complete_market_cap_and_liquidity_fields,035420,,4,547440303760.0,2025-05-29,2025-06-27,full_local_daily_price_close_times_volume_rolling_20d,data/historical_kospi200/prices/035420_daily_prices.csv,,not_collected_for_full_local_universe_rank,,dynamic_full_local_universe_rank_slot_resolution_for_as_of_date,true,rank_uses_only_existing_local_price_volume_or_approved_snapshot_values_available_for_the_as_of_date
v1_3_candidate_ticker_mapping_period.v3,evidence_only_generated_artifact_not_for_valuation_scoring_trading_or_production_ranking,rolling_rank_slot_desc_average_traded_value_20d,2025-03-31,2026-05-13,2025-03-31,2026-05-12,2025-06-30,observed_local_daily_rank_date,full_local_kospi200_daily_universe_files,309,sc_v1_3_high_turnover,ee_v1_0_rc_sc_v1_3_high_turnover_1d_5101aca49335,1,highest_20d_average_traded_value_for_requested_as_of_date,005930,삼성전자,1,1152179540640.0,2025-05-30,2025-06-30,full_local_daily_price_close_times_volume_rolling_20d,data/historical_kospi200/prices/005930_daily_prices.csv,1660343124672000,available_from_latest_approved_snapshot,2026-05-13,dynamic_full_local_universe_rank_slot_resolution_for_as_of_date,true,rank_uses_only_existing_local_price_volume_or_approved_snapshot_values_available_for_the_as_of_date
v1_3_candidate_ticker_mapping_period.v3,evidence_only_generated_artifact_not_for_valuation_scoring_trading_or_production_ranking,rolling_rank_slot_desc_average_traded_value_20d,2025-03-31,2026-05-13,2025-03-31,2026-05-12,2025-06-30,observed_local_daily_rank_date,full_local_kospi200_daily_universe_files,309,sc_v1_3_missing_liquidity,ee_v1_0_rc_sc_v1_3_missing_liquidity_1d_189794a48a70,2,next_highest_20d_average_traded_value_for_requested_as_of_date,000660,SK하이닉스,2,1086367702400.0,2025-05-30,2025-06-30,full_local_daily_price_close_times_volume_rolling_20d,data/historical_kospi200/prices/000660_daily_prices.csv,1408299873240000,available_from_latest_approved_snapshot,2026-05-13,dynamic_full_local_universe_rank_slot_resolution_for_as_of_date,true,rank_uses_only_existing_local_price_volume_or_approved_snapshot_values_available_for_the_as_of_date
v1_3_candidate_ticker_mapping_period.v4,evidence_only_generated_artifact_not_for_valuation_scoring_trading_or_production_ranking,rolling_rank_slot_desc_average_traded_value_20d,2025-03-31,2026-05-13,2025-03-31,2026-05-12,2025-06-30,observed_local_daily_rank_date,full_local_kospi200_daily_universe_files,309,sc_v1_3_low_drag,ee_v1_0_rc_sc_v1_3_low_drag_1d_3955d197ec26,4,first_top5_supplemental_slot_with_complete_market_cap_and_liquidity_fields,035420,,4,570431205325.0,2025-05-30,2025-06-30,full_local_daily_price_close_times_volume_rolling_20d,data/historical_kospi200/prices/035420_daily_prices.csv,,not_collected_for_full_local_universe_rank,,dynamic_full_local_universe_rank_slot_resolution_for_as_of_date,true,rank_uses_only_existing_local_price_volume_or_approved_snapshot_values_available_for_the_as_of_date
v1_3_candidate_ticker_mapping_period.v3,evidence_only_generated_artifact_not_for_valuation_scoring_trading_or_production_ranking,rolling_rank_slot_desc_average_traded_value_20d,2025-03-31,2026-05-13,2025-03-31,2026-05-12,2025-07-01,observed_local_daily_rank_date,full_local_kospi200_daily_universe_files,309,sc_v1_3_high_turnover,ee_v1_0_rc_sc_v1_3_high_turnover_1d_5101aca49335,1,highest_20d_average_traded_value_for_requested_as_of_date,005930,삼성전자,1,1119591714320.0,2025-06-02,2025-07-01,full_local_daily_price_close_times_volume_rolling_20d,data/historical_kospi200/prices/005930_daily_prices.csv,1660343124672000,available_from_latest_approved_snapshot,2026-05-13,dynamic_full_local_universe_rank_slot_resolution_for_as_of_date,true,rank_uses_only_existing_local_price_volume_or_approved_snapshot_values_available_for_the_as_of_date
v1_3_candidate_ticker_mapping_period.v3,evidence_only_generated_artifact_not_for_valuation_scoring_trading_or_production_ranking,rolling_rank_slot_desc_average_traded_value_20d,2025-03-31,2026-05-13,2025-03-31,2026-05-12,2025-07-01,observed_local_daily_rank_date,full_local_kospi200_daily_universe_files,309,sc_v1_3_missing_liquidity,ee_v1_0_rc_sc_v1_3_missing_liquidity_1d_189794a48a70,2,next_highest_20d_average_traded_value_for_requested_as_of_date,000660,SK하이닉스,2,1089661359875.0,2025-06-02,2025-07-01,full_local_daily_price_close_times_volume_rolling_20d,data/historical_kospi200/prices/000660_daily_prices.csv,1408299873240000,available_from_latest_approved_snapshot,2026-05-13,dynamic_full_local_universe_rank_slot_resolution_for_as_of_date,true,rank_uses_only_existing_local_price_volume_or_approved_snapshot_values_available_for_the_as_of_date
v1_3_candidate_ticker_mapping_period.v4,evidence_only_generated_artifact_not_for_valuation_scoring_trading_or_production_ranking,rolling_rank_slot_desc_average_traded_value_20d,2025-03-31,2026-05-13,2025-03-31,2026-05-12,2025-07-01,observed_local_daily_rank_date,full_local_kospi200_daily_universe_files,309,sc_v1_3_low_drag,ee_v1_0_rc_sc_v1_3_low_drag_1d_3955d197ec26,4,first_top5_supplemental_slot_with_complete_market_cap_and_liquidity_fields,035420,,4,584623434125.0,2025-06-02,2025-07-01,full_local_daily_price_close_times_volume_rolling_20d,data/historical_kospi200/prices/035420_daily_prices.csv,,not_collected_for_full_local_universe_rank,,dynamic_full_local_universe_rank_slot_resolution_for_as_of_date,true,rank_uses_only_existing_local_price_volume_or_approved_snapshot_values_available_for_the_as_of_date
v1_3_candidate_ticker_mapping_period.v3,evidence_only_generated_artifact_not_for_valuation_scoring_trading_or_production_ranking,rolling_rank_slot_desc_average_traded_value_20d,2025-03-31,2026-05-13,2025-03-31,2026-05-12,2025-07-02,observed_local_daily_rank_date,full_local_kospi200_daily_universe_files,309,sc_v1_3_high_turnover,ee_v1_0_rc_sc_v1_3_high_turnover_1d_5101aca49335,1,highest_20d_average_traded_value_for_requested_as_of_date,000660,SK하이닉스,1,1136831614075.0,2025-06-04,2025-07-02,full_local_daily_price_close_times_volume_rolling_20d,data/historical_kospi200/prices/000660_daily_prices.csv,1408299873240000,available_from_latest_approved_snapshot,2026-05-13,dynamic_full_local_universe_rank_slot_resolution_for_as_of_date,true,rank_uses_only_existing_local_price_volume_or_approved_snapshot_values_available_for_the_as_of_date
v1_3_candidate_ticker_mapping_period.v3,evidence_only_generated_artifact_not_for_valuation_scoring_trading_or_production_ranking,rolling_rank_slot_desc_average_traded_value_20d,2025-03-31,2026-05-13,2025-03-31,2026-05-12,2025-07-02,observed_local_daily_rank_date,full_local_kospi200_daily_universe_files,309,sc_v1_3_missing_liquidity,ee_v1_0_rc_sc_v1_3_missing_liquidity_1d_189794a48a70,2,next_highest_20d_average_traded_value_for_requested_as_of_date,005930,삼성전자,2,1128785222760.0,2025-06-04,2025-07-02,full_local_daily_price_close_times_volume_rolling_20d,data/historical_kospi200/prices/005930_daily_prices.csv,1660343124672000,available_from_latest_approved_snapshot,2026-05-13,dynamic_full_local_universe_rank_slot_resolution_for_as_of_date,true,rank_uses_only_existing_local_price_volume_or_approved_snapshot_values_available_for_the_as_of_date
v1_3_candidate_ticker_mapping_period.v4,evidence_only_generated_artifact_not_for_valuation_scoring_trading_or_production_ranking,rolling_rank_slot_desc_average_traded_value_20d,2025-03-31,2026-05-13,2025-03-31,2026-05-12,2025-07-02,observed_local_daily_rank_date,full_local_kospi200_daily_universe_files,309,sc_v1_3_low_drag,ee_v1_0_rc_sc_v1_3_low_drag_1d_3955d197ec26,4,first_top5_supplemental_slot_with_complete_market_cap_and_liquidity_fields,035420,,4,604389239500.0,2025-06-04,2025-07-02,full_local_daily_price_close_times_volume_rolling_20d,data/historical_kospi200/prices/035420_daily_prices.csv,,not_collected_for_full_local_universe_rank,,dynamic_full_local_universe_rank_slot_resolution_for_as_of_date,true,rank_uses_only_existing_local_price_volume_or_approved_snapshot_values_available_for_the_as_of_date
v1_3_candidate_ticker_mapping_period.v3,evidence_only_generated_artifact_not_for_valuation_scoring_trading_or_production_ranking,rolling_rank_slot_desc_average_traded_value_20d,2025-03-31,2026-05-13,2025-03-31,2026-05-12,2025-07-03,observed_local_daily_rank_date,full_local_kospi200_daily_universe_files,309,sc_v1_3_high_turnover,ee_v1_0_rc_sc_v1_3_high_turnover_1d_5101aca49335,1,highest_20d_average_traded_value_for_requested_as_of_date,005930,삼성전자,1,1174206410300.0,2025-06-05,2025-07-03,full_local_daily_price_close_times_volume_rolling_20d,data/historical_kospi200/prices/005930_daily_prices.csv,1660343124672000,available_from_latest_approved_snapshot,2026-05-13,dynamic_full_local_universe_rank_slot_resolution_for_as_of_date,true,rank_uses_only_existing_local_price_volume_or_approved_snapshot_values_available_for_the_as_of_date
v1_3_candidate_ticker_mapping_period.v3,evidence_only_generated_artifact_not_for_valuation_scoring_trading_or_production_ranking,rolling_rank_slot_desc_average_traded_value_20d,2025-03-31,2026-05-13,2025-03-31,2026-05-12,2025-07-03,observed_local_daily_rank_date,full_local_kospi200_daily_universe_files,309,sc_v1_3_missing_liquidity,ee_v1_0_rc_sc_v1_3_missing_liquidity_1d_189794a48a70,2,next_highest_20d_average_traded_value_for_requested_as_of_date,000660,SK하이닉스,2,1131991583825.0,2025-06-05,2025-07-03,full_local_daily_price_close_times_volume_rolling_20d,data/historical_kospi200/prices/000660_daily_prices.csv,1408299873240000,available_from_latest_approved_snapshot,2026-05-13,dynamic_full_local_universe_rank_slot_resolution_for_as_of_date,true,rank_uses_only_existing_local_price_volume_or_approved_snapshot_values_available_for_the_as_of_date
v1_3_candidate_ticker_mapping_period.v4,evidence_only_generated_artifact_not_for_valuation_scoring_trading_or_production_ranking,rolling_rank_slot_desc_average_traded_value_20d,2025-03-31,2026-05-13,2025-03-31,2026-05-12,2025-07-03,observed_local_daily_rank_date,full_local_kospi200_daily_universe_files,309,sc_v1_3_low_drag,ee_v1_0_rc_sc_v1_3_low_drag_1d_3955d197ec26,4,first_top5_supplemental_slot_with_complete_market_cap_and_liquidity_fields,035420,,4,612088709025.0,2025-06-05,2025-07-03,full_local_daily_price_close_times_volume_rolling_20d,data/historical_kospi200/prices/035420_daily_prices.csv,,not_collected_for_full_local_universe_rank,,dynamic_full_local_universe_rank_slot_resolution_for_as_of_date,true,rank_uses_only_existing_local_price_volume_or_approved_snapshot_values_available_for_the_as_of_date
v1_3_candidate_ticker_mapping_period.v3,evidence_only_generated_artifact_not_for_valuation_scoring_trading_or_production_ranking,rolling_rank_slot_desc_average_traded_value_20d,2025-03-31,2026-05-13,2025-03-31,2026-05-12,2025-07-04,observed_local_daily_rank_date,full_local_kospi200_daily_universe_files,309,sc_v1_3_high_turnover,ee_v1_0_rc_sc_v1_3_high_turnover_1d_5101aca49335,1,highest_20d_average_traded_value_for_requested_as_of_date,005930,삼성전자,1,1180620755750.0,2025-06-09,2025-07-04,full_local_daily_price_close_times_volume_rolling_20d,data/historical_kospi200/prices/005930_daily_prices.csv,1660343124672000,available_from_latest_approved_snapshot,2026-05-13,dynamic_full_local_universe_rank_slot_resolution_for_as_of_date,true,rank_uses_only_existing_local_price_volume_or_approved_snapshot_values_available_for_the_as_of_date
v1_3_candidate_ticker_mapping_period.v3,evidence_only_generated_artifact_not_for_valuation_scoring_trading_or_production_ranking,rolling_rank_slot_desc_average_traded_value_20d,2025-03-31,2026-05-13,2025-03-31,2026-05-12,2025-07-04,observed_local_daily_rank_date,full_local_kospi200_daily_universe_files,309,sc_v1_3_missing_liquidity,ee_v1_0_rc_sc_v1_3_missing_liquidity_1d_189794a48a70,2,next_highest_20d_average_traded_value_for_requested_as_of_date,000660,SK하이닉스,2,1116673072800.0,2025-06-09,2025-07-04,full_local_daily_price_close_times_volume_rolling_20d,data/historical_kospi200/prices/000660_daily_prices.csv,1408299873240000,available_from_latest_approved_snapshot,2026-05-13,dynamic_full_local_universe_rank_slot_resolution_for_as_of_date,true,rank_uses_only_existing_local_price_volume_or_approved_snapshot_values_available_for_the_as_of_date
v1_3_candidate_ticker_mapping_period.v4,evidence_only_generated_artifact_not_for_valuation_scoring_trading_or_production_ranking,rolling_rank_slot_desc_average_traded_value_20d,2025-03-31,2026-05-13,2025-03-31,2026-05-12,2025-07-04,observed_local_daily_rank_date,full_local_kospi200_daily_universe_files,309,sc_v1_3_low_drag,ee_v1_0_rc_sc_v1_3_low_drag_1d_3955d197ec26,4,first_top5_supplemental_slot_with_complete_market_cap_and_liquidity_fields,035420,,4,614267930585.0,2025-06-09,2025-07-04,full_local_daily_price_close_times_volume_rolling_20d,data/historical_kospi200/prices/035420_daily_prices.csv,,not_collected_for_full_local_universe_rank,,dynamic_full_local_universe_rank_slot_resolution_for_as_of_date,true,rank_uses_only_existing_local_price_volume_or_approved_snapshot_values_available_for_the_as_of_date
v1_3_candidate_ticker_mapping_period.v3,evidence_only_generated_artifact_not_for_valuation_scoring_trading_or_production_ranking,rolling_rank_slot_desc_average_traded_value_20d,2025-03-31,2026-05-13,2025-03-31,2026-05-12,2025-07-07,observed_local_daily_rank_date,full_local_kospi200_daily_universe_files,309,sc_v1_3_high_turnover,ee_v1_0_rc_sc_v1_3_high_turnover_1d_5101aca49335,1,highest_20d_average_traded_value_for_requested_as_of_date,005930,삼성전자,1,1174940999520.0,2025-06-10,2025-07-07,full_local_daily_price_close_times_volume_rolling_20d,data/historical_kospi200/prices/005930_daily_prices.csv,1660343124672000,available_from_latest_approved_snapshot,2026-05-13,dynamic_full_local_universe_rank_slot_resolution_for_as_of_date,true,rank_uses_only_existing_local_price_volume_or_approved_snapshot_values_available_for_the_as_of_date
v1_3_candidate_ticker_mapping_period.v3,evidence_only_generated_artifact_not_for_valuation_scoring_trading_or_production_ranking,rolling_rank_slot_desc_average_traded_value_20d,2025-03-31,2026-05-13,2025-03-31,2026-05-12,2025-07-07,observed_local_daily_rank_date,full_local_kospi200_daily_universe_files,309,sc_v1_3_missing_liquidity,ee_v1_0_rc_sc_v1_3_missing_liquidity_1d_189794a48a70,2,next_highest_20d_average_traded_value_for_requested_as_of_date,000660,SK하이닉스,2,1108890703200.0,2025-06-10,2025-07-07,full_local_daily_price_close_times_volume_rolling_20d,data/historical_kospi200/prices/000660_daily_prices.csv,1408299873240000,available_from_latest_approved_snapshot,2026-05-13,dynamic_full_local_universe_rank_slot_resolution_for_as_of_date,true,rank_uses_only_existing_local_price_volume_or_approved_snapshot_values_available_for_the_as_of_date
v1_3_candidate_ticker_mapping_period.v4,evidence_only_generated_artifact_not_for_valuation_scoring_trading_or_production_ranking,rolling_rank_slot_desc_average_traded_value_20d,2025-03-31,2026-05-13,2025-03-31,2026-05-12,2025-07-07,observed_local_daily_rank_date,full_local_kospi200_daily_universe_files,309,sc_v1_3_low_drag,ee_v1_0_rc_sc_v1_3_low_drag_1d_3955d197ec26,4,first_top5_supplemental_slot_with_complete_market_cap_and_liquidity_fields,035420,,4,615347635235.0,2025-06-10,2025-07-07,full_local_daily_price_close_times_volume_rolling_20d,data/historical_kospi200/prices/035420_daily_prices.csv,,not_collected_for_full_local_universe_rank,,dynamic_full_local_universe_rank_slot_resolution_for_as_of_date,true,rank_uses_only_existing_local_price_volume_or_approved_snapshot_values_available_for_the_as_of_date
v1_3_candidate_ticker_mapping_period.v3,evidence_only_generated_artifact_not_for_valuation_scoring_trading_or_production_ranking,rolling_rank_slot_desc_average_traded_value_20d,2025-03-31,2026-05-13,2025-03-31,2026-05-12,2025-07-08,observed_local_daily_rank_date,full_local_kospi200_daily_universe_files,309,sc_v1_3_high_turnover,ee_v1_0_rc_sc_v1_3_high_turnover_1d_5101aca49335,1,highest_20d_average_traded_value_for_requested_as_of_date,005930,삼성전자,1,1191692082600.0,2025-06-11,2025-07-08,full_local_daily_price_close_times_volume_rolling_20d,data/historical_kospi200/prices/005930_daily_prices.csv,1660343124672000,available_from_latest_approved_snapshot,2026-05-13,dynamic_full_local_universe_rank_slot_resolution_for_as_of_date,true,rank_uses_only_existing_local_price_volume_or_approved_snapshot_values_available_for_the_as_of_date
v1_3_candidate_ticker_mapping_period.v3,evidence_only_generated_artifact_not_for_valuation_scoring_trading_or_production_ranking,rolling_rank_slot_desc_average_traded_value_20d,2025-03-31,2026-05-13,2025-03-31,2026-05-12,2025-07-08,observed_local_daily_rank_date,full_local_kospi200_daily_universe_files,309,sc_v1_3_missing_liquidity,ee_v1_0_rc_sc_v1_3_missing_liquidity_1d_189794a48a70,2,next_highest_20d_average_traded_value_for_requested_as_of_date,000660,SK하이닉스,2,1110016673825.0,2025-06-11,2025-07-08,full_local_daily_price_close_times_volume_rolling_20d,data/historical_kospi200/prices/000660_daily_prices.csv,1408299873240000,available_from_latest_approved_snapshot,2026-05-13,dynamic_full_local_universe_rank_slot_resolution_for_as_of_date,true,rank_uses_only_existing_local_price_volume_or_approved_snapshot_values_available_for_the_as_of_date
v1_3_candidate_ticker_mapping_period.v4,evidence_only_generated_artifact_not_for_valuation_scoring_trading_or_production_ranking,rolling_rank_slot_desc_average_traded_value_20d,2025-03-31,2026-05-13,2025-03-31,2026-05-12,2025-07-08,observed_local_daily_rank_date,full_local_kospi200_daily_universe_files,309,sc_v1_3_low_drag,ee_v1_0_rc_sc_v1_3_low_drag_1d_3955d197ec26,4,first_top5_supplemental_slot_with_complete_market_cap_and_liquidity_fields,035420,,4,617886849935.0,2025-06-11,2025-07-08,full_local_daily_price_close_times_volume_rolling_20d,data/historical_kospi200/prices/035420_daily_prices.csv,,not_collected_for_full_local_universe_rank,,dynamic_full_local_universe_rank_slot_resolution_for_as_of_date,true,rank_uses_only_existing_local_price_volume_or_approved_snapshot_values_available_for_the_as_of_date
v1_3_candidate_ticker_mapping_period.v3,evidence_only_generated_artifact_not_for_valuation_scoring_trading_or_production_ranking,rolling_rank_slot_desc_average_traded_value_20d,2025-03-31,2026-05-13,2025-03-31,2026-05-12,2025-07-09,observed_local_daily_rank_date,full_local_kospi200_daily_universe_files,309,sc_v1_3_high_turnover,ee_v1_0_rc_sc_v1_3_high_turnover_1d_5101aca49335,1,highest_20d_average_traded_value_for_requested_as_of_date,005930,삼성전자,1,1203878847570.0,2025-06-12,2025-07-09,full_local_daily_price_close_times_volume_rolling_20d,data/historical_kospi200/prices/005930_daily_prices.csv,1660343124672000,available_from_latest_approved_snapshot,2026-05-13,dynamic_full_local_universe_rank_slot_resolution_for_as_of_date,true,rank_uses_only_existing_local_price_volume_or_approved_snapshot_values_available_for_the_as_of_date
v1_3_candidate_ticker_mapping_period.v3,evidence_only_generated_artifact_not_for_valuation_scoring_trading_or_production_ranking,rolling_rank_slot_desc_average_traded_value_20d,2025-03-31,2026-05-13,2025-03-31,2026-05-12,2025-07-09,observed_local_daily_rank_date,full_local_kospi200_daily_universe_files,309,sc_v1_3_missing_liquidity,ee_v1_0_rc_sc_v1_3_missing_liquidity_1d_189794a48a70,2,next_highest_20d_average_traded_value_for_requested_as_of_date,000660,SK하이닉스,2,1096153722025.0,2025-06-12,2025-07-09,full_local_daily_price_close_times_volume_rolling_20d,data/historical_kospi200/prices/000660_daily_prices.csv,1408299873240000,available_from_latest_approved_snapshot,2026-05-13,dynamic_full_local_universe_rank_slot_resolution_for_as_of_date,true,rank_uses_only_existing_local_price_volume_or_approved_snapshot_values_available_for_the_as_of_date
v1_3_candidate_ticker_mapping_period.v4,evidence_only_generated_artifact_not_for_valuation_scoring_trading_or_production_ranking,rolling_rank_slot_desc_average_traded_value_20d,2025-03-31,2026-05-13,2025-03-31,2026-05-12,2025-07-09,observed_local_daily_rank_date,full_local_kospi200_daily_universe_files,309,sc_v1_3_low_drag,ee_v1_0_rc_sc_v1_3_low_drag_1d_3955d197ec26,4,first_top5_supplemental_slot_with_complete_market_cap_and_liquidity_fields,035420,,4,624836637685.0,2025-06-12,2025-07-09,full_local_daily_price_close_times_volume_rolling_20d,data/historical_kospi200/prices/035420_daily_prices.csv,,not_collected_for_full_local_universe_rank,,dynamic_full_local_universe_rank_slot_resolution_for_as_of_date,true,rank_uses_only_existing_local_price_volume_or_approved_snapshot_values_available_for_the_as_of_date
v1_3_candidate_ticker_mapping_period.v3,evidence_only_generated_artifact_not_for_valuation_scoring_trading_or_production_ranking,rolling_rank_slot_desc_average_traded_value_20d,2025-03-31,2026-05-13,2025-03-31,2026-05-12,2025-07-10,observed_local_daily_rank_date,full_local_kospi200_daily_universe_files,309,sc_v1_3_high_turnover,ee_v1_0_rc_sc_v1_3_high_turnover_1d_5101aca49335,1,highest_20d_average_traded_value_for_requested_as_of_date,005930,삼성전자,1,1196101223095.0,2025-06-13,2025-07-10,full_local_daily_price_close_times_volume_rolling_20d,data/historical_kospi200/prices/005930_daily_prices.csv,1660343124672000,available_from_latest_approved_snapshot,2026-05-13,dynamic_full_local_universe_rank_slot_resolution_for_as_of_date,true,rank_uses_only_existing_local_price_volume_or_approved_snapshot_values_available_for_the_as_of_date
v1_3_candidate_ticker_mapping_period.v3,evidence_only_generated_artifact_not_for_valuation_scoring_trading_or_production_ranking,rolling_rank_slot_desc_average_traded_value_20d,2025-03-31,2026-05-13,2025-03-31,2026-05-12,2025-07-10,observed_local_daily_rank_date,full_local_kospi200_daily_universe_files,309,sc_v1_3_missing_liquidity,ee_v1_0_rc_sc_v1_3_missing_liquidity_1d_189794a48a70,2,next_highest_20d_average_traded_value_for_requested_as_of_date,000660,SK하이닉스,2,1105004134825.0,2025-06-13,2025-07-10,full_local_daily_price_close_times_volume_rolling_20d,data/historical_kospi200/prices/000660_daily_prices.csv,1408299873240000,available_from_latest_approved_snapshot,2026-05-13,dynamic_full_local_universe_rank_slot_resolution_for_as_of_date,true,rank_uses_only_existing_local_price_volume_or_approved_snapshot_values_available_for_the_as_of_date
v1_3_candidate_ticker_mapping_period.v4,evidence_only_generated_artifact_not_for_valuation_scoring_trading_or_production_ranking,rolling_rank_slot_desc_average_traded_value_20d,2025-03-31,2026-05-13,2025-03-31,2026-05-12,2025-07-10,observed_local_daily_rank_date,full_local_kospi200_daily_universe_files,309,sc_v1_3_low_drag,ee_v1_0_rc_sc_v1_3_low_drag_1d_3955d197ec26,4,first_top5_supplemental_slot_with_complete_market_cap_and_liquidity_fields,035420,,4,641385152500.0,2025-06-13,2025-07-10,full_local_daily_price_close_times_volume_rolling_20d,data/historical_kospi200/prices/035420_daily_prices.csv,,not_collected_for_full_local_universe_rank,,dynamic_full_local_universe_rank_slot_resolution_for_as_of_date,true,rank_uses_only_existing_local_price_volume_or_approved_snapshot_values_available_for_the_as_of_date
v1_3_candidate_ticker_mapping_period.v3,evidence_only_generated_artifact_not_for_valuation_scoring_trading_or_production_ranking,rolling_rank_slot_desc_average_traded_value_20d,2025-03-31,2026-05-13,2025-03-31,2026-05-12,2025-07-11,observed_local_daily_rank_date,full_local_kospi200_daily_universe_files,309,sc_v1_3_high_turnover,ee_v1_0_rc_sc_v1_3_high_turnover_1d_5101aca49335,1,highest_20d_average_traded_value_for_requested_as_of_date,005930,삼성전자,1,1195653528810.0,2025-06-16,2025-07-11,full_local_daily_price_close_times_volume_rolling_20d,data/historical_kospi200/prices/005930_daily_prices.csv,1660343124672000,available_from_latest_approved_snapshot,2026-05-13,dynamic_full_local_universe_rank_slot_resolution_for_as_of_date,true,rank_uses_only_existing_local_price_volume_or_approved_snapshot_values_available_for_the_as_of_date
v1_3_candidate_ticker_mapping_period.v3,evidence_only_generated_artifact_not_for_valuation_scoring_trading_or_production_ranking,rolling_rank_slot_desc_average_traded_value_20d,2025-03-31,2026-05-13,2025-03-31,2026-05-12,2025-07-11,observed_local_daily_rank_date,full_local_kospi200_daily_universe_files,309,sc_v1_3_missing_liquidity,ee_v1_0_rc_sc_v1_3_missing_liquidity_1d_189794a48a70,2,next_highest_20d_average_traded_value_for_requested_as_of_date,000660,SK하이닉스,2,1111681000500.0,2025-06-16,2025-07-11,full_local_daily_price_close_times_volume_rolling_20d,data/historical_kospi200/prices/000660_daily_prices.csv,1408299873240000,available_from_latest_approved_snapshot,2026-05-13,dynamic_full_local_universe_rank_slot_resolution_for_as_of_date,true,rank_uses_only_existing_local_price_volume_or_approved_snapshot_values_available_for_the_as_of_date
v1_3_candidate_ticker_mapping_period.v4,evidence_only_generated_artifact_not_for_valuation_scoring_trading_or_production_ranking,rolling_rank_slot_desc_average_traded_value_20d,2025-03-31,2026-05-13,2025-03-31,2026-05-12,2025-07-11,observed_local_daily_rank_date,full_local_kospi200_daily_universe_files,309,sc_v1_3_low_drag,ee_v1_0_rc_sc_v1_3_low_drag_1d_3955d197ec26,4,first_top5_supplemental_slot_with_complete_market_cap_and_liquidity_fields,035420,,4,646657899925.0,2025-06-16,2025-07-11,full_local_daily_price_close_times_volume_rolling_20d,data/historical_kospi200/prices/035420_daily_prices.csv,,not_collected_for_full_local_universe_rank,,dynamic_full_local_universe_rank_slot_resolution_for_as_of_date,true,rank_uses_only_existing_local_price_volume_or_approved_snapshot_values_available_for_the_as_of_date
v1_3_candidate_ticker_mapping_period.v3,evidence_only_generated_artifact_not_for_valuation_scoring_trading_or_production_ranking,rolling_rank_slot_desc_average_traded_value_20d,2025-03-31,2026-05-13,2025-03-31,2026-05-12,2025-07-14,observed_local_daily_rank_date,full_local_kospi200_daily_universe_files,309,sc_v1_3_high_turnover,ee_v1_0_rc_sc_v1_3_high_turnover_1d_5101aca49335,1,highest_20d_average_traded_value_for_requested_as_of_date,005930,삼성전자,1,1174546053640.0,2025-06-17,2025-07-14,full_local_daily_price_close_times_volume_rolling_20d,data/historical_kospi200/prices/005930_daily_prices.csv,1660343124672000,available_from_latest_approved_snapshot,2026-05-13,dynamic_full_local_universe_rank_slot_resolution_for_as_of_date,true,rank_uses_only_existing_local_price_volume_or_approved_snapshot_values_available_for_the_as_of_date
v1_3_candidate_ticker_mapping_period.v3,evidence_only_generated_artifact_not_for_valuation_scoring_trading_or_production_ranking,rolling_rank_slot_desc_average_traded_value_20d,2025-03-31,2026-05-13,2025-03-31,2026-05-12,2025-07-14,observed_local_daily_rank_date,full_local_kospi200_daily_universe_files,309,sc_v1_3_missing_liquidity,ee_v1_0_rc_sc_v1_3_missing_liquidity_1d_189794a48a70,2,next_highest_20d_average_traded_value_for_requested_as_of_date,000660,SK하이닉스,2,1109102464500.0,2025-06-17,2025-07-14,full_local_daily_price_close_times_volume_rolling_20d,data/historical_kospi200/prices/000660_daily_prices.csv,1408299873240000,available_from_latest_approved_snapshot,2026-05-13,dynamic_full_local_universe_rank_slot_resolution_for_as_of_date,true,rank_uses_only_existing_local_price_volume_or_approved_snapshot_values_available_for_the_as_of_date
v1_3_candidate_ticker_mapping_period.v4,evidence_only_generated_artifact_not_for_valuation_scoring_trading_or_production_ranking,rolling_rank_slot_desc_average_traded_value_20d,2025-03-31,2026-05-13,2025-03-31,2026-05-12,2025-07-14,observed_local_daily_rank_date,full_local_kospi200_daily_universe_files,309,sc_v1_3_low_drag,ee_v1_0_rc_sc_v1_3_low_drag_1d_3955d197ec26,4,first_top5_supplemental_slot_with_complete_market_cap_and_liquidity_fields,035420,,4,649512524975.0,2025-06-17,2025-07-14,full_local_daily_price_close_times_volume_rolling_20d,data/historical_kospi200/prices/035420_daily_prices.csv,,not_collected_for_full_local_universe_rank,,dynamic_full_local_universe_rank_slot_resolution_for_as_of_date,true,rank_uses_only_existing_local_price_volume_or_approved_snapshot_values_available_for_the_as_of_date
v1_3_candidate_ticker_mapping_period.v3,evidence_only_generated_artifact_not_for_valuation_scoring_trading_or_production_ranking,rolling_rank_slot_desc_average_traded_value_20d,2025-03-31,2026-05-13,2025-03-31,2026-05-12,2025-07-15,observed_local_daily_rank_date,full_local_kospi200_daily_universe_files,309,sc_v1_3_high_turnover,ee_v1_0_rc_sc_v1_3_high_turnover_1d_5101aca49335,1,highest_20d_average_traded_value_for_requested_as_of_date,005930,삼성전자,1,1150093973295.0,2025-06-18,2025-07-15,full_local_daily_price_close_times_volume_rolling_20d,data/historical_kospi200/prices/005930_daily_prices.csv,1660343124672000,available_from_latest_approved_snapshot,2026-05-13,dynamic_full_local_universe_rank_slot_resolution_for_as_of_date,true,rank_uses_only_existing_local_price_volume_or_approved_snapshot_values_available_for_the_as_of_date
v1_3_candidate_ticker_mapping_period.v3,evidence_only_generated_artifact_not_for_valuation_scoring_trading_or_production_ranking,rolling_rank_slot_desc_average_traded_value_20d,2025-03-31,2026-05-13,2025-03-31,2026-05-12,2025-07-15,observed_local_daily_rank_date,full_local_kospi200_daily_universe_files,309,sc_v1_3_missing_liquidity,ee_v1_0_rc_sc_v1_3_missing_liquidity_1d_189794a48a70,2,next_highest_20d_average_traded_value_for_requested_as_of_date,000660,SK하이닉스,2,1108924560750.0,2025-06-18,2025-07-15,full_local_daily_price_close_times_volume_rolling_20d,data/historical_kospi200/prices/000660_daily_prices.csv,1408299873240000,available_from_latest_approved_snapshot,2026-05-13,dynamic_full_local_universe_rank_slot_resolution_for_as_of_date,true,rank_uses_only_existing_local_price_volume_or_approved_snapshot_values_available_for_the_as_of_date
v1_3_candidate_ticker_mapping_period.v4,evidence_only_generated_artifact_not_for_valuation_scoring_trading_or_production_ranking,rolling_rank_slot_desc_average_traded_value_20d,2025-03-31,2026-05-13,2025-03-31,2026-05-12,2025-07-15,observed_local_daily_rank_date,full_local_kospi200_daily_universe_files,309,sc_v1_3_low_drag,ee_v1_0_rc_sc_v1_3_low_drag_1d_3955d197ec26,4,first_top5_supplemental_slot_with_complete_market_cap_and_liquidity_fields,035420,,4,650745986000.0,2025-06-18,2025-07-15,full_local_daily_price_close_times_volume_rolling_20d,data/historical_kospi200/prices/035420_daily_prices.csv,,not_collected_for_full_local_universe_rank,,dynamic_full_local_universe_rank_slot_resolution_for_as_of_date,true,rank_uses_only_existing_local_price_volume_or_approved_snapshot_values_available_for_the_as_of_date
v1_3_candidate_ticker_mapping_period.v3,evidence_only_generated_artifact_not_for_valuation_scoring_trading_or_production_ranking,rolling_rank_slot_desc_average_traded_value_20d,2025-03-31,2026-05-13,2025-03-31,2026-05-12,2025-07-16,observed_local_daily_rank_date,full_local_kospi200_daily_universe_files,309,sc_v1_3_high_turnover,ee_v1_0_rc_sc_v1_3_high_turnover_1d_5101aca49335,1,highest_20d_average_traded_value_for_requested_as_of_date,005930,삼성전자,1,1171951070445.0,2025-06-19,2025-07-16,full_local_daily_price_close_times_volume_rolling_20d,data/005930_daily_prices.csv|data/historical_kospi200/prices/005930_daily_prices.csv,1660343124672000,available_from_latest_approved_snapshot,2026-05-13,dynamic_full_local_universe_rank_slot_resolution_for_as_of_date,true,rank_uses_only_existing_local_price_volume_or_approved_snapshot_values_available_for_the_as_of_date
v1_3_candidate_ticker_mapping_period.v3,evidence_only_generated_artifact_not_for_valuation_scoring_trading_or_production_ranking,rolling_rank_slot_desc_average_traded_value_20d,2025-03-31,2026-05-13,2025-03-31,2026-05-12,2025-07-16,observed_local_daily_rank_date,full_local_kospi200_daily_universe_files,309,sc_v1_3_missing_liquidity,ee_v1_0_rc_sc_v1_3_missing_liquidity_1d_189794a48a70,2,next_highest_20d_average_traded_value_for_requested_as_of_date,000660,SK하이닉스,2,1104851019025.0,2025-06-19,2025-07-16,full_local_daily_price_close_times_volume_rolling_20d,data/000660_daily_prices.csv|data/historical_kospi200/prices/000660_daily_prices.csv,1408299873240000,available_from_latest_approved_snapshot,2026-05-13,dynamic_full_local_universe_rank_slot_resolution_for_as_of_date,true,rank_uses_only_existing_local_price_volume_or_approved_snapshot_values_available_for_the_as_of_date
v1_3_candidate_ticker_mapping_period.v4,evidence_only_generated_artifact_not_for_valuation_scoring_trading_or_production_ranking,rolling_rank_slot_desc_average_traded_value_20d,2025-03-31,2026-05-13,2025-03-31,2026-05-12,2025-07-16,observed_local_daily_rank_date,full_local_kospi200_daily_universe_files,309,sc_v1_3_low_drag,ee_v1_0_rc_sc_v1_3_low_drag_1d_3955d197ec26,4,first_top5_supplemental_slot_with_complete_market_cap_and_liquidity_fields,035420,,4,591082359175.0,2025-06-19,2025-07-16,full_local_daily_price_close_times_volume_rolling_20d,data/035420_daily_prices.csv|data/historical_kospi200/prices/035420_daily_prices.csv,,not_collected_for_full_local_universe_rank,,dynamic_full_local_universe_rank_slot_resolution_for_as_of_date,true,rank_uses_only_existing_local_price_volume_or_approved_snapshot_values_available_for_the_as_of_date
v1_3_candidate_ticker_mapping_period.v3,evidence_only_generated_artifact_not_for_valuation_scoring_trading_or_production_ranking,rolling_rank_slot_desc_average_traded_value_20d,2025-03-31,2026-05-13,2025-03-31,2026-05-12,2025-07-17,observed_local_daily_rank_date,full_local_kospi200_daily_universe_files,309,sc_v1_3_high_turnover,ee_v1_0_rc_sc_v1_3_high_turnover_1d_5101aca49335,1,highest_20d_average_traded_value_for_requested_as_of_date,005930,삼성전자,1,1253558645370.0,2025-06-20,2025-07-17,full_local_daily_price_close_times_volume_rolling_20d,data/005930_daily_prices.csv|data/historical_kospi200/prices/005930_daily_prices.csv,1660343124672000,available_from_latest_approved_snapshot,2026-05-13,dynamic_full_local_universe_rank_slot_resolution_for_as_of_date,true,rank_uses_only_existing_local_price_volume_or_approved_snapshot_values_available_for_the_as_of_date
v1_3_candidate_ticker_mapping_period.v3,evidence_only_generated_artifact_not_for_valuation_scoring_trading_or_production_ranking,rolling_rank_slot_desc_average_traded_value_20d,2025-03-31,2026-05-13,2025-03-31,2026-05-12,2025-07-17,observed_local_daily_rank_date,full_local_kospi200_daily_universe_files,309,sc_v1_3_missing_liquidity,ee_v1_0_rc_sc_v1_3_missing_liquidity_1d_189794a48a70,2,next_highest_20d_average_traded_value_for_requested_as_of_date,000660,SK하이닉스,2,1202041267175.0,2025-06-20,2025-07-17,full_local_daily_price_close_times_volume_rolling_20d,data/000660_daily_prices.csv|data/historical_kospi200/prices/000660_daily_prices.csv,1408299873240000,available_from_latest_approved_snapshot,2026-05-13,dynamic_full_local_universe_rank_slot_resolution_for_as_of_date,true,rank_uses_only_existing_local_price_volume_or_approved_snapshot_values_available_for_the_as_of_date
v1_3_candidate_ticker_mapping_period.v4,evidence_only_generated_artifact_not_for_valuation_scoring_trading_or_production_ranking,rolling_rank_slot_desc_average_traded_value_20d,2025-03-31,2026-05-13,2025-03-31,2026-05-12,2025-07-17,observed_local_daily_rank_date,full_local_kospi200_daily_universe_files,309,sc_v1_3_low_drag,ee_v1_0_rc_sc_v1_3_low_drag_1d_3955d197ec26,4,first_top5_supplemental_slot_with_complete_market_cap_and_liquidity_fields,035420,,4,558436249850.0,2025-06-20,2025-07-17,full_local_daily_price_close_times_volume_rolling_20d,data/035420_daily_prices.csv|data/historical_kospi200/prices/035420_daily_prices.csv,,not_collected_for_full_local_universe_rank,,dynamic_full_local_universe_rank_slot_resolution_for_as_of_date,true,rank_uses_only_existing_local_price_volume_or_approved_snapshot_values_available_for_the_as_of_date
v1_3_candidate_ticker_mapping_period.v3,evidence_only_generated_artifact_not_for_valuation_scoring_trading_or_production_ranking,rolling_rank_slot_desc_average_traded_value_20d,2025-03-31,2026-05-13,2025-03-31,2026-05-12,2025-07-18,observed_local_daily_rank_date,full_local_kospi200_daily_universe_files,309,sc_v1_3_high_turnover,ee_v1_0_rc_sc_v1_3_high_turnover_1d_5101aca49335,1,highest_20d_average_traded_value_for_requested_as_of_date,005930,삼성전자,1,1280151085150.0,2025-06-23,2025-07-18,full_local_daily_price_close_times_volume_rolling_20d,data/005930_daily_prices.csv|data/historical_kospi200/prices/005930_daily_prices.csv,1660343124672000,available_from_latest_approved_snapshot,2026-05-13,dynamic_full_local_universe_rank_slot_resolution_for_as_of_date,true,rank_uses_only_existing_local_price_volume_or_approved_snapshot_values_available_for_the_as_of_date
v1_3_candidate_ticker_mapping_period.v3,evidence_only_generated_artifact_not_for_valuation_scoring_trading_or_production_ranking,rolling_rank_slot_desc_average_traded_value_20d,2025-03-31,2026-05-13,2025-03-31,2026-05-12,2025-07-18,observed_local_daily_rank_date,full_local_kospi200_daily_universe_files,309,sc_v1_3_missing_liquidity,ee_v1_0_rc_sc_v1_3_missing_liquidity_1d_189794a48a70,2,next_highest_20d_average_traded_value_for_requested_as_of_date,000660,SK하이닉스,2,1227893876525.0,2025-06-23,2025-07-18,full_local_daily_price_close_times_volume_rolling_20d,data/000660_daily_prices.csv|data/historical_kospi200/prices/000660_daily_prices.csv,1408299873240000,available_from_latest_approved_snapshot,2026-05-13,dynamic_full_local_universe_rank_slot_resolution_for_as_of_date,true,rank_uses_only_existing_local_price_volume_or_approved_snapshot_values_available_for_the_as_of_date
v1_3_candidate_ticker_mapping_period.v4,evidence_only_generated_artifact_not_for_valuation_scoring_trading_or_production_ranking,rolling_rank_slot_desc_average_traded_value_20d,2025-03-31,2026-05-13,2025-03-31,2026-05-12,2025-07-18,observed_local_daily_rank_date,full_local_kospi200_daily_universe_files,309,sc_v1_3_low_drag,ee_v1_0_rc_sc_v1_3_low_drag_1d_3955d197ec26,4,first_top5_supplemental_slot_with_complete_market_cap_and_liquidity_fields,035420,,4,501066408750.0,2025-06-23,2025-07-18,full_local_daily_price_close_times_volume_rolling_20d,data/035420_daily_prices.csv|data/historical_kospi200/prices/035420_daily_prices.csv,,not_collected_for_full_local_universe_rank,,dynamic_full_local_universe_rank_slot_resolution_for_as_of_date,true,rank_uses_only_existing_local_price_volume_or_approved_snapshot_values_available_for_the_as_of_date
v1_3_candidate_ticker_mapping_period.v3,evidence_only_generated_artifact_not_for_valuation_scoring_trading_or_production_ranking,rolling_rank_slot_desc_average_traded_value_20d,2025-03-31,2026-05-13,2025-03-31,2026-05-12,2025-07-21,observed_local_daily_rank_date,full_local_kospi200_daily_universe_files,309,sc_v1_3_high_turnover,ee_v1_0_rc_sc_v1_3_high_turnover_1d_5101aca49335,1,highest_20d_average_traded_value_for_requested_as_of_date,005930,삼성전자,1,1292232644270.0,2025-06-24,2025-07-21,full_local_daily_price_close_times_volume_rolling_20d,data/005930_daily_prices.csv|data/historical_kospi200/prices/005930_daily_prices.csv,1660343124672000,available_from_latest_approved_snapshot,2026-05-13,dynamic_full_local_universe_rank_slot_resolution_for_as_of_date,true,rank_uses_only_existing_local_price_volume_or_approved_snapshot_values_available_for_the_as_of_date
v1_3_candidate_ticker_mapping_period.v3,evidence_only_generated_artifact_not_for_valuation_scoring_trading_or_production_ranking,rolling_rank_slot_desc_average_traded_value_20d,2025-03-31,2026-05-13,2025-03-31,2026-05-12,2025-07-21,observed_local_daily_rank_date,full_local_kospi200_daily_universe_files,309,sc_v1_3_missing_liquidity,ee_v1_0_rc_sc_v1_3_missing_liquidity_1d_189794a48a70,2,next_highest_20d_average_traded_value_for_requested_as_of_date,000660,SK하이닉스,2,1216834416800.0,2025-06-24,2025-07-21,full_local_daily_price_close_times_volume_rolling_20d,data/000660_daily_prices.csv|data/historical_kospi200/prices/000660_daily_prices.csv,1408299873240000,available_from_latest_approved_snapshot,2026-05-13,dynamic_full_local_universe_rank_slot_resolution_for_as_of_date,true,rank_uses_only_existing_local_price_volume_or_approved_snapshot_values_available_for_the_as_of_date
v1_3_candidate_ticker_mapping_period.v4,evidence_only_generated_artifact_not_for_valuation_scoring_trading_or_production_ranking,rolling_rank_slot_desc_average_traded_value_20d,2025-03-31,2026-05-13,2025-03-31,2026-05-12,2025-07-21,observed_local_daily_rank_date,full_local_kospi200_daily_universe_files,309,sc_v1_3_low_drag,ee_v1_0_rc_sc_v1_3_low_drag_1d_3955d197ec26,4,first_top5_supplemental_slot_with_complete_market_cap_and_liquidity_fields,035420,,4,435926833250.0,2025-06-24,2025-07-21,full_local_daily_price_close_times_volume_rolling_20d,data/035420_daily_prices.csv|data/historical_kospi200/prices/035420_daily_prices.csv,,not_collected_for_full_local_universe_rank,,dynamic_full_local_universe_rank_slot_resolution_for_as_of_date,true,rank_uses_only_existing_local_price_volume_or_approved_snapshot_values_available_for_the_as_of_date
v1_3_candidate_ticker_mapping_period.v3,evidence_only_generated_artifact_not_for_valuation_scoring_trading_or_production_ranking,rolling_rank_slot_desc_average_traded_value_20d,2025-03-31,2026-05-13,2025-03-31,2026-05-12,2025-07-22,observed_local_daily_rank_date,full_local_kospi200_daily_universe_files,309,sc_v1_3_high_turnover,ee_v1_0_rc_sc_v1_3_high_turnover_1d_5101aca49335,1,highest_20d_average_traded_value_for_requested_as_of_date,005930,삼성전자,1,1289161219595.0,2025-06-25,2025-07-22,full_local_daily_price_close_times_volume_rolling_20d,data/005930_daily_prices.csv|data/historical_kospi200/prices/005930_daily_prices.csv,1660343124672000,available_from_latest_approved_snapshot,2026-05-13,dynamic_full_local_universe_rank_slot_resolution_for_as_of_date,true,rank_uses_only_existing_local_price_volume_or_approved_snapshot_values_available_for_the_as_of_date
v1_3_candidate_ticker_mapping_period.v3,evidence_only_generated_artifact_not_for_valuation_scoring_trading_or_production_ranking,rolling_rank_slot_desc_average_traded_value_20d,2025-03-31,2026-05-13,2025-03-31,2026-05-12,2025-07-22,observed_local_daily_rank_date,full_local_kospi200_daily_universe_files,309,sc_v1_3_missing_liquidity,ee_v1_0_rc_sc_v1_3_missing_liquidity_1d_189794a48a70,2,next_highest_20d_average_traded_value_for_requested_as_of_date,000660,SK하이닉스,2,1183286365850.0,2025-06-25,2025-07-22,full_local_daily_price_close_times_volume_rolling_20d,data/000660_daily_prices.csv|data/historical_kospi200/prices/000660_daily_prices.csv,1408299873240000,available_from_latest_approved_snapshot,2026-05-13,dynamic_full_local_universe_rank_slot_resolution_for_as_of_date,true,rank_uses_only_existing_local_price_volume_or_approved_snapshot_values_available_for_the_as_of_date
v1_3_candidate_ticker_mapping_period.v4,evidence_only_generated_artifact_not_for_valuation_scoring_trading_or_production_ranking,rolling_rank_slot_desc_average_traded_value_20d,2025-03-31,2026-05-13,2025-03-31,2026-05-12,2025-07-22,observed_local_daily_rank_date,full_local_kospi200_daily_universe_files,309,sc_v1_3_low_drag,ee_v1_0_rc_sc_v1_3_low_drag_1d_3955d197ec26,4,first_top5_supplemental_slot_with_complete_market_cap_and_liquidity_fields,035420,,4,384016418225.0,2025-06-25,2025-07-22,full_local_daily_price_close_times_volume_rolling_20d,data/035420_daily_prices.csv|data/historical_kospi200/prices/035420_daily_prices.csv,,not_collected_for_full_local_universe_rank,,dynamic_full_local_universe_rank_slot_resolution_for_as_of_date,true,rank_uses_only_existing_local_price_volume_or_approved_snapshot_values_available_for_the_as_of_date
v1_3_candidate_ticker_mapping_period.v3,evidence_only_generated_artifact_not_for_valuation_scoring_trading_or_production_ranking,rolling_rank_slot_desc_average_traded_value_20d,2025-03-31,2026-05-13,2025-03-31,2026-05-12,2025-07-23,observed_local_daily_rank_date,full_local_kospi200_daily_universe_files,309,sc_v1_3_high_turnover,ee_v1_0_rc_sc_v1_3_high_turnover_1d_5101aca49335,1,highest_20d_average_traded_value_for_requested_as_of_date,005930,삼성전자,1,1267885731375.0,2025-06-26,2025-07-23,full_local_daily_price_close_times_volume_rolling_20d,data/005930_daily_prices.csv|data/historical_kospi200/prices/005930_daily_prices.csv,1660343124672000,available_from_latest_approved_snapshot,2026-05-13,dynamic_full_local_universe_rank_slot_resolution_for_as_of_date,true,rank_uses_only_existing_local_price_volume_or_approved_snapshot_values_available_for_the_as_of_date
v1_3_candidate_ticker_mapping_period.v3,evidence_only_generated_artifact_not_for_valuation_scoring_trading_or_production_ranking,rolling_rank_slot_desc_average_traded_value_20d,2025-03-31,2026-05-13,2025-03-31,2026-05-12,2025-07-23,observed_local_daily_rank_date,full_local_kospi200_daily_universe_files,309,sc_v1_3_missing_liquidity,ee_v1_0_rc_sc_v1_3_missing_liquidity_1d_189794a48a70,2,next_highest_20d_average_traded_value_for_requested_as_of_date,000660,SK하이닉스,2,1147027967000.0,2025-06-26,2025-07-23,full_local_daily_price_close_times_volume_rolling_20d,data/000660_daily_prices.csv|data/historical_kospi200/prices/000660_daily_prices.csv,1408299873240000,available_from_latest_approved_snapshot,2026-05-13,dynamic_full_local_universe_rank_slot_resolution_for_as_of_date,true,rank_uses_only_existing_local_price_volume_or_approved_snapshot_values_available_for_the_as_of_date
v1_3_candidate_ticker_mapping_period.v4,evidence_only_generated_artifact_not_for_valuation_scoring_trading_or_production_ranking,rolling_rank_slot_desc_average_traded_value_20d,2025-03-31,2026-05-13,2025-03-31,2026-05-12,2025-07-23,observed_local_daily_rank_date,full_local_kospi200_daily_universe_files,309,sc_v1_3_low_drag,ee_v1_0_rc_sc_v1_3_low_drag_1d_3955d197ec26,4,first_top5_supplemental_slot_with_complete_market_cap_and_liquidity_fields,035420,,4,351772996350.0,2025-06-26,2025-07-23,full_local_daily_price_close_times_volume_rolling_20d,data/035420_daily_prices.csv|data/historical_kospi200/prices/035420_daily_prices.csv,,not_collected_for_full_local_universe_rank,,dynamic_full_local_universe_rank_slot_resolution_for_as_of_date,true,rank_uses_only_existing_local_price_volume_or_approved_snapshot_values_available_for_the_as_of_date
v1_3_candidate_ticker_mapping_period.v3,evidence_only_generated_artifact_not_for_valuation_scoring_trading_or_production_ranking,rolling_rank_slot_desc_average_traded_value_20d,2025-03-31,2026-05-13,2025-03-31,2026-05-12,2025-07-24,observed_local_daily_rank_date,full_local_kospi200_daily_universe_files,309,sc_v1_3_high_turnover,ee_v1_0_rc_sc_v1_3_high_turnover_1d_5101aca49335,1,highest_20d_average_traded_value_for_requested_as_of_date,005930,삼성전자,1,1251263445275.0,2025-06-27,2025-07-24,full_local_daily_price_close_times_volume_rolling_20d,data/005930_daily_prices.csv|data/historical_kospi200/prices/005930_daily_prices.csv,1660343124672000,available_from_latest_approved_snapshot,2026-05-13,dynamic_full_local_universe_rank_slot_resolution_for_as_of_date,true,rank_uses_only_existing_local_price_volume_or_approved_snapshot_values_available_for_the_as_of_date
v1_3_candidate_ticker_mapping_period.v3,evidence_only_generated_artifact_not_for_valuation_scoring_trading_or_production_ranking,rolling_rank_slot_desc_average_traded_value_20d,2025-03-31,2026-05-13,2025-03-31,2026-05-12,2025-07-24,observed_local_daily_rank_date,full_local_kospi200_daily_universe_files,309,sc_v1_3_missing_liquidity,ee_v1_0_rc_sc_v1_3_missing_liquidity_1d_189794a48a70,2,next_highest_20d_average_traded_value_for_requested_as_of_date,000660,SK하이닉스,2,1110095339400.0,2025-06-27,2025-07-24,full_local_daily_price_close_times_volume_rolling_20d,data/000660_daily_prices.csv|data/historical_kospi200/prices/000660_daily_prices.csv,1408299873240000,available_from_latest_approved_snapshot,2026-05-13,dynamic_full_local_universe_rank_slot_resolution_for_as_of_date,true,rank_uses_only_existing_local_price_volume_or_approved_snapshot_values_available_for_the_as_of_date
v1_3_candidate_ticker_mapping_period.v4,evidence_only_generated_artifact_not_for_valuation_scoring_trading_or_production_ranking,rolling_rank_slot_desc_average_traded_value_20d,2025-03-31,2026-05-13,2025-03-31,2026-05-12,2025-07-24,observed_local_daily_rank_date,full_local_kospi200_daily_universe_files,309,sc_v1_3_low_drag,ee_v1_0_rc_sc_v1_3_low_drag_1d_3955d197ec26,4,first_top5_supplemental_slot_with_complete_market_cap_and_liquidity_fields,035420,,4,308834045700.0,2025-06-27,2025-07-24,full_local_daily_price_close_times_volume_rolling_20d,data/035420_daily_prices.csv|data/historical_kospi200/prices/035420_daily_prices.csv,,not_collected_for_full_local_universe_rank,,dynamic_full_local_universe_rank_slot_resolution_for_as_of_date,true,rank_uses_only_existing_local_price_volume_or_approved_snapshot_values_available_for_the_as_of_date
v1_3_candidate_ticker_mapping_period.v3,evidence_only_generated_artifact_not_for_valuation_scoring_trading_or_production_ranking,rolling_rank_slot_desc_average_traded_value_20d,2025-03-31,2026-05-13,2025-03-31,2026-05-12,2025-07-25,observed_local_daily_rank_date,full_local_kospi200_daily_universe_files,309,sc_v1_3_high_turnover,ee_v1_0_rc_sc_v1_3_high_turnover_1d_5101aca49335,1,highest_20d_average_traded_value_for_requested_as_of_date,005930,삼성전자,1,1225175014925.0,2025-06-30,2025-07-25,full_local_daily_price_close_times_volume_rolling_20d,data/005930_daily_prices.csv|data/historical_kospi200/prices/005930_daily_prices.csv,1660343124672000,available_from_latest_approved_snapshot,2026-05-13,dynamic_full_local_universe_rank_slot_resolution_for_as_of_date,true,rank_uses_only_existing_local_price_volume_or_approved_snapshot_values_available_for_the_as_of_date
v1_3_candidate_ticker_mapping_period.v3,evidence_only_generated_artifact_not_for_valuation_scoring_trading_or_production_ranking,rolling_rank_slot_desc_average_traded_value_20d,2025-03-31,2026-05-13,2025-03-31,2026-05-12,2025-07-25,observed_local_daily_rank_date,full_local_kospi200_daily_universe_files,309,sc_v1_3_missing_liquidity,ee_v1_0_rc_sc_v1_3_missing_liquidity_1d_189794a48a70,2,next_highest_20d_average_traded_value_for_requested_as_of_date,000660,SK하이닉스,2,1066055422700.0,2025-06-30,2025-07-25,full_local_daily_price_close_times_volume_rolling_20d,data/000660_daily_prices.csv|data/historical_kospi200/prices/000660_daily_prices.csv,1408299873240000,available_from_latest_approved_snapshot,2026-05-13,dynamic_full_local_universe_rank_slot_resolution_for_as_of_date,true,rank_uses_only_existing_local_price_volume_or_approved_snapshot_values_available_for_the_as_of_date
v1_3_candidate_ticker_mapping_period.v4,evidence_only_generated_artifact_not_for_valuation_scoring_trading_or_production_ranking,rolling_rank_slot_desc_average_traded_value_20d,2025-03-31,2026-05-13,2025-03-31,2026-05-12,2025-07-25,observed_local_daily_rank_date,full_local_kospi200_daily_universe_files,309,sc_v1_3_low_drag,ee_v1_0_rc_sc_v1_3_low_drag_1d_3955d197ec26,4,first_top5_supplemental_slot_with_complete_market_cap_and_liquidity_fields,035420,,4,293105291850.0,2025-06-30,2025-07-25,full_local_daily_price_close_times_volume_rolling_20d,data/035420_daily_prices.csv|data/historical_kospi200/prices/035420_daily_prices.csv,,not_collected_for_full_local_universe_rank,,dynamic_full_local_universe_rank_slot_resolution_for_as_of_date,true,rank_uses_only_existing_local_price_volume_or_approved_snapshot_values_available_for_the_as_of_date
v1_3_candidate_ticker_mapping_period.v3,evidence_only_generated_artifact_not_for_valuation_scoring_trading_or_production_ranking,rolling_rank_slot_desc_average_traded_value_20d,2025-03-31,2026-05-13,2025-03-31,2026-05-12,2025-07-28,observed_local_daily_rank_date,full_local_kospi200_daily_universe_files,309,sc_v1_3_high_turnover,ee_v1_0_rc_sc_v1_3_high_turnover_1d_5101aca49335,1,highest_20d_average_traded_value_for_requested_as_of_date,005930,삼성전자,1,1298385635865.0,2025-07-01,2025-07-28,full_local_daily_price_close_times_volume_rolling_20d,data/005930_daily_prices.csv|data/historical_kospi200/prices/005930_daily_prices.csv,1660343124672000,available_from_latest_approved_snapshot,2026-05-13,dynamic_full_local_universe_rank_slot_resolution_for_as_of_date,true,rank_uses_only_existing_local_price_volume_or_approved_snapshot_values_available_for_the_as_of_date
v1_3_candidate_ticker_mapping_period.v3,evidence_only_generated_artifact_not_for_valuation_scoring_trading_or_production_ranking,rolling_rank_slot_desc_average_traded_value_20d,2025-03-31,2026-05-13,2025-03-31,2026-05-12,2025-07-28,observed_local_daily_rank_date,full_local_kospi200_daily_universe_files,309,sc_v1_3_missing_liquidity,ee_v1_0_rc_sc_v1_3_missing_liquidity_1d_189794a48a70,2,next_highest_20d_average_traded_value_for_requested_as_of_date,000660,SK하이닉스,2,1039869448600.0,2025-07-01,2025-07-28,full_local_daily_price_close_times_volume_rolling_20d,data/000660_daily_prices.csv|data/historical_kospi200/prices/000660_daily_prices.csv,1408299873240000,available_from_latest_approved_snapshot,2026-05-13,dynamic_full_local_universe_rank_slot_resolution_for_as_of_date,true,rank_uses_only_existing_local_price_volume_or_approved_snapshot_values_available_for_the_as_of_date
v1_3_candidate_ticker_mapping_period.v4,evidence_only_generated_artifact_not_for_valuation_scoring_trading_or_production_ranking,rolling_rank_slot_desc_average_traded_value_20d,2025-03-31,2026-05-13,2025-03-31,2026-05-12,2025-07-28,observed_local_daily_rank_date,full_local_kospi200_daily_universe_files,309,sc_v1_3_low_drag,ee_v1_0_rc_sc_v1_3_low_drag_1d_3955d197ec26,4,first_top5_supplemental_slot_with_complete_market_cap_and_liquidity_fields,035420,,4,271036788675.0,2025-07-01,2025-07-28,full_local_daily_price_close_times_volume_rolling_20d,data/035420_daily_prices.csv|data/historical_kospi200/prices/035420_daily_prices.csv,,not_collected_for_full_local_universe_rank,,dynamic_full_local_universe_rank_slot_resolution_for_as_of_date,true,rank_uses_only_existing_local_price_volume_or_approved_snapshot_values_available_for_the_as_of_date
v1_3_candidate_ticker_mapping_period.v3,evidence_only_generated_artifact_not_for_valuation_scoring_trading_or_production_ranking,rolling_rank_slot_desc_average_traded_value_20d,2025-03-31,2026-05-13,2025-03-31,2026-05-12,2025-07-29,observed_local_daily_rank_date,full_local_kospi200_daily_universe_files,309,sc_v1_3_high_turnover,ee_v1_0_rc_sc_v1_3_high_turnover_1d_5101aca49335,1,highest_20d_average_traded_value_for_requested_as_of_date,005930,삼성전자,1,1356810171155.0,2025-07-02,2025-07-29,full_local_daily_price_close_times_volume_rolling_20d,data/005930_daily_prices.csv|data/historical_kospi200/prices/005930_daily_prices.csv,1660343124672000,available_from_latest_approved_snapshot,2026-05-13,dynamic_full_local_universe_rank_slot_resolution_for_as_of_date,true,rank_uses_only_existing_local_price_volume_or_approved_snapshot_values_available_for_the_as_of_date
v1_3_candidate_ticker_mapping_period.v3,evidence_only_generated_artifact_not_for_valuation_scoring_trading_or_production_ranking,rolling_rank_slot_desc_average_traded_value_20d,2025-03-31,2026-05-13,2025-03-31,2026-05-12,2025-07-29,observed_local_daily_rank_date,full_local_kospi200_daily_universe_files,309,sc_v1_3_missing_liquidity,ee_v1_0_rc_sc_v1_3_missing_liquidity_1d_189794a48a70,2,next_highest_20d_average_traded_value_for_requested_as_of_date,000660,SK하이닉스,2,1025865842950.0,2025-07-02,2025-07-29,full_local_daily_price_close_times_volume_rolling_20d,data/000660_daily_prices.csv|data/historical_kospi200/prices/000660_daily_prices.csv,1408299873240000,available_from_latest_approved_snapshot,2026-05-13,dynamic_full_local_universe_rank_slot_resolution_for_as_of_date,true,rank_uses_only_existing_local_price_volume_or_approved_snapshot_values_available_for_the_as_of_date
v1_3_candidate_ticker_mapping_period.v4,evidence_only_generated_artifact_not_for_valuation_scoring_trading_or_production_ranking,rolling_rank_slot_desc_average_traded_value_20d,2025-03-31,2026-05-13,2025-03-31,2026-05-12,2025-07-29,observed_local_daily_rank_date,full_local_kospi200_daily_universe_files,309,sc_v1_3_low_drag,ee_v1_0_rc_sc_v1_3_low_drag_1d_3955d197ec26,4,first_top5_supplemental_slot_with_complete_market_cap_and_liquidity_fields,035420,,4,258387641625.0,2025-07-02,2025-07-29,full_local_daily_price_close_times_volume_rolling_20d,data/035420_daily_prices.csv|data/historical_kospi200/prices/035420_daily_prices.csv,,not_collected_for_full_local_universe_rank,,dynamic_full_local_universe_rank_slot_resolution_for_as_of_date,true,rank_uses_only_existing_local_price_volume_or_approved_snapshot_values_available_for_the_as_of_date
v1_3_candidate_ticker_mapping_period.v3,evidence_only_generated_artifact_not_for_valuation_scoring_trading_or_production_ranking,rolling_rank_slot_desc_average_traded_value_20d,2025-03-31,2026-05-13,2025-03-31,2026-05-12,2025-07-30,observed_local_daily_rank_date,full_local_kospi200_daily_universe_files,308,sc_v1_3_high_turnover,ee_v1_0_rc_sc_v1_3_high_turnover_1d_5101aca49335,1,highest_20d_average_traded_value_for_requested_as_of_date,005930,삼성전자,1,1437248441835.0,2025-07-03,2025-07-30,full_local_daily_price_close_times_volume_rolling_20d,data/005930_daily_prices.csv|data/historical_kospi200/prices/005930_daily_prices.csv,1660343124672000,available_from_latest_approved_snapshot,2026-05-13,dynamic_full_local_universe_rank_slot_resolution_for_as_of_date,true,rank_uses_only_existing_local_price_volume_or_approved_snapshot_values_available_for_the_as_of_date
v1_3_candidate_ticker_mapping_period.v3,evidence_only_generated_artifact_not_for_valuation_scoring_trading_or_production_ranking,rolling_rank_slot_desc_average_traded_value_20d,2025-03-31,2026-05-13,2025-03-31,2026-05-12,2025-07-30,observed_local_daily_rank_date,full_local_kospi200_daily_universe_files,308,sc_v1_3_missing_liquidity,ee_v1_0_rc_sc_v1_3_missing_liquidity_1d_189794a48a70,2,next_highest_20d_average_traded_value_for_requested_as_of_date,000660,SK하이닉스,2,992983143975.0,2025-07-03,2025-07-30,full_local_daily_price_close_times_volume_rolling_20d,data/000660_daily_prices.csv|data/historical_kospi200/prices/000660_daily_prices.csv,1408299873240000,available_from_latest_approved_snapshot,2026-05-13,dynamic_full_local_universe_rank_slot_resolution_for_as_of_date,true,rank_uses_only_existing_local_price_volume_or_approved_snapshot_values_available_for_the_as_of_date
v1_3_candidate_ticker_mapping_period.v4,evidence_only_generated_artifact_not_for_valuation_scoring_trading_or_production_ranking,rolling_rank_slot_desc_average_traded_value_20d,2025-03-31,2026-05-13,2025-03-31,2026-05-12,2025-07-30,observed_local_daily_rank_date,full_local_kospi200_daily_universe_files,308,sc_v1_3_low_drag,ee_v1_0_rc_sc_v1_3_low_drag_1d_3955d197ec26,4,first_top5_supplemental_slot_with_complete_market_cap_and_liquidity_fields,042660,,4,246495605520.0,2025-07-03,2025-07-30,full_local_daily_price_close_times_volume_rolling_20d,data/042660_daily_prices.csv|data/historical_kospi200/prices/042660_daily_prices.csv,,not_collected_for_full_local_universe_rank,,dynamic_full_local_universe_rank_slot_resolution_for_as_of_date,true,rank_uses_only_existing_local_price_volume_or_approved_snapshot_values_available_for_the_as_of_date
v1_3_candidate_ticker_mapping_period.v3,evidence_only_generated_artifact_not_for_valuation_scoring_trading_or_production_ranking,rolling_rank_slot_desc_average_traded_value_20d,2025-03-31,2026-05-13,2025-03-31,2026-05-12,2025-07-31,observed_local_daily_rank_date,full_local_kospi200_daily_universe_files,308,sc_v1_3_high_turnover,ee_v1_0_rc_sc_v1_3_high_turnover_1d_5101aca49335,1,highest_20d_average_traded_value_for_requested_as_of_date,005930,삼성전자,1,1429886820465.0,2025-07-04,2025-07-31,full_local_daily_price_close_times_volume_rolling_20d,data/005930_daily_prices.csv|data/historical_kospi200/prices/005930_daily_prices.csv,1660343124672000,available_from_latest_approved_snapshot,2026-05-13,dynamic_full_local_universe_rank_slot_resolution_for_as_of_date,true,rank_uses_only_existing_local_price_volume_or_approved_snapshot_values_available_for_the_as_of_date
v1_3_candidate_ticker_mapping_period.v3,evidence_only_generated_artifact_not_for_valuation_scoring_trading_or_production_ranking,rolling_rank_slot_desc_average_traded_value_20d,2025-03-31,2026-05-13,2025-03-31,2026-05-12,2025-07-31,observed_local_daily_rank_date,full_local_kospi200_daily_universe_files,308,sc_v1_3_missing_liquidity,ee_v1_0_rc_sc_v1_3_missing_liquidity_1d_189794a48a70,2,next_highest_20d_average_traded_value_for_requested_as_of_date,000660,SK하이닉스,2,989754751175.0,2025-07-04,2025-07-31,full_local_daily_price_close_times_volume_rolling_20d,data/000660_daily_prices.csv|data/historical_kospi200/prices/000660_daily_prices.csv,1408299873240000,available_from_latest_approved_snapshot,2026-05-13,dynamic_full_local_universe_rank_slot_resolution_for_as_of_date,true,rank_uses_only_existing_local_price_volume_or_approved_snapshot_values_available_for_the_as_of_date
v1_3_candidate_ticker_mapping_period.v4,evidence_only_generated_artifact_not_for_valuation_scoring_trading_or_production_ranking,rolling_rank_slot_desc_average_traded_value_20d,2025-03-31,2026-05-13,2025-03-31,2026-05-12,2025-07-31,observed_local_daily_rank_date,full_local_kospi200_daily_universe_files,308,sc_v1_3_low_drag,ee_v1_0_rc_sc_v1_3_low_drag_1d_3955d197ec26,4,first_top5_supplemental_slot_with_complete_market_cap_and_liquidity_fields,042660,,4,320750859475.0,2025-07-04,2025-07-31,full_local_daily_price_close_times_volume_rolling_20d,data/042660_daily_prices.csv|data/historical_kospi200/prices/042660_daily_prices.csv,,not_collected_for_full_local_universe_rank,,dynamic_full_local_universe_rank_slot_resolution_for_as_of_date,true,rank_uses_only_existing_local_price_volume_or_approved_snapshot_values_available_for_the_as_of_date
v1_3_candidate_ticker_mapping_period.v3,evidence_only_generated_artifact_not_for_valuation_scoring_trading_or_production_ranking,rolling_rank_slot_desc_average_traded_value_20d,2025-03-31,2026-05-13,2025-03-31,2026-05-12,2025-08-01,observed_local_daily_rank_date,full_local_kospi200_daily_universe_files,308,sc_v1_3_high_turnover,ee_v1_0_rc_sc_v1_3_high_turnover_1d_5101aca49335,1,highest_20d_average_traded_value_for_requested_as_of_date,005930,삼성전자,1,1437534114860.0,2025-07-07,2025-08-01,full_local_daily_price_close_times_volume_rolling_20d,data/005930_daily_prices.csv|data/historical_kospi200/prices/005930_daily_prices.csv,1660343124672000,available_from_latest_approved_snapshot,2026-05-13,dynamic_full_local_universe_rank_slot_resolution_for_as_of_date,true,rank_uses_only_existing_local_price_volume_or_approved_snapshot_values_available_for_the_as_of_date
v1_3_candidate_ticker_mapping_period.v3,evidence_only_generated_artifact_not_for_valuation_scoring_trading_or_production_ranking,rolling_rank_slot_desc_average_traded_value_20d,2025-03-31,2026-05-13,2025-03-31,2026-05-12,2025-08-01,observed_local_daily_rank_date,full_local_kospi200_daily_universe_files,308,sc_v1_3_missing_liquidity,ee_v1_0_rc_sc_v1_3_missing_liquidity_1d_189794a48a70,2,next_highest_20d_average_traded_value_for_requested_as_of_date,000660,SK하이닉스,2,981955164950.0,2025-07-07,2025-08-01,full_local_daily_price_close_times_volume_rolling_20d,data/000660_daily_prices.csv|data/historical_kospi200/prices/000660_daily_prices.csv,1408299873240000,available_from_latest_approved_snapshot,2026-05-13,dynamic_full_local_universe_rank_slot_resolution_for_as_of_date,true,rank_uses_only_existing_local_price_volume_or_approved_snapshot_values_available_for_the_as_of_date
v1_3_candidate_ticker_mapping_period.v4,evidence_only_generated_artifact_not_for_valuation_scoring_trading_or_production_ranking,rolling_rank_slot_desc_average_traded_value_20d,2025-03-31,2026-05-13,2025-03-31,2026-05-12,2025-08-01,observed_local_daily_rank_date,full_local_kospi200_daily_universe_files,308,sc_v1_3_low_drag,ee_v1_0_rc_sc_v1_3_low_drag_1d_3955d197ec26,4,first_top5_supplemental_slot_with_complete_market_cap_and_liquidity_fields,042660,,4,366182259045.0,2025-07-07,2025-08-01,full_local_daily_price_close_times_volume_rolling_20d,data/042660_daily_prices.csv|data/historical_kospi200/prices/042660_daily_prices.csv,,not_collected_for_full_local_universe_rank,,dynamic_full_local_universe_rank_slot_resolution_for_as_of_date,true,rank_uses_only_existing_local_price_volume_or_approved_snapshot_values_available_for_the_as_of_date
v1_3_candidate_ticker_mapping_period.v3,evidence_only_generated_artifact_not_for_valuation_scoring_trading_or_production_ranking,rolling_rank_slot_desc_average_traded_value_20d,2025-03-31,2026-05-13,2025-03-31,2026-05-12,2025-08-04,observed_local_daily_rank_date,full_local_kospi200_daily_universe_files,308,sc_v1_3_high_turnover,ee_v1_0_rc_sc_v1_3_high_turnover_1d_5101aca49335,1,highest_20d_average_traded_value_for_requested_as_of_date,005930,삼성전자,1,1436089541600.0,2025-07-08,2025-08-04,full_local_daily_price_close_times_volume_rolling_20d,data/005930_daily_prices.csv|data/historical_kospi200/prices/005930_daily_prices.csv,1660343124672000,available_from_latest_approved_snapshot,2026-05-13,dynamic_full_local_universe_rank_slot_resolution_for_as_of_date,true,rank_uses_only_existing_local_price_volume_or_approved_snapshot_values_available_for_the_as_of_date
v1_3_candidate_ticker_mapping_period.v3,evidence_only_generated_artifact_not_for_valuation_scoring_trading_or_production_ranking,rolling_rank_slot_desc_average_traded_value_20d,2025-03-31,2026-05-13,2025-03-31,2026-05-12,2025-08-04,observed_local_daily_rank_date,full_local_kospi200_daily_universe_files,308,sc_v1_3_missing_liquidity,ee_v1_0_rc_sc_v1_3_missing_liquidity_1d_189794a48a70,2,next_highest_20d_average_traded_value_for_requested_as_of_date,000660,SK하이닉스,2,977192970950.0,2025-07-08,2025-08-04,full_local_daily_price_close_times_volume_rolling_20d,data/000660_daily_prices.csv|data/historical_kospi200/prices/000660_daily_prices.csv,1408299873240000,available_from_latest_approved_snapshot,2026-05-13,dynamic_full_local_universe_rank_slot_resolution_for_as_of_date,true,rank_uses_only_existing_local_price_volume_or_approved_snapshot_values_available_for_the_as_of_date
v1_3_candidate_ticker_mapping_period.v4,evidence_only_generated_artifact_not_for_valuation_scoring_trading_or_production_ranking,rolling_rank_slot_desc_average_traded_value_20d,2025-03-31,2026-05-13,2025-03-31,2026-05-12,2025-08-04,observed_local_daily_rank_date,full_local_kospi200_daily_universe_files,308,sc_v1_3_low_drag,ee_v1_0_rc_sc_v1_3_low_drag_1d_3955d197ec26,4,first_top5_supplemental_slot_with_complete_market_cap_and_liquidity_fields,042660,,4,390368815345.0,2025-07-08,2025-08-04,full_local_daily_price_close_times_volume_rolling_20d,data/042660_daily_prices.csv|data/historical_kospi200/prices/042660_daily_prices.csv,,not_collected_for_full_local_universe_rank,,dynamic_full_local_universe_rank_slot_resolution_for_as_of_date,true,rank_uses_only_existing_local_price_volume_or_approved_snapshot_values_available_for_the_as_of_date
v1_3_candidate_ticker_mapping_period.v3,evidence_only_generated_artifact_not_for_valuation_scoring_trading_or_production_ranking,rolling_rank_slot_desc_average_traded_value_20d,2025-03-31,2026-05-13,2025-03-31,2026-05-12,2025-08-05,observed_local_daily_rank_date,full_local_kospi200_daily_universe_files,308,sc_v1_3_high_turnover,ee_v1_0_rc_sc_v1_3_high_turnover_1d_5101aca49335,1,highest_20d_average_traded_value_for_requested_as_of_date,005930,삼성전자,1,1424336604905.0,2025-07-09,2025-08-05,full_local_daily_price_close_times_volume_rolling_20d,data/005930_daily_prices.csv|data/historical_kospi200/prices/005930_daily_prices.csv,1660343124672000,available_from_latest_approved_snapshot,2026-05-13,dynamic_full_local_universe_rank_slot_resolution_for_as_of_date,true,rank_uses_only_existing_local_price_volume_or_approved_snapshot_values_available_for_the_as_of_date
v1_3_candidate_ticker_mapping_period.v3,evidence_only_generated_artifact_not_for_valuation_scoring_trading_or_production_ranking,rolling_rank_slot_desc_average_traded_value_20d,2025-03-31,2026-05-13,2025-03-31,2026-05-12,2025-08-05,observed_local_daily_rank_date,full_local_kospi200_daily_universe_files,308,sc_v1_3_missing_liquidity,ee_v1_0_rc_sc_v1_3_missing_liquidity_1d_189794a48a70,2,next_highest_20d_average_traded_value_for_requested_as_of_date,000660,SK하이닉스,2,961116404375.0,2025-07-09,2025-08-05,full_local_daily_price_close_times_volume_rolling_20d,data/000660_daily_prices.csv|data/historical_kospi200/prices/000660_daily_prices.csv,1408299873240000,available_from_latest_approved_snapshot,2026-05-13,dynamic_full_local_universe_rank_slot_resolution_for_as_of_date,true,rank_uses_only_existing_local_price_volume_or_approved_snapshot_values_available_for_the_as_of_date
v1_3_candidate_ticker_mapping_period.v4,evidence_only_generated_artifact_not_for_valuation_scoring_trading_or_production_ranking,rolling_rank_slot_desc_average_traded_value_20d,2025-03-31,2026-05-13,2025-03-31,2026-05-12,2025-08-05,observed_local_daily_rank_date,full_local_kospi200_daily_universe_files,308,sc_v1_3_low_drag,ee_v1_0_rc_sc_v1_3_low_drag_1d_3955d197ec26,4,first_top5_supplemental_slot_with_complete_market_cap_and_liquidity_fields,042660,,4,402297864175.0,2025-07-09,2025-08-05,full_local_daily_price_close_times_volume_rolling_20d,data/042660_daily_prices.csv|data/historical_kospi200/prices/042660_daily_prices.csv,,not_collected_for_full_local_universe_rank,,dynamic_full_local_universe_rank_slot_resolution_for_as_of_date,true,rank_uses_only_existing_local_price_volume_or_approved_snapshot_values_available_for_the_as_of_date
v1_3_candidate_ticker_mapping_period.v3,evidence_only_generated_artifact_not_for_valuation_scoring_trading_or_production_ranking,rolling_rank_slot_desc_average_traded_value_20d,2025-03-31,2026-05-13,2025-03-31,2026-05-12,2025-08-06,observed_local_daily_rank_date,full_local_kospi200_daily_universe_files,308,sc_v1_3_high_turnover,ee_v1_0_rc_sc_v1_3_high_turnover_1d_5101aca49335,1,highest_20d_average_traded_value_for_requested_as_of_date,005930,삼성전자,1,1414531599205.0,2025-07-10,2025-08-06,full_local_daily_price_close_times_volume_rolling_20d,data/005930_daily_prices.csv|data/historical_kospi200/prices/005930_daily_prices.csv,1660343124672000,available_from_latest_approved_snapshot,2026-05-13,dynamic_full_local_universe_rank_slot_resolution_for_as_of_date,true,rank_uses_only_existing_local_price_volume_or_approved_snapshot_values_available_for_the_as_of_date
v1_3_candidate_ticker_mapping_period.v3,evidence_only_generated_artifact_not_for_valuation_scoring_trading_or_production_ranking,rolling_rank_slot_desc_average_traded_value_20d,2025-03-31,2026-05-13,2025-03-31,2026-05-12,2025-08-06,observed_local_daily_rank_date,full_local_kospi200_daily_universe_files,308,sc_v1_3_missing_liquidity,ee_v1_0_rc_sc_v1_3_missing_liquidity_1d_189794a48a70,2,next_highest_20d_average_traded_value_for_requested_as_of_date,000660,SK하이닉스,2,941980479250.0,2025-07-10,2025-08-06,full_local_daily_price_close_times_volume_rolling_20d,data/000660_daily_prices.csv|data/historical_kospi200/prices/000660_daily_prices.csv,1408299873240000,available_from_latest_approved_snapshot,2026-05-13,dynamic_full_local_universe_rank_slot_resolution_for_as_of_date,true,rank_uses_only_existing_local_price_volume_or_approved_snapshot_values_available_for_the_as_of_date
v1_3_candidate_ticker_mapping_period.v4,evidence_only_generated_artifact_not_for_valuation_scoring_trading_or_production_ranking,rolling_rank_slot_desc_average_traded_value_20d,2025-03-31,2026-05-13,2025-03-31,2026-05-12,2025-08-06,observed_local_daily_rank_date,full_local_kospi200_daily_universe_files,308,sc_v1_3_low_drag,ee_v1_0_rc_sc_v1_3_low_drag_1d_3955d197ec26,4,first_top5_supplemental_slot_with_complete_market_cap_and_liquidity_fields,042660,,4,409537442930.0,2025-07-10,2025-08-06,full_local_daily_price_close_times_volume_rolling_20d,data/042660_daily_prices.csv|data/historical_kospi200/prices/042660_daily_prices.csv,,not_collected_for_full_local_universe_rank,,dynamic_full_local_universe_rank_slot_resolution_for_as_of_date,true,rank_uses_only_existing_local_price_volume_or_approved_snapshot_values_available_for_the_as_of_date
v1_3_candidate_ticker_mapping_period.v3,evidence_only_generated_artifact_not_for_valuation_scoring_trading_or_production_ranking,rolling_rank_slot_desc_average_traded_value_20d,2025-03-31,2026-05-13,2025-03-31,2026-05-12,2025-08-07,observed_local_daily_rank_date,full_local_kospi200_daily_universe_files,308,sc_v1_3_high_turnover,ee_v1_0_rc_sc_v1_3_high_turnover_1d_5101aca49335,1,highest_20d_average_traded_value_for_requested_as_of_date,005930,삼성전자,1,1422391707380.0,2025-07-11,2025-08-07,full_local_daily_price_close_times_volume_rolling_20d,data/005930_daily_prices.csv|data/historical_kospi200/prices/005930_daily_prices.csv,1660343124672000,available_from_latest_approved_snapshot,2026-05-13,dynamic_full_local_universe_rank_slot_resolution_for_as_of_date,true,rank_uses_only_existing_local_price_volume_or_approved_snapshot_values_available_for_the_as_of_date
v1_3_candidate_ticker_mapping_period.v3,evidence_only_generated_artifact_not_for_valuation_scoring_trading_or_production_ranking,rolling_rank_slot_desc_average_traded_value_20d,2025-03-31,2026-05-13,2025-03-31,2026-05-12,2025-08-07,observed_local_daily_rank_date,full_local_kospi200_daily_universe_files,308,sc_v1_3_missing_liquidity,ee_v1_0_rc_sc_v1_3_missing_liquidity_1d_189794a48a70,2,next_highest_20d_average_traded_value_for_requested_as_of_date,000660,SK하이닉스,2,910013051800.0,2025-07-11,2025-08-07,full_local_daily_price_close_times_volume_rolling_20d,data/000660_daily_prices.csv|data/historical_kospi200/prices/000660_daily_prices.csv,1408299873240000,available_from_latest_approved_snapshot,2026-05-13,dynamic_full_local_universe_rank_slot_resolution_for_as_of_date,true,rank_uses_only_existing_local_price_volume_or_approved_snapshot_values_available_for_the_as_of_date
v1_3_candidate_ticker_mapping_period.v4,evidence_only_generated_artifact_not_for_valuation_scoring_trading_or_production_ranking,rolling_rank_slot_desc_average_traded_value_20d,2025-03-31,2026-05-13,2025-03-31,2026-05-12,2025-08-07,observed_local_daily_rank_date,full_local_kospi200_daily_universe_files,308,sc_v1_3_low_drag,ee_v1_0_rc_sc_v1_3_low_drag_1d_3955d197ec26,4,first_top5_supplemental_slot_with_complete_market_cap_and_liquidity_fields,042660,,4,424434578600.0,2025-07-11,2025-08-07,full_local_daily_price_close_times_volume_rolling_20d,data/042660_daily_prices.csv|data/historical_kospi200/prices/042660_daily_prices.csv,,not_collected_for_full_local_universe_rank,,dynamic_full_local_universe_rank_slot_resolution_for_as_of_date,true,rank_uses_only_existing_local_price_volume_or_approved_snapshot_values_available_for_the_as_of_date
v1_3_candidate_ticker_mapping_period.v3,evidence_only_generated_artifact_not_for_valuation_scoring_trading_or_production_ranking,rolling_rank_slot_desc_average_traded_value_20d,2025-03-31,2026-05-13,2025-03-31,2026-05-12,2025-08-08,observed_local_daily_rank_date,full_local_kospi200_daily_universe_files,308,sc_v1_3_high_turnover,ee_v1_0_rc_sc_v1_3_high_turnover_1d_5101aca49335,1,highest_20d_average_traded_value_for_requested_as_of_date,005930,삼성전자,1,1442327122400.0,2025-07-14,2025-08-08,full_local_daily_price_close_times_volume_rolling_20d,data/005930_daily_prices.csv|data/historical_kospi200/prices/005930_daily_prices.csv,1660343124672000,available_from_latest_approved_snapshot,2026-05-13,dynamic_full_local_universe_rank_slot_resolution_for_as_of_date,true,rank_uses_only_existing_local_price_volume_or_approved_snapshot_values_available_for_the_as_of_date
v1_3_candidate_ticker_mapping_period.v3,evidence_only_generated_artifact_not_for_valuation_scoring_trading_or_production_ranking,rolling_rank_slot_desc_average_traded_value_20d,2025-03-31,2026-05-13,2025-03-31,2026-05-12,2025-08-08,observed_local_daily_rank_date,full_local_kospi200_daily_universe_files,308,sc_v1_3_missing_liquidity,ee_v1_0_rc_sc_v1_3_missing_liquidity_1d_189794a48a70,2,next_highest_20d_average_traded_value_for_requested_as_of_date,000660,SK하이닉스,2,889373434925.0,2025-07-14,2025-08-08,full_local_daily_price_close_times_volume_rolling_20d,data/000660_daily_prices.csv|data/historical_kospi200/prices/000660_daily_prices.csv,1408299873240000,available_from_latest_approved_snapshot,2026-05-13,dynamic_full_local_universe_rank_slot_resolution_for_as_of_date,true,rank_uses_only_existing_local_price_volume_or_approved_snapshot_values_available_for_the_as_of_date
v1_3_candidate_ticker_mapping_period.v4,evidence_only_generated_artifact_not_for_valuation_scoring_trading_or_production_ranking,rolling_rank_slot_desc_average_traded_value_20d,2025-03-31,2026-05-13,2025-03-31,2026-05-12,2025-08-08,observed_local_daily_rank_date,full_local_kospi200_daily_universe_files,308,sc_v1_3_low_drag,ee_v1_0_rc_sc_v1_3_low_drag_1d_3955d197ec26,4,first_top5_supplemental_slot_with_complete_market_cap_and_liquidity_fields,042660,,4,431742630995.0,2025-07-14,2025-08-08,full_local_daily_price_close_times_volume_rolling_20d,data/042660_daily_prices.csv|data/historical_kospi200/prices/042660_daily_prices.csv,,not_collected_for_full_local_universe_rank,,dynamic_full_local_universe_rank_slot_resolution_for_as_of_date,true,rank_uses_only_existing_local_price_volume_or_approved_snapshot_values_available_for_the_as_of_date
v1_3_candidate_ticker_mapping_period.v3,evidence_only_generated_artifact_not_for_valuation_scoring_trading_or_production_ranking,rolling_rank_slot_desc_average_traded_value_20d,2025-03-31,2026-05-13,2025-03-31,2026-05-12,2025-08-11,observed_local_daily_rank_date,full_local_kospi200_daily_universe_files,308,sc_v1_3_high_turnover,ee_v1_0_rc_sc_v1_3_high_turnover_1d_5101aca49335,1,highest_20d_average_traded_value_for_requested_as_of_date,005930,삼성전자,1,1440247701800.0,2025-07-15,2025-08-11,full_local_daily_price_close_times_volume_rolling_20d,data/005930_daily_prices.csv|data/historical_kospi200/prices/005930_daily_prices.csv,1660343124672000,available_from_latest_approved_snapshot,2026-05-13,dynamic_full_local_universe_rank_slot_resolution_for_as_of_date,true,rank_uses_only_existing_local_price_volume_or_approved_snapshot_values_available_for_the_as_of_date
v1_3_candidate_ticker_mapping_period.v3,evidence_only_generated_artifact_not_for_valuation_scoring_trading_or_production_ranking,rolling_rank_slot_desc_average_traded_value_20d,2025-03-31,2026-05-13,2025-03-31,2026-05-12,2025-08-11,observed_local_daily_rank_date,full_local_kospi200_daily_universe_files,308,sc_v1_3_missing_liquidity,ee_v1_0_rc_sc_v1_3_missing_liquidity_1d_189794a48a70,2,next_highest_20d_average_traded_value_for_requested_as_of_date,000660,SK하이닉스,2,877565359475.0,2025-07-15,2025-08-11,full_local_daily_price_close_times_volume_rolling_20d,data/000660_daily_prices.csv|data/historical_kospi200/prices/000660_daily_prices.csv,1408299873240000,available_from_latest_approved_snapshot,2026-05-13,dynamic_full_local_universe_rank_slot_resolution_for_as_of_date,true,rank_uses_only_existing_local_price_volume_or_approved_snapshot_values_available_for_the_as_of_date
v1_3_candidate_ticker_mapping_period.v4,evidence_only_generated_artifact_not_for_valuation_scoring_trading_or_production_ranking,rolling_rank_slot_desc_average_traded_value_20d,2025-03-31,2026-05-13,2025-03-31,2026-05-12,2025-08-11,observed_local_daily_rank_date,full_local_kospi200_daily_universe_files,308,sc_v1_3_low_drag,ee_v1_0_rc_sc_v1_3_low_drag_1d_3955d197ec26,4,first_top5_supplemental_slot_with_complete_market_cap_and_liquidity_fields,042660,,4,458012059185.0,2025-07-15,2025-08-11,full_local_daily_price_close_times_volume_rolling_20d,data/042660_daily_prices.csv|data/historical_kospi200/prices/042660_daily_prices.csv,,not_collected_for_full_local_universe_rank,,dynamic_full_local_universe_rank_slot_resolution_for_as_of_date,true,rank_uses_only_existing_local_price_volume_or_approved_snapshot_values_available_for_the_as_of_date
v1_3_candidate_ticker_mapping_period.v3,evidence_only_generated_artifact_not_for_valuation_scoring_trading_or_production_ranking,rolling_rank_slot_desc_average_traded_value_20d,2025-03-31,2026-05-13,2025-03-31,2026-05-12,2025-08-12,observed_local_daily_rank_date,full_local_kospi200_daily_universe_files,308,sc_v1_3_high_turnover,ee_v1_0_rc_sc_v1_3_high_turnover_1d_5101aca49335,1,highest_20d_average_traded_value_for_requested_as_of_date,005930,삼성전자,1,1437669955510.0,2025-07-16,2025-08-12,full_local_daily_price_close_times_volume_rolling_20d,data/005930_daily_prices.csv,1660343124672000,available_from_latest_approved_snapshot,2026-05-13,dynamic_full_local_universe_rank_slot_resolution_for_as_of_date,true,rank_uses_only_existing_local_price_volume_or_approved_snapshot_values_available_for_the_as_of_date
v1_3_candidate_ticker_mapping_period.v3,evidence_only_generated_artifact_not_for_valuation_scoring_trading_or_production_ranking,rolling_rank_slot_desc_average_traded_value_20d,2025-03-31,2026-05-13,2025-03-31,2026-05-12,2025-08-12,observed_local_daily_rank_date,full_local_kospi200_daily_universe_files,308,sc_v1_3_missing_liquidity,ee_v1_0_rc_sc_v1_3_missing_liquidity_1d_189794a48a70,2,next_highest_20d_average_traded_value_for_requested_as_of_date,000660,SK하이닉스,2,855403449775.0,2025-07-16,2025-08-12,full_local_daily_price_close_times_volume_rolling_20d,data/000660_daily_prices.csv,1408299873240000,available_from_latest_approved_snapshot,2026-05-13,dynamic_full_local_universe_rank_slot_resolution_for_as_of_date,true,rank_uses_only_existing_local_price_volume_or_approved_snapshot_values_available_for_the_as_of_date
v1_3_candidate_ticker_mapping_period.v4,evidence_only_generated_artifact_not_for_valuation_scoring_trading_or_production_ranking,rolling_rank_slot_desc_average_traded_value_20d,2025-03-31,2026-05-13,2025-03-31,2026-05-12,2025-08-12,observed_local_daily_rank_date,full_local_kospi200_daily_universe_files,308,sc_v1_3_low_drag,ee_v1_0_rc_sc_v1_3_low_drag_1d_3955d197ec26,4,first_top5_supplemental_slot_with_complete_market_cap_and_liquidity_fields,042660,,4,471566125685.0,2025-07-16,2025-08-12,full_local_daily_price_close_times_volume_rolling_20d,data/042660_daily_prices.csv,,not_collected_for_full_local_universe_rank,,dynamic_full_local_universe_rank_slot_resolution_for_as_of_date,true,rank_uses_only_existing_local_price_volume_or_approved_snapshot_values_available_for_the_as_of_date
v1_3_candidate_ticker_mapping_period.v3,evidence_only_generated_artifact_not_for_valuation_scoring_trading_or_production_ranking,rolling_rank_slot_desc_average_traded_value_20d,2025-03-31,2026-05-13,2025-03-31,2026-05-12,2025-08-13,observed_local_daily_rank_date,full_local_kospi200_daily_universe_files,308,sc_v1_3_high_turnover,ee_v1_0_rc_sc_v1_3_high_turnover_1d_5101aca49335,1,highest_20d_average_traded_value_for_requested_as_of_date,005930,삼성전자,1,1407366092900.0,2025-07-17,2025-08-13,full_local_daily_price_close_times_volume_rolling_20d,data/005930_daily_prices.csv,1660343124672000,available_from_latest_approved_snapshot,2026-05-13,dynamic_full_local_universe_rank_slot_resolution_for_as_of_date,true,rank_uses_only_existing_local_price_volume_or_approved_snapshot_values_available_for_the_as_of_date
v1_3_candidate_ticker_mapping_period.v3,evidence_only_generated_artifact_not_for_valuation_scoring_trading_or_production_ranking,rolling_rank_slot_desc_average_traded_value_20d,2025-03-31,2026-05-13,2025-03-31,2026-05-12,2025-08-13,observed_local_daily_rank_date,full_local_kospi200_daily_universe_files,308,sc_v1_3_missing_liquidity,ee_v1_0_rc_sc_v1_3_missing_liquidity_1d_189794a48a70,2,next_highest_20d_average_traded_value_for_requested_as_of_date,000660,SK하이닉스,2,857449100775.0,2025-07-17,2025-08-13,full_local_daily_price_close_times_volume_rolling_20d,data/000660_daily_prices.csv,1408299873240000,available_from_latest_approved_snapshot,2026-05-13,dynamic_full_local_universe_rank_slot_resolution_for_as_of_date,true,rank_uses_only_existing_local_price_volume_or_approved_snapshot_values_available_for_the_as_of_date
v1_3_candidate_ticker_mapping_period.v4,evidence_only_generated_artifact_not_for_valuation_scoring_trading_or_production_ranking,rolling_rank_slot_desc_average_traded_value_20d,2025-03-31,2026-05-13,2025-03-31,2026-05-12,2025-08-13,observed_local_daily_rank_date,full_local_kospi200_daily_universe_files,308,sc_v1_3_low_drag,ee_v1_0_rc_sc_v1_3_low_drag_1d_3955d197ec26,4,first_top5_supplemental_slot_with_complete_market_cap_and_liquidity_fields,042660,,4,479038435670.0,2025-07-17,2025-08-13,full_local_daily_price_close_times_volume_rolling_20d,data/042660_daily_prices.csv,,not_collected_for_full_local_universe_rank,,dynamic_full_local_universe_rank_slot_resolution_for_as_of_date,true,rank_uses_only_existing_local_price_volume_or_approved_snapshot_values_available_for_the_as_of_date
v1_3_candidate_ticker_mapping_period.v3,evidence_only_generated_artifact_not_for_valuation_scoring_trading_or_production_ranking,rolling_rank_slot_desc_average_traded_value_20d,2025-03-31,2026-05-13,2025-03-31,2026-05-12,2025-08-14,observed_local_daily_rank_date,full_local_kospi200_daily_universe_files,308,sc_v1_3_high_turnover,ee_v1_0_rc_sc_v1_3_high_turnover_1d_5101aca49335,1,highest_20d_average_traded_value_for_requested_as_of_date,005930,삼성전자,1,1318571851855.0,2025-07-18,2025-08-14,full_local_daily_price_close_times_volume_rolling_20d,data/005930_daily_prices.csv,1660343124672000,available_from_latest_approved_snapshot,2026-05-13,dynamic_full_local_universe_rank_slot_resolution_for_as_of_date,true,rank_uses_only_existing_local_price_volume_or_approved_snapshot_values_available_for_the_as_of_date
v1_3_candidate_ticker_mapping_period.v3,evidence_only_generated_artifact_not_for_valuation_scoring_trading_or_production_ranking,rolling_rank_slot_desc_average_traded_value_20d,2025-03-31,2026-05-13,2025-03-31,2026-05-12,2025-08-14,observed_local_daily_rank_date,full_local_kospi200_daily_universe_files,308,sc_v1_3_missing_liquidity,ee_v1_0_rc_sc_v1_3_missing_liquidity_1d_189794a48a70,2,next_highest_20d_average_traded_value_for_requested_as_of_date,000660,SK하이닉스,2,760796978075.0,2025-07-18,2025-08-14,full_local_daily_price_close_times_volume_rolling_20d,data/000660_daily_prices.csv,1408299873240000,available_from_latest_approved_snapshot,2026-05-13,dynamic_full_local_universe_rank_slot_resolution_for_as_of_date,true,rank_uses_only_existing_local_price_volume_or_approved_snapshot_values_available_for_the_as_of_date
v1_3_candidate_ticker_mapping_period.v4,evidence_only_generated_artifact_not_for_valuation_scoring_trading_or_production_ranking,rolling_rank_slot_desc_average_traded_value_20d,2025-03-31,2026-05-13,2025-03-31,2026-05-12,2025-08-14,observed_local_daily_rank_date,full_local_kospi200_daily_universe_files,308,sc_v1_3_low_drag,ee_v1_0_rc_sc_v1_3_low_drag_1d_3955d197ec26,4,first_top5_supplemental_slot_with_complete_market_cap_and_liquidity_fields,042660,,4,479416507345.0,2025-07-18,2025-08-14,full_local_daily_price_close_times_volume_rolling_20d,data/042660_daily_prices.csv,,not_collected_for_full_local_universe_rank,,dynamic_full_local_universe_rank_slot_resolution_for_as_of_date,true,rank_uses_only_existing_local_price_volume_or_approved_snapshot_values_available_for_the_as_of_date
v1_3_candidate_ticker_mapping_period.v3,evidence_only_generated_artifact_not_for_valuation_scoring_trading_or_production_ranking,rolling_rank_slot_desc_average_traded_value_20d,2025-03-31,2026-05-13,2025-03-31,2026-05-12,2025-08-18,observed_local_daily_rank_date,full_local_kospi200_daily_universe_files,308,sc_v1_3_high_turnover,ee_v1_0_rc_sc_v1_3_high_turnover_1d_5101aca49335,1,highest_20d_average_traded_value_for_requested_as_of_date,005930,삼성전자,1,1285799033850.0,2025-07-21,2025-08-18,full_local_daily_price_close_times_volume_rolling_20d,data/005930_daily_prices.csv,1660343124672000,available_from_latest_approved_snapshot,2026-05-13,dynamic_full_local_universe_rank_slot_resolution_for_as_of_date,true,rank_uses_only_existing_local_price_volume_or_approved_snapshot_values_available_for_the_as_of_date
v1_3_candidate_ticker_mapping_period.v3,evidence_only_generated_artifact_not_for_valuation_scoring_trading_or_production_ranking,rolling_rank_slot_desc_average_traded_value_20d,2025-03-31,2026-05-13,2025-03-31,2026-05-12,2025-08-18,observed_local_daily_rank_date,full_local_kospi200_daily_universe_files,308,sc_v1_3_missing_liquidity,ee_v1_0_rc_sc_v1_3_missing_liquidity_1d_189794a48a70,2,next_highest_20d_average_traded_value_for_requested_as_of_date,000660,SK하이닉스,2,715370966775.0,2025-07-21,2025-08-18,full_local_daily_price_close_times_volume_rolling_20d,data/000660_daily_prices.csv,1408299873240000,available_from_latest_approved_snapshot,2026-05-13,dynamic_full_local_universe_rank_slot_resolution_for_as_of_date,true,rank_uses_only_existing_local_price_volume_or_approved_snapshot_values_available_for_the_as_of_date
v1_3_candidate_ticker_mapping_period.v4,evidence_only_generated_artifact_not_for_valuation_scoring_trading_or_production_ranking,rolling_rank_slot_desc_average_traded_value_20d,2025-03-31,2026-05-13,2025-03-31,2026-05-12,2025-08-18,observed_local_daily_rank_date,full_local_kospi200_daily_universe_files,308,sc_v1_3_low_drag,ee_v1_0_rc_sc_v1_3_low_drag_1d_3955d197ec26,4,first_top5_supplemental_slot_with_complete_market_cap_and_liquidity_fields,034020,,4,475906852530.0,2025-07-21,2025-08-18,full_local_daily_price_close_times_volume_rolling_20d,data/034020_daily_prices.csv,,not_collected_for_full_local_universe_rank,,dynamic_full_local_universe_rank_slot_resolution_for_as_of_date,true,rank_uses_only_existing_local_price_volume_or_approved_snapshot_values_available_for_the_as_of_date
v1_3_candidate_ticker_mapping_period.v3,evidence_only_generated_artifact_not_for_valuation_scoring_trading_or_production_ranking,rolling_rank_slot_desc_average_traded_value_20d,2025-03-31,2026-05-13,2025-03-31,2026-05-12,2025-08-19,observed_local_daily_rank_date,full_local_kospi200_daily_universe_files,308,sc_v1_3_high_turnover,ee_v1_0_rc_sc_v1_3_high_turnover_1d_5101aca49335,1,highest_20d_average_traded_value_for_requested_as_of_date,005930,삼성전자,1,1262583349130.0,2025-07-22,2025-08-19,full_local_daily_price_close_times_volume_rolling_20d,data/005930_daily_prices.csv,1660343124672000,available_from_latest_approved_snapshot,2026-05-13,dynamic_full_local_universe_rank_slot_resolution_for_as_of_date,true,rank_uses_only_existing_local_price_volume_or_approved_snapshot_values_available_for_the_as_of_date
v1_3_candidate_ticker_mapping_period.v3,evidence_only_generated_artifact_not_for_valuation_scoring_trading_or_production_ranking,rolling_rank_slot_desc_average_traded_value_20d,2025-03-31,2026-05-13,2025-03-31,2026-05-12,2025-08-19,observed_local_daily_rank_date,full_local_kospi200_daily_universe_files,308,sc_v1_3_missing_liquidity,ee_v1_0_rc_sc_v1_3_missing_liquidity_1d_189794a48a70,2,next_highest_20d_average_traded_value_for_requested_as_of_date,000660,SK하이닉스,2,704813671800.0,2025-07-22,2025-08-19,full_local_daily_price_close_times_volume_rolling_20d,data/000660_daily_prices.csv,1408299873240000,available_from_latest_approved_snapshot,2026-05-13,dynamic_full_local_universe_rank_slot_resolution_for_as_of_date,true,rank_uses_only_existing_local_price_volume_or_approved_snapshot_values_available_for_the_as_of_date
v1_3_candidate_ticker_mapping_period.v4,evidence_only_generated_artifact_not_for_valuation_scoring_trading_or_production_ranking,rolling_rank_slot_desc_average_traded_value_20d,2025-03-31,2026-05-13,2025-03-31,2026-05-12,2025-08-19,observed_local_daily_rank_date,full_local_kospi200_daily_universe_files,308,sc_v1_3_low_drag,ee_v1_0_rc_sc_v1_3_low_drag_1d_3955d197ec26,4,first_top5_supplemental_slot_with_complete_market_cap_and_liquidity_fields,034020,,4,469333316440.0,2025-07-22,2025-08-19,full_local_daily_price_close_times_volume_rolling_20d,data/034020_daily_prices.csv,,not_collected_for_full_local_universe_rank,,dynamic_full_local_universe_rank_slot_resolution_for_as_of_date,true,rank_uses_only_existing_local_price_volume_or_approved_snapshot_values_available_for_the_as_of_date
v1_3_candidate_ticker_mapping_period.v3,evidence_only_generated_artifact_not_for_valuation_scoring_trading_or_production_ranking,rolling_rank_slot_desc_average_traded_value_20d,2025-03-31,2026-05-13,2025-03-31,2026-05-12,2025-08-20,observed_local_daily_rank_date,full_local_kospi200_daily_universe_files,308,sc_v1_3_high_turnover,ee_v1_0_rc_sc_v1_3_high_turnover_1d_5101aca49335,1,highest_20d_average_traded_value_for_requested_as_of_date,005930,삼성전자,1,1255343073230.0,2025-07-23,2025-08-20,full_local_daily_price_close_times_volume_rolling_20d,data/005930_daily_prices.csv,1660343124672000,available_from_latest_approved_snapshot,2026-05-13,dynamic_full_local_universe_rank_slot_resolution_for_as_of_date,true,rank_uses_only_existing_local_price_volume_or_approved_snapshot_values_available_for_the_as_of_date
v1_3_candidate_ticker_mapping_period.v3,evidence_only_generated_artifact_not_for_valuation_scoring_trading_or_production_ranking,rolling_rank_slot_desc_average_traded_value_20d,2025-03-31,2026-05-13,2025-03-31,2026-05-12,2025-08-20,observed_local_daily_rank_date,full_local_kospi200_daily_universe_files,308,sc_v1_3_missing_liquidity,ee_v1_0_rc_sc_v1_3_missing_liquidity_1d_189794a48a70,2,next_highest_20d_average_traded_value_for_requested_as_of_date,000660,SK하이닉스,2,708287565525.0,2025-07-23,2025-08-20,full_local_daily_price_close_times_volume_rolling_20d,data/000660_daily_prices.csv,1408299873240000,available_from_latest_approved_snapshot,2026-05-13,dynamic_full_local_universe_rank_slot_resolution_for_as_of_date,true,rank_uses_only_existing_local_price_volume_or_approved_snapshot_values_available_for_the_as_of_date
v1_3_candidate_ticker_mapping_period.v4,evidence_only_generated_artifact_not_for_valuation_scoring_trading_or_production_ranking,rolling_rank_slot_desc_average_traded_value_20d,2025-03-31,2026-05-13,2025-03-31,2026-05-12,2025-08-20,observed_local_daily_rank_date,full_local_kospi200_daily_universe_files,308,sc_v1_3_low_drag,ee_v1_0_rc_sc_v1_3_low_drag_1d_3955d197ec26,4,first_top5_supplemental_slot_with_complete_market_cap_and_liquidity_fields,042660,,4,489460417800.0,2025-07-23,2025-08-20,full_local_daily_price_close_times_volume_rolling_20d,data/042660_daily_prices.csv,,not_collected_for_full_local_universe_rank,,dynamic_full_local_universe_rank_slot_resolution_for_as_of_date,true,rank_uses_only_existing_local_price_volume_or_approved_snapshot_values_available_for_the_as_of_date
v1_3_candidate_ticker_mapping_period.v3,evidence_only_generated_artifact_not_for_valuation_scoring_trading_or_production_ranking,rolling_rank_slot_desc_average_traded_value_20d,2025-03-31,2026-05-13,2025-03-31,2026-05-12,2025-08-21,observed_local_daily_rank_date,full_local_kospi200_daily_universe_files,308,sc_v1_3_high_turnover,ee_v1_0_rc_sc_v1_3_high_turnover_1d_5101aca49335,1,highest_20d_average_traded_value_for_requested_as_of_date,005930,삼성전자,1,1269780771160.0,2025-07-24,2025-08-21,full_local_daily_price_close_times_volume_rolling_20d,data/005930_daily_prices.csv,1660343124672000,available_from_latest_approved_snapshot,2026-05-13,dynamic_full_local_universe_rank_slot_resolution_for_as_of_date,true,rank_uses_only_existing_local_price_volume_or_approved_snapshot_values_available_for_the_as_of_date
v1_3_candidate_ticker_mapping_period.v3,evidence_only_generated_artifact_not_for_valuation_scoring_trading_or_production_ranking,rolling_rank_slot_desc_average_traded_value_20d,2025-03-31,2026-05-13,2025-03-31,2026-05-12,2025-08-21,observed_local_daily_rank_date,full_local_kospi200_daily_universe_files,308,sc_v1_3_missing_liquidity,ee_v1_0_rc_sc_v1_3_missing_liquidity_1d_189794a48a70,2,next_highest_20d_average_traded_value_for_requested_as_of_date,000660,SK하이닉스,2,743562455475.0,2025-07-24,2025-08-21,full_local_daily_price_close_times_volume_rolling_20d,data/000660_daily_prices.csv,1408299873240000,available_from_latest_approved_snapshot,2026-05-13,dynamic_full_local_universe_rank_slot_resolution_for_as_of_date,true,rank_uses_only_existing_local_price_volume_or_approved_snapshot_values_available_for_the_as_of_date
v1_3_candidate_ticker_mapping_period.v4,evidence_only_generated_artifact_not_for_valuation_scoring_trading_or_production_ranking,rolling_rank_slot_desc_average_traded_value_20d,2025-03-31,2026-05-13,2025-03-31,2026-05-12,2025-08-21,observed_local_daily_rank_date,full_local_kospi200_daily_universe_files,308,sc_v1_3_low_drag,ee_v1_0_rc_sc_v1_3_low_drag_1d_3955d197ec26,4,first_top5_supplemental_slot_with_complete_market_cap_and_liquidity_fields,042660,,4,493951369470.0,2025-07-24,2025-08-21,full_local_daily_price_close_times_volume_rolling_20d,data/042660_daily_prices.csv,,not_collected_for_full_local_universe_rank,,dynamic_full_local_universe_rank_slot_resolution_for_as_of_date,true,rank_uses_only_existing_local_price_volume_or_approved_snapshot_values_available_for_the_as_of_date
v1_3_candidate_ticker_mapping_period.v3,evidence_only_generated_artifact_not_for_valuation_scoring_trading_or_production_ranking,rolling_rank_slot_desc_average_traded_value_20d,2025-03-31,2026-05-13,2025-03-31,2026-05-12,2025-08-22,observed_local_daily_rank_date,full_local_kospi200_daily_universe_files,308,sc_v1_3_high_turnover,ee_v1_0_rc_sc_v1_3_high_turnover_1d_5101aca49335,1,highest_20d_average_traded_value_for_requested_as_of_date,005930,삼성전자,1,1261122566500.0,2025-07-25,2025-08-22,full_local_daily_price_close_times_volume_rolling_20d,data/005930_daily_prices.csv,1660343124672000,available_from_latest_approved_snapshot,2026-05-13,dynamic_full_local_universe_rank_slot_resolution_for_as_of_date,true,rank_uses_only_existing_local_price_volume_or_approved_snapshot_values_available_for_the_as_of_date
v1_3_candidate_ticker_mapping_period.v3,evidence_only_generated_artifact_not_for_valuation_scoring_trading_or_production_ranking,rolling_rank_slot_desc_average_traded_value_20d,2025-03-31,2026-05-13,2025-03-31,2026-05-12,2025-08-22,observed_local_daily_rank_date,full_local_kospi200_daily_universe_files,308,sc_v1_3_missing_liquidity,ee_v1_0_rc_sc_v1_3_missing_liquidity_1d_189794a48a70,2,next_highest_20d_average_traded_value_for_requested_as_of_date,000660,SK하이닉스,2,732601668175.0,2025-07-25,2025-08-22,full_local_daily_price_close_times_volume_rolling_20d,data/000660_daily_prices.csv,1408299873240000,available_from_latest_approved_snapshot,2026-05-13,dynamic_full_local_universe_rank_slot_resolution_for_as_of_date,true,rank_uses_only_existing_local_price_volume_or_approved_snapshot_values_available_for_the_as_of_date
v1_3_candidate_ticker_mapping_period.v4,evidence_only_generated_artifact_not_for_valuation_scoring_trading_or_production_ranking,rolling_rank_slot_desc_average_traded_value_20d,2025-03-31,2026-05-13,2025-03-31,2026-05-12,2025-08-22,observed_local_daily_rank_date,full_local_kospi200_daily_universe_files,308,sc_v1_3_low_drag,ee_v1_0_rc_sc_v1_3_low_drag_1d_3955d197ec26,4,first_top5_supplemental_slot_with_complete_market_cap_and_liquidity_fields,042660,,4,479311327230.0,2025-07-25,2025-08-22,full_local_daily_price_close_times_volume_rolling_20d,data/042660_daily_prices.csv,,not_collected_for_full_local_universe_rank,,dynamic_full_local_universe_rank_slot_resolution_for_as_of_date,true,rank_uses_only_existing_local_price_volume_or_approved_snapshot_values_available_for_the_as_of_date
v1_3_candidate_ticker_mapping_period.v3,evidence_only_generated_artifact_not_for_valuation_scoring_trading_or_production_ranking,rolling_rank_slot_desc_average_traded_value_20d,2025-03-31,2026-05-13,2025-03-31,2026-05-12,2025-08-25,observed_local_daily_rank_date,full_local_kospi200_daily_universe_files,308,sc_v1_3_high_turnover,ee_v1_0_rc_sc_v1_3_high_turnover_1d_5101aca49335,1,highest_20d_average_traded_value_for_requested_as_of_date,005930,삼성전자,1,1271479979400.0,2025-07-28,2025-08-25,full_local_daily_price_close_times_volume_rolling_20d,data/005930_daily_prices.csv,1660343124672000,available_from_latest_approved_snapshot,2026-05-13,dynamic_full_local_universe_rank_slot_resolution_for_as_of_date,true,rank_uses_only_existing_local_price_volume_or_approved_snapshot_values_available_for_the_as_of_date
v1_3_candidate_ticker_mapping_period.v3,evidence_only_generated_artifact_not_for_valuation_scoring_trading_or_production_ranking,rolling_rank_slot_desc_average_traded_value_20d,2025-03-31,2026-05-13,2025-03-31,2026-05-12,2025-08-25,observed_local_daily_rank_date,full_local_kospi200_daily_universe_files,308,sc_v1_3_missing_liquidity,ee_v1_0_rc_sc_v1_3_missing_liquidity_1d_189794a48a70,2,next_highest_20d_average_traded_value_for_requested_as_of_date,000660,SK하이닉스,2,745035154550.0,2025-07-28,2025-08-25,full_local_daily_price_close_times_volume_rolling_20d,data/000660_daily_prices.csv,1408299873240000,available_from_latest_approved_snapshot,2026-05-13,dynamic_full_local_universe_rank_slot_resolution_for_as_of_date,true,rank_uses_only_existing_local_price_volume_or_approved_snapshot_values_available_for_the_as_of_date
v1_3_candidate_ticker_mapping_period.v4,evidence_only_generated_artifact_not_for_valuation_scoring_trading_or_production_ranking,rolling_rank_slot_desc_average_traded_value_20d,2025-03-31,2026-05-13,2025-03-31,2026-05-12,2025-08-25,observed_local_daily_rank_date,full_local_kospi200_daily_universe_files,308,sc_v1_3_low_drag,ee_v1_0_rc_sc_v1_3_low_drag_1d_3955d197ec26,4,first_top5_supplemental_slot_with_complete_market_cap_and_liquidity_fields,042660,,4,487249860375.0,2025-07-28,2025-08-25,full_local_daily_price_close_times_volume_rolling_20d,data/042660_daily_prices.csv,,not_collected_for_full_local_universe_rank,,dynamic_full_local_universe_rank_slot_resolution_for_as_of_date,true,rank_uses_only_existing_local_price_volume_or_approved_snapshot_values_available_for_the_as_of_date
v1_3_candidate_ticker_mapping_period.v3,evidence_only_generated_artifact_not_for_valuation_scoring_trading_or_production_ranking,rolling_rank_slot_desc_average_traded_value_20d,2025-03-31,2026-05-13,2025-03-31,2026-05-12,2025-08-26,observed_local_daily_rank_date,full_local_kospi200_daily_universe_files,308,sc_v1_3_high_turnover,ee_v1_0_rc_sc_v1_3_high_turnover_1d_5101aca49335,1,highest_20d_average_traded_value_for_requested_as_of_date,005930,삼성전자,1,1198824083685.0,2025-07-29,2025-08-26,full_local_daily_price_close_times_volume_rolling_20d,data/005930_daily_prices.csv,1660343124672000,available_from_latest_approved_snapshot,2026-05-13,dynamic_full_local_universe_rank_slot_resolution_for_as_of_date,true,rank_uses_only_existing_local_price_volume_or_approved_snapshot_values_available_for_the_as_of_date
v1_3_candidate_ticker_mapping_period.v3,evidence_only_generated_artifact_not_for_valuation_scoring_trading_or_production_ranking,rolling_rank_slot_desc_average_traded_value_20d,2025-03-31,2026-05-13,2025-03-31,2026-05-12,2025-08-26,observed_local_daily_rank_date,full_local_kospi200_daily_universe_files,308,sc_v1_3_missing_liquidity,ee_v1_0_rc_sc_v1_3_missing_liquidity_1d_189794a48a70,2,next_highest_20d_average_traded_value_for_requested_as_of_date,000660,SK하이닉스,2,734153699725.0,2025-07-29,2025-08-26,full_local_daily_price_close_times_volume_rolling_20d,data/000660_daily_prices.csv,1408299873240000,available_from_latest_approved_snapshot,2026-05-13,dynamic_full_local_universe_rank_slot_resolution_for_as_of_date,true,rank_uses_only_existing_local_price_volume_or_approved_snapshot_values_available_for_the_as_of_date
v1_3_candidate_ticker_mapping_period.v4,evidence_only_generated_artifact_not_for_valuation_scoring_trading_or_production_ranking,rolling_rank_slot_desc_average_traded_value_20d,2025-03-31,2026-05-13,2025-03-31,2026-05-12,2025-08-26,observed_local_daily_rank_date,full_local_kospi200_daily_universe_files,308,sc_v1_3_low_drag,ee_v1_0_rc_sc_v1_3_low_drag_1d_3955d197ec26,4,first_top5_supplemental_slot_with_complete_market_cap_and_liquidity_fields,042660,,4,478584370245.0,2025-07-29,2025-08-26,full_local_daily_price_close_times_volume_rolling_20d,data/042660_daily_prices.csv,,not_collected_for_full_local_universe_rank,,dynamic_full_local_universe_rank_slot_resolution_for_as_of_date,true,rank_uses_only_existing_local_price_volume_or_approved_snapshot_values_available_for_the_as_of_date
v1_3_candidate_ticker_mapping_period.v3,evidence_only_generated_artifact_not_for_valuation_scoring_trading_or_production_ranking,rolling_rank_slot_desc_average_traded_value_20d,2025-03-31,2026-05-13,2025-03-31,2026-05-12,2025-08-27,observed_local_daily_rank_date,full_local_kospi200_daily_universe_files,308,sc_v1_3_high_turnover,ee_v1_0_rc_sc_v1_3_high_turnover_1d_5101aca49335,1,highest_20d_average_traded_value_for_requested_as_of_date,005930,삼성전자,1,1136457685135.0,2025-07-30,2025-08-27,full_local_daily_price_close_times_volume_rolling_20d,data/005930_daily_prices.csv,1660343124672000,available_from_latest_approved_snapshot,2026-05-13,dynamic_full_local_universe_rank_slot_resolution_for_as_of_date,true,rank_uses_only_existing_local_price_volume_or_approved_snapshot_values_available_for_the_as_of_date
v1_3_candidate_ticker_mapping_period.v3,evidence_only_generated_artifact_not_for_valuation_scoring_trading_or_production_ranking,rolling_rank_slot_desc_average_traded_value_20d,2025-03-31,2026-05-13,2025-03-31,2026-05-12,2025-08-27,observed_local_daily_rank_date,full_local_kospi200_daily_universe_files,308,sc_v1_3_missing_liquidity,ee_v1_0_rc_sc_v1_3_missing_liquidity_1d_189794a48a70,2,next_highest_20d_average_traded_value_for_requested_as_of_date,000660,SK하이닉스,2,731932098600.0,2025-07-30,2025-08-27,full_local_daily_price_close_times_volume_rolling_20d,data/000660_daily_prices.csv,1408299873240000,available_from_latest_approved_snapshot,2026-05-13,dynamic_full_local_universe_rank_slot_resolution_for_as_of_date,true,rank_uses_only_existing_local_price_volume_or_approved_snapshot_values_available_for_the_as_of_date
v1_3_candidate_ticker_mapping_period.v4,evidence_only_generated_artifact_not_for_valuation_scoring_trading_or_production_ranking,rolling_rank_slot_desc_average_traded_value_20d,2025-03-31,2026-05-13,2025-03-31,2026-05-12,2025-08-27,observed_local_daily_rank_date,full_local_kospi200_daily_universe_files,308,sc_v1_3_low_drag,ee_v1_0_rc_sc_v1_3_low_drag_1d_3955d197ec26,4,first_top5_supplemental_slot_with_complete_market_cap_and_liquidity_fields,042660,,4,457078017845.0,2025-07-30,2025-08-27,full_local_daily_price_close_times_volume_rolling_20d,data/042660_daily_prices.csv,,not_collected_for_full_local_universe_rank,,dynamic_full_local_universe_rank_slot_resolution_for_as_of_date,true,rank_uses_only_existing_local_price_volume_or_approved_snapshot_values_available_for_the_as_of_date
v1_3_candidate_ticker_mapping_period.v3,evidence_only_generated_artifact_not_for_valuation_scoring_trading_or_production_ranking,rolling_rank_slot_desc_average_traded_value_20d,2025-03-31,2026-05-13,2025-03-31,2026-05-12,2025-08-28,observed_local_daily_rank_date,full_local_kospi200_daily_universe_files,308,sc_v1_3_high_turnover,ee_v1_0_rc_sc_v1_3_high_turnover_1d_5101aca49335,1,highest_20d_average_traded_value_for_requested_as_of_date,005930,삼성전자,1,1050565166935.0,2025-07-31,2025-08-28,full_local_daily_price_close_times_volume_rolling_20d,data/005930_daily_prices.csv,1660343124672000,available_from_latest_approved_snapshot,2026-05-13,dynamic_full_local_universe_rank_slot_resolution_for_as_of_date,true,rank_uses_only_existing_local_price_volume_or_approved_snapshot_values_available_for_the_as_of_date
v1_3_candidate_ticker_mapping_period.v3,evidence_only_generated_artifact_not_for_valuation_scoring_trading_or_production_ranking,rolling_rank_slot_desc_average_traded_value_20d,2025-03-31,2026-05-13,2025-03-31,2026-05-12,2025-08-28,observed_local_daily_rank_date,full_local_kospi200_daily_universe_files,308,sc_v1_3_missing_liquidity,ee_v1_0_rc_sc_v1_3_missing_liquidity_1d_189794a48a70,2,next_highest_20d_average_traded_value_for_requested_as_of_date,000660,SK하이닉스,2,750719738575.0,2025-07-31,2025-08-28,full_local_daily_price_close_times_volume_rolling_20d,data/000660_daily_prices.csv,1408299873240000,available_from_latest_approved_snapshot,2026-05-13,dynamic_full_local_universe_rank_slot_resolution_for_as_of_date,true,rank_uses_only_existing_local_price_volume_or_approved_snapshot_values_available_for_the_as_of_date
v1_3_candidate_ticker_mapping_period.v4,evidence_only_generated_artifact_not_for_valuation_scoring_trading_or_production_ranking,rolling_rank_slot_desc_average_traded_value_20d,2025-03-31,2026-05-13,2025-03-31,2026-05-12,2025-08-28,observed_local_daily_rank_date,full_local_kospi200_daily_universe_files,308,sc_v1_3_low_drag,ee_v1_0_rc_sc_v1_3_low_drag_1d_3955d197ec26,4,first_top5_supplemental_slot_with_complete_market_cap_and_liquidity_fields,042660,,4,441100797725.0,2025-07-31,2025-08-28,full_local_daily_price_close_times_volume_rolling_20d,data/042660_daily_prices.csv,,not_collected_for_full_local_universe_rank,,dynamic_full_local_universe_rank_slot_resolution_for_as_of_date,true,rank_uses_only_existing_local_price_volume_or_approved_snapshot_values_available_for_the_as_of_date
v1_3_candidate_ticker_mapping_period.v3,evidence_only_generated_artifact_not_for_valuation_scoring_trading_or_production_ranking,rolling_rank_slot_desc_average_traded_value_20d,2025-03-31,2026-05-13,2025-03-31,2026-05-12,2025-08-29,observed_local_daily_rank_date,full_local_kospi200_daily_universe_files,308,sc_v1_3_high_turnover,ee_v1_0_rc_sc_v1_3_high_turnover_1d_5101aca49335,1,highest_20d_average_traded_value_for_requested_as_of_date,005930,삼성전자,1,996429850390.0,2025-08-01,2025-08-29,full_local_daily_price_close_times_volume_rolling_20d,data/005930_daily_prices.csv,1660343124672000,available_from_latest_approved_snapshot,2026-05-13,dynamic_full_local_universe_rank_slot_resolution_for_as_of_date,true,rank_uses_only_existing_local_price_volume_or_approved_snapshot_values_available_for_the_as_of_date
v1_3_candidate_ticker_mapping_period.v3,evidence_only_generated_artifact_not_for_valuation_scoring_trading_or_production_ranking,rolling_rank_slot_desc_average_traded_value_20d,2025-03-31,2026-05-13,2025-03-31,2026-05-12,2025-08-29,observed_local_daily_rank_date,full_local_kospi200_daily_universe_files,308,sc_v1_3_missing_liquidity,ee_v1_0_rc_sc_v1_3_missing_liquidity_1d_189794a48a70,2,next_highest_20d_average_traded_value_for_requested_as_of_date,000660,SK하이닉스,2,728680440025.0,2025-08-01,2025-08-29,full_local_daily_price_close_times_volume_rolling_20d,data/000660_daily_prices.csv,1408299873240000,available_from_latest_approved_snapshot,2026-05-13,dynamic_full_local_universe_rank_slot_resolution_for_as_of_date,true,rank_uses_only_existing_local_price_volume_or_approved_snapshot_values_available_for_the_as_of_date
v1_3_candidate_ticker_mapping_period.v4,evidence_only_generated_artifact_not_for_valuation_scoring_trading_or_production_ranking,rolling_rank_slot_desc_average_traded_value_20d,2025-03-31,2026-05-13,2025-03-31,2026-05-12,2025-08-29,observed_local_daily_rank_date,full_local_kospi200_daily_universe_files,308,sc_v1_3_low_drag,ee_v1_0_rc_sc_v1_3_low_drag_1d_3955d197ec26,4,first_top5_supplemental_slot_with_complete_market_cap_and_liquidity_fields,042660,,4,375601335570.0,2025-08-01,2025-08-29,full_local_daily_price_close_times_volume_rolling_20d,data/042660_daily_prices.csv,,not_collected_for_full_local_universe_rank,,dynamic_full_local_universe_rank_slot_resolution_for_as_of_date,true,rank_uses_only_existing_local_price_volume_or_approved_snapshot_values_available_for_the_as_of_date
v1_3_candidate_ticker_mapping_period.v3,evidence_only_generated_artifact_not_for_valuation_scoring_trading_or_production_ranking,rolling_rank_slot_desc_average_traded_value_20d,2025-03-31,2026-05-13,2025-03-31,2026-05-12,2025-09-01,observed_local_daily_rank_date,full_local_kospi200_daily_universe_files,308,sc_v1_3_high_turnover,ee_v1_0_rc_sc_v1_3_high_turnover_1d_5101aca49335,1,highest_20d_average_traded_value_for_requested_as_of_date,005930,삼성전자,1,954185020100.0,2025-08-04,2025-09-01,full_local_daily_price_close_times_volume_rolling_20d,data/005930_daily_prices.csv,1660343124672000,available_from_latest_approved_snapshot,2026-05-13,dynamic_full_local_universe_rank_slot_resolution_for_as_of_date,true,rank_uses_only_existing_local_price_volume_or_approved_snapshot_values_available_for_the_as_of_date
v1_3_candidate_ticker_mapping_period.v3,evidence_only_generated_artifact_not_for_valuation_scoring_trading_or_production_ranking,rolling_rank_slot_desc_average_traded_value_20d,2025-03-31,2026-05-13,2025-03-31,2026-05-12,2025-09-01,observed_local_daily_rank_date,full_local_kospi200_daily_universe_files,308,sc_v1_3_missing_liquidity,ee_v1_0_rc_sc_v1_3_missing_liquidity_1d_189794a48a70,2,next_highest_20d_average_traded_value_for_requested_as_of_date,000660,SK하이닉스,2,710561348625.0,2025-08-04,2025-09-01,full_local_daily_price_close_times_volume_rolling_20d,data/000660_daily_prices.csv,1408299873240000,available_from_latest_approved_snapshot,2026-05-13,dynamic_full_local_universe_rank_slot_resolution_for_as_of_date,true,rank_uses_only_existing_local_price_volume_or_approved_snapshot_values_available_for_the_as_of_date
v1_3_candidate_ticker_mapping_period.v4,evidence_only_generated_artifact_not_for_valuation_scoring_trading_or_production_ranking,rolling_rank_slot_desc_average_traded_value_20d,2025-03-31,2026-05-13,2025-03-31,2026-05-12,2025-09-01,observed_local_daily_rank_date,full_local_kospi200_daily_universe_files,308,sc_v1_3_low_drag,ee_v1_0_rc_sc_v1_3_low_drag_1d_3955d197ec26,4,first_top5_supplemental_slot_with_complete_market_cap_and_liquidity_fields,042660,,4,336543983970.0,2025-08-04,2025-09-01,full_local_daily_price_close_times_volume_rolling_20d,data/042660_daily_prices.csv,,not_collected_for_full_local_universe_rank,,dynamic_full_local_universe_rank_slot_resolution_for_as_of_date,true,rank_uses_only_existing_local_price_volume_or_approved_snapshot_values_available_for_the_as_of_date
v1_3_candidate_ticker_mapping_period.v3,evidence_only_generated_artifact_not_for_valuation_scoring_trading_or_production_ranking,rolling_rank_slot_desc_average_traded_value_20d,2025-03-31,2026-05-13,2025-03-31,2026-05-12,2025-09-02,observed_local_daily_rank_date,full_local_kospi200_daily_universe_files,308,sc_v1_3_high_turnover,ee_v1_0_rc_sc_v1_3_high_turnover_1d_5101aca49335,1,highest_20d_average_traded_value_for_requested_as_of_date,005930,삼성전자,1,939313385920.0,2025-08-05,2025-09-02,full_local_daily_price_close_times_volume_rolling_20d,data/005930_daily_prices.csv,1660343124672000,available_from_latest_approved_snapshot,2026-05-13,dynamic_full_local_universe_rank_slot_resolution_for_as_of_date,true,rank_uses_only_existing_local_price_volume_or_approved_snapshot_values_available_for_the_as_of_date
v1_3_candidate_ticker_mapping_period.v3,evidence_only_generated_artifact_not_for_valuation_scoring_trading_or_production_ranking,rolling_rank_slot_desc_average_traded_value_20d,2025-03-31,2026-05-13,2025-03-31,2026-05-12,2025-09-02,observed_local_daily_rank_date,full_local_kospi200_daily_universe_files,308,sc_v1_3_missing_liquidity,ee_v1_0_rc_sc_v1_3_missing_liquidity_1d_189794a48a70,2,next_highest_20d_average_traded_value_for_requested_as_of_date,000660,SK하이닉스,2,701770098175.0,2025-08-05,2025-09-02,full_local_daily_price_close_times_volume_rolling_20d,data/000660_daily_prices.csv,1408299873240000,available_from_latest_approved_snapshot,2026-05-13,dynamic_full_local_universe_rank_slot_resolution_for_as_of_date,true,rank_uses_only_existing_local_price_volume_or_approved_snapshot_values_available_for_the_as_of_date
v1_3_candidate_ticker_mapping_period.v4,evidence_only_generated_artifact_not_for_valuation_scoring_trading_or_production_ranking,rolling_rank_slot_desc_average_traded_value_20d,2025-03-31,2026-05-13,2025-03-31,2026-05-12,2025-09-02,observed_local_daily_rank_date,full_local_kospi200_daily_universe_files,308,sc_v1_3_low_drag,ee_v1_0_rc_sc_v1_3_low_drag_1d_3955d197ec26,4,first_top5_supplemental_slot_with_complete_market_cap_and_liquidity_fields,042660,,4,334573529595.0,2025-08-05,2025-09-02,full_local_daily_price_close_times_volume_rolling_20d,data/042660_daily_prices.csv,,not_collected_for_full_local_universe_rank,,dynamic_full_local_universe_rank_slot_resolution_for_as_of_date,true,rank_uses_only_existing_local_price_volume_or_approved_snapshot_values_available_for_the_as_of_date
v1_3_candidate_ticker_mapping_period.v3,evidence_only_generated_artifact_not_for_valuation_scoring_trading_or_production_ranking,rolling_rank_slot_desc_average_traded_value_20d,2025-03-31,2026-05-13,2025-03-31,2026-05-12,2025-09-03,observed_local_daily_rank_date,full_local_kospi200_daily_universe_files,308,sc_v1_3_high_turnover,ee_v1_0_rc_sc_v1_3_high_turnover_1d_5101aca49335,1,highest_20d_average_traded_value_for_requested_as_of_date,005930,삼성전자,1,924897891345.0,2025-08-06,2025-09-03,full_local_daily_price_close_times_volume_rolling_20d,data/005930_daily_prices.csv,1660343124672000,available_from_latest_approved_snapshot,2026-05-13,dynamic_full_local_universe_rank_slot_resolution_for_as_of_date,true,rank_uses_only_existing_local_price_volume_or_approved_snapshot_values_available_for_the_as_of_date
v1_3_candidate_ticker_mapping_period.v3,evidence_only_generated_artifact_not_for_valuation_scoring_trading_or_production_ranking,rolling_rank_slot_desc_average_traded_value_20d,2025-03-31,2026-05-13,2025-03-31,2026-05-12,2025-09-03,observed_local_daily_rank_date,full_local_kospi200_daily_universe_files,308,sc_v1_3_missing_liquidity,ee_v1_0_rc_sc_v1_3_missing_liquidity_1d_189794a48a70,2,next_highest_20d_average_traded_value_for_requested_as_of_date,000660,SK하이닉스,2,705860580250.0,2025-08-06,2025-09-03,full_local_daily_price_close_times_volume_rolling_20d,data/000660_daily_prices.csv,1408299873240000,available_from_latest_approved_snapshot,2026-05-13,dynamic_full_local_universe_rank_slot_resolution_for_as_of_date,true,rank_uses_only_existing_local_price_volume_or_approved_snapshot_values_available_for_the_as_of_date
v1_3_candidate_ticker_mapping_period.v4,evidence_only_generated_artifact_not_for_valuation_scoring_trading_or_production_ranking,rolling_rank_slot_desc_average_traded_value_20d,2025-03-31,2026-05-13,2025-03-31,2026-05-12,2025-09-03,observed_local_daily_rank_date,full_local_kospi200_daily_universe_files,308,sc_v1_3_low_drag,ee_v1_0_rc_sc_v1_3_low_drag_1d_3955d197ec26,4,first_top5_supplemental_slot_with_complete_market_cap_and_liquidity_fields,042660,,4,335649514010.0,2025-08-06,2025-09-03,full_local_daily_price_close_times_volume_rolling_20d,data/042660_daily_prices.csv,,not_collected_for_full_local_universe_rank,,dynamic_full_local_universe_rank_slot_resolution_for_as_of_date,true,rank_uses_only_existing_local_price_volume_or_approved_snapshot_values_available_for_the_as_of_date
v1_3_candidate_ticker_mapping_period.v3,evidence_only_generated_artifact_not_for_valuation_scoring_trading_or_production_ranking,rolling_rank_slot_desc_average_traded_value_20d,2025-03-31,2026-05-13,2025-03-31,2026-05-12,2025-09-04,observed_local_daily_rank_date,full_local_kospi200_daily_universe_files,308,sc_v1_3_high_turnover,ee_v1_0_rc_sc_v1_3_high_turnover_1d_5101aca49335,1,highest_20d_average_traded_value_for_requested_as_of_date,005930,삼성전자,1,924808854815.0,2025-08-07,2025-09-04,full_local_daily_price_close_times_volume_rolling_20d,data/005930_daily_prices.csv,1660343124672000,available_from_latest_approved_snapshot,2026-05-13,dynamic_full_local_universe_rank_slot_resolution_for_as_of_date,true,rank_uses_only_existing_local_price_volume_or_approved_snapshot_values_available_for_the_as_of_date
v1_3_candidate_ticker_mapping_period.v3,evidence_only_generated_artifact_not_for_valuation_scoring_trading_or_production_ranking,rolling_rank_slot_desc_average_traded_value_20d,2025-03-31,2026-05-13,2025-03-31,2026-05-12,2025-09-04,observed_local_daily_rank_date,full_local_kospi200_daily_universe_files,308,sc_v1_3_missing_liquidity,ee_v1_0_rc_sc_v1_3_missing_liquidity_1d_189794a48a70,2,next_highest_20d_average_traded_value_for_requested_as_of_date,000660,SK하이닉스,2,717166110900.0,2025-08-07,2025-09-04,full_local_daily_price_close_times_volume_rolling_20d,data/000660_daily_prices.csv,1408299873240000,available_from_latest_approved_snapshot,2026-05-13,dynamic_full_local_universe_rank_slot_resolution_for_as_of_date,true,rank_uses_only_existing_local_price_volume_or_approved_snapshot_values_available_for_the_as_of_date
v1_3_candidate_ticker_mapping_period.v4,evidence_only_generated_artifact_not_for_valuation_scoring_trading_or_production_ranking,rolling_rank_slot_desc_average_traded_value_20d,2025-03-31,2026-05-13,2025-03-31,2026-05-12,2025-09-04,observed_local_daily_rank_date,full_local_kospi200_daily_universe_files,308,sc_v1_3_low_drag,ee_v1_0_rc_sc_v1_3_low_drag_1d_3955d197ec26,4,first_top5_supplemental_slot_with_complete_market_cap_and_liquidity_fields,042660,,4,335215276515.0,2025-08-07,2025-09-04,full_local_daily_price_close_times_volume_rolling_20d,data/042660_daily_prices.csv,,not_collected_for_full_local_universe_rank,,dynamic_full_local_universe_rank_slot_resolution_for_as_of_date,true,rank_uses_only_existing_local_price_volume_or_approved_snapshot_values_available_for_the_as_of_date
v1_3_candidate_ticker_mapping_period.v3,evidence_only_generated_artifact_not_for_valuation_scoring_trading_or_production_ranking,rolling_rank_slot_desc_average_traded_value_20d,2025-03-31,2026-05-13,2025-03-31,2026-05-12,2025-09-05,observed_local_daily_rank_date,full_local_kospi200_daily_universe_files,308,sc_v1_3_high_turnover,ee_v1_0_rc_sc_v1_3_high_turnover_1d_5101aca49335,1,highest_20d_average_traded_value_for_requested_as_of_date,005930,삼성전자,1,911960269890.0,2025-08-08,2025-09-05,full_local_daily_price_close_times_volume_rolling_20d,data/005930_daily_prices.csv,1660343124672000,available_from_latest_approved_snapshot,2026-05-13,dynamic_full_local_universe_rank_slot_resolution_for_as_of_date,true,rank_uses_only_existing_local_price_volume_or_approved_snapshot_values_available_for_the_as_of_date
v1_3_candidate_ticker_mapping_period.v3,evidence_only_generated_artifact_not_for_valuation_scoring_trading_or_production_ranking,rolling_rank_slot_desc_average_traded_value_20d,2025-03-31,2026-05-13,2025-03-31,2026-05-12,2025-09-05,observed_local_daily_rank_date,full_local_kospi200_daily_universe_files,308,sc_v1_3_missing_liquidity,ee_v1_0_rc_sc_v1_3_missing_liquidity_1d_189794a48a70,2,next_highest_20d_average_traded_value_for_requested_as_of_date,000660,SK하이닉스,2,723915337325.0,2025-08-08,2025-09-05,full_local_daily_price_close_times_volume_rolling_20d,data/000660_daily_prices.csv,1408299873240000,available_from_latest_approved_snapshot,2026-05-13,dynamic_full_local_universe_rank_slot_resolution_for_as_of_date,true,rank_uses_only_existing_local_price_volume_or_approved_snapshot_values_available_for_the_as_of_date
v1_3_candidate_ticker_mapping_period.v4,evidence_only_generated_artifact_not_for_valuation_scoring_trading_or_production_ranking,rolling_rank_slot_desc_average_traded_value_20d,2025-03-31,2026-05-13,2025-03-31,2026-05-12,2025-09-05,observed_local_daily_rank_date,full_local_kospi200_daily_universe_files,308,sc_v1_3_low_drag,ee_v1_0_rc_sc_v1_3_low_drag_1d_3955d197ec26,4,first_top5_supplemental_slot_with_complete_market_cap_and_liquidity_fields,042660,,4,421418350890.0,2025-08-08,2025-09-05,full_local_daily_price_close_times_volume_rolling_20d,data/042660_daily_prices.csv,,not_collected_for_full_local_universe_rank,,dynamic_full_local_universe_rank_slot_resolution_for_as_of_date,true,rank_uses_only_existing_local_price_volume_or_approved_snapshot_values_available_for_the_as_of_date
v1_3_candidate_ticker_mapping_period.v3,evidence_only_generated_artifact_not_for_valuation_scoring_trading_or_production_ranking,rolling_rank_slot_desc_average_traded_value_20d,2025-03-31,2026-05-13,2025-03-31,2026-05-12,2025-09-08,observed_local_daily_rank_date,full_local_kospi200_daily_universe_files,308,sc_v1_3_high_turnover,ee_v1_0_rc_sc_v1_3_high_turnover_1d_5101aca49335,1,highest_20d_average_traded_value_for_requested_as_of_date,005930,삼성전자,1,864581908545.0,2025-08-11,2025-09-08,full_local_daily_price_close_times_volume_rolling_20d,data/005930_daily_prices.csv,1660343124672000,available_from_latest_approved_snapshot,2026-05-13,dynamic_full_local_universe_rank_slot_resolution_for_as_of_date,true,rank_uses_only_existing_local_price_volume_or_approved_snapshot_values_available_for_the_as_of_date
v1_3_candidate_ticker_mapping_period.v3,evidence_only_generated_artifact_not_for_valuation_scoring_trading_or_production_ranking,rolling_rank_slot_desc_average_traded_value_20d,2025-03-31,2026-05-13,2025-03-31,2026-05-12,2025-09-08,observed_local_daily_rank_date,full_local_kospi200_daily_universe_files,308,sc_v1_3_missing_liquidity,ee_v1_0_rc_sc_v1_3_missing_liquidity_1d_189794a48a70,2,next_highest_20d_average_traded_value_for_requested_as_of_date,000660,SK하이닉스,2,717546846925.0,2025-08-11,2025-09-08,full_local_daily_price_close_times_volume_rolling_20d,data/000660_daily_prices.csv,1408299873240000,available_from_latest_approved_snapshot,2026-05-13,dynamic_full_local_universe_rank_slot_resolution_for_as_of_date,true,rank_uses_only_existing_local_price_volume_or_approved_snapshot_values_available_for_the_as_of_date
v1_3_candidate_ticker_mapping_period.v4,evidence_only_generated_artifact_not_for_valuation_scoring_trading_or_production_ranking,rolling_rank_slot_desc_average_traded_value_20d,2025-03-31,2026-05-13,2025-03-31,2026-05-12,2025-09-08,observed_local_daily_rank_date,full_local_kospi200_daily_universe_files,308,sc_v1_3_low_drag,ee_v1_0_rc_sc_v1_3_low_drag_1d_3955d197ec26,4,first_top5_supplemental_slot_with_complete_market_cap_and_liquidity_fields,042660,,4,420847234840.0,2025-08-11,2025-09-08,full_local_daily_price_close_times_volume_rolling_20d,data/042660_daily_prices.csv,,not_collected_for_full_local_universe_rank,,dynamic_full_local_universe_rank_slot_resolution_for_as_of_date,true,rank_uses_only_existing_local_price_volume_or_approved_snapshot_values_available_for_the_as_of_date
v1_3_candidate_ticker_mapping_period.v3,evidence_only_generated_artifact_not_for_valuation_scoring_trading_or_production_ranking,rolling_rank_slot_desc_average_traded_value_20d,2025-03-31,2026-05-13,2025-03-31,2026-05-12,2025-09-09,observed_local_daily_rank_date,full_local_kospi200_daily_universe_files,308,sc_v1_3_high_turnover,ee_v1_0_rc_sc_v1_3_high_turnover_1d_5101aca49335,1,highest_20d_average_traded_value_for_requested_as_of_date,005930,삼성전자,1,877435436270.0,2025-08-12,2025-09-09,full_local_daily_price_close_times_volume_rolling_20d,data/005930_daily_prices.csv,1660343124672000,available_from_latest_approved_snapshot,2026-05-13,dynamic_full_local_universe_rank_slot_resolution_for_as_of_date,true,rank_uses_only_existing_local_price_volume_or_approved_snapshot_values_available_for_the_as_of_date
v1_3_candidate_ticker_mapping_period.v3,evidence_only_generated_artifact_not_for_valuation_scoring_trading_or_production_ranking,rolling_rank_slot_desc_average_traded_value_20d,2025-03-31,2026-05-13,2025-03-31,2026-05-12,2025-09-09,observed_local_daily_rank_date,full_local_kospi200_daily_universe_files,308,sc_v1_3_missing_liquidity,ee_v1_0_rc_sc_v1_3_missing_liquidity_1d_189794a48a70,2,next_highest_20d_average_traded_value_for_requested_as_of_date,000660,SK하이닉스,2,745180407175.0,2025-08-12,2025-09-09,full_local_daily_price_close_times_volume_rolling_20d,data/000660_daily_prices.csv,1408299873240000,available_from_latest_approved_snapshot,2026-05-13,dynamic_full_local_universe_rank_slot_resolution_for_as_of_date,true,rank_uses_only_existing_local_price_volume_or_approved_snapshot_values_available_for_the_as_of_date
v1_3_candidate_ticker_mapping_period.v4,evidence_only_generated_artifact_not_for_valuation_scoring_trading_or_production_ranking,rolling_rank_slot_desc_average_traded_value_20d,2025-03-31,2026-05-13,2025-03-31,2026-05-12,2025-09-09,observed_local_daily_rank_date,full_local_kospi200_daily_universe_files,308,sc_v1_3_low_drag,ee_v1_0_rc_sc_v1_3_low_drag_1d_3955d197ec26,4,first_top5_supplemental_slot_with_complete_market_cap_and_liquidity_fields,042660,,4,400628550890.0,2025-08-12,2025-09-09,full_local_daily_price_close_times_volume_rolling_20d,data/042660_daily_prices.csv,,not_collected_for_full_local_universe_rank,,dynamic_full_local_universe_rank_slot_resolution_for_as_of_date,true,rank_uses_only_existing_local_price_volume_or_approved_snapshot_values_available_for_the_as_of_date
v1_3_candidate_ticker_mapping_period.v3,evidence_only_generated_artifact_not_for_valuation_scoring_trading_or_production_ranking,rolling_rank_slot_desc_average_traded_value_20d,2025-03-31,2026-05-13,2025-03-31,2026-05-12,2025-09-10,observed_local_daily_rank_date,full_local_kospi200_daily_universe_files,308,sc_v1_3_high_turnover,ee_v1_0_rc_sc_v1_3_high_turnover_1d_5101aca49335,1,highest_20d_average_traded_value_for_requested_as_of_date,005930,삼성전자,1,900875460140.0,2025-08-13,2025-09-10,full_local_daily_price_close_times_volume_rolling_20d,data/005930_daily_prices.csv,1660343124672000,available_from_latest_approved_snapshot,2026-05-13,dynamic_full_local_universe_rank_slot_resolution_for_as_of_date,true,rank_uses_only_existing_local_price_volume_or_approved_snapshot_values_available_for_the_as_of_date
v1_3_candidate_ticker_mapping_period.v3,evidence_only_generated_artifact_not_for_valuation_scoring_trading_or_production_ranking,rolling_rank_slot_desc_average_traded_value_20d,2025-03-31,2026-05-13,2025-03-31,2026-05-12,2025-09-10,observed_local_daily_rank_date,full_local_kospi200_daily_universe_files,308,sc_v1_3_missing_liquidity,ee_v1_0_rc_sc_v1_3_missing_liquidity_1d_189794a48a70,2,next_highest_20d_average_traded_value_for_requested_as_of_date,000660,SK하이닉스,2,784750497175.0,2025-08-13,2025-09-10,full_local_daily_price_close_times_volume_rolling_20d,data/000660_daily_prices.csv,1408299873240000,available_from_latest_approved_snapshot,2026-05-13,dynamic_full_local_universe_rank_slot_resolution_for_as_of_date,true,rank_uses_only_existing_local_price_volume_or_approved_snapshot_values_available_for_the_as_of_date
v1_3_candidate_ticker_mapping_period.v4,evidence_only_generated_artifact_not_for_valuation_scoring_trading_or_production_ranking,rolling_rank_slot_desc_average_traded_value_20d,2025-03-31,2026-05-13,2025-03-31,2026-05-12,2025-09-10,observed_local_daily_rank_date,full_local_kospi200_daily_universe_files,308,sc_v1_3_low_drag,ee_v1_0_rc_sc_v1_3_low_drag_1d_3955d197ec26,4,first_top5_supplemental_slot_with_complete_market_cap_and_liquidity_fields,042660,,4,396368166120.0,2025-08-13,2025-09-10,full_local_daily_price_close_times_volume_rolling_20d,data/042660_daily_prices.csv,,not_collected_for_full_local_universe_rank,,dynamic_full_local_universe_rank_slot_resolution_for_as_of_date,true,rank_uses_only_existing_local_price_volume_or_approved_snapshot_values_available_for_the_as_of_date
v1_3_candidate_ticker_mapping_period.v3,evidence_only_generated_artifact_not_for_valuation_scoring_trading_or_production_ranking,rolling_rank_slot_desc_average_traded_value_20d,2025-03-31,2026-05-13,2025-03-31,2026-05-12,2025-09-11,observed_local_daily_rank_date,full_local_kospi200_daily_universe_files,308,sc_v1_3_high_turnover,ee_v1_0_rc_sc_v1_3_high_turnover_1d_5101aca49335,1,highest_20d_average_traded_value_for_requested_as_of_date,005930,삼성전자,1,932948466320.0,2025-08-14,2025-09-11,full_local_daily_price_close_times_volume_rolling_20d,data/005930_daily_prices.csv,1660343124672000,available_from_latest_approved_snapshot,2026-05-13,dynamic_full_local_universe_rank_slot_resolution_for_as_of_date,true,rank_uses_only_existing_local_price_volume_or_approved_snapshot_values_available_for_the_as_of_date
v1_3_candidate_ticker_mapping_period.v3,evidence_only_generated_artifact_not_for_valuation_scoring_trading_or_production_ranking,rolling_rank_slot_desc_average_traded_value_20d,2025-03-31,2026-05-13,2025-03-31,2026-05-12,2025-09-11,observed_local_daily_rank_date,full_local_kospi200_daily_universe_files,308,sc_v1_3_missing_liquidity,ee_v1_0_rc_sc_v1_3_missing_liquidity_1d_189794a48a70,2,next_highest_20d_average_traded_value_for_requested_as_of_date,000660,SK하이닉스,2,815503201375.0,2025-08-14,2025-09-11,full_local_daily_price_close_times_volume_rolling_20d,data/000660_daily_prices.csv,1408299873240000,available_from_latest_approved_snapshot,2026-05-13,dynamic_full_local_universe_rank_slot_resolution_for_as_of_date,true,rank_uses_only_existing_local_price_volume_or_approved_snapshot_values_available_for_the_as_of_date
v1_3_candidate_ticker_mapping_period.v4,evidence_only_generated_artifact_not_for_valuation_scoring_trading_or_production_ranking,rolling_rank_slot_desc_average_traded_value_20d,2025-03-31,2026-05-13,2025-03-31,2026-05-12,2025-09-11,observed_local_daily_rank_date,full_local_kospi200_daily_universe_files,308,sc_v1_3_low_drag,ee_v1_0_rc_sc_v1_3_low_drag_1d_3955d197ec26,4,first_top5_supplemental_slot_with_complete_market_cap_and_liquidity_fields,042660,,4,400007801305.0,2025-08-14,2025-09-11,full_local_daily_price_close_times_volume_rolling_20d,data/042660_daily_prices.csv,,not_collected_for_full_local_universe_rank,,dynamic_full_local_universe_rank_slot_resolution_for_as_of_date,true,rank_uses_only_existing_local_price_volume_or_approved_snapshot_values_available_for_the_as_of_date
v1_3_candidate_ticker_mapping_period.v3,evidence_only_generated_artifact_not_for_valuation_scoring_trading_or_production_ranking,rolling_rank_slot_desc_average_traded_value_20d,2025-03-31,2026-05-13,2025-03-31,2026-05-12,2025-09-12,observed_local_daily_rank_date,full_local_kospi200_daily_universe_files,308,sc_v1_3_high_turnover,ee_v1_0_rc_sc_v1_3_high_turnover_1d_5101aca49335,1,highest_20d_average_traded_value_for_requested_as_of_date,005930,삼성전자,1,996569535620.0,2025-08-18,2025-09-12,full_local_daily_price_close_times_volume_rolling_20d,data/005930_daily_prices.csv,1660343124672000,available_from_latest_approved_snapshot,2026-05-13,dynamic_full_local_universe_rank_slot_resolution_for_as_of_date,true,rank_uses_only_existing_local_price_volume_or_approved_snapshot_values_available_for_the_as_of_date
v1_3_candidate_ticker_mapping_period.v3,evidence_only_generated_artifact_not_for_valuation_scoring_trading_or_production_ranking,rolling_rank_slot_desc_average_traded_value_20d,2025-03-31,2026-05-13,2025-03-31,2026-05-12,2025-09-12,observed_local_daily_rank_date,full_local_kospi200_daily_universe_files,308,sc_v1_3_missing_liquidity,ee_v1_0_rc_sc_v1_3_missing_liquidity_1d_189794a48a70,2,next_highest_20d_average_traded_value_for_requested_as_of_date,000660,SK하이닉스,2,856139510425.0,2025-08-18,2025-09-12,full_local_daily_price_close_times_volume_rolling_20d,data/000660_daily_prices.csv,1408299873240000,available_from_latest_approved_snapshot,2026-05-13,dynamic_full_local_universe_rank_slot_resolution_for_as_of_date,true,rank_uses_only_existing_local_price_volume_or_approved_snapshot_values_available_for_the_as_of_date
v1_3_candidate_ticker_mapping_period.v4,evidence_only_generated_artifact_not_for_valuation_scoring_trading_or_production_ranking,rolling_rank_slot_desc_average_traded_value_20d,2025-03-31,2026-05-13,2025-03-31,2026-05-12,2025-09-12,observed_local_daily_rank_date,full_local_kospi200_daily_universe_files,308,sc_v1_3_low_drag,ee_v1_0_rc_sc_v1_3_low_drag_1d_3955d197ec26,4,first_top5_supplemental_slot_with_complete_market_cap_and_liquidity_fields,042660,,4,398934122975.0,2025-08-18,2025-09-12,full_local_daily_price_close_times_volume_rolling_20d,data/042660_daily_prices.csv,,not_collected_for_full_local_universe_rank,,dynamic_full_local_universe_rank_slot_resolution_for_as_of_date,true,rank_uses_only_existing_local_price_volume_or_approved_snapshot_values_available_for_the_as_of_date
v1_3_candidate_ticker_mapping_period.v3,evidence_only_generated_artifact_not_for_valuation_scoring_trading_or_production_ranking,rolling_rank_slot_desc_average_traded_value_20d,2025-03-31,2026-05-13,2025-03-31,2026-05-12,2025-09-15,observed_local_daily_rank_date,full_local_kospi200_daily_universe_files,308,sc_v1_3_high_turnover,ee_v1_0_rc_sc_v1_3_high_turnover_1d_5101aca49335,1,highest_20d_average_traded_value_for_requested_as_of_date,005930,삼성전자,1,1025136146245.0,2025-08-19,2025-09-15,full_local_daily_price_close_times_volume_rolling_20d,data/005930_daily_prices.csv,1660343124672000,available_from_latest_approved_snapshot,2026-05-13,dynamic_full_local_universe_rank_slot_resolution_for_as_of_date,true,rank_uses_only_existing_local_price_volume_or_approved_snapshot_values_available_for_the_as_of_date
v1_3_candidate_ticker_mapping_period.v3,evidence_only_generated_artifact_not_for_valuation_scoring_trading_or_production_ranking,rolling_rank_slot_desc_average_traded_value_20d,2025-03-31,2026-05-13,2025-03-31,2026-05-12,2025-09-15,observed_local_daily_rank_date,full_local_kospi200_daily_universe_files,308,sc_v1_3_missing_liquidity,ee_v1_0_rc_sc_v1_3_missing_liquidity_1d_189794a48a70,2,next_highest_20d_average_traded_value_for_requested_as_of_date,000660,SK하이닉스,2,899341979725.0,2025-08-19,2025-09-15,full_local_daily_price_close_times_volume_rolling_20d,data/000660_daily_prices.csv,1408299873240000,available_from_latest_approved_snapshot,2026-05-13,dynamic_full_local_universe_rank_slot_resolution_for_as_of_date,true,rank_uses_only_existing_local_price_volume_or_approved_snapshot_values_available_for_the_as_of_date
v1_3_candidate_ticker_mapping_period.v4,evidence_only_generated_artifact_not_for_valuation_scoring_trading_or_production_ranking,rolling_rank_slot_desc_average_traded_value_20d,2025-03-31,2026-05-13,2025-03-31,2026-05-12,2025-09-15,observed_local_daily_rank_date,full_local_kospi200_daily_universe_files,308,sc_v1_3_low_drag,ee_v1_0_rc_sc_v1_3_low_drag_1d_3955d197ec26,4,first_top5_supplemental_slot_with_complete_market_cap_and_liquidity_fields,042660,,4,395652248810.0,2025-08-19,2025-09-15,full_local_daily_price_close_times_volume_rolling_20d,data/042660_daily_prices.csv,,not_collected_for_full_local_universe_rank,,dynamic_full_local_universe_rank_slot_resolution_for_as_of_date,true,rank_uses_only_existing_local_price_volume_or_approved_snapshot_values_available_for_the_as_of_date
v1_3_candidate_ticker_mapping_period.v3,evidence_only_generated_artifact_not_for_valuation_scoring_trading_or_production_ranking,rolling_rank_slot_desc_average_traded_value_20d,2025-03-31,2026-05-13,2025-03-31,2026-05-12,2025-09-16,observed_local_daily_rank_date,full_local_kospi200_daily_universe_files,308,sc_v1_3_high_turnover,ee_v1_0_rc_sc_v1_3_high_turnover_1d_5101aca49335,1,highest_20d_average_traded_value_for_requested_as_of_date,005930,삼성전자,1,1100296871295.0,2025-08-20,2025-09-16,full_local_daily_price_close_times_volume_rolling_20d,data/005930_daily_prices.csv,1660343124672000,available_from_latest_approved_snapshot,2026-05-13,dynamic_full_local_universe_rank_slot_resolution_for_as_of_date,true,rank_uses_only_existing_local_price_volume_or_approved_snapshot_values_available_for_the_as_of_date
v1_3_candidate_ticker_mapping_period.v3,evidence_only_generated_artifact_not_for_valuation_scoring_trading_or_production_ranking,rolling_rank_slot_desc_average_traded_value_20d,2025-03-31,2026-05-13,2025-03-31,2026-05-12,2025-09-16,observed_local_daily_rank_date,full_local_kospi200_daily_universe_files,308,sc_v1_3_missing_liquidity,ee_v1_0_rc_sc_v1_3_missing_liquidity_1d_189794a48a70,2,next_highest_20d_average_traded_value_for_requested_as_of_date,000660,SK하이닉스,2,978495883825.0,2025-08-20,2025-09-16,full_local_daily_price_close_times_volume_rolling_20d,data/000660_daily_prices.csv,1408299873240000,available_from_latest_approved_snapshot,2026-05-13,dynamic_full_local_universe_rank_slot_resolution_for_as_of_date,true,rank_uses_only_existing_local_price_volume_or_approved_snapshot_values_available_for_the_as_of_date
v1_3_candidate_ticker_mapping_period.v4,evidence_only_generated_artifact_not_for_valuation_scoring_trading_or_production_ranking,rolling_rank_slot_desc_average_traded_value_20d,2025-03-31,2026-05-13,2025-03-31,2026-05-12,2025-09-16,observed_local_daily_rank_date,full_local_kospi200_daily_universe_files,308,sc_v1_3_low_drag,ee_v1_0_rc_sc_v1_3_low_drag_1d_3955d197ec26,4,first_top5_supplemental_slot_with_complete_market_cap_and_liquidity_fields,042660,,4,393598524650.0,2025-08-20,2025-09-16,full_local_daily_price_close_times_volume_rolling_20d,data/042660_daily_prices.csv,,not_collected_for_full_local_universe_rank,,dynamic_full_local_universe_rank_slot_resolution_for_as_of_date,true,rank_uses_only_existing_local_price_volume_or_approved_snapshot_values_available_for_the_as_of_date
v1_3_candidate_ticker_mapping_period.v3,evidence_only_generated_artifact_not_for_valuation_scoring_trading_or_production_ranking,rolling_rank_slot_desc_average_traded_value_20d,2025-03-31,2026-05-13,2025-03-31,2026-05-12,2025-09-17,observed_local_daily_rank_date,full_local_kospi200_daily_universe_files,308,sc_v1_3_high_turnover,ee_v1_0_rc_sc_v1_3_high_turnover_1d_5101aca49335,1,highest_20d_average_traded_value_for_requested_as_of_date,005930,삼성전자,1,1120349626865.0,2025-08-21,2025-09-17,full_local_daily_price_close_times_volume_rolling_20d,data/005930_daily_prices.csv,1660343124672000,available_from_latest_approved_snapshot,2026-05-13,dynamic_full_local_universe_rank_slot_resolution_for_as_of_date,true,rank_uses_only_existing_local_price_volume_or_approved_snapshot_values_available_for_the_as_of_date
v1_3_candidate_ticker_mapping_period.v3,evidence_only_generated_artifact_not_for_valuation_scoring_trading_or_production_ranking,rolling_rank_slot_desc_average_traded_value_20d,2025-03-31,2026-05-13,2025-03-31,2026-05-12,2025-09-17,observed_local_daily_rank_date,full_local_kospi200_daily_universe_files,308,sc_v1_3_missing_liquidity,ee_v1_0_rc_sc_v1_3_missing_liquidity_1d_189794a48a70,2,next_highest_20d_average_traded_value_for_requested_as_of_date,000660,SK하이닉스,2,1007887987000.0,2025-08-21,2025-09-17,full_local_daily_price_close_times_volume_rolling_20d,data/000660_daily_prices.csv,1408299873240000,available_from_latest_approved_snapshot,2026-05-13,dynamic_full_local_universe_rank_slot_resolution_for_as_of_date,true,rank_uses_only_existing_local_price_volume_or_approved_snapshot_values_available_for_the_as_of_date
v1_3_candidate_ticker_mapping_period.v4,evidence_only_generated_artifact_not_for_valuation_scoring_trading_or_production_ranking,rolling_rank_slot_desc_average_traded_value_20d,2025-03-31,2026-05-13,2025-03-31,2026-05-12,2025-09-17,observed_local_daily_rank_date,full_local_kospi200_daily_universe_files,308,sc_v1_3_low_drag,ee_v1_0_rc_sc_v1_3_low_drag_1d_3955d197ec26,4,first_top5_supplemental_slot_with_complete_market_cap_and_liquidity_fields,034020,,4,376427597545.0,2025-08-21,2025-09-17,full_local_daily_price_close_times_volume_rolling_20d,data/034020_daily_prices.csv,,not_collected_for_full_local_universe_rank,,dynamic_full_local_universe_rank_slot_resolution_for_as_of_date,true,rank_uses_only_existing_local_price_volume_or_approved_snapshot_values_available_for_the_as_of_date
v1_3_candidate_ticker_mapping_period.v3,evidence_only_generated_artifact_not_for_valuation_scoring_trading_or_production_ranking,rolling_rank_slot_desc_average_traded_value_20d,2025-03-31,2026-05-13,2025-03-31,2026-05-12,2025-09-18,observed_local_daily_rank_date,full_local_kospi200_daily_universe_files,308,sc_v1_3_high_turnover,ee_v1_0_rc_sc_v1_3_high_turnover_1d_5101aca49335,1,highest_20d_average_traded_value_for_requested_as_of_date,005930,삼성전자,1,1156947512250.0,2025-08-22,2025-09-18,full_local_daily_price_close_times_volume_rolling_20d,data/005930_daily_prices.csv,1660343124672000,available_from_latest_approved_snapshot,2026-05-13,dynamic_full_local_universe_rank_slot_resolution_for_as_of_date,true,rank_uses_only_existing_local_price_volume_or_approved_snapshot_values_available_for_the_as_of_date
v1_3_candidate_ticker_mapping_period.v3,evidence_only_generated_artifact_not_for_valuation_scoring_trading_or_production_ranking,rolling_rank_slot_desc_average_traded_value_20d,2025-03-31,2026-05-13,2025-03-31,2026-05-12,2025-09-18,observed_local_daily_rank_date,full_local_kospi200_daily_universe_files,308,sc_v1_3_missing_liquidity,ee_v1_0_rc_sc_v1_3_missing_liquidity_1d_189794a48a70,2,next_highest_20d_average_traded_value_for_requested_as_of_date,000660,SK하이닉스,2,1010588092400.0,2025-08-22,2025-09-18,full_local_daily_price_close_times_volume_rolling_20d,data/000660_daily_prices.csv,1408299873240000,available_from_latest_approved_snapshot,2026-05-13,dynamic_full_local_universe_rank_slot_resolution_for_as_of_date,true,rank_uses_only_existing_local_price_volume_or_approved_snapshot_values_available_for_the_as_of_date
v1_3_candidate_ticker_mapping_period.v4,evidence_only_generated_artifact_not_for_valuation_scoring_trading_or_production_ranking,rolling_rank_slot_desc_average_traded_value_20d,2025-03-31,2026-05-13,2025-03-31,2026-05-12,2025-09-18,observed_local_daily_rank_date,full_local_kospi200_daily_universe_files,308,sc_v1_3_low_drag,ee_v1_0_rc_sc_v1_3_low_drag_1d_3955d197ec26,4,first_top5_supplemental_slot_with_complete_market_cap_and_liquidity_fields,097230,,4,358754113994.5,2025-08-22,2025-09-18,full_local_daily_price_close_times_volume_rolling_20d,data/historical_kospi200/prices/097230_daily_prices.csv,,not_collected_for_full_local_universe_rank,,dynamic_full_local_universe_rank_slot_resolution_for_as_of_date,true,rank_uses_only_existing_local_price_volume_or_approved_snapshot_values_available_for_the_as_of_date
v1_3_candidate_ticker_mapping_period.v3,evidence_only_generated_artifact_not_for_valuation_scoring_trading_or_production_ranking,rolling_rank_slot_desc_average_traded_value_20d,2025-03-31,2026-05-13,2025-03-31,2026-05-12,2025-09-19,observed_local_daily_rank_date,full_local_kospi200_daily_universe_files,308,sc_v1_3_high_turnover,ee_v1_0_rc_sc_v1_3_high_turnover_1d_5101aca49335,1,highest_20d_average_traded_value_for_requested_as_of_date,005930,삼성전자,1,1207107148220.0,2025-08-25,2025-09-19,full_local_daily_price_close_times_volume_rolling_20d,data/005930_daily_prices.csv,1660343124672000,available_from_latest_approved_snapshot,2026-05-13,dynamic_full_local_universe_rank_slot_resolution_for_as_of_date,true,rank_uses_only_existing_local_price_volume_or_approved_snapshot_values_available_for_the_as_of_date
v1_3_candidate_ticker_mapping_period.v3,evidence_only_generated_artifact_not_for_valuation_scoring_trading_or_production_ranking,rolling_rank_slot_desc_average_traded_value_20d,2025-03-31,2026-05-13,2025-03-31,2026-05-12,2025-09-19,observed_local_daily_rank_date,full_local_kospi200_daily_universe_files,308,sc_v1_3_missing_liquidity,ee_v1_0_rc_sc_v1_3_missing_liquidity_1d_189794a48a70,2,next_highest_20d_average_traded_value_for_requested_as_of_date,000660,SK하이닉스,2,1049538948250.0,2025-08-25,2025-09-19,full_local_daily_price_close_times_volume_rolling_20d,data/000660_daily_prices.csv,1408299873240000,available_from_latest_approved_snapshot,2026-05-13,dynamic_full_local_universe_rank_slot_resolution_for_as_of_date,true,rank_uses_only_existing_local_price_volume_or_approved_snapshot_values_available_for_the_as_of_date
v1_3_candidate_ticker_mapping_period.v4,evidence_only_generated_artifact_not_for_valuation_scoring_trading_or_production_ranking,rolling_rank_slot_desc_average_traded_value_20d,2025-03-31,2026-05-13,2025-03-31,2026-05-12,2025-09-19,observed_local_daily_rank_date,full_local_kospi200_daily_universe_files,308,sc_v1_3_low_drag,ee_v1_0_rc_sc_v1_3_low_drag_1d_3955d197ec26,4,first_top5_supplemental_slot_with_complete_market_cap_and_liquidity_fields,097230,,4,370327140496.0,2025-08-25,2025-09-19,full_local_daily_price_close_times_volume_rolling_20d,data/historical_kospi200/prices/097230_daily_prices.csv,,not_collected_for_full_local_universe_rank,,dynamic_full_local_universe_rank_slot_resolution_for_as_of_date,true,rank_uses_only_existing_local_price_volume_or_approved_snapshot_values_available_for_the_as_of_date
v1_3_candidate_ticker_mapping_period.v3,evidence_only_generated_artifact_not_for_valuation_scoring_trading_or_production_ranking,rolling_rank_slot_desc_average_traded_value_20d,2025-03-31,2026-05-13,2025-03-31,2026-05-12,2025-09-22,observed_local_daily_rank_date,full_local_kospi200_daily_universe_files,308,sc_v1_3_high_turnover,ee_v1_0_rc_sc_v1_3_high_turnover_1d_5101aca49335,1,highest_20d_average_traded_value_for_requested_as_of_date,005930,삼성전자,1,1285059450670.0,2025-08-26,2025-09-22,full_local_daily_price_close_times_volume_rolling_20d,data/005930_daily_prices.csv,1660343124672000,available_from_latest_approved_snapshot,2026-05-13,dynamic_full_local_universe_rank_slot_resolution_for_as_of_date,true,rank_uses_only_existing_local_price_volume_or_approved_snapshot_values_available_for_the_as_of_date
v1_3_candidate_ticker_mapping_period.v3,evidence_only_generated_artifact_not_for_valuation_scoring_trading_or_production_ranking,rolling_rank_slot_desc_average_traded_value_20d,2025-03-31,2026-05-13,2025-03-31,2026-05-12,2025-09-22,observed_local_daily_rank_date,full_local_kospi200_daily_universe_files,308,sc_v1_3_missing_liquidity,ee_v1_0_rc_sc_v1_3_missing_liquidity_1d_189794a48a70,2,next_highest_20d_average_traded_value_for_requested_as_of_date,000660,SK하이닉스,2,1085056554625.0,2025-08-26,2025-09-22,full_local_daily_price_close_times_volume_rolling_20d,data/000660_daily_prices.csv,1408299873240000,available_from_latest_approved_snapshot,2026-05-13,dynamic_full_local_universe_rank_slot_resolution_for_as_of_date,true,rank_uses_only_existing_local_price_volume_or_approved_snapshot_values_available_for_the_as_of_date
v1_3_candidate_ticker_mapping_period.v4,evidence_only_generated_artifact_not_for_valuation_scoring_trading_or_production_ranking,rolling_rank_slot_desc_average_traded_value_20d,2025-03-31,2026-05-13,2025-03-31,2026-05-12,2025-09-22,observed_local_daily_rank_date,full_local_kospi200_daily_universe_files,308,sc_v1_3_low_drag,ee_v1_0_rc_sc_v1_3_low_drag_1d_3955d197ec26,4,first_top5_supplemental_slot_with_complete_market_cap_and_liquidity_fields,042660,,4,367332955150.0,2025-08-26,2025-09-22,full_local_daily_price_close_times_volume_rolling_20d,data/042660_daily_prices.csv,,not_collected_for_full_local_universe_rank,,dynamic_full_local_universe_rank_slot_resolution_for_as_of_date,true,rank_uses_only_existing_local_price_volume_or_approved_snapshot_values_available_for_the_as_of_date
v1_3_candidate_ticker_mapping_period.v3,evidence_only_generated_artifact_not_for_valuation_scoring_trading_or_production_ranking,rolling_rank_slot_desc_average_traded_value_20d,2025-03-31,2026-05-13,2025-03-31,2026-05-12,2025-09-23,observed_local_daily_rank_date,full_local_kospi200_daily_universe_files,308,sc_v1_3_high_turnover,ee_v1_0_rc_sc_v1_3_high_turnover_1d_5101aca49335,1,highest_20d_average_traded_value_for_requested_as_of_date,005930,삼성전자,1,1333334410190.0,2025-08-27,2025-09-23,full_local_daily_price_close_times_volume_rolling_20d,data/005930_daily_prices.csv,1660343124672000,available_from_latest_approved_snapshot,2026-05-13,dynamic_full_local_universe_rank_slot_resolution_for_as_of_date,true,rank_uses_only_existing_local_price_volume_or_approved_snapshot_values_available_for_the_as_of_date
v1_3_candidate_ticker_mapping_period.v3,evidence_only_generated_artifact_not_for_valuation_scoring_trading_or_production_ranking,rolling_rank_slot_desc_average_traded_value_20d,2025-03-31,2026-05-13,2025-03-31,2026-05-12,2025-09-23,observed_local_daily_rank_date,full_local_kospi200_daily_universe_files,308,sc_v1_3_missing_liquidity,ee_v1_0_rc_sc_v1_3_missing_liquidity_1d_189794a48a70,2,next_highest_20d_average_traded_value_for_requested_as_of_date,000660,SK하이닉스,2,1118086447550.0,2025-08-27,2025-09-23,full_local_daily_price_close_times_volume_rolling_20d,data/000660_daily_prices.csv,1408299873240000,available_from_latest_approved_snapshot,2026-05-13,dynamic_full_local_universe_rank_slot_resolution_for_as_of_date,true,rank_uses_only_existing_local_price_volume_or_approved_snapshot_values_available_for_the_as_of_date
v1_3_candidate_ticker_mapping_period.v4,evidence_only_generated_artifact_not_for_valuation_scoring_trading_or_production_ranking,rolling_rank_slot_desc_average_traded_value_20d,2025-03-31,2026-05-13,2025-03-31,2026-05-12,2025-09-23,observed_local_daily_rank_date,full_local_kospi200_daily_universe_files,308,sc_v1_3_low_drag,ee_v1_0_rc_sc_v1_3_low_drag_1d_3955d197ec26,4,first_top5_supplemental_slot_with_complete_market_cap_and_liquidity_fields,042660,,4,345710831810.0,2025-08-27,2025-09-23,full_local_daily_price_close_times_volume_rolling_20d,data/042660_daily_prices.csv,,not_collected_for_full_local_universe_rank,,dynamic_full_local_universe_rank_slot_resolution_for_as_of_date,true,rank_uses_only_existing_local_price_volume_or_approved_snapshot_values_available_for_the_as_of_date
v1_3_candidate_ticker_mapping_period.v3,evidence_only_generated_artifact_not_for_valuation_scoring_trading_or_production_ranking,rolling_rank_slot_desc_average_traded_value_20d,2025-03-31,2026-05-13,2025-03-31,2026-05-12,2025-09-24,observed_local_daily_rank_date,full_local_kospi200_daily_universe_files,308,sc_v1_3_high_turnover,ee_v1_0_rc_sc_v1_3_high_turnover_1d_5101aca49335,1,highest_20d_average_traded_value_for_requested_as_of_date,005930,삼성전자,1,1374332047730.0,2025-08-28,2025-09-24,full_local_daily_price_close_times_volume_rolling_20d,data/005930_daily_prices.csv,1660343124672000,available_from_latest_approved_snapshot,2026-05-13,dynamic_full_local_universe_rank_slot_resolution_for_as_of_date,true,rank_uses_only_existing_local_price_volume_or_approved_snapshot_values_available_for_the_as_of_date
v1_3_candidate_ticker_mapping_period.v3,evidence_only_generated_artifact_not_for_valuation_scoring_trading_or_production_ranking,rolling_rank_slot_desc_average_traded_value_20d,2025-03-31,2026-05-13,2025-03-31,2026-05-12,2025-09-24,observed_local_daily_rank_date,full_local_kospi200_daily_universe_files,308,sc_v1_3_missing_liquidity,ee_v1_0_rc_sc_v1_3_missing_liquidity_1d_189794a48a70,2,next_highest_20d_average_traded_value_for_requested_as_of_date,000660,SK하이닉스,2,1156118657675.0,2025-08-28,2025-09-24,full_local_daily_price_close_times_volume_rolling_20d,data/000660_daily_prices.csv,1408299873240000,available_from_latest_approved_snapshot,2026-05-13,dynamic_full_local_universe_rank_slot_resolution_for_as_of_date,true,rank_uses_only_existing_local_price_volume_or_approved_snapshot_values_available_for_the_as_of_date
v1_3_candidate_ticker_mapping_period.v4,evidence_only_generated_artifact_not_for_valuation_scoring_trading_or_production_ranking,rolling_rank_slot_desc_average_traded_value_20d,2025-03-31,2026-05-13,2025-03-31,2026-05-12,2025-09-24,observed_local_daily_rank_date,full_local_kospi200_daily_universe_files,308,sc_v1_3_low_drag,ee_v1_0_rc_sc_v1_3_low_drag_1d_3955d197ec26,4,first_top5_supplemental_slot_with_complete_market_cap_and_liquidity_fields,034020,,4,341125217170.0,2025-08-28,2025-09-24,full_local_daily_price_close_times_volume_rolling_20d,data/034020_daily_prices.csv,,not_collected_for_full_local_universe_rank,,dynamic_full_local_universe_rank_slot_resolution_for_as_of_date,true,rank_uses_only_existing_local_price_volume_or_approved_snapshot_values_available_for_the_as_of_date
v1_3_candidate_ticker_mapping_period.v3,evidence_only_generated_artifact_not_for_valuation_scoring_trading_or_production_ranking,rolling_rank_slot_desc_average_traded_value_20d,2025-03-31,2026-05-13,2025-03-31,2026-05-12,2025-09-25,observed_local_daily_rank_date,full_local_kospi200_daily_universe_files,308,sc_v1_3_high_turnover,ee_v1_0_rc_sc_v1_3_high_turnover_1d_5101aca49335,1,highest_20d_average_traded_value_for_requested_as_of_date,005930,삼성전자,1,1418698999265.0,2025-08-29,2025-09-25,full_local_daily_price_close_times_volume_rolling_20d,data/005930_daily_prices.csv,1660343124672000,available_from_latest_approved_snapshot,2026-05-13,dynamic_full_local_universe_rank_slot_resolution_for_as_of_date,true,rank_uses_only_existing_local_price_volume_or_approved_snapshot_values_available_for_the_as_of_date
v1_3_candidate_ticker_mapping_period.v3,evidence_only_generated_artifact_not_for_valuation_scoring_trading_or_production_ranking,rolling_rank_slot_desc_average_traded_value_20d,2025-03-31,2026-05-13,2025-03-31,2026-05-12,2025-09-25,observed_local_daily_rank_date,full_local_kospi200_daily_universe_files,308,sc_v1_3_missing_liquidity,ee_v1_0_rc_sc_v1_3_missing_liquidity_1d_189794a48a70,2,next_highest_20d_average_traded_value_for_requested_as_of_date,000660,SK하이닉스,2,1142911967850.0,2025-08-29,2025-09-25,full_local_daily_price_close_times_volume_rolling_20d,data/000660_daily_prices.csv,1408299873240000,available_from_latest_approved_snapshot,2026-05-13,dynamic_full_local_universe_rank_slot_resolution_for_as_of_date,true,rank_uses_only_existing_local_price_volume_or_approved_snapshot_values_available_for_the_as_of_date
v1_3_candidate_ticker_mapping_period.v4,evidence_only_generated_artifact_not_for_valuation_scoring_trading_or_production_ranking,rolling_rank_slot_desc_average_traded_value_20d,2025-03-31,2026-05-13,2025-03-31,2026-05-12,2025-09-25,observed_local_daily_rank_date,full_local_kospi200_daily_universe_files,308,sc_v1_3_low_drag,ee_v1_0_rc_sc_v1_3_low_drag_1d_3955d197ec26,4,first_top5_supplemental_slot_with_complete_market_cap_and_liquidity_fields,034020,,4,355265146930.0,2025-08-29,2025-09-25,full_local_daily_price_close_times_volume_rolling_20d,data/034020_daily_prices.csv,,not_collected_for_full_local_universe_rank,,dynamic_full_local_universe_rank_slot_resolution_for_as_of_date,true,rank_uses_only_existing_local_price_volume_or_approved_snapshot_values_available_for_the_as_of_date
v1_3_candidate_ticker_mapping_period.v3,evidence_only_generated_artifact_not_for_valuation_scoring_trading_or_production_ranking,rolling_rank_slot_desc_average_traded_value_20d,2025-03-31,2026-05-13,2025-03-31,2026-05-12,2025-09-26,observed_local_daily_rank_date,full_local_kospi200_daily_universe_files,308,sc_v1_3_high_turnover,ee_v1_0_rc_sc_v1_3_high_turnover_1d_5101aca49335,1,highest_20d_average_traded_value_for_requested_as_of_date,005930,삼성전자,1,1478242817615.0,2025-09-01,2025-09-26,full_local_daily_price_close_times_volume_rolling_20d,data/005930_daily_prices.csv,1660343124672000,available_from_latest_approved_snapshot,2026-05-13,dynamic_full_local_universe_rank_slot_resolution_for_as_of_date,true,rank_uses_only_existing_local_price_volume_or_approved_snapshot_values_available_for_the_as_of_date
v1_3_candidate_ticker_mapping_period.v3,evidence_only_generated_artifact_not_for_valuation_scoring_trading_or_production_ranking,rolling_rank_slot_desc_average_traded_value_20d,2025-03-31,2026-05-13,2025-03-31,2026-05-12,2025-09-26,observed_local_daily_rank_date,full_local_kospi200_daily_universe_files,308,sc_v1_3_missing_liquidity,ee_v1_0_rc_sc_v1_3_missing_liquidity_1d_189794a48a70,2,next_highest_20d_average_traded_value_for_requested_as_of_date,000660,SK하이닉스,2,1179468436000.0,2025-09-01,2025-09-26,full_local_daily_price_close_times_volume_rolling_20d,data/000660_daily_prices.csv,1408299873240000,available_from_latest_approved_snapshot,2026-05-13,dynamic_full_local_universe_rank_slot_resolution_for_as_of_date,true,rank_uses_only_existing_local_price_volume_or_approved_snapshot_values_available_for_the_as_of_date
v1_3_candidate_ticker_mapping_period.v4,evidence_only_generated_artifact_not_for_valuation_scoring_trading_or_production_ranking,rolling_rank_slot_desc_average_traded_value_20d,2025-03-31,2026-05-13,2025-03-31,2026-05-12,2025-09-26,observed_local_daily_rank_date,full_local_kospi200_daily_universe_files,308,sc_v1_3_low_drag,ee_v1_0_rc_sc_v1_3_low_drag_1d_3955d197ec26,4,first_top5_supplemental_slot_with_complete_market_cap_and_liquidity_fields,035420,,4,379680914875.0,2025-09-01,2025-09-26,full_local_daily_price_close_times_volume_rolling_20d,data/035420_daily_prices.csv,,not_collected_for_full_local_universe_rank,,dynamic_full_local_universe_rank_slot_resolution_for_as_of_date,true,rank_uses_only_existing_local_price_volume_or_approved_snapshot_values_available_for_the_as_of_date
v1_3_candidate_ticker_mapping_period.v3,evidence_only_generated_artifact_not_for_valuation_scoring_trading_or_production_ranking,rolling_rank_slot_desc_average_traded_value_20d,2025-03-31,2026-05-13,2025-03-31,2026-05-12,2025-09-29,observed_local_daily_rank_date,full_local_kospi200_daily_universe_files,308,sc_v1_3_high_turnover,ee_v1_0_rc_sc_v1_3_high_turnover_1d_5101aca49335,1,highest_20d_average_traded_value_for_requested_as_of_date,005930,삼성전자,1,1492695784015.0,2025-09-02,2025-09-29,full_local_daily_price_close_times_volume_rolling_20d,data/005930_daily_prices.csv,1660343124672000,available_from_latest_approved_snapshot,2026-05-13,dynamic_full_local_universe_rank_slot_resolution_for_as_of_date,true,rank_uses_only_existing_local_price_volume_or_approved_snapshot_values_available_for_the_as_of_date
v1_3_candidate_ticker_mapping_period.v3,evidence_only_generated_artifact_not_for_valuation_scoring_trading_or_production_ranking,rolling_rank_slot_desc_average_traded_value_20d,2025-03-31,2026-05-13,2025-03-31,2026-05-12,2025-09-29,observed_local_daily_rank_date,full_local_kospi200_daily_universe_files,308,sc_v1_3_missing_liquidity,ee_v1_0_rc_sc_v1_3_missing_liquidity_1d_189794a48a70,2,next_highest_20d_average_traded_value_for_requested_as_of_date,000660,SK하이닉스,2,1195670100500.0,2025-09-02,2025-09-29,full_local_daily_price_close_times_volume_rolling_20d,data/000660_daily_prices.csv,1408299873240000,available_from_latest_approved_snapshot,2026-05-13,dynamic_full_local_universe_rank_slot_resolution_for_as_of_date,true,rank_uses_only_existing_local_price_volume_or_approved_snapshot_values_available_for_the_as_of_date
v1_3_candidate_ticker_mapping_period.v4,evidence_only_generated_artifact_not_for_valuation_scoring_trading_or_production_ranking,rolling_rank_slot_desc_average_traded_value_20d,2025-03-31,2026-05-13,2025-03-31,2026-05-12,2025-09-29,observed_local_daily_rank_date,full_local_kospi200_daily_universe_files,308,sc_v1_3_low_drag,ee_v1_0_rc_sc_v1_3_low_drag_1d_3955d197ec26,4,first_top5_supplemental_slot_with_complete_market_cap_and_liquidity_fields,097230,,4,379442189255.0,2025-09-02,2025-09-29,full_local_daily_price_close_times_volume_rolling_20d,data/historical_kospi200/prices/097230_daily_prices.csv,,not_collected_for_full_local_universe_rank,,dynamic_full_local_universe_rank_slot_resolution_for_as_of_date,true,rank_uses_only_existing_local_price_volume_or_approved_snapshot_values_available_for_the_as_of_date
v1_3_candidate_ticker_mapping_period.v3,evidence_only_generated_artifact_not_for_valuation_scoring_trading_or_production_ranking,rolling_rank_slot_desc_average_traded_value_20d,2025-03-31,2026-05-13,2025-03-31,2026-05-12,2025-09-30,observed_local_daily_rank_date,full_local_kospi200_daily_universe_files,308,sc_v1_3_high_turnover,ee_v1_0_rc_sc_v1_3_high_turnover_1d_5101aca49335,1,highest_20d_average_traded_value_for_requested_as_of_date,005930,삼성전자,1,1524517328170.0,2025-09-03,2025-09-30,full_local_daily_price_close_times_volume_rolling_20d,data/005930_daily_prices.csv,1660343124672000,available_from_latest_approved_snapshot,2026-05-13,dynamic_full_local_universe_rank_slot_resolution_for_as_of_date,true,rank_uses_only_existing_local_price_volume_or_approved_snapshot_values_available_for_the_as_of_date
v1_3_candidate_ticker_mapping_period.v3,evidence_only_generated_artifact_not_for_valuation_scoring_trading_or_production_ranking,rolling_rank_slot_desc_average_traded_value_20d,2025-03-31,2026-05-13,2025-03-31,2026-05-12,2025-09-30,observed_local_daily_rank_date,full_local_kospi200_daily_universe_files,308,sc_v1_3_missing_liquidity,ee_v1_0_rc_sc_v1_3_missing_liquidity_1d_189794a48a70,2,next_highest_20d_average_traded_value_for_requested_as_of_date,000660,SK하이닉스,2,1213925171000.0,2025-09-03,2025-09-30,full_local_daily_price_close_times_volume_rolling_20d,data/000660_daily_prices.csv,1408299873240000,available_from_latest_approved_snapshot,2026-05-13,dynamic_full_local_universe_rank_slot_resolution_for_as_of_date,true,rank_uses_only_existing_local_price_volume_or_approved_snapshot_values_available_for_the_as_of_date
v1_3_candidate_ticker_mapping_period.v4,evidence_only_generated_artifact_not_for_valuation_scoring_trading_or_production_ranking,rolling_rank_slot_desc_average_traded_value_20d,2025-03-31,2026-05-13,2025-03-31,2026-05-12,2025-09-30,observed_local_daily_rank_date,full_local_kospi200_daily_universe_files,308,sc_v1_3_low_drag,ee_v1_0_rc_sc_v1_3_low_drag_1d_3955d197ec26,4,first_top5_supplemental_slot_with_complete_market_cap_and_liquidity_fields,097230,,4,359727538295.0,2025-09-03,2025-09-30,full_local_daily_price_close_times_volume_rolling_20d,data/historical_kospi200/prices/097230_daily_prices.csv,,not_collected_for_full_local_universe_rank,,dynamic_full_local_universe_rank_slot_resolution_for_as_of_date,true,rank_uses_only_existing_local_price_volume_or_approved_snapshot_values_available_for_the_as_of_date
v1_3_candidate_ticker_mapping_period.v3,evidence_only_generated_artifact_not_for_valuation_scoring_trading_or_production_ranking,rolling_rank_slot_desc_average_traded_value_20d,2025-03-31,2026-05-13,2025-03-31,2026-05-12,2025-10-01,observed_local_daily_rank_date,full_local_kospi200_daily_universe_files,308,sc_v1_3_high_turnover,ee_v1_0_rc_sc_v1_3_high_turnover_1d_5101aca49335,1,highest_20d_average_traded_value_for_requested_as_of_date,005930,삼성전자,1,1583398879060.0,2025-09-04,2025-10-01,full_local_daily_price_close_times_volume_rolling_20d,data/005930_daily_prices.csv,1660343124672000,available_from_latest_approved_snapshot,2026-05-13,dynamic_full_local_universe_rank_slot_resolution_for_as_of_date,true,rank_uses_only_existing_local_price_volume_or_approved_snapshot_values_available_for_the_as_of_date
v1_3_candidate_ticker_mapping_period.v3,evidence_only_generated_artifact_not_for_valuation_scoring_trading_or_production_ranking,rolling_rank_slot_desc_average_traded_value_20d,2025-03-31,2026-05-13,2025-03-31,2026-05-12,2025-10-01,observed_local_daily_rank_date,full_local_kospi200_daily_universe_files,308,sc_v1_3_missing_liquidity,ee_v1_0_rc_sc_v1_3_missing_liquidity_1d_189794a48a70,2,next_highest_20d_average_traded_value_for_requested_as_of_date,000660,SK하이닉스,2,1232371652000.0,2025-09-04,2025-10-01,full_local_daily_price_close_times_volume_rolling_20d,data/000660_daily_prices.csv,1408299873240000,available_from_latest_approved_snapshot,2026-05-13,dynamic_full_local_universe_rank_slot_resolution_for_as_of_date,true,rank_uses_only_existing_local_price_volume_or_approved_snapshot_values_available_for_the_as_of_date
v1_3_candidate_ticker_mapping_period.v4,evidence_only_generated_artifact_not_for_valuation_scoring_trading_or_production_ranking,rolling_rank_slot_desc_average_traded_value_20d,2025-03-31,2026-05-13,2025-03-31,2026-05-12,2025-10-01,observed_local_daily_rank_date,full_local_kospi200_daily_universe_files,308,sc_v1_3_low_drag,ee_v1_0_rc_sc_v1_3_low_drag_1d_3955d197ec26,4,first_top5_supplemental_slot_with_complete_market_cap_and_liquidity_fields,034020,,4,361700581645.0,2025-09-04,2025-10-01,full_local_daily_price_close_times_volume_rolling_20d,data/034020_daily_prices.csv,,not_collected_for_full_local_universe_rank,,dynamic_full_local_universe_rank_slot_resolution_for_as_of_date,true,rank_uses_only_existing_local_price_volume_or_approved_snapshot_values_available_for_the_as_of_date
v1_3_candidate_ticker_mapping_period.v3,evidence_only_generated_artifact_not_for_valuation_scoring_trading_or_production_ranking,rolling_rank_slot_desc_average_traded_value_20d,2025-03-31,2026-05-13,2025-03-31,2026-05-12,2025-10-02,observed_local_daily_rank_date,full_local_kospi200_daily_universe_files,308,sc_v1_3_high_turnover,ee_v1_0_rc_sc_v1_3_high_turnover_1d_5101aca49335,1,highest_20d_average_traded_value_for_requested_as_of_date,005930,삼성전자,1,1762321482590.0,2025-09-05,2025-10-02,full_local_daily_price_close_times_volume_rolling_20d,data/005930_daily_prices.csv,1660343124672000,available_from_latest_approved_snapshot,2026-05-13,dynamic_full_local_universe_rank_slot_resolution_for_as_of_date,true,rank_uses_only_existing_local_price_volume_or_approved_snapshot_values_available_for_the_as_of_date
v1_3_candidate_ticker_mapping_period.v3,evidence_only_generated_artifact_not_for_valuation_scoring_trading_or_production_ranking,rolling_rank_slot_desc_average_traded_value_20d,2025-03-31,2026-05-13,2025-03-31,2026-05-12,2025-10-02,observed_local_daily_rank_date,full_local_kospi200_daily_universe_files,308,sc_v1_3_missing_liquidity,ee_v1_0_rc_sc_v1_3_missing_liquidity_1d_189794a48a70,2,next_highest_20d_average_traded_value_for_requested_as_of_date,000660,SK하이닉스,2,1350243284600.0,2025-09-05,2025-10-02,full_local_daily_price_close_times_volume_rolling_20d,data/000660_daily_prices.csv,1408299873240000,available_from_latest_approved_snapshot,2026-05-13,dynamic_full_local_universe_rank_slot_resolution_for_as_of_date,true,rank_uses_only_existing_local_price_volume_or_approved_snapshot_values_available_for_the_as_of_date
v1_3_candidate_ticker_mapping_period.v4,evidence_only_generated_artifact_not_for_valuation_scoring_trading_or_production_ranking,rolling_rank_slot_desc_average_traded_value_20d,2025-03-31,2026-05-13,2025-03-31,2026-05-12,2025-10-02,observed_local_daily_rank_date,full_local_kospi200_daily_universe_files,308,sc_v1_3_low_drag,ee_v1_0_rc_sc_v1_3_low_drag_1d_3955d197ec26,4,first_top5_supplemental_slot_with_complete_market_cap_and_liquidity_fields,034020,,4,367349912025.0,2025-09-05,2025-10-02,full_local_daily_price_close_times_volume_rolling_20d,data/034020_daily_prices.csv,,not_collected_for_full_local_universe_rank,,dynamic_full_local_universe_rank_slot_resolution_for_as_of_date,true,rank_uses_only_existing_local_price_volume_or_approved_snapshot_values_available_for_the_as_of_date
v1_3_candidate_ticker_mapping_period.v3,evidence_only_generated_artifact_not_for_valuation_scoring_trading_or_production_ranking,rolling_rank_slot_desc_average_traded_value_20d,2025-03-31,2026-05-13,2025-03-31,2026-05-12,2025-10-10,observed_local_daily_rank_date,full_local_kospi200_daily_universe_files,308,sc_v1_3_high_turnover,ee_v1_0_rc_sc_v1_3_high_turnover_1d_5101aca49335,1,highest_20d_average_traded_value_for_requested_as_of_date,005930,삼성전자,1,1888739327250.0,2025-09-08,2025-10-10,full_local_daily_price_close_times_volume_rolling_20d,data/005930_daily_prices.csv,1660343124672000,available_from_latest_approved_snapshot,2026-05-13,dynamic_full_local_universe_rank_slot_resolution_for_as_of_date,true,rank_uses_only_existing_local_price_volume_or_approved_snapshot_values_available_for_the_as_of_date
v1_3_candidate_ticker_mapping_period.v3,evidence_only_generated_artifact_not_for_valuation_scoring_trading_or_production_ranking,rolling_rank_slot_desc_average_traded_value_20d,2025-03-31,2026-05-13,2025-03-31,2026-05-12,2025-10-10,observed_local_daily_rank_date,full_local_kospi200_daily_universe_files,308,sc_v1_3_missing_liquidity,ee_v1_0_rc_sc_v1_3_missing_liquidity_1d_189794a48a70,2,next_highest_20d_average_traded_value_for_requested_as_of_date,000660,SK하이닉스,2,1454091153175.0,2025-09-08,2025-10-10,full_local_daily_price_close_times_volume_rolling_20d,data/000660_daily_prices.csv,1408299873240000,available_from_latest_approved_snapshot,2026-05-13,dynamic_full_local_universe_rank_slot_resolution_for_as_of_date,true,rank_uses_only_existing_local_price_volume_or_approved_snapshot_values_available_for_the_as_of_date
v1_3_candidate_ticker_mapping_period.v4,evidence_only_generated_artifact_not_for_valuation_scoring_trading_or_production_ranking,rolling_rank_slot_desc_average_traded_value_20d,2025-03-31,2026-05-13,2025-03-31,2026-05-12,2025-10-10,observed_local_daily_rank_date,full_local_kospi200_daily_universe_files,308,sc_v1_3_low_drag,ee_v1_0_rc_sc_v1_3_low_drag_1d_3955d197ec26,4,first_top5_supplemental_slot_with_complete_market_cap_and_liquidity_fields,034020,,4,430001981155.0,2025-09-08,2025-10-10,full_local_daily_price_close_times_volume_rolling_20d,data/034020_daily_prices.csv,,not_collected_for_full_local_universe_rank,,dynamic_full_local_universe_rank_slot_resolution_for_as_of_date,true,rank_uses_only_existing_local_price_volume_or_approved_snapshot_values_available_for_the_as_of_date
v1_3_candidate_ticker_mapping_period.v3,evidence_only_generated_artifact_not_for_valuation_scoring_trading_or_production_ranking,rolling_rank_slot_desc_average_traded_value_20d,2025-03-31,2026-05-13,2025-03-31,2026-05-12,2025-10-13,observed_local_daily_rank_date,full_local_kospi200_daily_universe_files,308,sc_v1_3_high_turnover,ee_v1_0_rc_sc_v1_3_high_turnover_1d_5101aca49335,1,highest_20d_average_traded_value_for_requested_as_of_date,005930,삼성전자,1,1967687670895.0,2025-09-09,2025-10-13,full_local_daily_price_close_times_volume_rolling_20d,data/005930_daily_prices.csv,1660343124672000,available_from_latest_approved_snapshot,2026-05-13,dynamic_full_local_universe_rank_slot_resolution_for_as_of_date,true,rank_uses_only_existing_local_price_volume_or_approved_snapshot_values_available_for_the_as_of_date
v1_3_candidate_ticker_mapping_period.v3,evidence_only_generated_artifact_not_for_valuation_scoring_trading_or_production_ranking,rolling_rank_slot_desc_average_traded_value_20d,2025-03-31,2026-05-13,2025-03-31,2026-05-12,2025-10-13,observed_local_daily_rank_date,full_local_kospi200_daily_universe_files,308,sc_v1_3_missing_liquidity,ee_v1_0_rc_sc_v1_3_missing_liquidity_1d_189794a48a70,2,next_highest_20d_average_traded_value_for_requested_as_of_date,000660,SK하이닉스,2,1516535792525.0,2025-09-09,2025-10-13,full_local_daily_price_close_times_volume_rolling_20d,data/000660_daily_prices.csv,1408299873240000,available_from_latest_approved_snapshot,2026-05-13,dynamic_full_local_universe_rank_slot_resolution_for_as_of_date,true,rank_uses_only_existing_local_price_volume_or_approved_snapshot_values_available_for_the_as_of_date
v1_3_candidate_ticker_mapping_period.v4,evidence_only_generated_artifact_not_for_valuation_scoring_trading_or_production_ranking,rolling_rank_slot_desc_average_traded_value_20d,2025-03-31,2026-05-13,2025-03-31,2026-05-12,2025-10-13,observed_local_daily_rank_date,full_local_kospi200_daily_universe_files,308,sc_v1_3_low_drag,ee_v1_0_rc_sc_v1_3_low_drag_1d_3955d197ec26,4,first_top5_supplemental_slot_with_complete_market_cap_and_liquidity_fields,034020,,4,476337330680.0,2025-09-09,2025-10-13,full_local_daily_price_close_times_volume_rolling_20d,data/034020_daily_prices.csv,,not_collected_for_full_local_universe_rank,,dynamic_full_local_universe_rank_slot_resolution_for_as_of_date,true,rank_uses_only_existing_local_price_volume_or_approved_snapshot_values_available_for_the_as_of_date
v1_3_candidate_ticker_mapping_period.v3,evidence_only_generated_artifact_not_for_valuation_scoring_trading_or_production_ranking,rolling_rank_slot_desc_average_traded_value_20d,2025-03-31,2026-05-13,2025-03-31,2026-05-12,2025-10-14,observed_local_daily_rank_date,full_local_kospi200_daily_universe_files,308,sc_v1_3_high_turnover,ee_v1_0_rc_sc_v1_3_high_turnover_1d_5101aca49335,1,highest_20d_average_traded_value_for_requested_as_of_date,005930,삼성전자,1,2077323721320.0,2025-09-10,2025-10-14,full_local_daily_price_close_times_volume_rolling_20d,data/005930_daily_prices.csv,1660343124672000,available_from_latest_approved_snapshot,2026-05-13,dynamic_full_local_universe_rank_slot_resolution_for_as_of_date,true,rank_uses_only_existing_local_price_volume_or_approved_snapshot_values_available_for_the_as_of_date
v1_3_candidate_ticker_mapping_period.v3,evidence_only_generated_artifact_not_for_valuation_scoring_trading_or_production_ranking,rolling_rank_slot_desc_average_traded_value_20d,2025-03-31,2026-05-13,2025-03-31,2026-05-12,2025-10-14,observed_local_daily_rank_date,full_local_kospi200_daily_universe_files,308,sc_v1_3_missing_liquidity,ee_v1_0_rc_sc_v1_3_missing_liquidity_1d_189794a48a70,2,next_highest_20d_average_traded_value_for_requested_as_of_date,000660,SK하이닉스,2,1541039400850.0,2025-09-10,2025-10-14,full_local_daily_price_close_times_volume_rolling_20d,data/000660_daily_prices.csv,1408299873240000,available_from_latest_approved_snapshot,2026-05-13,dynamic_full_local_universe_rank_slot_resolution_for_as_of_date,true,rank_uses_only_existing_local_price_volume_or_approved_snapshot_values_available_for_the_as_of_date
v1_3_candidate_ticker_mapping_period.v4,evidence_only_generated_artifact_not_for_valuation_scoring_trading_or_production_ranking,rolling_rank_slot_desc_average_traded_value_20d,2025-03-31,2026-05-13,2025-03-31,2026-05-12,2025-10-14,observed_local_daily_rank_date,full_local_kospi200_daily_universe_files,308,sc_v1_3_low_drag,ee_v1_0_rc_sc_v1_3_low_drag_1d_3955d197ec26,4,first_top5_supplemental_slot_with_complete_market_cap_and_liquidity_fields,034020,,4,508898175140.0,2025-09-10,2025-10-14,full_local_daily_price_close_times_volume_rolling_20d,data/034020_daily_prices.csv,,not_collected_for_full_local_universe_rank,,dynamic_full_local_universe_rank_slot_resolution_for_as_of_date,true,rank_uses_only_existing_local_price_volume_or_approved_snapshot_values_available_for_the_as_of_date
v1_3_candidate_ticker_mapping_period.v3,evidence_only_generated_artifact_not_for_valuation_scoring_trading_or_production_ranking,rolling_rank_slot_desc_average_traded_value_20d,2025-03-31,2026-05-13,2025-03-31,2026-05-12,2025-10-15,observed_local_daily_rank_date,full_local_kospi200_daily_universe_files,308,sc_v1_3_high_turnover,ee_v1_0_rc_sc_v1_3_high_turnover_1d_5101aca49335,1,highest_20d_average_traded_value_for_requested_as_of_date,005930,삼성전자,1,2097711057620.0,2025-09-11,2025-10-15,full_local_daily_price_close_times_volume_rolling_20d,data/005930_daily_prices.csv,1660343124672000,available_from_latest_approved_snapshot,2026-05-13,dynamic_full_local_universe_rank_slot_resolution_for_as_of_date,true,rank_uses_only_existing_local_price_volume_or_approved_snapshot_values_available_for_the_as_of_date
v1_3_candidate_ticker_mapping_period.v3,evidence_only_generated_artifact_not_for_valuation_scoring_trading_or_production_ranking,rolling_rank_slot_desc_average_traded_value_20d,2025-03-31,2026-05-13,2025-03-31,2026-05-12,2025-10-15,observed_local_daily_rank_date,full_local_kospi200_daily_universe_files,308,sc_v1_3_missing_liquidity,ee_v1_0_rc_sc_v1_3_missing_liquidity_1d_189794a48a70,2,next_highest_20d_average_traded_value_for_requested_as_of_date,000660,SK하이닉스,2,1517787396625.0,2025-09-11,2025-10-15,full_local_daily_price_close_times_volume_rolling_20d,data/000660_daily_prices.csv,1408299873240000,available_from_latest_approved_snapshot,2026-05-13,dynamic_full_local_universe_rank_slot_resolution_for_as_of_date,true,rank_uses_only_existing_local_price_volume_or_approved_snapshot_values_available_for_the_as_of_date
v1_3_candidate_ticker_mapping_period.v4,evidence_only_generated_artifact_not_for_valuation_scoring_trading_or_production_ranking,rolling_rank_slot_desc_average_traded_value_20d,2025-03-31,2026-05-13,2025-03-31,2026-05-12,2025-10-15,observed_local_daily_rank_date,full_local_kospi200_daily_universe_files,308,sc_v1_3_low_drag,ee_v1_0_rc_sc_v1_3_low_drag_1d_3955d197ec26,4,first_top5_supplemental_slot_with_complete_market_cap_and_liquidity_fields,034020,,4,544524250395.0,2025-09-11,2025-10-15,full_local_daily_price_close_times_volume_rolling_20d,data/034020_daily_prices.csv,,not_collected_for_full_local_universe_rank,,dynamic_full_local_universe_rank_slot_resolution_for_as_of_date,true,rank_uses_only_existing_local_price_volume_or_approved_snapshot_values_available_for_the_as_of_date
v1_3_candidate_ticker_mapping_period.v3,evidence_only_generated_artifact_not_for_valuation_scoring_trading_or_production_ranking,rolling_rank_slot_desc_average_traded_value_20d,2025-03-31,2026-05-13,2025-03-31,2026-05-12,2025-10-16,observed_local_daily_rank_date,full_local_kospi200_daily_universe_files,308,sc_v1_3_high_turnover,ee_v1_0_rc_sc_v1_3_high_turnover_1d_5101aca49335,1,highest_20d_average_traded_value_for_requested_as_of_date,005930,삼성전자,1,2158867987050.0,2025-09-12,2025-10-16,full_local_daily_price_close_times_volume_rolling_20d,data/005930_daily_prices.csv,1660343124672000,available_from_latest_approved_snapshot,2026-05-13,dynamic_full_local_universe_rank_slot_resolution_for_as_of_date,true,rank_uses_only_existing_local_price_volume_or_approved_snapshot_values_available_for_the_as_of_date
v1_3_candidate_ticker_mapping_period.v3,evidence_only_generated_artifact_not_for_valuation_scoring_trading_or_production_ranking,rolling_rank_slot_desc_average_traded_value_20d,2025-03-31,2026-05-13,2025-03-31,2026-05-12,2025-10-16,observed_local_daily_rank_date,full_local_kospi200_daily_universe_files,308,sc_v1_3_missing_liquidity,ee_v1_0_rc_sc_v1_3_missing_liquidity_1d_189794a48a70,2,next_highest_20d_average_traded_value_for_requested_as_of_date,000660,SK하이닉스,2,1534873752575.0,2025-09-12,2025-10-16,full_local_daily_price_close_times_volume_rolling_20d,data/000660_daily_prices.csv,1408299873240000,available_from_latest_approved_snapshot,2026-05-13,dynamic_full_local_universe_rank_slot_resolution_for_as_of_date,true,rank_uses_only_existing_local_price_volume_or_approved_snapshot_values_available_for_the_as_of_date
v1_3_candidate_ticker_mapping_period.v4,evidence_only_generated_artifact_not_for_valuation_scoring_trading_or_production_ranking,rolling_rank_slot_desc_average_traded_value_20d,2025-03-31,2026-05-13,2025-03-31,2026-05-12,2025-10-16,observed_local_daily_rank_date,full_local_kospi200_daily_universe_files,308,sc_v1_3_low_drag,ee_v1_0_rc_sc_v1_3_low_drag_1d_3955d197ec26,4,first_top5_supplemental_slot_with_complete_market_cap_and_liquidity_fields,034020,,4,559898838330.0,2025-09-12,2025-10-16,full_local_daily_price_close_times_volume_rolling_20d,data/034020_daily_prices.csv,,not_collected_for_full_local_universe_rank,,dynamic_full_local_universe_rank_slot_resolution_for_as_of_date,true,rank_uses_only_existing_local_price_volume_or_approved_snapshot_values_available_for_the_as_of_date
v1_3_candidate_ticker_mapping_period.v3,evidence_only_generated_artifact_not_for_valuation_scoring_trading_or_production_ranking,rolling_rank_slot_desc_average_traded_value_20d,2025-03-31,2026-05-13,2025-03-31,2026-05-12,2025-10-17,observed_local_daily_rank_date,full_local_kospi200_daily_universe_files,308,sc_v1_3_high_turnover,ee_v1_0_rc_sc_v1_3_high_turnover_1d_5101aca49335,1,highest_20d_average_traded_value_for_requested_as_of_date,005930,삼성전자,1,2163747111045.0,2025-09-15,2025-10-17,full_local_daily_price_close_times_volume_rolling_20d,data/005930_daily_prices.csv,1660343124672000,available_from_latest_approved_snapshot,2026-05-13,dynamic_full_local_universe_rank_slot_resolution_for_as_of_date,true,rank_uses_only_existing_local_price_volume_or_approved_snapshot_values_available_for_the_as_of_date
v1_3_candidate_ticker_mapping_period.v3,evidence_only_generated_artifact_not_for_valuation_scoring_trading_or_production_ranking,rolling_rank_slot_desc_average_traded_value_20d,2025-03-31,2026-05-13,2025-03-31,2026-05-12,2025-10-17,observed_local_daily_rank_date,full_local_kospi200_daily_universe_files,308,sc_v1_3_missing_liquidity,ee_v1_0_rc_sc_v1_3_missing_liquidity_1d_189794a48a70,2,next_highest_20d_average_traded_value_for_requested_as_of_date,000660,SK하이닉스,2,1570895771600.0,2025-09-15,2025-10-17,full_local_daily_price_close_times_volume_rolling_20d,data/000660_daily_prices.csv,1408299873240000,available_from_latest_approved_snapshot,2026-05-13,dynamic_full_local_universe_rank_slot_resolution_for_as_of_date,true,rank_uses_only_existing_local_price_volume_or_approved_snapshot_values_available_for_the_as_of_date
v1_3_candidate_ticker_mapping_period.v4,evidence_only_generated_artifact_not_for_valuation_scoring_trading_or_production_ranking,rolling_rank_slot_desc_average_traded_value_20d,2025-03-31,2026-05-13,2025-03-31,2026-05-12,2025-10-17,observed_local_daily_rank_date,full_local_kospi200_daily_universe_files,308,sc_v1_3_low_drag,ee_v1_0_rc_sc_v1_3_low_drag_1d_3955d197ec26,4,first_top5_supplemental_slot_with_complete_market_cap_and_liquidity_fields,034020,,4,569401278420.0,2025-09-15,2025-10-17,full_local_daily_price_close_times_volume_rolling_20d,data/034020_daily_prices.csv,,not_collected_for_full_local_universe_rank,,dynamic_full_local_universe_rank_slot_resolution_for_as_of_date,true,rank_uses_only_existing_local_price_volume_or_approved_snapshot_values_available_for_the_as_of_date
v1_3_candidate_ticker_mapping_period.v3,evidence_only_generated_artifact_not_for_valuation_scoring_trading_or_production_ranking,rolling_rank_slot_desc_average_traded_value_20d,2025-03-31,2026-05-13,2025-03-31,2026-05-12,2025-10-20,observed_local_daily_rank_date,full_local_kospi200_daily_universe_files,308,sc_v1_3_high_turnover,ee_v1_0_rc_sc_v1_3_high_turnover_1d_5101aca49335,1,highest_20d_average_traded_value_for_requested_as_of_date,005930,삼성전자,1,2173873685100.0,2025-09-16,2025-10-20,full_local_daily_price_close_times_volume_rolling_20d,data/005930_daily_prices.csv,1660343124672000,available_from_latest_approved_snapshot,2026-05-13,dynamic_full_local_universe_rank_slot_resolution_for_as_of_date,true,rank_uses_only_existing_local_price_volume_or_approved_snapshot_values_available_for_the_as_of_date
v1_3_candidate_ticker_mapping_period.v3,evidence_only_generated_artifact_not_for_valuation_scoring_trading_or_production_ranking,rolling_rank_slot_desc_average_traded_value_20d,2025-03-31,2026-05-13,2025-03-31,2026-05-12,2025-10-20,observed_local_daily_rank_date,full_local_kospi200_daily_universe_files,308,sc_v1_3_missing_liquidity,ee_v1_0_rc_sc_v1_3_missing_liquidity_1d_189794a48a70,2,next_highest_20d_average_traded_value_for_requested_as_of_date,000660,SK하이닉스,2,1581964480125.0,2025-09-16,2025-10-20,full_local_daily_price_close_times_volume_rolling_20d,data/000660_daily_prices.csv,1408299873240000,available_from_latest_approved_snapshot,2026-05-13,dynamic_full_local_universe_rank_slot_resolution_for_as_of_date,true,rank_uses_only_existing_local_price_volume_or_approved_snapshot_values_available_for_the_as_of_date
v1_3_candidate_ticker_mapping_period.v4,evidence_only_generated_artifact_not_for_valuation_scoring_trading_or_production_ranking,rolling_rank_slot_desc_average_traded_value_20d,2025-03-31,2026-05-13,2025-03-31,2026-05-12,2025-10-20,observed_local_daily_rank_date,full_local_kospi200_daily_universe_files,308,sc_v1_3_low_drag,ee_v1_0_rc_sc_v1_3_low_drag_1d_3955d197ec26,4,first_top5_supplemental_slot_with_complete_market_cap_and_liquidity_fields,034020,,4,569816943445.0,2025-09-16,2025-10-20,full_local_daily_price_close_times_volume_rolling_20d,data/034020_daily_prices.csv,,not_collected_for_full_local_universe_rank,,dynamic_full_local_universe_rank_slot_resolution_for_as_of_date,true,rank_uses_only_existing_local_price_volume_or_approved_snapshot_values_available_for_the_as_of_date
v1_3_candidate_ticker_mapping_period.v3,evidence_only_generated_artifact_not_for_valuation_scoring_trading_or_production_ranking,rolling_rank_slot_desc_average_traded_value_20d,2025-03-31,2026-05-13,2025-03-31,2026-05-12,2025-10-21,observed_local_daily_rank_date,full_local_kospi200_daily_universe_files,308,sc_v1_3_high_turnover,ee_v1_0_rc_sc_v1_3_high_turnover_1d_5101aca49335,1,highest_20d_average_traded_value_for_requested_as_of_date,005930,삼성전자,1,2173015844300.0,2025-09-17,2025-10-21,full_local_daily_price_close_times_volume_rolling_20d,data/005930_daily_prices.csv,1660343124672000,available_from_latest_approved_snapshot,2026-05-13,dynamic_full_local_universe_rank_slot_resolution_for_as_of_date,true,rank_uses_only_existing_local_price_volume_or_approved_snapshot_values_available_for_the_as_of_date
v1_3_candidate_ticker_mapping_period.v3,evidence_only_generated_artifact_not_for_valuation_scoring_trading_or_production_ranking,rolling_rank_slot_desc_average_traded_value_20d,2025-03-31,2026-05-13,2025-03-31,2026-05-12,2025-10-21,observed_local_daily_rank_date,full_local_kospi200_daily_universe_files,308,sc_v1_3_missing_liquidity,ee_v1_0_rc_sc_v1_3_missing_liquidity_1d_189794a48a70,2,next_highest_20d_average_traded_value_for_requested_as_of_date,000660,SK하이닉스,2,1579166980225.0,2025-09-17,2025-10-21,full_local_daily_price_close_times_volume_rolling_20d,data/000660_daily_prices.csv,1408299873240000,available_from_latest_approved_snapshot,2026-05-13,dynamic_full_local_universe_rank_slot_resolution_for_as_of_date,true,rank_uses_only_existing_local_price_volume_or_approved_snapshot_values_available_for_the_as_of_date
v1_3_candidate_ticker_mapping_period.v4,evidence_only_generated_artifact_not_for_valuation_scoring_trading_or_production_ranking,rolling_rank_slot_desc_average_traded_value_20d,2025-03-31,2026-05-13,2025-03-31,2026-05-12,2025-10-21,observed_local_daily_rank_date,full_local_kospi200_daily_universe_files,308,sc_v1_3_low_drag,ee_v1_0_rc_sc_v1_3_low_drag_1d_3955d197ec26,4,first_top5_supplemental_slot_with_complete_market_cap_and_liquidity_fields,034020,,4,565518874755.0,2025-09-17,2025-10-21,full_local_daily_price_close_times_volume_rolling_20d,data/034020_daily_prices.csv,,not_collected_for_full_local_universe_rank,,dynamic_full_local_universe_rank_slot_resolution_for_as_of_date,true,rank_uses_only_existing_local_price_volume_or_approved_snapshot_values_available_for_the_as_of_date
v1_3_candidate_ticker_mapping_period.v3,evidence_only_generated_artifact_not_for_valuation_scoring_trading_or_production_ranking,rolling_rank_slot_desc_average_traded_value_20d,2025-03-31,2026-05-13,2025-03-31,2026-05-12,2025-10-22,observed_local_daily_rank_date,full_local_kospi200_daily_universe_files,308,sc_v1_3_high_turnover,ee_v1_0_rc_sc_v1_3_high_turnover_1d_5101aca49335,1,highest_20d_average_traded_value_for_requested_as_of_date,005930,삼성전자,1,2170040067060.0,2025-09-18,2025-10-22,full_local_daily_price_close_times_volume_rolling_20d,data/005930_daily_prices.csv,1660343124672000,available_from_latest_approved_snapshot,2026-05-13,dynamic_full_local_universe_rank_slot_resolution_for_as_of_date,true,rank_uses_only_existing_local_price_volume_or_approved_snapshot_values_available_for_the_as_of_date
v1_3_candidate_ticker_mapping_period.v3,evidence_only_generated_artifact_not_for_valuation_scoring_trading_or_production_ranking,rolling_rank_slot_desc_average_traded_value_20d,2025-03-31,2026-05-13,2025-03-31,2026-05-12,2025-10-22,observed_local_daily_rank_date,full_local_kospi200_daily_universe_files,308,sc_v1_3_missing_liquidity,ee_v1_0_rc_sc_v1_3_missing_liquidity_1d_189794a48a70,2,next_highest_20d_average_traded_value_for_requested_as_of_date,000660,SK하이닉스,2,1597325284375.0,2025-09-18,2025-10-22,full_local_daily_price_close_times_volume_rolling_20d,data/000660_daily_prices.csv,1408299873240000,available_from_latest_approved_snapshot,2026-05-13,dynamic_full_local_universe_rank_slot_resolution_for_as_of_date,true,rank_uses_only_existing_local_price_volume_or_approved_snapshot_values_available_for_the_as_of_date
v1_3_candidate_ticker_mapping_period.v4,evidence_only_generated_artifact_not_for_valuation_scoring_trading_or_production_ranking,rolling_rank_slot_desc_average_traded_value_20d,2025-03-31,2026-05-13,2025-03-31,2026-05-12,2025-10-22,observed_local_daily_rank_date,full_local_kospi200_daily_universe_files,308,sc_v1_3_low_drag,ee_v1_0_rc_sc_v1_3_low_drag_1d_3955d197ec26,4,first_top5_supplemental_slot_with_complete_market_cap_and_liquidity_fields,034020,,4,571827105635.0,2025-09-18,2025-10-22,full_local_daily_price_close_times_volume_rolling_20d,data/034020_daily_prices.csv,,not_collected_for_full_local_universe_rank,,dynamic_full_local_universe_rank_slot_resolution_for_as_of_date,true,rank_uses_only_existing_local_price_volume_or_approved_snapshot_values_available_for_the_as_of_date
v1_3_candidate_ticker_mapping_period.v3,evidence_only_generated_artifact_not_for_valuation_scoring_trading_or_production_ranking,rolling_rank_slot_desc_average_traded_value_20d,2025-03-31,2026-05-13,2025-03-31,2026-05-12,2025-10-23,observed_local_daily_rank_date,full_local_kospi200_daily_universe_files,308,sc_v1_3_high_turnover,ee_v1_0_rc_sc_v1_3_high_turnover_1d_5101aca49335,1,highest_20d_average_traded_value_for_requested_as_of_date,005930,삼성전자,1,2156130854510.0,2025-09-19,2025-10-23,full_local_daily_price_close_times_volume_rolling_20d,data/005930_daily_prices.csv,1660343124672000,available_from_latest_approved_snapshot,2026-05-13,dynamic_full_local_universe_rank_slot_resolution_for_as_of_date,true,rank_uses_only_existing_local_price_volume_or_approved_snapshot_values_available_for_the_as_of_date
v1_3_candidate_ticker_mapping_period.v3,evidence_only_generated_artifact_not_for_valuation_scoring_trading_or_production_ranking,rolling_rank_slot_desc_average_traded_value_20d,2025-03-31,2026-05-13,2025-03-31,2026-05-12,2025-10-23,observed_local_daily_rank_date,full_local_kospi200_daily_universe_files,308,sc_v1_3_missing_liquidity,ee_v1_0_rc_sc_v1_3_missing_liquidity_1d_189794a48a70,2,next_highest_20d_average_traded_value_for_requested_as_of_date,000660,SK하이닉스,2,1603183369000.0,2025-09-19,2025-10-23,full_local_daily_price_close_times_volume_rolling_20d,data/000660_daily_prices.csv,1408299873240000,available_from_latest_approved_snapshot,2026-05-13,dynamic_full_local_universe_rank_slot_resolution_for_as_of_date,true,rank_uses_only_existing_local_price_volume_or_approved_snapshot_values_available_for_the_as_of_date
v1_3_candidate_ticker_mapping_period.v4,evidence_only_generated_artifact_not_for_valuation_scoring_trading_or_production_ranking,rolling_rank_slot_desc_average_traded_value_20d,2025-03-31,2026-05-13,2025-03-31,2026-05-12,2025-10-23,observed_local_daily_rank_date,full_local_kospi200_daily_universe_files,308,sc_v1_3_low_drag,ee_v1_0_rc_sc_v1_3_low_drag_1d_3955d197ec26,4,first_top5_supplemental_slot_with_complete_market_cap_and_liquidity_fields,034020,,4,579801899050.0,2025-09-19,2025-10-23,full_local_daily_price_close_times_volume_rolling_20d,data/034020_daily_prices.csv,,not_collected_for_full_local_universe_rank,,dynamic_full_local_universe_rank_slot_resolution_for_as_of_date,true,rank_uses_only_existing_local_price_volume_or_approved_snapshot_values_available_for_the_as_of_date
v1_3_candidate_ticker_mapping_period.v3,evidence_only_generated_artifact_not_for_valuation_scoring_trading_or_production_ranking,rolling_rank_slot_desc_average_traded_value_20d,2025-03-31,2026-05-13,2025-03-31,2026-05-12,2025-10-24,observed_local_daily_rank_date,full_local_kospi200_daily_universe_files,308,sc_v1_3_high_turnover,ee_v1_0_rc_sc_v1_3_high_turnover_1d_5101aca49335,1,highest_20d_average_traded_value_for_requested_as_of_date,005930,삼성전자,1,2165732295800.0,2025-09-22,2025-10-24,full_local_daily_price_close_times_volume_rolling_20d,data/005930_daily_prices.csv,1660343124672000,available_from_latest_approved_snapshot,2026-05-13,dynamic_full_local_universe_rank_slot_resolution_for_as_of_date,true,rank_uses_only_existing_local_price_volume_or_approved_snapshot_values_available_for_the_as_of_date
v1_3_candidate_ticker_mapping_period.v3,evidence_only_generated_artifact_not_for_valuation_scoring_trading_or_production_ranking,rolling_rank_slot_desc_average_traded_value_20d,2025-03-31,2026-05-13,2025-03-31,2026-05-12,2025-10-24,observed_local_daily_rank_date,full_local_kospi200_daily_universe_files,308,sc_v1_3_missing_liquidity,ee_v1_0_rc_sc_v1_3_missing_liquidity_1d_189794a48a70,2,next_highest_20d_average_traded_value_for_requested_as_of_date,000660,SK하이닉스,2,1634260686050.0,2025-09-22,2025-10-24,full_local_daily_price_close_times_volume_rolling_20d,data/000660_daily_prices.csv,1408299873240000,available_from_latest_approved_snapshot,2026-05-13,dynamic_full_local_universe_rank_slot_resolution_for_as_of_date,true,rank_uses_only_existing_local_price_volume_or_approved_snapshot_values_available_for_the_as_of_date
v1_3_candidate_ticker_mapping_period.v4,evidence_only_generated_artifact_not_for_valuation_scoring_trading_or_production_ranking,rolling_rank_slot_desc_average_traded_value_20d,2025-03-31,2026-05-13,2025-03-31,2026-05-12,2025-10-24,observed_local_daily_rank_date,full_local_kospi200_daily_universe_files,308,sc_v1_3_low_drag,ee_v1_0_rc_sc_v1_3_low_drag_1d_3955d197ec26,4,first_top5_supplemental_slot_with_complete_market_cap_and_liquidity_fields,035420,,4,597279005000.0,2025-09-22,2025-10-24,full_local_daily_price_close_times_volume_rolling_20d,data/035420_daily_prices.csv,,not_collected_for_full_local_universe_rank,,dynamic_full_local_universe_rank_slot_resolution_for_as_of_date,true,rank_uses_only_existing_local_price_volume_or_approved_snapshot_values_available_for_the_as_of_date
v1_3_candidate_ticker_mapping_period.v3,evidence_only_generated_artifact_not_for_valuation_scoring_trading_or_production_ranking,rolling_rank_slot_desc_average_traded_value_20d,2025-03-31,2026-05-13,2025-03-31,2026-05-12,2025-10-27,observed_local_daily_rank_date,full_local_kospi200_daily_universe_files,308,sc_v1_3_high_turnover,ee_v1_0_rc_sc_v1_3_high_turnover_1d_5101aca49335,1,highest_20d_average_traded_value_for_requested_as_of_date,005930,삼성전자,1,2163862829000.0,2025-09-23,2025-10-27,full_local_daily_price_close_times_volume_rolling_20d,data/005930_daily_prices.csv,1660343124672000,available_from_latest_approved_snapshot,2026-05-13,dynamic_full_local_universe_rank_slot_resolution_for_as_of_date,true,rank_uses_only_existing_local_price_volume_or_approved_snapshot_values_available_for_the_as_of_date
v1_3_candidate_ticker_mapping_period.v3,evidence_only_generated_artifact_not_for_valuation_scoring_trading_or_production_ranking,rolling_rank_slot_desc_average_traded_value_20d,2025-03-31,2026-05-13,2025-03-31,2026-05-12,2025-10-27,observed_local_daily_rank_date,full_local_kospi200_daily_universe_files,308,sc_v1_3_missing_liquidity,ee_v1_0_rc_sc_v1_3_missing_liquidity_1d_189794a48a70,2,next_highest_20d_average_traded_value_for_requested_as_of_date,000660,SK하이닉스,2,1647882384650.0,2025-09-23,2025-10-27,full_local_daily_price_close_times_volume_rolling_20d,data/000660_daily_prices.csv,1408299873240000,available_from_latest_approved_snapshot,2026-05-13,dynamic_full_local_universe_rank_slot_resolution_for_as_of_date,true,rank_uses_only_existing_local_price_volume_or_approved_snapshot_values_available_for_the_as_of_date
v1_3_candidate_ticker_mapping_period.v4,evidence_only_generated_artifact_not_for_valuation_scoring_trading_or_production_ranking,rolling_rank_slot_desc_average_traded_value_20d,2025-03-31,2026-05-13,2025-03-31,2026-05-12,2025-10-27,observed_local_daily_rank_date,full_local_kospi200_daily_universe_files,308,sc_v1_3_low_drag,ee_v1_0_rc_sc_v1_3_low_drag_1d_3955d197ec26,4,first_top5_supplemental_slot_with_complete_market_cap_and_liquidity_fields,034020,,4,596913697915.0,2025-09-23,2025-10-27,full_local_daily_price_close_times_volume_rolling_20d,data/034020_daily_prices.csv,,not_collected_for_full_local_universe_rank,,dynamic_full_local_universe_rank_slot_resolution_for_as_of_date,true,rank_uses_only_existing_local_price_volume_or_approved_snapshot_values_available_for_the_as_of_date
v1_3_candidate_ticker_mapping_period.v3,evidence_only_generated_artifact_not_for_valuation_scoring_trading_or_production_ranking,rolling_rank_slot_desc_average_traded_value_20d,2025-03-31,2026-05-13,2025-03-31,2026-05-12,2025-10-28,observed_local_daily_rank_date,full_local_kospi200_daily_universe_files,308,sc_v1_3_high_turnover,ee_v1_0_rc_sc_v1_3_high_turnover_1d_5101aca49335,1,highest_20d_average_traded_value_for_requested_as_of_date,005930,삼성전자,1,2163384718145.0,2025-09-24,2025-10-28,full_local_daily_price_close_times_volume_rolling_20d,data/005930_daily_prices.csv,1660343124672000,available_from_latest_approved_snapshot,2026-05-13,dynamic_full_local_universe_rank_slot_resolution_for_as_of_date,true,rank_uses_only_existing_local_price_volume_or_approved_snapshot_values_available_for_the_as_of_date
v1_3_candidate_ticker_mapping_period.v3,evidence_only_generated_artifact_not_for_valuation_scoring_trading_or_production_ranking,rolling_rank_slot_desc_average_traded_value_20d,2025-03-31,2026-05-13,2025-03-31,2026-05-12,2025-10-28,observed_local_daily_rank_date,full_local_kospi200_daily_universe_files,308,sc_v1_3_missing_liquidity,ee_v1_0_rc_sc_v1_3_missing_liquidity_1d_189794a48a70,2,next_highest_20d_average_traded_value_for_requested_as_of_date,000660,SK하이닉스,2,1735457728250.0,2025-09-24,2025-10-28,full_local_daily_price_close_times_volume_rolling_20d,data/000660_daily_prices.csv,1408299873240000,available_from_latest_approved_snapshot,2026-05-13,dynamic_full_local_universe_rank_slot_resolution_for_as_of_date,true,rank_uses_only_existing_local_price_volume_or_approved_snapshot_values_available_for_the_as_of_date
v1_3_candidate_ticker_mapping_period.v4,evidence_only_generated_artifact_not_for_valuation_scoring_trading_or_production_ranking,rolling_rank_slot_desc_average_traded_value_20d,2025-03-31,2026-05-13,2025-03-31,2026-05-12,2025-10-28,observed_local_daily_rank_date,full_local_kospi200_daily_universe_files,308,sc_v1_3_low_drag,ee_v1_0_rc_sc_v1_3_low_drag_1d_3955d197ec26,4,first_top5_supplemental_slot_with_complete_market_cap_and_liquidity_fields,035420,,4,605152470800.0,2025-09-24,2025-10-28,full_local_daily_price_close_times_volume_rolling_20d,data/035420_daily_prices.csv,,not_collected_for_full_local_universe_rank,,dynamic_full_local_universe_rank_slot_resolution_for_as_of_date,true,rank_uses_only_existing_local_price_volume_or_approved_snapshot_values_available_for_the_as_of_date
v1_3_candidate_ticker_mapping_period.v3,evidence_only_generated_artifact_not_for_valuation_scoring_trading_or_production_ranking,rolling_rank_slot_desc_average_traded_value_20d,2025-03-31,2026-05-13,2025-03-31,2026-05-12,2025-10-29,observed_local_daily_rank_date,full_local_kospi200_daily_universe_files,308,sc_v1_3_high_turnover,ee_v1_0_rc_sc_v1_3_high_turnover_1d_5101aca49335,1,highest_20d_average_traded_value_for_requested_as_of_date,005930,삼성전자,1,2190260895655.0,2025-09-25,2025-10-29,full_local_daily_price_close_times_volume_rolling_20d,data/005930_daily_prices.csv,1660343124672000,available_from_latest_approved_snapshot,2026-05-13,dynamic_full_local_universe_rank_slot_resolution_for_as_of_date,true,rank_uses_only_existing_local_price_volume_or_approved_snapshot_values_available_for_the_as_of_date
v1_3_candidate_ticker_mapping_period.v3,evidence_only_generated_artifact_not_for_valuation_scoring_trading_or_production_ranking,rolling_rank_slot_desc_average_traded_value_20d,2025-03-31,2026-05-13,2025-03-31,2026-05-12,2025-10-29,observed_local_daily_rank_date,full_local_kospi200_daily_universe_files,308,sc_v1_3_missing_liquidity,ee_v1_0_rc_sc_v1_3_missing_liquidity_1d_189794a48a70,2,next_highest_20d_average_traded_value_for_requested_as_of_date,000660,SK하이닉스,2,1795009361025.0,2025-09-25,2025-10-29,full_local_daily_price_close_times_volume_rolling_20d,data/000660_daily_prices.csv,1408299873240000,available_from_latest_approved_snapshot,2026-05-13,dynamic_full_local_universe_rank_slot_resolution_for_as_of_date,true,rank_uses_only_existing_local_price_volume_or_approved_snapshot_values_available_for_the_as_of_date
v1_3_candidate_ticker_mapping_period.v4,evidence_only_generated_artifact_not_for_valuation_scoring_trading_or_production_ranking,rolling_rank_slot_desc_average_traded_value_20d,2025-03-31,2026-05-13,2025-03-31,2026-05-12,2025-10-29,observed_local_daily_rank_date,full_local_kospi200_daily_universe_files,308,sc_v1_3_low_drag,ee_v1_0_rc_sc_v1_3_low_drag_1d_3955d197ec26,4,first_top5_supplemental_slot_with_complete_market_cap_and_liquidity_fields,035420,,4,626635208650.0,2025-09-25,2025-10-29,full_local_daily_price_close_times_volume_rolling_20d,data/035420_daily_prices.csv,,not_collected_for_full_local_universe_rank,,dynamic_full_local_universe_rank_slot_resolution_for_as_of_date,true,rank_uses_only_existing_local_price_volume_or_approved_snapshot_values_available_for_the_as_of_date
v1_3_candidate_ticker_mapping_period.v3,evidence_only_generated_artifact_not_for_valuation_scoring_trading_or_production_ranking,rolling_rank_slot_desc_average_traded_value_20d,2025-03-31,2026-05-13,2025-03-31,2026-05-12,2025-10-30,observed_local_daily_rank_date,full_local_kospi200_daily_universe_files,308,sc_v1_3_high_turnover,ee_v1_0_rc_sc_v1_3_high_turnover_1d_5101aca49335,1,highest_20d_average_traded_value_for_requested_as_of_date,005930,삼성전자,1,2285539359085.0,2025-09-26,2025-10-30,full_local_daily_price_close_times_volume_rolling_20d,data/005930_daily_prices.csv,1660343124672000,available_from_latest_approved_snapshot,2026-05-13,dynamic_full_local_universe_rank_slot_resolution_for_as_of_date,true,rank_uses_only_existing_local_price_volume_or_approved_snapshot_values_available_for_the_as_of_date
v1_3_candidate_ticker_mapping_period.v3,evidence_only_generated_artifact_not_for_valuation_scoring_trading_or_production_ranking,rolling_rank_slot_desc_average_traded_value_20d,2025-03-31,2026-05-13,2025-03-31,2026-05-12,2025-10-30,observed_local_daily_rank_date,full_local_kospi200_daily_universe_files,308,sc_v1_3_missing_liquidity,ee_v1_0_rc_sc_v1_3_missing_liquidity_1d_189794a48a70,2,next_highest_20d_average_traded_value_for_requested_as_of_date,000660,SK하이닉스,2,1895549721050.0,2025-09-26,2025-10-30,full_local_daily_price_close_times_volume_rolling_20d,data/000660_daily_prices.csv,1408299873240000,available_from_latest_approved_snapshot,2026-05-13,dynamic_full_local_universe_rank_slot_resolution_for_as_of_date,true,rank_uses_only_existing_local_price_volume_or_approved_snapshot_values_available_for_the_as_of_date
v1_3_candidate_ticker_mapping_period.v4,evidence_only_generated_artifact_not_for_valuation_scoring_trading_or_production_ranking,rolling_rank_slot_desc_average_traded_value_20d,2025-03-31,2026-05-13,2025-03-31,2026-05-12,2025-10-30,observed_local_daily_rank_date,full_local_kospi200_daily_universe_files,308,sc_v1_3_low_drag,ee_v1_0_rc_sc_v1_3_low_drag_1d_3955d197ec26,4,first_top5_supplemental_slot_with_complete_market_cap_and_liquidity_fields,035420,,4,538837955175.0,2025-09-26,2025-10-30,full_local_daily_price_close_times_volume_rolling_20d,data/035420_daily_prices.csv,,not_collected_for_full_local_universe_rank,,dynamic_full_local_universe_rank_slot_resolution_for_as_of_date,true,rank_uses_only_existing_local_price_volume_or_approved_snapshot_values_available_for_the_as_of_date
v1_3_candidate_ticker_mapping_period.v3,evidence_only_generated_artifact_not_for_valuation_scoring_trading_or_production_ranking,rolling_rank_slot_desc_average_traded_value_20d,2025-03-31,2026-05-13,2025-03-31,2026-05-12,2025-10-31,observed_local_daily_rank_date,full_local_kospi200_daily_universe_files,308,sc_v1_3_high_turnover,ee_v1_0_rc_sc_v1_3_high_turnover_1d_5101aca49335,1,highest_20d_average_traded_value_for_requested_as_of_date,005930,삼성전자,1,2479964871740.0,2025-09-29,2025-10-31,full_local_daily_price_close_times_volume_rolling_20d,data/005930_daily_prices.csv,1660343124672000,available_from_latest_approved_snapshot,2026-05-13,dynamic_full_local_universe_rank_slot_resolution_for_as_of_date,true,rank_uses_only_existing_local_price_volume_or_approved_snapshot_values_available_for_the_as_of_date
v1_3_candidate_ticker_mapping_period.v3,evidence_only_generated_artifact_not_for_valuation_scoring_trading_or_production_ranking,rolling_rank_slot_desc_average_traded_value_20d,2025-03-31,2026-05-13,2025-03-31,2026-05-12,2025-10-31,observed_local_daily_rank_date,full_local_kospi200_daily_universe_files,308,sc_v1_3_missing_liquidity,ee_v1_0_rc_sc_v1_3_missing_liquidity_1d_189794a48a70,2,next_highest_20d_average_traded_value_for_requested_as_of_date,000660,SK하이닉스,2,1927227206300.0,2025-09-29,2025-10-31,full_local_daily_price_close_times_volume_rolling_20d,data/000660_daily_prices.csv,1408299873240000,available_from_latest_approved_snapshot,2026-05-13,dynamic_full_local_universe_rank_slot_resolution_for_as_of_date,true,rank_uses_only_existing_local_price_volume_or_approved_snapshot_values_available_for_the_as_of_date
v1_3_candidate_ticker_mapping_period.v4,evidence_only_generated_artifact_not_for_valuation_scoring_trading_or_production_ranking,rolling_rank_slot_desc_average_traded_value_20d,2025-03-31,2026-05-13,2025-03-31,2026-05-12,2025-10-31,observed_local_daily_rank_date,full_local_kospi200_daily_universe_files,308,sc_v1_3_low_drag,ee_v1_0_rc_sc_v1_3_low_drag_1d_3955d197ec26,4,first_top5_supplemental_slot_with_complete_market_cap_and_liquidity_fields,035420,,4,518147859175.0,2025-09-29,2025-10-31,full_local_daily_price_close_times_volume_rolling_20d,data/035420_daily_prices.csv,,not_collected_for_full_local_universe_rank,,dynamic_full_local_universe_rank_slot_resolution_for_as_of_date,true,rank_uses_only_existing_local_price_volume_or_approved_snapshot_values_available_for_the_as_of_date
v1_3_candidate_ticker_mapping_period.v3,evidence_only_generated_artifact_not_for_valuation_scoring_trading_or_production_ranking,rolling_rank_slot_desc_average_traded_value_20d,2025-03-31,2026-05-13,2025-03-31,2026-05-12,2025-11-03,observed_local_daily_rank_date,full_local_kospi200_daily_universe_files,308,sc_v1_3_high_turnover,ee_v1_0_rc_sc_v1_3_high_turnover_1d_5101aca49335,1,highest_20d_average_traded_value_for_requested_as_of_date,005930,삼성전자,1,2592205402630.0,2025-09-30,2025-11-03,full_local_daily_price_close_times_volume_rolling_20d,data/005930_daily_prices.csv,1660343124672000,available_from_latest_approved_snapshot,2026-05-13,dynamic_full_local_universe_rank_slot_resolution_for_as_of_date,true,rank_uses_only_existing_local_price_volume_or_approved_snapshot_values_available_for_the_as_of_date
v1_3_candidate_ticker_mapping_period.v3,evidence_only_generated_artifact_not_for_valuation_scoring_trading_or_production_ranking,rolling_rank_slot_desc_average_traded_value_20d,2025-03-31,2026-05-13,2025-03-31,2026-05-12,2025-11-03,observed_local_daily_rank_date,full_local_kospi200_daily_universe_files,308,sc_v1_3_missing_liquidity,ee_v1_0_rc_sc_v1_3_missing_liquidity_1d_189794a48a70,2,next_highest_20d_average_traded_value_for_requested_as_of_date,000660,SK하이닉스,2,2066910048600.0,2025-09-30,2025-11-03,full_local_daily_price_close_times_volume_rolling_20d,data/000660_daily_prices.csv,1408299873240000,available_from_latest_approved_snapshot,2026-05-13,dynamic_full_local_universe_rank_slot_resolution_for_as_of_date,true,rank_uses_only_existing_local_price_volume_or_approved_snapshot_values_available_for_the_as_of_date
v1_3_candidate_ticker_mapping_period.v4,evidence_only_generated_artifact_not_for_valuation_scoring_trading_or_production_ranking,rolling_rank_slot_desc_average_traded_value_20d,2025-03-31,2026-05-13,2025-03-31,2026-05-12,2025-11-03,observed_local_daily_rank_date,full_local_kospi200_daily_universe_files,308,sc_v1_3_low_drag,ee_v1_0_rc_sc_v1_3_low_drag_1d_3955d197ec26,4,first_top5_supplemental_slot_with_complete_market_cap_and_liquidity_fields,035420,,4,508186158100.0,2025-09-30,2025-11-03,full_local_daily_price_close_times_volume_rolling_20d,data/035420_daily_prices.csv,,not_collected_for_full_local_universe_rank,,dynamic_full_local_universe_rank_slot_resolution_for_as_of_date,true,rank_uses_only_existing_local_price_volume_or_approved_snapshot_values_available_for_the_as_of_date
v1_3_candidate_ticker_mapping_period.v3,evidence_only_generated_artifact_not_for_valuation_scoring_trading_or_production_ranking,rolling_rank_slot_desc_average_traded_value_20d,2025-03-31,2026-05-13,2025-03-31,2026-05-12,2025-11-04,observed_local_daily_rank_date,full_local_kospi200_daily_universe_files,308,sc_v1_3_high_turnover,ee_v1_0_rc_sc_v1_3_high_turnover_1d_5101aca49335,1,highest_20d_average_traded_value_for_requested_as_of_date,005930,삼성전자,1,2683458665580.0,2025-10-01,2025-11-04,full_local_daily_price_close_times_volume_rolling_20d,data/005930_daily_prices.csv,1660343124672000,available_from_latest_approved_snapshot,2026-05-13,dynamic_full_local_universe_rank_slot_resolution_for_as_of_date,true,rank_uses_only_existing_local_price_volume_or_approved_snapshot_values_available_for_the_as_of_date
v1_3_candidate_ticker_mapping_period.v3,evidence_only_generated_artifact_not_for_valuation_scoring_trading_or_production_ranking,rolling_rank_slot_desc_average_traded_value_20d,2025-03-31,2026-05-13,2025-03-31,2026-05-12,2025-11-04,observed_local_daily_rank_date,full_local_kospi200_daily_universe_files,308,sc_v1_3_missing_liquidity,ee_v1_0_rc_sc_v1_3_missing_liquidity_1d_189794a48a70,2,next_highest_20d_average_traded_value_for_requested_as_of_date,000660,SK하이닉스,2,2202928362050.0,2025-10-01,2025-11-04,full_local_daily_price_close_times_volume_rolling_20d,data/000660_daily_prices.csv,1408299873240000,available_from_latest_approved_snapshot,2026-05-13,dynamic_full_local_universe_rank_slot_resolution_for_as_of_date,true,rank_uses_only_existing_local_price_volume_or_approved_snapshot_values_available_for_the_as_of_date
v1_3_candidate_ticker_mapping_period.v4,evidence_only_generated_artifact_not_for_valuation_scoring_trading_or_production_ranking,rolling_rank_slot_desc_average_traded_value_20d,2025-03-31,2026-05-13,2025-03-31,2026-05-12,2025-11-04,observed_local_daily_rank_date,full_local_kospi200_daily_universe_files,308,sc_v1_3_low_drag,ee_v1_0_rc_sc_v1_3_low_drag_1d_3955d197ec26,4,first_top5_supplemental_slot_with_complete_market_cap_and_liquidity_fields,035420,,4,488767008475.0,2025-10-01,2025-11-04,full_local_daily_price_close_times_volume_rolling_20d,data/035420_daily_prices.csv,,not_collected_for_full_local_universe_rank,,dynamic_full_local_universe_rank_slot_resolution_for_as_of_date,true,rank_uses_only_existing_local_price_volume_or_approved_snapshot_values_available_for_the_as_of_date
v1_3_candidate_ticker_mapping_period.v3,evidence_only_generated_artifact_not_for_valuation_scoring_trading_or_production_ranking,rolling_rank_slot_desc_average_traded_value_20d,2025-03-31,2026-05-13,2025-03-31,2026-05-12,2025-11-05,observed_local_daily_rank_date,full_local_kospi200_daily_universe_files,308,sc_v1_3_high_turnover,ee_v1_0_rc_sc_v1_3_high_turnover_1d_5101aca49335,1,highest_20d_average_traded_value_for_requested_as_of_date,005930,삼성전자,1,2814249803880.0,2025-10-02,2025-11-05,full_local_daily_price_close_times_volume_rolling_20d,data/005930_daily_prices.csv,1660343124672000,available_from_latest_approved_snapshot,2026-05-13,dynamic_full_local_universe_rank_slot_resolution_for_as_of_date,true,rank_uses_only_existing_local_price_volume_or_approved_snapshot_values_available_for_the_as_of_date
v1_3_candidate_ticker_mapping_period.v3,evidence_only_generated_artifact_not_for_valuation_scoring_trading_or_production_ranking,rolling_rank_slot_desc_average_traded_value_20d,2025-03-31,2026-05-13,2025-03-31,2026-05-12,2025-11-05,observed_local_daily_rank_date,full_local_kospi200_daily_universe_files,308,sc_v1_3_missing_liquidity,ee_v1_0_rc_sc_v1_3_missing_liquidity_1d_189794a48a70,2,next_highest_20d_average_traded_value_for_requested_as_of_date,000660,SK하이닉스,2,2412346122950.0,2025-10-02,2025-11-05,full_local_daily_price_close_times_volume_rolling_20d,data/000660_daily_prices.csv,1408299873240000,available_from_latest_approved_snapshot,2026-05-13,dynamic_full_local_universe_rank_slot_resolution_for_as_of_date,true,rank_uses_only_existing_local_price_volume_or_approved_snapshot_values_available_for_the_as_of_date
v1_3_candidate_ticker_mapping_period.v4,evidence_only_generated_artifact_not_for_valuation_scoring_trading_or_production_ranking,rolling_rank_slot_desc_average_traded_value_20d,2025-03-31,2026-05-13,2025-03-31,2026-05-12,2025-11-05,observed_local_daily_rank_date,full_local_kospi200_daily_universe_files,308,sc_v1_3_low_drag,ee_v1_0_rc_sc_v1_3_low_drag_1d_3955d197ec26,4,first_top5_supplemental_slot_with_complete_market_cap_and_liquidity_fields,035420,,4,494009287300.0,2025-10-02,2025-11-05,full_local_daily_price_close_times_volume_rolling_20d,data/035420_daily_prices.csv,,not_collected_for_full_local_universe_rank,,dynamic_full_local_universe_rank_slot_resolution_for_as_of_date,true,rank_uses_only_existing_local_price_volume_or_approved_snapshot_values_available_for_the_as_of_date
v1_3_candidate_ticker_mapping_period.v3,evidence_only_generated_artifact_not_for_valuation_scoring_trading_or_production_ranking,rolling_rank_slot_desc_average_traded_value_20d,2025-03-31,2026-05-13,2025-03-31,2026-05-12,2025-11-06,observed_local_daily_rank_date,full_local_kospi200_daily_universe_files,308,sc_v1_3_high_turnover,ee_v1_0_rc_sc_v1_3_high_turnover_1d_5101aca49335,1,highest_20d_average_traded_value_for_requested_as_of_date,005930,삼성전자,1,2734402546720.0,2025-10-10,2025-11-06,full_local_daily_price_close_times_volume_rolling_20d,data/005930_daily_prices.csv,1660343124672000,available_from_latest_approved_snapshot,2026-05-13,dynamic_full_local_universe_rank_slot_resolution_for_as_of_date,true,rank_uses_only_existing_local_price_volume_or_approved_snapshot_values_available_for_the_as_of_date
v1_3_candidate_ticker_mapping_period.v3,evidence_only_generated_artifact_not_for_valuation_scoring_trading_or_production_ranking,rolling_rank_slot_desc_average_traded_value_20d,2025-03-31,2026-05-13,2025-03-31,2026-05-12,2025-11-06,observed_local_daily_rank_date,full_local_kospi200_daily_universe_files,308,sc_v1_3_missing_liquidity,ee_v1_0_rc_sc_v1_3_missing_liquidity_1d_189794a48a70,2,next_highest_20d_average_traded_value_for_requested_as_of_date,000660,SK하이닉스,2,2423177669225.0,2025-10-10,2025-11-06,full_local_daily_price_close_times_volume_rolling_20d,data/000660_daily_prices.csv,1408299873240000,available_from_latest_approved_snapshot,2026-05-13,dynamic_full_local_universe_rank_slot_resolution_for_as_of_date,true,rank_uses_only_existing_local_price_volume_or_approved_snapshot_values_available_for_the_as_of_date
v1_3_candidate_ticker_mapping_period.v4,evidence_only_generated_artifact_not_for_valuation_scoring_trading_or_production_ranking,rolling_rank_slot_desc_average_traded_value_20d,2025-03-31,2026-05-13,2025-03-31,2026-05-12,2025-11-06,observed_local_daily_rank_date,full_local_kospi200_daily_universe_files,308,sc_v1_3_low_drag,ee_v1_0_rc_sc_v1_3_low_drag_1d_3955d197ec26,4,first_top5_supplemental_slot_with_complete_market_cap_and_liquidity_fields,035420,,4,496296979300.0,2025-10-10,2025-11-06,full_local_daily_price_close_times_volume_rolling_20d,data/035420_daily_prices.csv,,not_collected_for_full_local_universe_rank,,dynamic_full_local_universe_rank_slot_resolution_for_as_of_date,true,rank_uses_only_existing_local_price_volume_or_approved_snapshot_values_available_for_the_as_of_date
v1_3_candidate_ticker_mapping_period.v3,evidence_only_generated_artifact_not_for_valuation_scoring_trading_or_production_ranking,rolling_rank_slot_desc_average_traded_value_20d,2025-03-31,2026-05-13,2025-03-31,2026-05-12,2025-11-07,observed_local_daily_rank_date,full_local_kospi200_daily_universe_files,308,sc_v1_3_high_turnover,ee_v1_0_rc_sc_v1_3_high_turnover_1d_5101aca49335,1,highest_20d_average_traded_value_for_requested_as_of_date,005930,삼성전자,1,2680064402445.0,2025-10-13,2025-11-07,full_local_daily_price_close_times_volume_rolling_20d,data/005930_daily_prices.csv,1660343124672000,available_from_latest_approved_snapshot,2026-05-13,dynamic_full_local_universe_rank_slot_resolution_for_as_of_date,true,rank_uses_only_existing_local_price_volume_or_approved_snapshot_values_available_for_the_as_of_date
v1_3_candidate_ticker_mapping_period.v3,evidence_only_generated_artifact_not_for_valuation_scoring_trading_or_production_ranking,rolling_rank_slot_desc_average_traded_value_20d,2025-03-31,2026-05-13,2025-03-31,2026-05-12,2025-11-07,observed_local_daily_rank_date,full_local_kospi200_daily_universe_files,308,sc_v1_3_missing_liquidity,ee_v1_0_rc_sc_v1_3_missing_liquidity_1d_189794a48a70,2,next_highest_20d_average_traded_value_for_requested_as_of_date,000660,SK하이닉스,2,2415782949425.0,2025-10-13,2025-11-07,full_local_daily_price_close_times_volume_rolling_20d,data/000660_daily_prices.csv,1408299873240000,available_from_latest_approved_snapshot,2026-05-13,dynamic_full_local_universe_rank_slot_resolution_for_as_of_date,true,rank_uses_only_existing_local_price_volume_or_approved_snapshot_values_available_for_the_as_of_date
v1_3_candidate_ticker_mapping_period.v4,evidence_only_generated_artifact_not_for_valuation_scoring_trading_or_production_ranking,rolling_rank_slot_desc_average_traded_value_20d,2025-03-31,2026-05-13,2025-03-31,2026-05-12,2025-11-07,observed_local_daily_rank_date,full_local_kospi200_daily_universe_files,308,sc_v1_3_low_drag,ee_v1_0_rc_sc_v1_3_low_drag_1d_3955d197ec26,4,first_top5_supplemental_slot_with_complete_market_cap_and_liquidity_fields,042660,,4,479264515440.0,2025-10-13,2025-11-07,full_local_daily_price_close_times_volume_rolling_20d,data/042660_daily_prices.csv,,not_collected_for_full_local_universe_rank,,dynamic_full_local_universe_rank_slot_resolution_for_as_of_date,true,rank_uses_only_existing_local_price_volume_or_approved_snapshot_values_available_for_the_as_of_date
v1_3_candidate_ticker_mapping_period.v3,evidence_only_generated_artifact_not_for_valuation_scoring_trading_or_production_ranking,rolling_rank_slot_desc_average_traded_value_20d,2025-03-31,2026-05-13,2025-03-31,2026-05-12,2025-11-10,observed_local_daily_rank_date,full_local_kospi200_daily_universe_files,308,sc_v1_3_high_turnover,ee_v1_0_rc_sc_v1_3_high_turnover_1d_5101aca49335,1,highest_20d_average_traded_value_for_requested_as_of_date,005930,삼성전자,1,2688575675435.0,2025-10-14,2025-11-10,full_local_daily_price_close_times_volume_rolling_20d,data/005930_daily_prices.csv,1660343124672000,available_from_latest_approved_snapshot,2026-05-13,dynamic_full_local_universe_rank_slot_resolution_for_as_of_date,true,rank_uses_only_existing_local_price_volume_or_approved_snapshot_values_available_for_the_as_of_date
v1_3_candidate_ticker_mapping_period.v3,evidence_only_generated_artifact_not_for_valuation_scoring_trading_or_production_ranking,rolling_rank_slot_desc_average_traded_value_20d,2025-03-31,2026-05-13,2025-03-31,2026-05-12,2025-11-10,observed_local_daily_rank_date,full_local_kospi200_daily_universe_files,308,sc_v1_3_missing_liquidity,ee_v1_0_rc_sc_v1_3_missing_liquidity_1d_189794a48a70,2,next_highest_20d_average_traded_value_for_requested_as_of_date,000660,SK하이닉스,2,2473662312425.0,2025-10-14,2025-11-10,full_local_daily_price_close_times_volume_rolling_20d,data/000660_daily_prices.csv,1408299873240000,available_from_latest_approved_snapshot,2026-05-13,dynamic_full_local_universe_rank_slot_resolution_for_as_of_date,true,rank_uses_only_existing_local_price_volume_or_approved_snapshot_values_available_for_the_as_of_date
v1_3_candidate_ticker_mapping_period.v4,evidence_only_generated_artifact_not_for_valuation_scoring_trading_or_production_ranking,rolling_rank_slot_desc_average_traded_value_20d,2025-03-31,2026-05-13,2025-03-31,2026-05-12,2025-11-10,observed_local_daily_rank_date,full_local_kospi200_daily_universe_files,308,sc_v1_3_low_drag,ee_v1_0_rc_sc_v1_3_low_drag_1d_3955d197ec26,4,first_top5_supplemental_slot_with_complete_market_cap_and_liquidity_fields,042660,,4,482250809560.0,2025-10-14,2025-11-10,full_local_daily_price_close_times_volume_rolling_20d,data/042660_daily_prices.csv,,not_collected_for_full_local_universe_rank,,dynamic_full_local_universe_rank_slot_resolution_for_as_of_date,true,rank_uses_only_existing_local_price_volume_or_approved_snapshot_values_available_for_the_as_of_date
v1_3_candidate_ticker_mapping_period.v3,evidence_only_generated_artifact_not_for_valuation_scoring_trading_or_production_ranking,rolling_rank_slot_desc_average_traded_value_20d,2025-03-31,2026-05-13,2025-03-31,2026-05-12,2025-11-11,observed_local_daily_rank_date,full_local_kospi200_daily_universe_files,308,sc_v1_3_high_turnover,ee_v1_0_rc_sc_v1_3_high_turnover_1d_5101aca49335,1,highest_20d_average_traded_value_for_requested_as_of_date,005930,삼성전자,1,2669346153985.0,2025-10-15,2025-11-11,full_local_daily_price_close_times_volume_rolling_20d,data/005930_daily_prices.csv,1660343124672000,available_from_latest_approved_snapshot,2026-05-13,dynamic_full_local_universe_rank_slot_resolution_for_as_of_date,true,rank_uses_only_existing_local_price_volume_or_approved_snapshot_values_available_for_the_as_of_date
v1_3_candidate_ticker_mapping_period.v3,evidence_only_generated_artifact_not_for_valuation_scoring_trading_or_production_ranking,rolling_rank_slot_desc_average_traded_value_20d,2025-03-31,2026-05-13,2025-03-31,2026-05-12,2025-11-11,observed_local_daily_rank_date,full_local_kospi200_daily_universe_files,308,sc_v1_3_missing_liquidity,ee_v1_0_rc_sc_v1_3_missing_liquidity_1d_189794a48a70,2,next_highest_20d_average_traded_value_for_requested_as_of_date,000660,SK하이닉스,2,2559772751450.0,2025-10-15,2025-11-11,full_local_daily_price_close_times_volume_rolling_20d,data/000660_daily_prices.csv,1408299873240000,available_from_latest_approved_snapshot,2026-05-13,dynamic_full_local_universe_rank_slot_resolution_for_as_of_date,true,rank_uses_only_existing_local_price_volume_or_approved_snapshot_values_available_for_the_as_of_date
v1_3_candidate_ticker_mapping_period.v4,evidence_only_generated_artifact_not_for_valuation_scoring_trading_or_production_ranking,rolling_rank_slot_desc_average_traded_value_20d,2025-03-31,2026-05-13,2025-03-31,2026-05-12,2025-11-11,observed_local_daily_rank_date,full_local_kospi200_daily_universe_files,308,sc_v1_3_low_drag,ee_v1_0_rc_sc_v1_3_low_drag_1d_3955d197ec26,4,first_top5_supplemental_slot_with_complete_market_cap_and_liquidity_fields,042660,,4,475461644320.0,2025-10-15,2025-11-11,full_local_daily_price_close_times_volume_rolling_20d,data/042660_daily_prices.csv,,not_collected_for_full_local_universe_rank,,dynamic_full_local_universe_rank_slot_resolution_for_as_of_date,true,rank_uses_only_existing_local_price_volume_or_approved_snapshot_values_available_for_the_as_of_date
v1_3_candidate_ticker_mapping_period.v3,evidence_only_generated_artifact_not_for_valuation_scoring_trading_or_production_ranking,rolling_rank_slot_desc_average_traded_value_20d,2025-03-31,2026-05-13,2025-03-31,2026-05-12,2025-11-12,observed_local_daily_rank_date,full_local_kospi200_daily_universe_files,308,sc_v1_3_high_turnover,ee_v1_0_rc_sc_v1_3_high_turnover_1d_5101aca49335,1,highest_20d_average_traded_value_for_requested_as_of_date,005930,삼성전자,1,2669434703770.0,2025-10-16,2025-11-12,full_local_daily_price_close_times_volume_rolling_20d,data/005930_daily_prices.csv,1660343124672000,available_from_latest_approved_snapshot,2026-05-13,dynamic_full_local_universe_rank_slot_resolution_for_as_of_date,true,rank_uses_only_existing_local_price_volume_or_approved_snapshot_values_available_for_the_as_of_date
v1_3_candidate_ticker_mapping_period.v3,evidence_only_generated_artifact_not_for_valuation_scoring_trading_or_production_ranking,rolling_rank_slot_desc_average_traded_value_20d,2025-03-31,2026-05-13,2025-03-31,2026-05-12,2025-11-12,observed_local_daily_rank_date,full_local_kospi200_daily_universe_files,308,sc_v1_3_missing_liquidity,ee_v1_0_rc_sc_v1_3_missing_liquidity_1d_189794a48a70,2,next_highest_20d_average_traded_value_for_requested_as_of_date,000660,SK하이닉스,2,2590339631475.0,2025-10-16,2025-11-12,full_local_daily_price_close_times_volume_rolling_20d,data/000660_daily_prices.csv,1408299873240000,available_from_latest_approved_snapshot,2026-05-13,dynamic_full_local_universe_rank_slot_resolution_for_as_of_date,true,rank_uses_only_existing_local_price_volume_or_approved_snapshot_values_available_for_the_as_of_date
v1_3_candidate_ticker_mapping_period.v4,evidence_only_generated_artifact_not_for_valuation_scoring_trading_or_production_ranking,rolling_rank_slot_desc_average_traded_value_20d,2025-03-31,2026-05-13,2025-03-31,2026-05-12,2025-11-12,observed_local_daily_rank_date,full_local_kospi200_daily_universe_files,308,sc_v1_3_low_drag,ee_v1_0_rc_sc_v1_3_low_drag_1d_3955d197ec26,4,first_top5_supplemental_slot_with_complete_market_cap_and_liquidity_fields,042660,,4,473599844470.0,2025-10-16,2025-11-12,full_local_daily_price_close_times_volume_rolling_20d,data/042660_daily_prices.csv,,not_collected_for_full_local_universe_rank,,dynamic_full_local_universe_rank_slot_resolution_for_as_of_date,true,rank_uses_only_existing_local_price_volume_or_approved_snapshot_values_available_for_the_as_of_date
v1_3_candidate_ticker_mapping_period.v3,evidence_only_generated_artifact_not_for_valuation_scoring_trading_or_production_ranking,rolling_rank_slot_desc_average_traded_value_20d,2025-03-31,2026-05-13,2025-03-31,2026-05-12,2025-11-13,observed_local_daily_rank_date,full_local_kospi200_daily_universe_files,308,sc_v1_3_high_turnover,ee_v1_0_rc_sc_v1_3_high_turnover_1d_5101aca49335,1,highest_20d_average_traded_value_for_requested_as_of_date,005930,삼성전자,1,2639076754410.0,2025-10-17,2025-11-13,full_local_daily_price_close_times_volume_rolling_20d,data/005930_daily_prices.csv,1660343124672000,available_from_latest_approved_snapshot,2026-05-13,dynamic_full_local_universe_rank_slot_resolution_for_as_of_date,true,rank_uses_only_existing_local_price_volume_or_approved_snapshot_values_available_for_the_as_of_date
v1_3_candidate_ticker_mapping_period.v3,evidence_only_generated_artifact_not_for_valuation_scoring_trading_or_production_ranking,rolling_rank_slot_desc_average_traded_value_20d,2025-03-31,2026-05-13,2025-03-31,2026-05-12,2025-11-13,observed_local_daily_rank_date,full_local_kospi200_daily_universe_files,308,sc_v1_3_missing_liquidity,ee_v1_0_rc_sc_v1_3_missing_liquidity_1d_189794a48a70,2,next_highest_20d_average_traded_value_for_requested_as_of_date,000660,SK하이닉스,2,2612821679325.0,2025-10-17,2025-11-13,full_local_daily_price_close_times_volume_rolling_20d,data/000660_daily_prices.csv,1408299873240000,available_from_latest_approved_snapshot,2026-05-13,dynamic_full_local_universe_rank_slot_resolution_for_as_of_date,true,rank_uses_only_existing_local_price_volume_or_approved_snapshot_values_available_for_the_as_of_date
v1_3_candidate_ticker_mapping_period.v4,evidence_only_generated_artifact_not_for_valuation_scoring_trading_or_production_ranking,rolling_rank_slot_desc_average_traded_value_20d,2025-03-31,2026-05-13,2025-03-31,2026-05-12,2025-11-13,observed_local_daily_rank_date,full_local_kospi200_daily_universe_files,308,sc_v1_3_low_drag,ee_v1_0_rc_sc_v1_3_low_drag_1d_3955d197ec26,4,first_top5_supplemental_slot_with_complete_market_cap_and_liquidity_fields,042660,,4,473199579840.0,2025-10-17,2025-11-13,full_local_daily_price_close_times_volume_rolling_20d,data/042660_daily_prices.csv,,not_collected_for_full_local_universe_rank,,dynamic_full_local_universe_rank_slot_resolution_for_as_of_date,true,rank_uses_only_existing_local_price_volume_or_approved_snapshot_values_available_for_the_as_of_date
v1_3_candidate_ticker_mapping_period.v3,evidence_only_generated_artifact_not_for_valuation_scoring_trading_or_production_ranking,rolling_rank_slot_desc_average_traded_value_20d,2025-03-31,2026-05-13,2025-03-31,2026-05-12,2025-11-14,observed_local_daily_rank_date,full_local_kospi200_daily_universe_files,308,sc_v1_3_high_turnover,ee_v1_0_rc_sc_v1_3_high_turnover_1d_5101aca49335,1,highest_20d_average_traded_value_for_requested_as_of_date,000660,SK하이닉스,1,2668910807000.0,2025-10-20,2025-11-14,full_local_daily_price_close_times_volume_rolling_20d,data/000660_daily_prices.csv,1408299873240000,available_from_latest_approved_snapshot,2026-05-13,dynamic_full_local_universe_rank_slot_resolution_for_as_of_date,true,rank_uses_only_existing_local_price_volume_or_approved_snapshot_values_available_for_the_as_of_date
v1_3_candidate_ticker_mapping_period.v3,evidence_only_generated_artifact_not_for_valuation_scoring_trading_or_production_ranking,rolling_rank_slot_desc_average_traded_value_20d,2025-03-31,2026-05-13,2025-03-31,2026-05-12,2025-11-14,observed_local_daily_rank_date,full_local_kospi200_daily_universe_files,308,sc_v1_3_missing_liquidity,ee_v1_0_rc_sc_v1_3_missing_liquidity_1d_189794a48a70,2,next_highest_20d_average_traded_value_for_requested_as_of_date,005930,삼성전자,2,2633788266475.0,2025-10-20,2025-11-14,full_local_daily_price_close_times_volume_rolling_20d,data/005930_daily_prices.csv,1660343124672000,available_from_latest_approved_snapshot,2026-05-13,dynamic_full_local_universe_rank_slot_resolution_for_as_of_date,true,rank_uses_only_existing_local_price_volume_or_approved_snapshot_values_available_for_the_as_of_date
v1_3_candidate_ticker_mapping_period.v4,evidence_only_generated_artifact_not_for_valuation_scoring_trading_or_production_ranking,rolling_rank_slot_desc_average_traded_value_20d,2025-03-31,2026-05-13,2025-03-31,2026-05-12,2025-11-14,observed_local_daily_rank_date,full_local_kospi200_daily_universe_files,308,sc_v1_3_low_drag,ee_v1_0_rc_sc_v1_3_low_drag_1d_3955d197ec26,4,first_top5_supplemental_slot_with_complete_market_cap_and_liquidity_fields,042660,,4,472798207510.0,2025-10-20,2025-11-14,full_local_daily_price_close_times_volume_rolling_20d,data/042660_daily_prices.csv,,not_collected_for_full_local_universe_rank,,dynamic_full_local_universe_rank_slot_resolution_for_as_of_date,true,rank_uses_only_existing_local_price_volume_or_approved_snapshot_values_available_for_the_as_of_date
v1_3_candidate_ticker_mapping_period.v3,evidence_only_generated_artifact_not_for_valuation_scoring_trading_or_production_ranking,rolling_rank_slot_desc_average_traded_value_20d,2025-03-31,2026-05-13,2025-03-31,2026-05-12,2025-11-17,observed_local_daily_rank_date,full_local_kospi200_daily_universe_files,308,sc_v1_3_high_turnover,ee_v1_0_rc_sc_v1_3_high_turnover_1d_5101aca49335,1,highest_20d_average_traded_value_for_requested_as_of_date,000660,SK하이닉스,1,2723450005775.0,2025-10-21,2025-11-17,full_local_daily_price_close_times_volume_rolling_20d,data/000660_daily_prices.csv,1408299873240000,available_from_latest_approved_snapshot,2026-05-13,dynamic_full_local_universe_rank_slot_resolution_for_as_of_date,true,rank_uses_only_existing_local_price_volume_or_approved_snapshot_values_available_for_the_as_of_date
v1_3_candidate_ticker_mapping_period.v3,evidence_only_generated_artifact_not_for_valuation_scoring_trading_or_production_ranking,rolling_rank_slot_desc_average_traded_value_20d,2025-03-31,2026-05-13,2025-03-31,2026-05-12,2025-11-17,observed_local_daily_rank_date,full_local_kospi200_daily_universe_files,308,sc_v1_3_missing_liquidity,ee_v1_0_rc_sc_v1_3_missing_liquidity_1d_189794a48a70,2,next_highest_20d_average_traded_value_for_requested_as_of_date,005930,삼성전자,2,2633989210815.0,2025-10-21,2025-11-17,full_local_daily_price_close_times_volume_rolling_20d,data/005930_daily_prices.csv,1660343124672000,available_from_latest_approved_snapshot,2026-05-13,dynamic_full_local_universe_rank_slot_resolution_for_as_of_date,true,rank_uses_only_existing_local_price_volume_or_approved_snapshot_values_available_for_the_as_of_date
v1_3_candidate_ticker_mapping_period.v4,evidence_only_generated_artifact_not_for_valuation_scoring_trading_or_production_ranking,rolling_rank_slot_desc_average_traded_value_20d,2025-03-31,2026-05-13,2025-03-31,2026-05-12,2025-11-17,observed_local_daily_rank_date,full_local_kospi200_daily_universe_files,308,sc_v1_3_low_drag,ee_v1_0_rc_sc_v1_3_low_drag_1d_3955d197ec26,4,first_top5_supplemental_slot_with_complete_market_cap_and_liquidity_fields,042660,,4,463174944440.0,2025-10-21,2025-11-17,full_local_daily_price_close_times_volume_rolling_20d,data/042660_daily_prices.csv,,not_collected_for_full_local_universe_rank,,dynamic_full_local_universe_rank_slot_resolution_for_as_of_date,true,rank_uses_only_existing_local_price_volume_or_approved_snapshot_values_available_for_the_as_of_date
v1_3_candidate_ticker_mapping_period.v3,evidence_only_generated_artifact_not_for_valuation_scoring_trading_or_production_ranking,rolling_rank_slot_desc_average_traded_value_20d,2025-03-31,2026-05-13,2025-03-31,2026-05-12,2025-11-18,observed_local_daily_rank_date,full_local_kospi200_daily_universe_files,308,sc_v1_3_high_turnover,ee_v1_0_rc_sc_v1_3_high_turnover_1d_5101aca49335,1,highest_20d_average_traded_value_for_requested_as_of_date,000660,SK하이닉스,1,2725626900175.0,2025-10-22,2025-11-18,full_local_daily_price_close_times_volume_rolling_20d,data/000660_daily_prices.csv,1408299873240000,available_from_latest_approved_snapshot,2026-05-13,dynamic_full_local_universe_rank_slot_resolution_for_as_of_date,true,rank_uses_only_existing_local_price_volume_or_approved_snapshot_values_available_for_the_as_of_date
v1_3_candidate_ticker_mapping_period.v3,evidence_only_generated_artifact_not_for_valuation_scoring_trading_or_production_ranking,rolling_rank_slot_desc_average_traded_value_20d,2025-03-31,2026-05-13,2025-03-31,2026-05-12,2025-11-18,observed_local_daily_rank_date,full_local_kospi200_daily_universe_files,308,sc_v1_3_missing_liquidity,ee_v1_0_rc_sc_v1_3_missing_liquidity_1d_189794a48a70,2,next_highest_20d_average_traded_value_for_requested_as_of_date,005930,삼성전자,2,2614185632085.0,2025-10-22,2025-11-18,full_local_daily_price_close_times_volume_rolling_20d,data/005930_daily_prices.csv,1660343124672000,available_from_latest_approved_snapshot,2026-05-13,dynamic_full_local_universe_rank_slot_resolution_for_as_of_date,true,rank_uses_only_existing_local_price_volume_or_approved_snapshot_values_available_for_the_as_of_date
v1_3_candidate_ticker_mapping_period.v4,evidence_only_generated_artifact_not_for_valuation_scoring_trading_or_production_ranking,rolling_rank_slot_desc_average_traded_value_20d,2025-03-31,2026-05-13,2025-03-31,2026-05-12,2025-11-18,observed_local_daily_rank_date,full_local_kospi200_daily_universe_files,308,sc_v1_3_low_drag,ee_v1_0_rc_sc_v1_3_low_drag_1d_3955d197ec26,4,first_top5_supplemental_slot_with_complete_market_cap_and_liquidity_fields,042660,,4,447601440565.0,2025-10-22,2025-11-18,full_local_daily_price_close_times_volume_rolling_20d,data/042660_daily_prices.csv,,not_collected_for_full_local_universe_rank,,dynamic_full_local_universe_rank_slot_resolution_for_as_of_date,true,rank_uses_only_existing_local_price_volume_or_approved_snapshot_values_available_for_the_as_of_date
v1_3_candidate_ticker_mapping_period.v3,evidence_only_generated_artifact_not_for_valuation_scoring_trading_or_production_ranking,rolling_rank_slot_desc_average_traded_value_20d,2025-03-31,2026-05-13,2025-03-31,2026-05-12,2025-11-19,observed_local_daily_rank_date,full_local_kospi200_daily_universe_files,308,sc_v1_3_high_turnover,ee_v1_0_rc_sc_v1_3_high_turnover_1d_5101aca49335,1,highest_20d_average_traded_value_for_requested_as_of_date,000660,SK하이닉스,1,2759735587075.0,2025-10-23,2025-11-19,full_local_daily_price_close_times_volume_rolling_20d,data/000660_daily_prices.csv,1408299873240000,available_from_latest_approved_snapshot,2026-05-13,dynamic_full_local_universe_rank_slot_resolution_for_as_of_date,true,rank_uses_only_existing_local_price_volume_or_approved_snapshot_values_available_for_the_as_of_date
v1_3_candidate_ticker_mapping_period.v3,evidence_only_generated_artifact_not_for_valuation_scoring_trading_or_production_ranking,rolling_rank_slot_desc_average_traded_value_20d,2025-03-31,2026-05-13,2025-03-31,2026-05-12,2025-11-19,observed_local_daily_rank_date,full_local_kospi200_daily_universe_files,308,sc_v1_3_missing_liquidity,ee_v1_0_rc_sc_v1_3_missing_liquidity_1d_189794a48a70,2,next_highest_20d_average_traded_value_for_requested_as_of_date,005930,삼성전자,2,2627256104305.0,2025-10-23,2025-11-19,full_local_daily_price_close_times_volume_rolling_20d,data/005930_daily_prices.csv,1660343124672000,available_from_latest_approved_snapshot,2026-05-13,dynamic_full_local_universe_rank_slot_resolution_for_as_of_date,true,rank_uses_only_existing_local_price_volume_or_approved_snapshot_values_available_for_the_as_of_date
v1_3_candidate_ticker_mapping_period.v4,evidence_only_generated_artifact_not_for_valuation_scoring_trading_or_production_ranking,rolling_rank_slot_desc_average_traded_value_20d,2025-03-31,2026-05-13,2025-03-31,2026-05-12,2025-11-19,observed_local_daily_rank_date,full_local_kospi200_daily_universe_files,308,sc_v1_3_low_drag,ee_v1_0_rc_sc_v1_3_low_drag_1d_3955d197ec26,4,first_top5_supplemental_slot_with_complete_market_cap_and_liquidity_fields,042660,,4,413253800195.0,2025-10-23,2025-11-19,full_local_daily_price_close_times_volume_rolling_20d,data/042660_daily_prices.csv,,not_collected_for_full_local_universe_rank,,dynamic_full_local_universe_rank_slot_resolution_for_as_of_date,true,rank_uses_only_existing_local_price_volume_or_approved_snapshot_values_available_for_the_as_of_date
v1_3_candidate_ticker_mapping_period.v3,evidence_only_generated_artifact_not_for_valuation_scoring_trading_or_production_ranking,rolling_rank_slot_desc_average_traded_value_20d,2025-03-31,2026-05-13,2025-03-31,2026-05-12,2025-11-20,observed_local_daily_rank_date,full_local_kospi200_daily_universe_files,307,sc_v1_3_high_turnover,ee_v1_0_rc_sc_v1_3_high_turnover_1d_5101aca49335,1,highest_20d_average_traded_value_for_requested_as_of_date,000660,SK하이닉스,1,2807323820900.0,2025-10-24,2025-11-20,full_local_daily_price_close_times_volume_rolling_20d,data/000660_daily_prices.csv,1408299873240000,available_from_latest_approved_snapshot,2026-05-13,dynamic_full_local_universe_rank_slot_resolution_for_as_of_date,true,rank_uses_only_existing_local_price_volume_or_approved_snapshot_values_available_for_the_as_of_date
v1_3_candidate_ticker_mapping_period.v3,evidence_only_generated_artifact_not_for_valuation_scoring_trading_or_production_ranking,rolling_rank_slot_desc_average_traded_value_20d,2025-03-31,2026-05-13,2025-03-31,2026-05-12,2025-11-20,observed_local_daily_rank_date,full_local_kospi200_daily_universe_files,307,sc_v1_3_missing_liquidity,ee_v1_0_rc_sc_v1_3_missing_liquidity_1d_189794a48a70,2,next_highest_20d_average_traded_value_for_requested_as_of_date,005930,삼성전자,2,2665611689030.0,2025-10-24,2025-11-20,full_local_daily_price_close_times_volume_rolling_20d,data/005930_daily_prices.csv,1660343124672000,available_from_latest_approved_snapshot,2026-05-13,dynamic_full_local_universe_rank_slot_resolution_for_as_of_date,true,rank_uses_only_existing_local_price_volume_or_approved_snapshot_values_available_for_the_as_of_date
v1_3_candidate_ticker_mapping_period.v4,evidence_only_generated_artifact_not_for_valuation_scoring_trading_or_production_ranking,rolling_rank_slot_desc_average_traded_value_20d,2025-03-31,2026-05-13,2025-03-31,2026-05-12,2025-11-20,observed_local_daily_rank_date,full_local_kospi200_daily_universe_files,307,sc_v1_3_low_drag,ee_v1_0_rc_sc_v1_3_low_drag_1d_3955d197ec26,4,first_top5_supplemental_slot_with_complete_market_cap_and_liquidity_fields,035420,,4,382258236825.0,2025-10-24,2025-11-20,full_local_daily_price_close_times_volume_rolling_20d,data/035420_daily_prices.csv,,not_collected_for_full_local_universe_rank,,dynamic_full_local_universe_rank_slot_resolution_for_as_of_date,true,rank_uses_only_existing_local_price_volume_or_approved_snapshot_values_available_for_the_as_of_date
v1_3_candidate_ticker_mapping_period.v3,evidence_only_generated_artifact_not_for_valuation_scoring_trading_or_production_ranking,rolling_rank_slot_desc_average_traded_value_20d,2025-03-31,2026-05-13,2025-03-31,2026-05-12,2025-11-21,observed_local_daily_rank_date,full_local_kospi200_daily_universe_files,307,sc_v1_3_high_turnover,ee_v1_0_rc_sc_v1_3_high_turnover_1d_5101aca49335,1,highest_20d_average_traded_value_for_requested_as_of_date,000660,SK하이닉스,1,2871988517500.0,2025-10-27,2025-11-21,full_local_daily_price_close_times_volume_rolling_20d,data/000660_daily_prices.csv,1408299873240000,available_from_latest_approved_snapshot,2026-05-13,dynamic_full_local_universe_rank_slot_resolution_for_as_of_date,true,rank_uses_only_existing_local_price_volume_or_approved_snapshot_values_available_for_the_as_of_date
v1_3_candidate_ticker_mapping_period.v3,evidence_only_generated_artifact_not_for_valuation_scoring_trading_or_production_ranking,rolling_rank_slot_desc_average_traded_value_20d,2025-03-31,2026-05-13,2025-03-31,2026-05-12,2025-11-21,observed_local_daily_rank_date,full_local_kospi200_daily_universe_files,307,sc_v1_3_missing_liquidity,ee_v1_0_rc_sc_v1_3_missing_liquidity_1d_189794a48a70,2,next_highest_20d_average_traded_value_for_requested_as_of_date,005930,삼성전자,2,2682241120290.0,2025-10-27,2025-11-21,full_local_daily_price_close_times_volume_rolling_20d,data/005930_daily_prices.csv,1660343124672000,available_from_latest_approved_snapshot,2026-05-13,dynamic_full_local_universe_rank_slot_resolution_for_as_of_date,true,rank_uses_only_existing_local_price_volume_or_approved_snapshot_values_available_for_the_as_of_date
v1_3_candidate_ticker_mapping_period.v4,evidence_only_generated_artifact_not_for_valuation_scoring_trading_or_production_ranking,rolling_rank_slot_desc_average_traded_value_20d,2025-03-31,2026-05-13,2025-03-31,2026-05-12,2025-11-21,observed_local_daily_rank_date,full_local_kospi200_daily_universe_files,307,sc_v1_3_low_drag,ee_v1_0_rc_sc_v1_3_low_drag_1d_3955d197ec26,4,first_top5_supplemental_slot_with_complete_market_cap_and_liquidity_fields,035420,,4,386624624825.0,2025-10-27,2025-11-21,full_local_daily_price_close_times_volume_rolling_20d,data/035420_daily_prices.csv,,not_collected_for_full_local_universe_rank,,dynamic_full_local_universe_rank_slot_resolution_for_as_of_date,true,rank_uses_only_existing_local_price_volume_or_approved_snapshot_values_available_for_the_as_of_date
v1_3_candidate_ticker_mapping_period.v3,evidence_only_generated_artifact_not_for_valuation_scoring_trading_or_production_ranking,rolling_rank_slot_desc_average_traded_value_20d,2025-03-31,2026-05-13,2025-03-31,2026-05-12,2025-11-24,observed_local_daily_rank_date,full_local_kospi200_daily_universe_files,307,sc_v1_3_high_turnover,ee_v1_0_rc_sc_v1_3_high_turnover_1d_5101aca49335,1,highest_20d_average_traded_value_for_requested_as_of_date,000660,SK하이닉스,1,2947918800250.0,2025-10-28,2025-11-24,full_local_daily_price_close_times_volume_rolling_20d,data/000660_daily_prices.csv,1408299873240000,available_from_latest_approved_snapshot,2026-05-13,dynamic_full_local_universe_rank_slot_resolution_for_as_of_date,true,rank_uses_only_existing_local_price_volume_or_approved_snapshot_values_available_for_the_as_of_date
v1_3_candidate_ticker_mapping_period.v3,evidence_only_generated_artifact_not_for_valuation_scoring_trading_or_production_ranking,rolling_rank_slot_desc_average_traded_value_20d,2025-03-31,2026-05-13,2025-03-31,2026-05-12,2025-11-24,observed_local_daily_rank_date,full_local_kospi200_daily_universe_files,307,sc_v1_3_missing_liquidity,ee_v1_0_rc_sc_v1_3_missing_liquidity_1d_189794a48a70,2,next_highest_20d_average_traded_value_for_requested_as_of_date,005930,삼성전자,2,2713407989910.0,2025-10-28,2025-11-24,full_local_daily_price_close_times_volume_rolling_20d,data/005930_daily_prices.csv,1660343124672000,available_from_latest_approved_snapshot,2026-05-13,dynamic_full_local_universe_rank_slot_resolution_for_as_of_date,true,rank_uses_only_existing_local_price_volume_or_approved_snapshot_values_available_for_the_as_of_date
v1_3_candidate_ticker_mapping_period.v4,evidence_only_generated_artifact_not_for_valuation_scoring_trading_or_production_ranking,rolling_rank_slot_desc_average_traded_value_20d,2025-03-31,2026-05-13,2025-03-31,2026-05-12,2025-11-24,observed_local_daily_rank_date,full_local_kospi200_daily_universe_files,307,sc_v1_3_low_drag,ee_v1_0_rc_sc_v1_3_low_drag_1d_3955d197ec26,4,first_top5_supplemental_slot_with_complete_market_cap_and_liquidity_fields,035420,,4,391935786375.0,2025-10-28,2025-11-24,full_local_daily_price_close_times_volume_rolling_20d,data/035420_daily_prices.csv,,not_collected_for_full_local_universe_rank,,dynamic_full_local_universe_rank_slot_resolution_for_as_of_date,true,rank_uses_only_existing_local_price_volume_or_approved_snapshot_values_available_for_the_as_of_date
v1_3_candidate_ticker_mapping_period.v3,evidence_only_generated_artifact_not_for_valuation_scoring_trading_or_production_ranking,rolling_rank_slot_desc_average_traded_value_20d,2025-03-31,2026-05-13,2025-03-31,2026-05-12,2025-11-25,observed_local_daily_rank_date,full_local_kospi200_daily_universe_files,307,sc_v1_3_high_turnover,ee_v1_0_rc_sc_v1_3_high_turnover_1d_5101aca49335,1,highest_20d_average_traded_value_for_requested_as_of_date,000660,SK하이닉스,1,2896950785350.0,2025-10-29,2025-11-25,full_local_daily_price_close_times_volume_rolling_20d,data/000660_daily_prices.csv,1408299873240000,available_from_latest_approved_snapshot,2026-05-13,dynamic_full_local_universe_rank_slot_resolution_for_as_of_date,true,rank_uses_only_existing_local_price_volume_or_approved_snapshot_values_available_for_the_as_of_date
v1_3_candidate_ticker_mapping_period.v3,evidence_only_generated_artifact_not_for_valuation_scoring_trading_or_production_ranking,rolling_rank_slot_desc_average_traded_value_20d,2025-03-31,2026-05-13,2025-03-31,2026-05-12,2025-11-25,observed_local_daily_rank_date,full_local_kospi200_daily_universe_files,307,sc_v1_3_missing_liquidity,ee_v1_0_rc_sc_v1_3_missing_liquidity_1d_189794a48a70,2,next_highest_20d_average_traded_value_for_requested_as_of_date,005930,삼성전자,2,2693883055070.0,2025-10-29,2025-11-25,full_local_daily_price_close_times_volume_rolling_20d,data/005930_daily_prices.csv,1660343124672000,available_from_latest_approved_snapshot,2026-05-13,dynamic_full_local_universe_rank_slot_resolution_for_as_of_date,true,rank_uses_only_existing_local_price_volume_or_approved_snapshot_values_available_for_the_as_of_date
v1_3_candidate_ticker_mapping_period.v4,evidence_only_generated_artifact_not_for_valuation_scoring_trading_or_production_ranking,rolling_rank_slot_desc_average_traded_value_20d,2025-03-31,2026-05-13,2025-03-31,2026-05-12,2025-11-25,observed_local_daily_rank_date,full_local_kospi200_daily_universe_files,307,sc_v1_3_low_drag,ee_v1_0_rc_sc_v1_3_low_drag_1d_3955d197ec26,4,first_top5_supplemental_slot_with_complete_market_cap_and_liquidity_fields,035420,,4,395853579925.0,2025-10-29,2025-11-25,full_local_daily_price_close_times_volume_rolling_20d,data/035420_daily_prices.csv,,not_collected_for_full_local_universe_rank,,dynamic_full_local_universe_rank_slot_resolution_for_as_of_date,true,rank_uses_only_existing_local_price_volume_or_approved_snapshot_values_available_for_the_as_of_date
v1_3_candidate_ticker_mapping_period.v3,evidence_only_generated_artifact_not_for_valuation_scoring_trading_or_production_ranking,rolling_rank_slot_desc_average_traded_value_20d,2025-03-31,2026-05-13,2025-03-31,2026-05-12,2025-11-26,observed_local_daily_rank_date,full_local_kospi200_daily_universe_files,307,sc_v1_3_high_turnover,ee_v1_0_rc_sc_v1_3_high_turnover_1d_5101aca49335,1,highest_20d_average_traded_value_for_requested_as_of_date,000660,SK하이닉스,1,2897283917050.0,2025-10-30,2025-11-26,full_local_daily_price_close_times_volume_rolling_20d,data/000660_daily_prices.csv,1408299873240000,available_from_latest_approved_snapshot,2026-05-13,dynamic_full_local_universe_rank_slot_resolution_for_as_of_date,true,rank_uses_only_existing_local_price_volume_or_approved_snapshot_values_available_for_the_as_of_date
v1_3_candidate_ticker_mapping_period.v3,evidence_only_generated_artifact_not_for_valuation_scoring_trading_or_production_ranking,rolling_rank_slot_desc_average_traded_value_20d,2025-03-31,2026-05-13,2025-03-31,2026-05-12,2025-11-26,observed_local_daily_rank_date,full_local_kospi200_daily_universe_files,307,sc_v1_3_missing_liquidity,ee_v1_0_rc_sc_v1_3_missing_liquidity_1d_189794a48a70,2,next_highest_20d_average_traded_value_for_requested_as_of_date,005930,삼성전자,2,2698420591870.0,2025-10-30,2025-11-26,full_local_daily_price_close_times_volume_rolling_20d,data/005930_daily_prices.csv,1660343124672000,available_from_latest_approved_snapshot,2026-05-13,dynamic_full_local_universe_rank_slot_resolution_for_as_of_date,true,rank_uses_only_existing_local_price_volume_or_approved_snapshot_values_available_for_the_as_of_date
v1_3_candidate_ticker_mapping_period.v4,evidence_only_generated_artifact_not_for_valuation_scoring_trading_or_production_ranking,rolling_rank_slot_desc_average_traded_value_20d,2025-03-31,2026-05-13,2025-03-31,2026-05-12,2025-11-26,observed_local_daily_rank_date,full_local_kospi200_daily_universe_files,307,sc_v1_3_low_drag,ee_v1_0_rc_sc_v1_3_low_drag_1d_3955d197ec26,4,first_top5_supplemental_slot_with_complete_market_cap_and_liquidity_fields,035420,,4,375618016500.0,2025-10-30,2025-11-26,full_local_daily_price_close_times_volume_rolling_20d,data/035420_daily_prices.csv,,not_collected_for_full_local_universe_rank,,dynamic_full_local_universe_rank_slot_resolution_for_as_of_date,true,rank_uses_only_existing_local_price_volume_or_approved_snapshot_values_available_for_the_as_of_date
v1_3_candidate_ticker_mapping_period.v3,evidence_only_generated_artifact_not_for_valuation_scoring_trading_or_production_ranking,rolling_rank_slot_desc_average_traded_value_20d,2025-03-31,2026-05-13,2025-03-31,2026-05-12,2025-11-27,observed_local_daily_rank_date,full_local_kospi200_daily_universe_files,307,sc_v1_3_high_turnover,ee_v1_0_rc_sc_v1_3_high_turnover_1d_5101aca49335,1,highest_20d_average_traded_value_for_requested_as_of_date,000660,SK하이닉스,1,2857842927050.0,2025-10-31,2025-11-27,full_local_daily_price_close_times_volume_rolling_20d,data/000660_daily_prices.csv,1408299873240000,available_from_latest_approved_snapshot,2026-05-13,dynamic_full_local_universe_rank_slot_resolution_for_as_of_date,true,rank_uses_only_existing_local_price_volume_or_approved_snapshot_values_available_for_the_as_of_date
v1_3_candidate_ticker_mapping_period.v3,evidence_only_generated_artifact_not_for_valuation_scoring_trading_or_production_ranking,rolling_rank_slot_desc_average_traded_value_20d,2025-03-31,2026-05-13,2025-03-31,2026-05-12,2025-11-27,observed_local_daily_rank_date,full_local_kospi200_daily_universe_files,307,sc_v1_3_missing_liquidity,ee_v1_0_rc_sc_v1_3_missing_liquidity_1d_189794a48a70,2,next_highest_20d_average_traded_value_for_requested_as_of_date,005930,삼성전자,2,2603627949085.0,2025-10-31,2025-11-27,full_local_daily_price_close_times_volume_rolling_20d,data/005930_daily_prices.csv,1660343124672000,available_from_latest_approved_snapshot,2026-05-13,dynamic_full_local_universe_rank_slot_resolution_for_as_of_date,true,rank_uses_only_existing_local_price_volume_or_approved_snapshot_values_available_for_the_as_of_date
v1_3_candidate_ticker_mapping_period.v4,evidence_only_generated_artifact_not_for_valuation_scoring_trading_or_production_ranking,rolling_rank_slot_desc_average_traded_value_20d,2025-03-31,2026-05-13,2025-03-31,2026-05-12,2025-11-27,observed_local_daily_rank_date,full_local_kospi200_daily_universe_files,307,sc_v1_3_low_drag,ee_v1_0_rc_sc_v1_3_low_drag_1d_3955d197ec26,4,first_top5_supplemental_slot_with_complete_market_cap_and_liquidity_fields,035420,,4,383329171025.0,2025-10-31,2025-11-27,full_local_daily_price_close_times_volume_rolling_20d,data/035420_daily_prices.csv,,not_collected_for_full_local_universe_rank,,dynamic_full_local_universe_rank_slot_resolution_for_as_of_date,true,rank_uses_only_existing_local_price_volume_or_approved_snapshot_values_available_for_the_as_of_date
v1_3_candidate_ticker_mapping_period.v3,evidence_only_generated_artifact_not_for_valuation_scoring_trading_or_production_ranking,rolling_rank_slot_desc_average_traded_value_20d,2025-03-31,2026-05-13,2025-03-31,2026-05-12,2025-11-28,observed_local_daily_rank_date,full_local_kospi200_daily_universe_files,307,sc_v1_3_high_turnover,ee_v1_0_rc_sc_v1_3_high_turnover_1d_5101aca49335,1,highest_20d_average_traded_value_for_requested_as_of_date,000660,SK하이닉스,1,2835183522500.0,2025-11-03,2025-11-28,full_local_daily_price_close_times_volume_rolling_20d,data/000660_daily_prices.csv,1408299873240000,available_from_latest_approved_snapshot,2026-05-13,dynamic_full_local_universe_rank_slot_resolution_for_as_of_date,true,rank_uses_only_existing_local_price_volume_or_approved_snapshot_values_available_for_the_as_of_date
v1_3_candidate_ticker_mapping_period.v3,evidence_only_generated_artifact_not_for_valuation_scoring_trading_or_production_ranking,rolling_rank_slot_desc_average_traded_value_20d,2025-03-31,2026-05-13,2025-03-31,2026-05-12,2025-11-28,observed_local_daily_rank_date,full_local_kospi200_daily_universe_files,307,sc_v1_3_missing_liquidity,ee_v1_0_rc_sc_v1_3_missing_liquidity_1d_189794a48a70,2,next_highest_20d_average_traded_value_for_requested_as_of_date,005930,삼성전자,2,2385789609510.0,2025-11-03,2025-11-28,full_local_daily_price_close_times_volume_rolling_20d,data/005930_daily_prices.csv,1660343124672000,available_from_latest_approved_snapshot,2026-05-13,dynamic_full_local_universe_rank_slot_resolution_for_as_of_date,true,rank_uses_only_existing_local_price_volume_or_approved_snapshot_values_available_for_the_as_of_date
v1_3_candidate_ticker_mapping_period.v4,evidence_only_generated_artifact_not_for_valuation_scoring_trading_or_production_ranking,rolling_rank_slot_desc_average_traded_value_20d,2025-03-31,2026-05-13,2025-03-31,2026-05-12,2025-11-28,observed_local_daily_rank_date,full_local_kospi200_daily_universe_files,307,sc_v1_3_low_drag,ee_v1_0_rc_sc_v1_3_low_drag_1d_3955d197ec26,4,first_top5_supplemental_slot_with_complete_market_cap_and_liquidity_fields,035420,,4,364337892675.0,2025-11-03,2025-11-28,full_local_daily_price_close_times_volume_rolling_20d,data/035420_daily_prices.csv,,not_collected_for_full_local_universe_rank,,dynamic_full_local_universe_rank_slot_resolution_for_as_of_date,true,rank_uses_only_existing_local_price_volume_or_approved_snapshot_values_available_for_the_as_of_date
v1_3_candidate_ticker_mapping_period.v3,evidence_only_generated_artifact_not_for_valuation_scoring_trading_or_production_ranking,rolling_rank_slot_desc_average_traded_value_20d,2025-03-31,2026-05-13,2025-03-31,2026-05-12,2025-12-01,observed_local_daily_rank_date,full_local_kospi200_daily_universe_files,307,sc_v1_3_high_turnover,ee_v1_0_rc_sc_v1_3_high_turnover_1d_5101aca49335,1,highest_20d_average_traded_value_for_requested_as_of_date,000660,SK하이닉스,1,2740108262100.0,2025-11-04,2025-12-01,full_local_daily_price_close_times_volume_rolling_20d,data/000660_daily_prices.csv,1408299873240000,available_from_latest_approved_snapshot,2026-05-13,dynamic_full_local_universe_rank_slot_resolution_for_as_of_date,true,rank_uses_only_existing_local_price_volume_or_approved_snapshot_values_available_for_the_as_of_date
v1_3_candidate_ticker_mapping_period.v3,evidence_only_generated_artifact_not_for_valuation_scoring_trading_or_production_ranking,rolling_rank_slot_desc_average_traded_value_20d,2025-03-31,2026-05-13,2025-03-31,2026-05-12,2025-12-01,observed_local_daily_rank_date,full_local_kospi200_daily_universe_files,307,sc_v1_3_missing_liquidity,ee_v1_0_rc_sc_v1_3_missing_liquidity_1d_189794a48a70,2,next_highest_20d_average_traded_value_for_requested_as_of_date,005930,삼성전자,2,2273492043920.0,2025-11-04,2025-12-01,full_local_daily_price_close_times_volume_rolling_20d,data/005930_daily_prices.csv,1660343124672000,available_from_latest_approved_snapshot,2026-05-13,dynamic_full_local_universe_rank_slot_resolution_for_as_of_date,true,rank_uses_only_existing_local_price_volume_or_approved_snapshot_values_available_for_the_as_of_date
v1_3_candidate_ticker_mapping_period.v4,evidence_only_generated_artifact_not_for_valuation_scoring_trading_or_production_ranking,rolling_rank_slot_desc_average_traded_value_20d,2025-03-31,2026-05-13,2025-03-31,2026-05-12,2025-12-01,observed_local_daily_rank_date,full_local_kospi200_daily_universe_files,307,sc_v1_3_low_drag,ee_v1_0_rc_sc_v1_3_low_drag_1d_3955d197ec26,4,first_top5_supplemental_slot_with_complete_market_cap_and_liquidity_fields,015760,,4,336367543562.5,2025-11-04,2025-12-01,full_local_daily_price_close_times_volume_rolling_20d,data/015760_daily_prices.csv,,not_collected_for_full_local_universe_rank,,dynamic_full_local_universe_rank_slot_resolution_for_as_of_date,true,rank_uses_only_existing_local_price_volume_or_approved_snapshot_values_available_for_the_as_of_date
v1_3_candidate_ticker_mapping_period.v3,evidence_only_generated_artifact_not_for_valuation_scoring_trading_or_production_ranking,rolling_rank_slot_desc_average_traded_value_20d,2025-03-31,2026-05-13,2025-03-31,2026-05-12,2025-12-02,observed_local_daily_rank_date,full_local_kospi200_daily_universe_files,307,sc_v1_3_high_turnover,ee_v1_0_rc_sc_v1_3_high_turnover_1d_5101aca49335,1,highest_20d_average_traded_value_for_requested_as_of_date,000660,SK하이닉스,1,2640149612400.0,2025-11-05,2025-12-02,full_local_daily_price_close_times_volume_rolling_20d,data/000660_daily_prices.csv,1408299873240000,available_from_latest_approved_snapshot,2026-05-13,dynamic_full_local_universe_rank_slot_resolution_for_as_of_date,true,rank_uses_only_existing_local_price_volume_or_approved_snapshot_values_available_for_the_as_of_date
v1_3_candidate_ticker_mapping_period.v3,evidence_only_generated_artifact_not_for_valuation_scoring_trading_or_production_ranking,rolling_rank_slot_desc_average_traded_value_20d,2025-03-31,2026-05-13,2025-03-31,2026-05-12,2025-12-02,observed_local_daily_rank_date,full_local_kospi200_daily_universe_files,307,sc_v1_3_missing_liquidity,ee_v1_0_rc_sc_v1_3_missing_liquidity_1d_189794a48a70,2,next_highest_20d_average_traded_value_for_requested_as_of_date,005930,삼성전자,2,2184348167865.0,2025-11-05,2025-12-02,full_local_daily_price_close_times_volume_rolling_20d,data/005930_daily_prices.csv,1660343124672000,available_from_latest_approved_snapshot,2026-05-13,dynamic_full_local_universe_rank_slot_resolution_for_as_of_date,true,rank_uses_only_existing_local_price_volume_or_approved_snapshot_values_available_for_the_as_of_date
v1_3_candidate_ticker_mapping_period.v4,evidence_only_generated_artifact_not_for_valuation_scoring_trading_or_production_ranking,rolling_rank_slot_desc_average_traded_value_20d,2025-03-31,2026-05-13,2025-03-31,2026-05-12,2025-12-02,observed_local_daily_rank_date,full_local_kospi200_daily_universe_files,307,sc_v1_3_low_drag,ee_v1_0_rc_sc_v1_3_low_drag_1d_3955d197ec26,4,first_top5_supplemental_slot_with_complete_market_cap_and_liquidity_fields,015760,,4,337386795440.0,2025-11-05,2025-12-02,full_local_daily_price_close_times_volume_rolling_20d,data/015760_daily_prices.csv,,not_collected_for_full_local_universe_rank,,dynamic_full_local_universe_rank_slot_resolution_for_as_of_date,true,rank_uses_only_existing_local_price_volume_or_approved_snapshot_values_available_for_the_as_of_date
v1_3_candidate_ticker_mapping_period.v3,evidence_only_generated_artifact_not_for_valuation_scoring_trading_or_production_ranking,rolling_rank_slot_desc_average_traded_value_20d,2025-03-31,2026-05-13,2025-03-31,2026-05-12,2025-12-03,observed_local_daily_rank_date,full_local_kospi200_daily_universe_files,307,sc_v1_3_high_turnover,ee_v1_0_rc_sc_v1_3_high_turnover_1d_5101aca49335,1,highest_20d_average_traded_value_for_requested_as_of_date,000660,SK하이닉스,1,2451678669900.0,2025-11-06,2025-12-03,full_local_daily_price_close_times_volume_rolling_20d,data/000660_daily_prices.csv,1408299873240000,available_from_latest_approved_snapshot,2026-05-13,dynamic_full_local_universe_rank_slot_resolution_for_as_of_date,true,rank_uses_only_existing_local_price_volume_or_approved_snapshot_values_available_for_the_as_of_date
v1_3_candidate_ticker_mapping_period.v3,evidence_only_generated_artifact_not_for_valuation_scoring_trading_or_production_ranking,rolling_rank_slot_desc_average_traded_value_20d,2025-03-31,2026-05-13,2025-03-31,2026-05-12,2025-12-03,observed_local_daily_rank_date,full_local_kospi200_daily_universe_files,307,sc_v1_3_missing_liquidity,ee_v1_0_rc_sc_v1_3_missing_liquidity_1d_189794a48a70,2,next_highest_20d_average_traded_value_for_requested_as_of_date,005930,삼성전자,2,2035584445840.0,2025-11-06,2025-12-03,full_local_daily_price_close_times_volume_rolling_20d,data/005930_daily_prices.csv,1660343124672000,available_from_latest_approved_snapshot,2026-05-13,dynamic_full_local_universe_rank_slot_resolution_for_as_of_date,true,rank_uses_only_existing_local_price_volume_or_approved_snapshot_values_available_for_the_as_of_date
v1_3_candidate_ticker_mapping_period.v4,evidence_only_generated_artifact_not_for_valuation_scoring_trading_or_production_ranking,rolling_rank_slot_desc_average_traded_value_20d,2025-03-31,2026-05-13,2025-03-31,2026-05-12,2025-12-03,observed_local_daily_rank_date,full_local_kospi200_daily_universe_files,307,sc_v1_3_low_drag,ee_v1_0_rc_sc_v1_3_low_drag_1d_3955d197ec26,4,first_top5_supplemental_slot_with_complete_market_cap_and_liquidity_fields,015760,,4,333704393540.0,2025-11-06,2025-12-03,full_local_daily_price_close_times_volume_rolling_20d,data/015760_daily_prices.csv,,not_collected_for_full_local_universe_rank,,dynamic_full_local_universe_rank_slot_resolution_for_as_of_date,true,rank_uses_only_existing_local_price_volume_or_approved_snapshot_values_available_for_the_as_of_date
v1_3_candidate_ticker_mapping_period.v3,evidence_only_generated_artifact_not_for_valuation_scoring_trading_or_production_ranking,rolling_rank_slot_desc_average_traded_value_20d,2025-03-31,2026-05-13,2025-03-31,2026-05-12,2025-12-04,observed_local_daily_rank_date,full_local_kospi200_daily_universe_files,307,sc_v1_3_high_turnover,ee_v1_0_rc_sc_v1_3_high_turnover_1d_5101aca49335,1,highest_20d_average_traded_value_for_requested_as_of_date,000660,SK하이닉스,1,2371363850800.0,2025-11-07,2025-12-04,full_local_daily_price_close_times_volume_rolling_20d,data/000660_daily_prices.csv,1408299873240000,available_from_latest_approved_snapshot,2026-05-13,dynamic_full_local_universe_rank_slot_resolution_for_as_of_date,true,rank_uses_only_existing_local_price_volume_or_approved_snapshot_values_available_for_the_as_of_date
v1_3_candidate_ticker_mapping_period.v3,evidence_only_generated_artifact_not_for_valuation_scoring_trading_or_production_ranking,rolling_rank_slot_desc_average_traded_value_20d,2025-03-31,2026-05-13,2025-03-31,2026-05-12,2025-12-04,observed_local_daily_rank_date,full_local_kospi200_daily_universe_files,307,sc_v1_3_missing_liquidity,ee_v1_0_rc_sc_v1_3_missing_liquidity_1d_189794a48a70,2,next_highest_20d_average_traded_value_for_requested_as_of_date,005930,삼성전자,2,1956150395375.0,2025-11-07,2025-12-04,full_local_daily_price_close_times_volume_rolling_20d,data/005930_daily_prices.csv,1660343124672000,available_from_latest_approved_snapshot,2026-05-13,dynamic_full_local_universe_rank_slot_resolution_for_as_of_date,true,rank_uses_only_existing_local_price_volume_or_approved_snapshot_values_available_for_the_as_of_date
v1_3_candidate_ticker_mapping_period.v4,evidence_only_generated_artifact_not_for_valuation_scoring_trading_or_production_ranking,rolling_rank_slot_desc_average_traded_value_20d,2025-03-31,2026-05-13,2025-03-31,2026-05-12,2025-12-04,observed_local_daily_rank_date,full_local_kospi200_daily_universe_files,307,sc_v1_3_low_drag,ee_v1_0_rc_sc_v1_3_low_drag_1d_3955d197ec26,4,first_top5_supplemental_slot_with_complete_market_cap_and_liquidity_fields,015760,,4,315761077350.0,2025-11-07,2025-12-04,full_local_daily_price_close_times_volume_rolling_20d,data/015760_daily_prices.csv,,not_collected_for_full_local_universe_rank,,dynamic_full_local_universe_rank_slot_resolution_for_as_of_date,true,rank_uses_only_existing_local_price_volume_or_approved_snapshot_values_available_for_the_as_of_date
v1_3_candidate_ticker_mapping_period.v3,evidence_only_generated_artifact_not_for_valuation_scoring_trading_or_production_ranking,rolling_rank_slot_desc_average_traded_value_20d,2025-03-31,2026-05-13,2025-03-31,2026-05-12,2025-12-05,observed_local_daily_rank_date,full_local_kospi200_daily_universe_files,307,sc_v1_3_high_turnover,ee_v1_0_rc_sc_v1_3_high_turnover_1d_5101aca49335,1,highest_20d_average_traded_value_for_requested_as_of_date,000660,SK하이닉스,1,2319645515400.0,2025-11-10,2025-12-05,full_local_daily_price_close_times_volume_rolling_20d,data/000660_daily_prices.csv,1408299873240000,available_from_latest_approved_snapshot,2026-05-13,dynamic_full_local_universe_rank_slot_resolution_for_as_of_date,true,rank_uses_only_existing_local_price_volume_or_approved_snapshot_values_available_for_the_as_of_date
v1_3_candidate_ticker_mapping_period.v3,evidence_only_generated_artifact_not_for_valuation_scoring_trading_or_production_ranking,rolling_rank_slot_desc_average_traded_value_20d,2025-03-31,2026-05-13,2025-03-31,2026-05-12,2025-12-05,observed_local_daily_rank_date,full_local_kospi200_daily_universe_files,307,sc_v1_3_missing_liquidity,ee_v1_0_rc_sc_v1_3_missing_liquidity_1d_189794a48a70,2,next_highest_20d_average_traded_value_for_requested_as_of_date,005930,삼성전자,2,1951090523910.0,2025-11-10,2025-12-05,full_local_daily_price_close_times_volume_rolling_20d,data/005930_daily_prices.csv,1660343124672000,available_from_latest_approved_snapshot,2026-05-13,dynamic_full_local_universe_rank_slot_resolution_for_as_of_date,true,rank_uses_only_existing_local_price_volume_or_approved_snapshot_values_available_for_the_as_of_date
v1_3_candidate_ticker_mapping_period.v4,evidence_only_generated_artifact_not_for_valuation_scoring_trading_or_production_ranking,rolling_rank_slot_desc_average_traded_value_20d,2025-03-31,2026-05-13,2025-03-31,2026-05-12,2025-12-05,observed_local_daily_rank_date,full_local_kospi200_daily_universe_files,307,sc_v1_3_low_drag,ee_v1_0_rc_sc_v1_3_low_drag_1d_3955d197ec26,4,first_top5_supplemental_slot_with_complete_market_cap_and_liquidity_fields,015760,,4,311395289130.0,2025-11-10,2025-12-05,full_local_daily_price_close_times_volume_rolling_20d,data/015760_daily_prices.csv,,not_collected_for_full_local_universe_rank,,dynamic_full_local_universe_rank_slot_resolution_for_as_of_date,true,rank_uses_only_existing_local_price_volume_or_approved_snapshot_values_available_for_the_as_of_date
v1_3_candidate_ticker_mapping_period.v3,evidence_only_generated_artifact_not_for_valuation_scoring_trading_or_production_ranking,rolling_rank_slot_desc_average_traded_value_20d,2025-03-31,2026-05-13,2025-03-31,2026-05-12,2025-12-08,observed_local_daily_rank_date,full_local_kospi200_daily_universe_files,307,sc_v1_3_high_turnover,ee_v1_0_rc_sc_v1_3_high_turnover_1d_5101aca49335,1,highest_20d_average_traded_value_for_requested_as_of_date,000660,SK하이닉스,1,2295089363950.0,2025-11-11,2025-12-08,full_local_daily_price_close_times_volume_rolling_20d,data/000660_daily_prices.csv,1408299873240000,available_from_latest_approved_snapshot,2026-05-13,dynamic_full_local_universe_rank_slot_resolution_for_as_of_date,true,rank_uses_only_existing_local_price_volume_or_approved_snapshot_values_available_for_the_as_of_date
v1_3_candidate_ticker_mapping_period.v3,evidence_only_generated_artifact_not_for_valuation_scoring_trading_or_production_ranking,rolling_rank_slot_desc_average_traded_value_20d,2025-03-31,2026-05-13,2025-03-31,2026-05-12,2025-12-08,observed_local_daily_rank_date,full_local_kospi200_daily_universe_files,307,sc_v1_3_missing_liquidity,ee_v1_0_rc_sc_v1_3_missing_liquidity_1d_189794a48a70,2,next_highest_20d_average_traded_value_for_requested_as_of_date,005930,삼성전자,2,1916178116050.0,2025-11-11,2025-12-08,full_local_daily_price_close_times_volume_rolling_20d,data/005930_daily_prices.csv,1660343124672000,available_from_latest_approved_snapshot,2026-05-13,dynamic_full_local_universe_rank_slot_resolution_for_as_of_date,true,rank_uses_only_existing_local_price_volume_or_approved_snapshot_values_available_for_the_as_of_date
v1_3_candidate_ticker_mapping_period.v4,evidence_only_generated_artifact_not_for_valuation_scoring_trading_or_production_ranking,rolling_rank_slot_desc_average_traded_value_20d,2025-03-31,2026-05-13,2025-03-31,2026-05-12,2025-12-08,observed_local_daily_rank_date,full_local_kospi200_daily_universe_files,307,sc_v1_3_low_drag,ee_v1_0_rc_sc_v1_3_low_drag_1d_3955d197ec26,4,first_top5_supplemental_slot_with_complete_market_cap_and_liquidity_fields,015760,,4,303693339227.5,2025-11-11,2025-12-08,full_local_daily_price_close_times_volume_rolling_20d,data/015760_daily_prices.csv,,not_collected_for_full_local_universe_rank,,dynamic_full_local_universe_rank_slot_resolution_for_as_of_date,true,rank_uses_only_existing_local_price_volume_or_approved_snapshot_values_available_for_the_as_of_date
v1_3_candidate_ticker_mapping_period.v3,evidence_only_generated_artifact_not_for_valuation_scoring_trading_or_production_ranking,rolling_rank_slot_desc_average_traded_value_20d,2025-03-31,2026-05-13,2025-03-31,2026-05-12,2025-12-09,observed_local_daily_rank_date,full_local_kospi200_daily_universe_files,307,sc_v1_3_high_turnover,ee_v1_0_rc_sc_v1_3_high_turnover_1d_5101aca49335,1,highest_20d_average_traded_value_for_requested_as_of_date,000660,SK하이닉스,1,2192265416000.0,2025-11-12,2025-12-09,full_local_daily_price_close_times_volume_rolling_20d,data/000660_daily_prices.csv,1408299873240000,available_from_latest_approved_snapshot,2026-05-13,dynamic_full_local_universe_rank_slot_resolution_for_as_of_date,true,rank_uses_only_existing_local_price_volume_or_approved_snapshot_values_available_for_the_as_of_date
v1_3_candidate_ticker_mapping_period.v3,evidence_only_generated_artifact_not_for_valuation_scoring_trading_or_production_ranking,rolling_rank_slot_desc_average_traded_value_20d,2025-03-31,2026-05-13,2025-03-31,2026-05-12,2025-12-09,observed_local_daily_rank_date,full_local_kospi200_daily_universe_files,307,sc_v1_3_missing_liquidity,ee_v1_0_rc_sc_v1_3_missing_liquidity_1d_189794a48a70,2,next_highest_20d_average_traded_value_for_requested_as_of_date,005930,삼성전자,2,1846711617200.0,2025-11-12,2025-12-09,full_local_daily_price_close_times_volume_rolling_20d,data/005930_daily_prices.csv,1660343124672000,available_from_latest_approved_snapshot,2026-05-13,dynamic_full_local_universe_rank_slot_resolution_for_as_of_date,true,rank_uses_only_existing_local_price_volume_or_approved_snapshot_values_available_for_the_as_of_date
v1_3_candidate_ticker_mapping_period.v4,evidence_only_generated_artifact_not_for_valuation_scoring_trading_or_production_ranking,rolling_rank_slot_desc_average_traded_value_20d,2025-03-31,2026-05-13,2025-03-31,2026-05-12,2025-12-09,observed_local_daily_rank_date,full_local_kospi200_daily_universe_files,307,sc_v1_3_low_drag,ee_v1_0_rc_sc_v1_3_low_drag_1d_3955d197ec26,4,first_top5_supplemental_slot_with_complete_market_cap_and_liquidity_fields,015760,,4,273402981607.5,2025-11-12,2025-12-09,full_local_daily_price_close_times_volume_rolling_20d,data/015760_daily_prices.csv,,not_collected_for_full_local_universe_rank,,dynamic_full_local_universe_rank_slot_resolution_for_as_of_date,true,rank_uses_only_existing_local_price_volume_or_approved_snapshot_values_available_for_the_as_of_date
v1_3_candidate_ticker_mapping_period.v3,evidence_only_generated_artifact_not_for_valuation_scoring_trading_or_production_ranking,rolling_rank_slot_desc_average_traded_value_20d,2025-03-31,2026-05-13,2025-03-31,2026-05-12,2025-12-10,observed_local_daily_rank_date,full_local_kospi200_daily_universe_files,307,sc_v1_3_high_turnover,ee_v1_0_rc_sc_v1_3_high_turnover_1d_5101aca49335,1,highest_20d_average_traded_value_for_requested_as_of_date,000660,SK하이닉스,1,2221905670650.0,2025-11-13,2025-12-10,full_local_daily_price_close_times_volume_rolling_20d,data/000660_daily_prices.csv,1408299873240000,available_from_latest_approved_snapshot,2026-05-13,dynamic_full_local_universe_rank_slot_resolution_for_as_of_date,true,rank_uses_only_existing_local_price_volume_or_approved_snapshot_values_available_for_the_as_of_date
v1_3_candidate_ticker_mapping_period.v3,evidence_only_generated_artifact_not_for_valuation_scoring_trading_or_production_ranking,rolling_rank_slot_desc_average_traded_value_20d,2025-03-31,2026-05-13,2025-03-31,2026-05-12,2025-12-10,observed_local_daily_rank_date,full_local_kospi200_daily_universe_files,307,sc_v1_3_missing_liquidity,ee_v1_0_rc_sc_v1_3_missing_liquidity_1d_189794a48a70,2,next_highest_20d_average_traded_value_for_requested_as_of_date,005930,삼성전자,2,1813406536965.0,2025-11-13,2025-12-10,full_local_daily_price_close_times_volume_rolling_20d,data/005930_daily_prices.csv,1660343124672000,available_from_latest_approved_snapshot,2026-05-13,dynamic_full_local_universe_rank_slot_resolution_for_as_of_date,true,rank_uses_only_existing_local_price_volume_or_approved_snapshot_values_available_for_the_as_of_date
v1_3_candidate_ticker_mapping_period.v4,evidence_only_generated_artifact_not_for_valuation_scoring_trading_or_production_ranking,rolling_rank_slot_desc_average_traded_value_20d,2025-03-31,2026-05-13,2025-03-31,2026-05-12,2025-12-10,observed_local_daily_rank_date,full_local_kospi200_daily_universe_files,307,sc_v1_3_low_drag,ee_v1_0_rc_sc_v1_3_low_drag_1d_3955d197ec26,4,first_top5_supplemental_slot_with_complete_market_cap_and_liquidity_fields,007660,,4,269230997705.0,2025-11-13,2025-12-10,full_local_daily_price_close_times_volume_rolling_20d,data/007660_daily_prices.csv,,not_collected_for_full_local_universe_rank,,dynamic_full_local_universe_rank_slot_resolution_for_as_of_date,true,rank_uses_only_existing_local_price_volume_or_approved_snapshot_values_available_for_the_as_of_date
v1_3_candidate_ticker_mapping_period.v3,evidence_only_generated_artifact_not_for_valuation_scoring_trading_or_production_ranking,rolling_rank_slot_desc_average_traded_value_20d,2025-03-31,2026-05-13,2025-03-31,2026-05-12,2025-12-11,observed_local_daily_rank_date,full_local_kospi200_daily_universe_files,307,sc_v1_3_high_turnover,ee_v1_0_rc_sc_v1_3_high_turnover_1d_5101aca49335,1,highest_20d_average_traded_value_for_requested_as_of_date,000660,SK하이닉스,1,2216932988800.0,2025-11-14,2025-12-11,full_local_daily_price_close_times_volume_rolling_20d,data/000660_daily_prices.csv,1408299873240000,available_from_latest_approved_snapshot,2026-05-13,dynamic_full_local_universe_rank_slot_resolution_for_as_of_date,true,rank_uses_only_existing_local_price_volume_or_approved_snapshot_values_available_for_the_as_of_date
v1_3_candidate_ticker_mapping_period.v3,evidence_only_generated_artifact_not_for_valuation_scoring_trading_or_production_ranking,rolling_rank_slot_desc_average_traded_value_20d,2025-03-31,2026-05-13,2025-03-31,2026-05-12,2025-12-11,observed_local_daily_rank_date,full_local_kospi200_daily_universe_files,307,sc_v1_3_missing_liquidity,ee_v1_0_rc_sc_v1_3_missing_liquidity_1d_189794a48a70,2,next_highest_20d_average_traded_value_for_requested_as_of_date,005930,삼성전자,2,1829660938280.0,2025-11-14,2025-12-11,full_local_daily_price_close_times_volume_rolling_20d,data/005930_daily_prices.csv,1660343124672000,available_from_latest_approved_snapshot,2026-05-13,dynamic_full_local_universe_rank_slot_resolution_for_as_of_date,true,rank_uses_only_existing_local_price_volume_or_approved_snapshot_values_available_for_the_as_of_date
v1_3_candidate_ticker_mapping_period.v4,evidence_only_generated_artifact_not_for_valuation_scoring_trading_or_production_ranking,rolling_rank_slot_desc_average_traded_value_20d,2025-03-31,2026-05-13,2025-03-31,2026-05-12,2025-12-11,observed_local_daily_rank_date,full_local_kospi200_daily_universe_files,307,sc_v1_3_low_drag,ee_v1_0_rc_sc_v1_3_low_drag_1d_3955d197ec26,4,first_top5_supplemental_slot_with_complete_market_cap_and_liquidity_fields,007660,,4,289062557945.0,2025-11-14,2025-12-11,full_local_daily_price_close_times_volume_rolling_20d,data/007660_daily_prices.csv,,not_collected_for_full_local_universe_rank,,dynamic_full_local_universe_rank_slot_resolution_for_as_of_date,true,rank_uses_only_existing_local_price_volume_or_approved_snapshot_values_available_for_the_as_of_date
v1_3_candidate_ticker_mapping_period.v3,evidence_only_generated_artifact_not_for_valuation_scoring_trading_or_production_ranking,rolling_rank_slot_desc_average_traded_value_20d,2025-03-31,2026-05-13,2025-03-31,2026-05-12,2025-12-12,observed_local_daily_rank_date,full_local_kospi200_daily_universe_files,306,sc_v1_3_high_turnover,ee_v1_0_rc_sc_v1_3_high_turnover_1d_5101aca49335,1,highest_20d_average_traded_value_for_requested_as_of_date,000660,SK하이닉스,1,2130686042200.0,2025-11-17,2025-12-12,full_local_daily_price_close_times_volume_rolling_20d,data/000660_daily_prices.csv,1408299873240000,available_from_latest_approved_snapshot,2026-05-13,dynamic_full_local_universe_rank_slot_resolution_for_as_of_date,true,rank_uses_only_existing_local_price_volume_or_approved_snapshot_values_available_for_the_as_of_date
v1_3_candidate_ticker_mapping_period.v3,evidence_only_generated_artifact_not_for_valuation_scoring_trading_or_production_ranking,rolling_rank_slot_desc_average_traded_value_20d,2025-03-31,2026-05-13,2025-03-31,2026-05-12,2025-12-12,observed_local_daily_rank_date,full_local_kospi200_daily_universe_files,306,sc_v1_3_missing_liquidity,ee_v1_0_rc_sc_v1_3_missing_liquidity_1d_189794a48a70,2,next_highest_20d_average_traded_value_for_requested_as_of_date,005930,삼성전자,2,1801057275890.0,2025-11-17,2025-12-12,full_local_daily_price_close_times_volume_rolling_20d,data/005930_daily_prices.csv,1660343124672000,available_from_latest_approved_snapshot,2026-05-13,dynamic_full_local_universe_rank_slot_resolution_for_as_of_date,true,rank_uses_only_existing_local_price_volume_or_approved_snapshot_values_available_for_the_as_of_date
v1_3_candidate_ticker_mapping_period.v4,evidence_only_generated_artifact_not_for_valuation_scoring_trading_or_production_ranking,rolling_rank_slot_desc_average_traded_value_20d,2025-03-31,2026-05-13,2025-03-31,2026-05-12,2025-12-12,observed_local_daily_rank_date,full_local_kospi200_daily_universe_files,306,sc_v1_3_low_drag,ee_v1_0_rc_sc_v1_3_low_drag_1d_3955d197ec26,4,first_top5_supplemental_slot_with_complete_market_cap_and_liquidity_fields,034020,,4,288110577755.0,2025-11-17,2025-12-12,full_local_daily_price_close_times_volume_rolling_20d,data/034020_daily_prices.csv,,not_collected_for_full_local_universe_rank,,dynamic_full_local_universe_rank_slot_resolution_for_as_of_date,true,rank_uses_only_existing_local_price_volume_or_approved_snapshot_values_available_for_the_as_of_date
v1_3_candidate_ticker_mapping_period.v3,evidence_only_generated_artifact_not_for_valuation_scoring_trading_or_production_ranking,rolling_rank_slot_desc_average_traded_value_20d,2025-03-31,2026-05-13,2025-03-31,2026-05-12,2025-12-15,observed_local_daily_rank_date,full_local_kospi200_daily_universe_files,306,sc_v1_3_high_turnover,ee_v1_0_rc_sc_v1_3_high_turnover_1d_5101aca49335,1,highest_20d_average_traded_value_for_requested_as_of_date,000660,SK하이닉스,1,2063971210600.0,2025-11-18,2025-12-15,full_local_daily_price_close_times_volume_rolling_20d,data/000660_daily_prices.csv,1408299873240000,available_from_latest_approved_snapshot,2026-05-13,dynamic_full_local_universe_rank_slot_resolution_for_as_of_date,true,rank_uses_only_existing_local_price_volume_or_approved_snapshot_values_available_for_the_as_of_date
v1_3_candidate_ticker_mapping_period.v3,evidence_only_generated_artifact_not_for_valuation_scoring_trading_or_production_ranking,rolling_rank_slot_desc_average_traded_value_20d,2025-03-31,2026-05-13,2025-03-31,2026-05-12,2025-12-15,observed_local_daily_rank_date,full_local_kospi200_daily_universe_files,306,sc_v1_3_missing_liquidity,ee_v1_0_rc_sc_v1_3_missing_liquidity_1d_189794a48a70,2,next_highest_20d_average_traded_value_for_requested_as_of_date,005930,삼성전자,2,1822494565330.0,2025-11-18,2025-12-15,full_local_daily_price_close_times_volume_rolling_20d,data/005930_daily_prices.csv,1660343124672000,available_from_latest_approved_snapshot,2026-05-13,dynamic_full_local_universe_rank_slot_resolution_for_as_of_date,true,rank_uses_only_existing_local_price_volume_or_approved_snapshot_values_available_for_the_as_of_date
v1_3_candidate_ticker_mapping_period.v4,evidence_only_generated_artifact_not_for_valuation_scoring_trading_or_production_ranking,rolling_rank_slot_desc_average_traded_value_20d,2025-03-31,2026-05-13,2025-03-31,2026-05-12,2025-12-15,observed_local_daily_rank_date,full_local_kospi200_daily_universe_files,306,sc_v1_3_low_drag,ee_v1_0_rc_sc_v1_3_low_drag_1d_3955d197ec26,4,first_top5_supplemental_slot_with_complete_market_cap_and_liquidity_fields,007660,,4,289897502815.0,2025-11-18,2025-12-15,full_local_daily_price_close_times_volume_rolling_20d,data/007660_daily_prices.csv,,not_collected_for_full_local_universe_rank,,dynamic_full_local_universe_rank_slot_resolution_for_as_of_date,true,rank_uses_only_existing_local_price_volume_or_approved_snapshot_values_available_for_the_as_of_date
v1_3_candidate_ticker_mapping_period.v3,evidence_only_generated_artifact_not_for_valuation_scoring_trading_or_production_ranking,rolling_rank_slot_desc_average_traded_value_20d,2025-03-31,2026-05-13,2025-03-31,2026-05-12,2025-12-16,observed_local_daily_rank_date,full_local_kospi200_daily_universe_files,306,sc_v1_3_high_turnover,ee_v1_0_rc_sc_v1_3_high_turnover_1d_5101aca49335,1,highest_20d_average_traded_value_for_requested_as_of_date,000660,SK하이닉스,1,2050088014100.0,2025-11-19,2025-12-16,full_local_daily_price_close_times_volume_rolling_20d,data/000660_daily_prices.csv,1408299873240000,available_from_latest_approved_snapshot,2026-05-13,dynamic_full_local_universe_rank_slot_resolution_for_as_of_date,true,rank_uses_only_existing_local_price_volume_or_approved_snapshot_values_available_for_the_as_of_date
v1_3_candidate_ticker_mapping_period.v3,evidence_only_generated_artifact_not_for_valuation_scoring_trading_or_production_ranking,rolling_rank_slot_desc_average_traded_value_20d,2025-03-31,2026-05-13,2025-03-31,2026-05-12,2025-12-16,observed_local_daily_rank_date,full_local_kospi200_daily_universe_files,306,sc_v1_3_missing_liquidity,ee_v1_0_rc_sc_v1_3_missing_liquidity_1d_189794a48a70,2,next_highest_20d_average_traded_value_for_requested_as_of_date,005930,삼성전자,2,1828029158870.0,2025-11-19,2025-12-16,full_local_daily_price_close_times_volume_rolling_20d,data/005930_daily_prices.csv,1660343124672000,available_from_latest_approved_snapshot,2026-05-13,dynamic_full_local_universe_rank_slot_resolution_for_as_of_date,true,rank_uses_only_existing_local_price_volume_or_approved_snapshot_values_available_for_the_as_of_date
v1_3_candidate_ticker_mapping_period.v4,evidence_only_generated_artifact_not_for_valuation_scoring_trading_or_production_ranking,rolling_rank_slot_desc_average_traded_value_20d,2025-03-31,2026-05-13,2025-03-31,2026-05-12,2025-12-16,observed_local_daily_rank_date,full_local_kospi200_daily_universe_files,306,sc_v1_3_low_drag,ee_v1_0_rc_sc_v1_3_low_drag_1d_3955d197ec26,4,first_top5_supplemental_slot_with_complete_market_cap_and_liquidity_fields,005380,현대차,4,295883730900.0,2025-11-19,2025-12-16,full_local_daily_price_close_times_volume_rolling_20d,data/005380_daily_prices.csv,145378013860000,available_from_latest_approved_snapshot,2026-05-13,dynamic_full_local_universe_rank_slot_resolution_for_as_of_date,true,rank_uses_only_existing_local_price_volume_or_approved_snapshot_values_available_for_the_as_of_date
v1_3_candidate_ticker_mapping_period.v3,evidence_only_generated_artifact_not_for_valuation_scoring_trading_or_production_ranking,rolling_rank_slot_desc_average_traded_value_20d,2025-03-31,2026-05-13,2025-03-31,2026-05-12,2025-12-17,observed_local_daily_rank_date,full_local_kospi200_daily_universe_files,306,sc_v1_3_high_turnover,ee_v1_0_rc_sc_v1_3_high_turnover_1d_5101aca49335,1,highest_20d_average_traded_value_for_requested_as_of_date,000660,SK하이닉스,1,1996984278800.0,2025-11-20,2025-12-17,full_local_daily_price_close_times_volume_rolling_20d,data/000660_daily_prices.csv,1408299873240000,available_from_latest_approved_snapshot,2026-05-13,dynamic_full_local_universe_rank_slot_resolution_for_as_of_date,true,rank_uses_only_existing_local_price_volume_or_approved_snapshot_values_available_for_the_as_of_date
v1_3_candidate_ticker_mapping_period.v3,evidence_only_generated_artifact_not_for_valuation_scoring_trading_or_production_ranking,rolling_rank_slot_desc_average_traded_value_20d,2025-03-31,2026-05-13,2025-03-31,2026-05-12,2025-12-17,observed_local_daily_rank_date,full_local_kospi200_daily_universe_files,306,sc_v1_3_missing_liquidity,ee_v1_0_rc_sc_v1_3_missing_liquidity_1d_189794a48a70,2,next_highest_20d_average_traded_value_for_requested_as_of_date,005930,삼성전자,2,1856681875765.0,2025-11-20,2025-12-17,full_local_daily_price_close_times_volume_rolling_20d,data/005930_daily_prices.csv,1660343124672000,available_from_latest_approved_snapshot,2026-05-13,dynamic_full_local_universe_rank_slot_resolution_for_as_of_date,true,rank_uses_only_existing_local_price_volume_or_approved_snapshot_values_available_for_the_as_of_date
v1_3_candidate_ticker_mapping_period.v4,evidence_only_generated_artifact_not_for_valuation_scoring_trading_or_production_ranking,rolling_rank_slot_desc_average_traded_value_20d,2025-03-31,2026-05-13,2025-03-31,2026-05-12,2025-12-17,observed_local_daily_rank_date,full_local_kospi200_daily_universe_files,306,sc_v1_3_low_drag,ee_v1_0_rc_sc_v1_3_low_drag_1d_3955d197ec26,4,first_top5_supplemental_slot_with_complete_market_cap_and_liquidity_fields,005380,현대차,4,300247433100.0,2025-11-20,2025-12-17,full_local_daily_price_close_times_volume_rolling_20d,data/005380_daily_prices.csv,145378013860000,available_from_latest_approved_snapshot,2026-05-13,dynamic_full_local_universe_rank_slot_resolution_for_as_of_date,true,rank_uses_only_existing_local_price_volume_or_approved_snapshot_values_available_for_the_as_of_date
v1_3_candidate_ticker_mapping_period.v3,evidence_only_generated_artifact_not_for_valuation_scoring_trading_or_production_ranking,rolling_rank_slot_desc_average_traded_value_20d,2025-03-31,2026-05-13,2025-03-31,2026-05-12,2025-12-18,observed_local_daily_rank_date,full_local_kospi200_daily_universe_files,306,sc_v1_3_high_turnover,ee_v1_0_rc_sc_v1_3_high_turnover_1d_5101aca49335,1,highest_20d_average_traded_value_for_requested_as_of_date,000660,SK하이닉스,1,1945319040850.0,2025-11-21,2025-12-18,full_local_daily_price_close_times_volume_rolling_20d,data/000660_daily_prices.csv,1408299873240000,available_from_latest_approved_snapshot,2026-05-13,dynamic_full_local_universe_rank_slot_resolution_for_as_of_date,true,rank_uses_only_existing_local_price_volume_or_approved_snapshot_values_available_for_the_as_of_date
v1_3_candidate_ticker_mapping_period.v3,evidence_only_generated_artifact_not_for_valuation_scoring_trading_or_production_ranking,rolling_rank_slot_desc_average_traded_value_20d,2025-03-31,2026-05-13,2025-03-31,2026-05-12,2025-12-18,observed_local_daily_rank_date,full_local_kospi200_daily_universe_files,306,sc_v1_3_missing_liquidity,ee_v1_0_rc_sc_v1_3_missing_liquidity_1d_189794a48a70,2,next_highest_20d_average_traded_value_for_requested_as_of_date,005930,삼성전자,2,1839116382495.0,2025-11-21,2025-12-18,full_local_daily_price_close_times_volume_rolling_20d,data/005930_daily_prices.csv,1660343124672000,available_from_latest_approved_snapshot,2026-05-13,dynamic_full_local_universe_rank_slot_resolution_for_as_of_date,true,rank_uses_only_existing_local_price_volume_or_approved_snapshot_values_available_for_the_as_of_date
v1_3_candidate_ticker_mapping_period.v4,evidence_only_generated_artifact_not_for_valuation_scoring_trading_or_production_ranking,rolling_rank_slot_desc_average_traded_value_20d,2025-03-31,2026-05-13,2025-03-31,2026-05-12,2025-12-18,observed_local_daily_rank_date,full_local_kospi200_daily_universe_files,306,sc_v1_3_low_drag,ee_v1_0_rc_sc_v1_3_low_drag_1d_3955d197ec26,4,first_top5_supplemental_slot_with_complete_market_cap_and_liquidity_fields,034020,,4,298067749295.0,2025-11-21,2025-12-18,full_local_daily_price_close_times_volume_rolling_20d,data/034020_daily_prices.csv,,not_collected_for_full_local_universe_rank,,dynamic_full_local_universe_rank_slot_resolution_for_as_of_date,true,rank_uses_only_existing_local_price_volume_or_approved_snapshot_values_available_for_the_as_of_date
v1_3_candidate_ticker_mapping_period.v3,evidence_only_generated_artifact_not_for_valuation_scoring_trading_or_production_ranking,rolling_rank_slot_desc_average_traded_value_20d,2025-03-31,2026-05-13,2025-03-31,2026-05-12,2025-12-19,observed_local_daily_rank_date,full_local_kospi200_daily_universe_files,307,sc_v1_3_high_turnover,ee_v1_0_rc_sc_v1_3_high_turnover_1d_5101aca49335,1,highest_20d_average_traded_value_for_requested_as_of_date,005930,삼성전자,1,1867354817605.0,2025-11-24,2025-12-19,full_local_daily_price_close_times_volume_rolling_20d,data/005930_daily_prices.csv,1660343124672000,available_from_latest_approved_snapshot,2026-05-13,dynamic_full_local_universe_rank_slot_resolution_for_as_of_date,true,rank_uses_only_existing_local_price_volume_or_approved_snapshot_values_available_for_the_as_of_date
v1_3_candidate_ticker_mapping_period.v3,evidence_only_generated_artifact_not_for_valuation_scoring_trading_or_production_ranking,rolling_rank_slot_desc_average_traded_value_20d,2025-03-31,2026-05-13,2025-03-31,2026-05-12,2025-12-19,observed_local_daily_rank_date,full_local_kospi200_daily_universe_files,307,sc_v1_3_missing_liquidity,ee_v1_0_rc_sc_v1_3_missing_liquidity_1d_189794a48a70,2,next_highest_20d_average_traded_value_for_requested_as_of_date,000660,SK하이닉스,2,1866256330000.0,2025-11-24,2025-12-19,full_local_daily_price_close_times_volume_rolling_20d,data/000660_daily_prices.csv,1408299873240000,available_from_latest_approved_snapshot,2026-05-13,dynamic_full_local_universe_rank_slot_resolution_for_as_of_date,true,rank_uses_only_existing_local_price_volume_or_approved_snapshot_values_available_for_the_as_of_date
v1_3_candidate_ticker_mapping_period.v4,evidence_only_generated_artifact_not_for_valuation_scoring_trading_or_production_ranking,rolling_rank_slot_desc_average_traded_value_20d,2025-03-31,2026-05-13,2025-03-31,2026-05-12,2025-12-19,observed_local_daily_rank_date,full_local_kospi200_daily_universe_files,307,sc_v1_3_low_drag,ee_v1_0_rc_sc_v1_3_low_drag_1d_3955d197ec26,4,first_top5_supplemental_slot_with_complete_market_cap_and_liquidity_fields,005380,현대차,4,314132377275.0,2025-11-24,2025-12-19,full_local_daily_price_close_times_volume_rolling_20d,data/005380_daily_prices.csv,145378013860000,available_from_latest_approved_snapshot,2026-05-13,dynamic_full_local_universe_rank_slot_resolution_for_as_of_date,true,rank_uses_only_existing_local_price_volume_or_approved_snapshot_values_available_for_the_as_of_date
v1_3_candidate_ticker_mapping_period.v3,evidence_only_generated_artifact_not_for_valuation_scoring_trading_or_production_ranking,rolling_rank_slot_desc_average_traded_value_20d,2025-03-31,2026-05-13,2025-03-31,2026-05-12,2025-12-22,observed_local_daily_rank_date,full_local_kospi200_daily_universe_files,307,sc_v1_3_high_turnover,ee_v1_0_rc_sc_v1_3_high_turnover_1d_5101aca49335,1,highest_20d_average_traded_value_for_requested_as_of_date,005930,삼성전자,1,1860468020760.0,2025-11-25,2025-12-22,full_local_daily_price_close_times_volume_rolling_20d,data/005930_daily_prices.csv,1660343124672000,available_from_latest_approved_snapshot,2026-05-13,dynamic_full_local_universe_rank_slot_resolution_for_as_of_date,true,rank_uses_only_existing_local_price_volume_or_approved_snapshot_values_available_for_the_as_of_date
v1_3_candidate_ticker_mapping_period.v3,evidence_only_generated_artifact_not_for_valuation_scoring_trading_or_production_ranking,rolling_rank_slot_desc_average_traded_value_20d,2025-03-31,2026-05-13,2025-03-31,2026-05-12,2025-12-22,observed_local_daily_rank_date,full_local_kospi200_daily_universe_files,307,sc_v1_3_missing_liquidity,ee_v1_0_rc_sc_v1_3_missing_liquidity_1d_189794a48a70,2,next_highest_20d_average_traded_value_for_requested_as_of_date,000660,SK하이닉스,2,1783353574000.0,2025-11-25,2025-12-22,full_local_daily_price_close_times_volume_rolling_20d,data/000660_daily_prices.csv,1408299873240000,available_from_latest_approved_snapshot,2026-05-13,dynamic_full_local_universe_rank_slot_resolution_for_as_of_date,true,rank_uses_only_existing_local_price_volume_or_approved_snapshot_values_available_for_the_as_of_date
v1_3_candidate_ticker_mapping_period.v4,evidence_only_generated_artifact_not_for_valuation_scoring_trading_or_production_ranking,rolling_rank_slot_desc_average_traded_value_20d,2025-03-31,2026-05-13,2025-03-31,2026-05-12,2025-12-22,observed_local_daily_rank_date,full_local_kospi200_daily_universe_files,307,sc_v1_3_low_drag,ee_v1_0_rc_sc_v1_3_low_drag_1d_3955d197ec26,4,first_top5_supplemental_slot_with_complete_market_cap_and_liquidity_fields,005380,현대차,4,316052627500.0,2025-11-25,2025-12-22,full_local_daily_price_close_times_volume_rolling_20d,data/005380_daily_prices.csv,145378013860000,available_from_latest_approved_snapshot,2026-05-13,dynamic_full_local_universe_rank_slot_resolution_for_as_of_date,true,rank_uses_only_existing_local_price_volume_or_approved_snapshot_values_available_for_the_as_of_date
v1_3_candidate_ticker_mapping_period.v3,evidence_only_generated_artifact_not_for_valuation_scoring_trading_or_production_ranking,rolling_rank_slot_desc_average_traded_value_20d,2025-03-31,2026-05-13,2025-03-31,2026-05-12,2025-12-23,observed_local_daily_rank_date,full_local_kospi200_daily_universe_files,307,sc_v1_3_high_turnover,ee_v1_0_rc_sc_v1_3_high_turnover_1d_5101aca49335,1,highest_20d_average_traded_value_for_requested_as_of_date,005930,삼성전자,1,1894318570175.0,2025-11-26,2025-12-23,full_local_daily_price_close_times_volume_rolling_20d,data/005930_daily_prices.csv,1660343124672000,available_from_latest_approved_snapshot,2026-05-13,dynamic_full_local_universe_rank_slot_resolution_for_as_of_date,true,rank_uses_only_existing_local_price_volume_or_approved_snapshot_values_available_for_the_as_of_date
v1_3_candidate_ticker_mapping_period.v3,evidence_only_generated_artifact_not_for_valuation_scoring_trading_or_production_ranking,rolling_rank_slot_desc_average_traded_value_20d,2025-03-31,2026-05-13,2025-03-31,2026-05-12,2025-12-23,observed_local_daily_rank_date,full_local_kospi200_daily_universe_files,307,sc_v1_3_missing_liquidity,ee_v1_0_rc_sc_v1_3_missing_liquidity_1d_189794a48a70,2,next_highest_20d_average_traded_value_for_requested_as_of_date,000660,SK하이닉스,2,1745631120100.0,2025-11-26,2025-12-23,full_local_daily_price_close_times_volume_rolling_20d,data/000660_daily_prices.csv,1408299873240000,available_from_latest_approved_snapshot,2026-05-13,dynamic_full_local_universe_rank_slot_resolution_for_as_of_date,true,rank_uses_only_existing_local_price_volume_or_approved_snapshot_values_available_for_the_as_of_date
v1_3_candidate_ticker_mapping_period.v4,evidence_only_generated_artifact_not_for_valuation_scoring_trading_or_production_ranking,rolling_rank_slot_desc_average_traded_value_20d,2025-03-31,2026-05-13,2025-03-31,2026-05-12,2025-12-23,observed_local_daily_rank_date,full_local_kospi200_daily_universe_files,307,sc_v1_3_low_drag,ee_v1_0_rc_sc_v1_3_low_drag_1d_3955d197ec26,4,first_top5_supplemental_slot_with_complete_market_cap_and_liquidity_fields,005380,현대차,4,321065348025.0,2025-11-26,2025-12-23,full_local_daily_price_close_times_volume_rolling_20d,data/005380_daily_prices.csv,145378013860000,available_from_latest_approved_snapshot,2026-05-13,dynamic_full_local_universe_rank_slot_resolution_for_as_of_date,true,rank_uses_only_existing_local_price_volume_or_approved_snapshot_values_available_for_the_as_of_date
v1_3_candidate_ticker_mapping_period.v3,evidence_only_generated_artifact_not_for_valuation_scoring_trading_or_production_ranking,rolling_rank_slot_desc_average_traded_value_20d,2025-03-31,2026-05-13,2025-03-31,2026-05-12,2025-12-24,observed_local_daily_rank_date,full_local_kospi200_daily_universe_files,307,sc_v1_3_high_turnover,ee_v1_0_rc_sc_v1_3_high_turnover_1d_5101aca49335,1,highest_20d_average_traded_value_for_requested_as_of_date,005930,삼성전자,1,1854157874820.0,2025-11-27,2025-12-24,full_local_daily_price_close_times_volume_rolling_20d,data/005930_daily_prices.csv,1660343124672000,available_from_latest_approved_snapshot,2026-05-13,dynamic_full_local_universe_rank_slot_resolution_for_as_of_date,true,rank_uses_only_existing_local_price_volume_or_approved_snapshot_values_available_for_the_as_of_date
v1_3_candidate_ticker_mapping_period.v3,evidence_only_generated_artifact_not_for_valuation_scoring_trading_or_production_ranking,rolling_rank_slot_desc_average_traded_value_20d,2025-03-31,2026-05-13,2025-03-31,2026-05-12,2025-12-24,observed_local_daily_rank_date,full_local_kospi200_daily_universe_files,307,sc_v1_3_missing_liquidity,ee_v1_0_rc_sc_v1_3_missing_liquidity_1d_189794a48a70,2,next_highest_20d_average_traded_value_for_requested_as_of_date,000660,SK하이닉스,2,1674817915300.0,2025-11-27,2025-12-24,full_local_daily_price_close_times_volume_rolling_20d,data/000660_daily_prices.csv,1408299873240000,available_from_latest_approved_snapshot,2026-05-13,dynamic_full_local_universe_rank_slot_resolution_for_as_of_date,true,rank_uses_only_existing_local_price_volume_or_approved_snapshot_values_available_for_the_as_of_date
v1_3_candidate_ticker_mapping_period.v4,evidence_only_generated_artifact_not_for_valuation_scoring_trading_or_production_ranking,rolling_rank_slot_desc_average_traded_value_20d,2025-03-31,2026-05-13,2025-03-31,2026-05-12,2025-12-24,observed_local_daily_rank_date,full_local_kospi200_daily_universe_files,307,sc_v1_3_low_drag,ee_v1_0_rc_sc_v1_3_low_drag_1d_3955d197ec26,4,first_top5_supplemental_slot_with_complete_market_cap_and_liquidity_fields,005380,현대차,4,334517054050.0,2025-11-27,2025-12-24,full_local_daily_price_close_times_volume_rolling_20d,data/005380_daily_prices.csv,145378013860000,available_from_latest_approved_snapshot,2026-05-13,dynamic_full_local_universe_rank_slot_resolution_for_as_of_date,true,rank_uses_only_existing_local_price_volume_or_approved_snapshot_values_available_for_the_as_of_date
v1_3_candidate_ticker_mapping_period.v3,evidence_only_generated_artifact_not_for_valuation_scoring_trading_or_production_ranking,rolling_rank_slot_desc_average_traded_value_20d,2025-03-31,2026-05-13,2025-03-31,2026-05-12,2025-12-26,observed_local_daily_rank_date,full_local_kospi200_daily_universe_files,307,sc_v1_3_high_turnover,ee_v1_0_rc_sc_v1_3_high_turnover_1d_5101aca49335,1,highest_20d_average_traded_value_for_requested_as_of_date,005930,삼성전자,1,1968019897020.0,2025-11-28,2025-12-26,full_local_daily_price_close_times_volume_rolling_20d,data/005930_daily_prices.csv,1660343124672000,available_from_latest_approved_snapshot,2026-05-13,dynamic_full_local_universe_rank_slot_resolution_for_as_of_date,true,rank_uses_only_existing_local_price_volume_or_approved_snapshot_values_available_for_the_as_of_date
v1_3_candidate_ticker_mapping_period.v3,evidence_only_generated_artifact_not_for_valuation_scoring_trading_or_production_ranking,rolling_rank_slot_desc_average_traded_value_20d,2025-03-31,2026-05-13,2025-03-31,2026-05-12,2025-12-26,observed_local_daily_rank_date,full_local_kospi200_daily_universe_files,307,sc_v1_3_missing_liquidity,ee_v1_0_rc_sc_v1_3_missing_liquidity_1d_189794a48a70,2,next_highest_20d_average_traded_value_for_requested_as_of_date,000660,SK하이닉스,2,1702520875500.0,2025-11-28,2025-12-26,full_local_daily_price_close_times_volume_rolling_20d,data/000660_daily_prices.csv,1408299873240000,available_from_latest_approved_snapshot,2026-05-13,dynamic_full_local_universe_rank_slot_resolution_for_as_of_date,true,rank_uses_only_existing_local_price_volume_or_approved_snapshot_values_available_for_the_as_of_date
v1_3_candidate_ticker_mapping_period.v4,evidence_only_generated_artifact_not_for_valuation_scoring_trading_or_production_ranking,rolling_rank_slot_desc_average_traded_value_20d,2025-03-31,2026-05-13,2025-03-31,2026-05-12,2025-12-26,observed_local_daily_rank_date,full_local_kospi200_daily_universe_files,307,sc_v1_3_low_drag,ee_v1_0_rc_sc_v1_3_low_drag_1d_3955d197ec26,4,first_top5_supplemental_slot_with_complete_market_cap_and_liquidity_fields,005380,현대차,4,342853184975.0,2025-11-28,2025-12-26,full_local_daily_price_close_times_volume_rolling_20d,data/005380_daily_prices.csv,145378013860000,available_from_latest_approved_snapshot,2026-05-13,dynamic_full_local_universe_rank_slot_resolution_for_as_of_date,true,rank_uses_only_existing_local_price_volume_or_approved_snapshot_values_available_for_the_as_of_date
v1_3_candidate_ticker_mapping_period.v3,evidence_only_generated_artifact_not_for_valuation_scoring_trading_or_production_ranking,rolling_rank_slot_desc_average_traded_value_20d,2025-03-31,2026-05-13,2025-03-31,2026-05-12,2025-12-29,observed_local_daily_rank_date,full_local_kospi200_daily_universe_files,307,sc_v1_3_high_turnover,ee_v1_0_rc_sc_v1_3_high_turnover_1d_5101aca49335,1,highest_20d_average_traded_value_for_requested_as_of_date,005930,삼성전자,1,2008740328995.0,2025-12-01,2025-12-29,full_local_daily_price_close_times_volume_rolling_20d,data/005930_daily_prices.csv,1660343124672000,available_from_latest_approved_snapshot,2026-05-13,dynamic_full_local_universe_rank_slot_resolution_for_as_of_date,true,rank_uses_only_existing_local_price_volume_or_approved_snapshot_values_available_for_the_as_of_date
v1_3_candidate_ticker_mapping_period.v3,evidence_only_generated_artifact_not_for_valuation_scoring_trading_or_production_ranking,rolling_rank_slot_desc_average_traded_value_20d,2025-03-31,2026-05-13,2025-03-31,2026-05-12,2025-12-29,observed_local_daily_rank_date,full_local_kospi200_daily_universe_files,307,sc_v1_3_missing_liquidity,ee_v1_0_rc_sc_v1_3_missing_liquidity_1d_189794a48a70,2,next_highest_20d_average_traded_value_for_requested_as_of_date,000660,SK하이닉스,2,1765134050500.0,2025-12-01,2025-12-29,full_local_daily_price_close_times_volume_rolling_20d,data/000660_daily_prices.csv,1408299873240000,available_from_latest_approved_snapshot,2026-05-13,dynamic_full_local_universe_rank_slot_resolution_for_as_of_date,true,rank_uses_only_existing_local_price_volume_or_approved_snapshot_values_available_for_the_as_of_date
v1_3_candidate_ticker_mapping_period.v4,evidence_only_generated_artifact_not_for_valuation_scoring_trading_or_production_ranking,rolling_rank_slot_desc_average_traded_value_20d,2025-03-31,2026-05-13,2025-03-31,2026-05-12,2025-12-29,observed_local_daily_rank_date,full_local_kospi200_daily_universe_files,307,sc_v1_3_low_drag,ee_v1_0_rc_sc_v1_3_low_drag_1d_3955d197ec26,4,first_top5_supplemental_slot_with_complete_market_cap_and_liquidity_fields,005380,현대차,4,346406886425.0,2025-12-01,2025-12-29,full_local_daily_price_close_times_volume_rolling_20d,data/005380_daily_prices.csv,145378013860000,available_from_latest_approved_snapshot,2026-05-13,dynamic_full_local_universe_rank_slot_resolution_for_as_of_date,true,rank_uses_only_existing_local_price_volume_or_approved_snapshot_values_available_for_the_as_of_date
v1_3_candidate_ticker_mapping_period.v3,evidence_only_generated_artifact_not_for_valuation_scoring_trading_or_production_ranking,rolling_rank_slot_desc_average_traded_value_20d,2025-03-31,2026-05-13,2025-03-31,2026-05-12,2025-12-30,observed_local_daily_rank_date,full_local_kospi200_daily_universe_files,307,sc_v1_3_high_turnover,ee_v1_0_rc_sc_v1_3_high_turnover_1d_5101aca49335,1,highest_20d_average_traded_value_for_requested_as_of_date,005930,삼성전자,1,2072155840210.0,2025-12-02,2025-12-30,full_local_daily_price_close_times_volume_rolling_20d,data/005930_daily_prices.csv,1660343124672000,available_from_latest_approved_snapshot,2026-05-13,dynamic_full_local_universe_rank_slot_resolution_for_as_of_date,true,rank_uses_only_existing_local_price_volume_or_approved_snapshot_values_available_for_the_as_of_date
v1_3_candidate_ticker_mapping_period.v3,evidence_only_generated_artifact_not_for_valuation_scoring_trading_or_production_ranking,rolling_rank_slot_desc_average_traded_value_20d,2025-03-31,2026-05-13,2025-03-31,2026-05-12,2025-12-30,observed_local_daily_rank_date,full_local_kospi200_daily_universe_files,307,sc_v1_3_missing_liquidity,ee_v1_0_rc_sc_v1_3_missing_liquidity_1d_189794a48a70,2,next_highest_20d_average_traded_value_for_requested_as_of_date,000660,SK하이닉스,2,1814089840550.0,2025-12-02,2025-12-30,full_local_daily_price_close_times_volume_rolling_20d,data/000660_daily_prices.csv,1408299873240000,available_from_latest_approved_snapshot,2026-05-13,dynamic_full_local_universe_rank_slot_resolution_for_as_of_date,true,rank_uses_only_existing_local_price_volume_or_approved_snapshot_values_available_for_the_as_of_date
v1_3_candidate_ticker_mapping_period.v4,evidence_only_generated_artifact_not_for_valuation_scoring_trading_or_production_ranking,rolling_rank_slot_desc_average_traded_value_20d,2025-03-31,2026-05-13,2025-03-31,2026-05-12,2025-12-30,observed_local_daily_rank_date,full_local_kospi200_daily_universe_files,307,sc_v1_3_low_drag,ee_v1_0_rc_sc_v1_3_low_drag_1d_3955d197ec26,4,first_top5_supplemental_slot_with_complete_market_cap_and_liquidity_fields,005380,현대차,4,348651379600.0,2025-12-02,2025-12-30,full_local_daily_price_close_times_volume_rolling_20d,data/005380_daily_prices.csv,145378013860000,available_from_latest_approved_snapshot,2026-05-13,dynamic_full_local_universe_rank_slot_resolution_for_as_of_date,true,rank_uses_only_existing_local_price_volume_or_approved_snapshot_values_available_for_the_as_of_date
v1_3_candidate_ticker_mapping_period.v3,evidence_only_generated_artifact_not_for_valuation_scoring_trading_or_production_ranking,rolling_rank_slot_desc_average_traded_value_20d,2025-03-31,2026-05-13,2025-03-31,2026-05-12,2026-01-02,observed_local_daily_rank_date,full_local_kospi200_daily_universe_files,307,sc_v1_3_high_turnover,ee_v1_0_rc_sc_v1_3_high_turnover_1d_5101aca49335,1,highest_20d_average_traded_value_for_requested_as_of_date,005930,삼성전자,1,2197314559995.0,2025-12-03,2026-01-02,full_local_daily_price_close_times_volume_rolling_20d,data/005930_daily_prices.csv,1660343124672000,available_from_latest_approved_snapshot,2026-05-13,dynamic_full_local_universe_rank_slot_resolution_for_as_of_date,true,rank_uses_only_existing_local_price_volume_or_approved_snapshot_values_available_for_the_as_of_date
v1_3_candidate_ticker_mapping_period.v3,evidence_only_generated_artifact_not_for_valuation_scoring_trading_or_production_ranking,rolling_rank_slot_desc_average_traded_value_20d,2025-03-31,2026-05-13,2025-03-31,2026-05-12,2026-01-02,observed_local_daily_rank_date,full_local_kospi200_daily_universe_files,307,sc_v1_3_missing_liquidity,ee_v1_0_rc_sc_v1_3_missing_liquidity_1d_189794a48a70,2,next_highest_20d_average_traded_value_for_requested_as_of_date,000660,SK하이닉스,2,1880691404300.0,2025-12-03,2026-01-02,full_local_daily_price_close_times_volume_rolling_20d,data/000660_daily_prices.csv,1408299873240000,available_from_latest_approved_snapshot,2026-05-13,dynamic_full_local_universe_rank_slot_resolution_for_as_of_date,true,rank_uses_only_existing_local_price_volume_or_approved_snapshot_values_available_for_the_as_of_date
v1_3_candidate_ticker_mapping_period.v4,evidence_only_generated_artifact_not_for_valuation_scoring_trading_or_production_ranking,rolling_rank_slot_desc_average_traded_value_20d,2025-03-31,2026-05-13,2025-03-31,2026-05-12,2026-01-02,observed_local_daily_rank_date,full_local_kospi200_daily_universe_files,307,sc_v1_3_low_drag,ee_v1_0_rc_sc_v1_3_low_drag_1d_3955d197ec26,4,first_top5_supplemental_slot_with_complete_market_cap_and_liquidity_fields,005380,현대차,4,348478059025.0,2025-12-03,2026-01-02,full_local_daily_price_close_times_volume_rolling_20d,data/005380_daily_prices.csv,145378013860000,available_from_latest_approved_snapshot,2026-05-13,dynamic_full_local_universe_rank_slot_resolution_for_as_of_date,true,rank_uses_only_existing_local_price_volume_or_approved_snapshot_values_available_for_the_as_of_date
v1_3_candidate_ticker_mapping_period.v3,evidence_only_generated_artifact_not_for_valuation_scoring_trading_or_production_ranking,rolling_rank_slot_desc_average_traded_value_20d,2025-03-31,2026-05-13,2025-03-31,2026-05-12,2026-01-05,observed_local_daily_rank_date,full_local_kospi200_daily_universe_files,307,sc_v1_3_high_turnover,ee_v1_0_rc_sc_v1_3_high_turnover_1d_5101aca49335,1,highest_20d_average_traded_value_for_requested_as_of_date,005930,삼성전자,1,2416489502700.0,2025-12-04,2026-01-05,full_local_daily_price_close_times_volume_rolling_20d,data/005930_daily_prices.csv,1660343124672000,available_from_latest_approved_snapshot,2026-05-13,dynamic_full_local_universe_rank_slot_resolution_for_as_of_date,true,rank_uses_only_existing_local_price_volume_or_approved_snapshot_values_available_for_the_as_of_date
v1_3_candidate_ticker_mapping_period.v3,evidence_only_generated_artifact_not_for_valuation_scoring_trading_or_production_ranking,rolling_rank_slot_desc_average_traded_value_20d,2025-03-31,2026-05-13,2025-03-31,2026-05-12,2026-01-05,observed_local_daily_rank_date,full_local_kospi200_daily_universe_files,307,sc_v1_3_missing_liquidity,ee_v1_0_rc_sc_v1_3_missing_liquidity_1d_189794a48a70,2,next_highest_20d_average_traded_value_for_requested_as_of_date,000660,SK하이닉스,2,1960246102700.0,2025-12-04,2026-01-05,full_local_daily_price_close_times_volume_rolling_20d,data/000660_daily_prices.csv,1408299873240000,available_from_latest_approved_snapshot,2026-05-13,dynamic_full_local_universe_rank_slot_resolution_for_as_of_date,true,rank_uses_only_existing_local_price_volume_or_approved_snapshot_values_available_for_the_as_of_date
v1_3_candidate_ticker_mapping_period.v4,evidence_only_generated_artifact_not_for_valuation_scoring_trading_or_production_ranking,rolling_rank_slot_desc_average_traded_value_20d,2025-03-31,2026-05-13,2025-03-31,2026-05-12,2026-01-05,observed_local_daily_rank_date,full_local_kospi200_daily_universe_files,307,sc_v1_3_low_drag,ee_v1_0_rc_sc_v1_3_low_drag_1d_3955d197ec26,4,first_top5_supplemental_slot_with_complete_market_cap_and_liquidity_fields,005380,현대차,4,361701990200.0,2025-12-04,2026-01-05,full_local_daily_price_close_times_volume_rolling_20d,data/005380_daily_prices.csv,145378013860000,available_from_latest_approved_snapshot,2026-05-13,dynamic_full_local_universe_rank_slot_resolution_for_as_of_date,true,rank_uses_only_existing_local_price_volume_or_approved_snapshot_values_available_for_the_as_of_date
v1_3_candidate_ticker_mapping_period.v3,evidence_only_generated_artifact_not_for_valuation_scoring_trading_or_production_ranking,rolling_rank_slot_desc_average_traded_value_20d,2025-03-31,2026-05-13,2025-03-31,2026-05-12,2026-01-06,observed_local_daily_rank_date,full_local_kospi200_daily_universe_files,307,sc_v1_3_high_turnover,ee_v1_0_rc_sc_v1_3_high_turnover_1d_5101aca49335,1,highest_20d_average_traded_value_for_requested_as_of_date,005930,삼성전자,1,2668548048970.0,2025-12-05,2026-01-06,full_local_daily_price_close_times_volume_rolling_20d,data/005930_daily_prices.csv,1660343124672000,available_from_latest_approved_snapshot,2026-05-13,dynamic_full_local_universe_rank_slot_resolution_for_as_of_date,true,rank_uses_only_existing_local_price_volume_or_approved_snapshot_values_available_for_the_as_of_date
v1_3_candidate_ticker_mapping_period.v3,evidence_only_generated_artifact_not_for_valuation_scoring_trading_or_production_ranking,rolling_rank_slot_desc_average_traded_value_20d,2025-03-31,2026-05-13,2025-03-31,2026-05-12,2026-01-06,observed_local_daily_rank_date,full_local_kospi200_daily_universe_files,307,sc_v1_3_missing_liquidity,ee_v1_0_rc_sc_v1_3_missing_liquidity_1d_189794a48a70,2,next_highest_20d_average_traded_value_for_requested_as_of_date,000660,SK하이닉스,2,2058125019700.0,2025-12-05,2026-01-06,full_local_daily_price_close_times_volume_rolling_20d,data/000660_daily_prices.csv,1408299873240000,available_from_latest_approved_snapshot,2026-05-13,dynamic_full_local_universe_rank_slot_resolution_for_as_of_date,true,rank_uses_only_existing_local_price_volume_or_approved_snapshot_values_available_for_the_as_of_date
v1_3_candidate_ticker_mapping_period.v4,evidence_only_generated_artifact_not_for_valuation_scoring_trading_or_production_ranking,rolling_rank_slot_desc_average_traded_value_20d,2025-03-31,2026-05-13,2025-03-31,2026-05-12,2026-01-06,observed_local_daily_rank_date,full_local_kospi200_daily_universe_files,307,sc_v1_3_low_drag,ee_v1_0_rc_sc_v1_3_low_drag_1d_3955d197ec26,4,first_top5_supplemental_slot_with_complete_market_cap_and_liquidity_fields,005380,현대차,4,384978155350.0,2025-12-05,2026-01-06,full_local_daily_price_close_times_volume_rolling_20d,data/005380_daily_prices.csv,145378013860000,available_from_latest_approved_snapshot,2026-05-13,dynamic_full_local_universe_rank_slot_resolution_for_as_of_date,true,rank_uses_only_existing_local_price_volume_or_approved_snapshot_values_available_for_the_as_of_date
v1_3_candidate_ticker_mapping_period.v3,evidence_only_generated_artifact_not_for_valuation_scoring_trading_or_production_ranking,rolling_rank_slot_desc_average_traded_value_20d,2025-03-31,2026-05-13,2025-03-31,2026-05-12,2026-01-07,observed_local_daily_rank_date,full_local_kospi200_daily_universe_files,307,sc_v1_3_high_turnover,ee_v1_0_rc_sc_v1_3_high_turnover_1d_5101aca49335,1,highest_20d_average_traded_value_for_requested_as_of_date,005930,삼성전자,1,2888010615800.0,2025-12-08,2026-01-07,full_local_daily_price_close_times_volume_rolling_20d,data/005930_daily_prices.csv,1660343124672000,available_from_latest_approved_snapshot,2026-05-13,dynamic_full_local_universe_rank_slot_resolution_for_as_of_date,true,rank_uses_only_existing_local_price_volume_or_approved_snapshot_values_available_for_the_as_of_date
v1_3_candidate_ticker_mapping_period.v3,evidence_only_generated_artifact_not_for_valuation_scoring_trading_or_production_ranking,rolling_rank_slot_desc_average_traded_value_20d,2025-03-31,2026-05-13,2025-03-31,2026-05-12,2026-01-07,observed_local_daily_rank_date,full_local_kospi200_daily_universe_files,307,sc_v1_3_missing_liquidity,ee_v1_0_rc_sc_v1_3_missing_liquidity_1d_189794a48a70,2,next_highest_20d_average_traded_value_for_requested_as_of_date,000660,SK하이닉스,2,2182165408600.0,2025-12-08,2026-01-07,full_local_daily_price_close_times_volume_rolling_20d,data/000660_daily_prices.csv,1408299873240000,available_from_latest_approved_snapshot,2026-05-13,dynamic_full_local_universe_rank_slot_resolution_for_as_of_date,true,rank_uses_only_existing_local_price_volume_or_approved_snapshot_values_available_for_the_as_of_date
v1_3_candidate_ticker_mapping_period.v4,evidence_only_generated_artifact_not_for_valuation_scoring_trading_or_production_ranking,rolling_rank_slot_desc_average_traded_value_20d,2025-03-31,2026-05-13,2025-03-31,2026-05-12,2026-01-07,observed_local_daily_rank_date,full_local_kospi200_daily_universe_files,307,sc_v1_3_low_drag,ee_v1_0_rc_sc_v1_3_low_drag_1d_3955d197ec26,4,first_top5_supplemental_slot_with_complete_market_cap_and_liquidity_fields,005380,현대차,4,459733773025.0,2025-12-08,2026-01-07,full_local_daily_price_close_times_volume_rolling_20d,data/005380_daily_prices.csv,145378013860000,available_from_latest_approved_snapshot,2026-05-13,dynamic_full_local_universe_rank_slot_resolution_for_as_of_date,true,rank_uses_only_existing_local_price_volume_or_approved_snapshot_values_available_for_the_as_of_date
v1_3_candidate_ticker_mapping_period.v3,evidence_only_generated_artifact_not_for_valuation_scoring_trading_or_production_ranking,rolling_rank_slot_desc_average_traded_value_20d,2025-03-31,2026-05-13,2025-03-31,2026-05-12,2026-01-08,observed_local_daily_rank_date,full_local_kospi200_daily_universe_files,307,sc_v1_3_high_turnover,ee_v1_0_rc_sc_v1_3_high_turnover_1d_5101aca49335,1,highest_20d_average_traded_value_for_requested_as_of_date,005930,삼성전자,1,3090654462110.0,2025-12-09,2026-01-08,full_local_daily_price_close_times_volume_rolling_20d,data/005930_daily_prices.csv,1660343124672000,available_from_latest_approved_snapshot,2026-05-13,dynamic_full_local_universe_rank_slot_resolution_for_as_of_date,true,rank_uses_only_existing_local_price_volume_or_approved_snapshot_values_available_for_the_as_of_date
v1_3_candidate_ticker_mapping_period.v3,evidence_only_generated_artifact_not_for_valuation_scoring_trading_or_production_ranking,rolling_rank_slot_desc_average_traded_value_20d,2025-03-31,2026-05-13,2025-03-31,2026-05-12,2026-01-08,observed_local_daily_rank_date,full_local_kospi200_daily_universe_files,307,sc_v1_3_missing_liquidity,ee_v1_0_rc_sc_v1_3_missing_liquidity_1d_189794a48a70,2,next_highest_20d_average_traded_value_for_requested_as_of_date,000660,SK하이닉스,2,2304007242750.0,2025-12-09,2026-01-08,full_local_daily_price_close_times_volume_rolling_20d,data/000660_daily_prices.csv,1408299873240000,available_from_latest_approved_snapshot,2026-05-13,dynamic_full_local_universe_rank_slot_resolution_for_as_of_date,true,rank_uses_only_existing_local_price_volume_or_approved_snapshot_values_available_for_the_as_of_date
v1_3_candidate_ticker_mapping_period.v4,evidence_only_generated_artifact_not_for_valuation_scoring_trading_or_production_ranking,rolling_rank_slot_desc_average_traded_value_20d,2025-03-31,2026-05-13,2025-03-31,2026-05-12,2026-01-08,observed_local_daily_rank_date,full_local_kospi200_daily_universe_files,307,sc_v1_3_low_drag,ee_v1_0_rc_sc_v1_3_low_drag_1d_3955d197ec26,4,first_top5_supplemental_slot_with_complete_market_cap_and_liquidity_fields,005380,현대차,4,481526201075.0,2025-12-09,2026-01-08,full_local_daily_price_close_times_volume_rolling_20d,data/005380_daily_prices.csv,145378013860000,available_from_latest_approved_snapshot,2026-05-13,dynamic_full_local_universe_rank_slot_resolution_for_as_of_date,true,rank_uses_only_existing_local_price_volume_or_approved_snapshot_values_available_for_the_as_of_date
v1_3_candidate_ticker_mapping_period.v3,evidence_only_generated_artifact_not_for_valuation_scoring_trading_or_production_ranking,rolling_rank_slot_desc_average_traded_value_20d,2025-03-31,2026-05-13,2025-03-31,2026-05-12,2026-01-09,observed_local_daily_rank_date,full_local_kospi200_daily_universe_files,307,sc_v1_3_high_turnover,ee_v1_0_rc_sc_v1_3_high_turnover_1d_5101aca49335,1,highest_20d_average_traded_value_for_requested_as_of_date,005930,삼성전자,1,3221721239810.0,2025-12-10,2026-01-09,full_local_daily_price_close_times_volume_rolling_20d,data/005930_daily_prices.csv,1660343124672000,available_from_latest_approved_snapshot,2026-05-13,dynamic_full_local_universe_rank_slot_resolution_for_as_of_date,true,rank_uses_only_existing_local_price_volume_or_approved_snapshot_values_available_for_the_as_of_date
v1_3_candidate_ticker_mapping_period.v3,evidence_only_generated_artifact_not_for_valuation_scoring_trading_or_production_ranking,rolling_rank_slot_desc_average_traded_value_20d,2025-03-31,2026-05-13,2025-03-31,2026-05-12,2026-01-09,observed_local_daily_rank_date,full_local_kospi200_daily_universe_files,307,sc_v1_3_missing_liquidity,ee_v1_0_rc_sc_v1_3_missing_liquidity_1d_189794a48a70,2,next_highest_20d_average_traded_value_for_requested_as_of_date,000660,SK하이닉스,2,2397922770150.0,2025-12-10,2026-01-09,full_local_daily_price_close_times_volume_rolling_20d,data/000660_daily_prices.csv,1408299873240000,available_from_latest_approved_snapshot,2026-05-13,dynamic_full_local_universe_rank_slot_resolution_for_as_of_date,true,rank_uses_only_existing_local_price_volume_or_approved_snapshot_values_available_for_the_as_of_date
v1_3_candidate_ticker_mapping_period.v4,evidence_only_generated_artifact_not_for_valuation_scoring_trading_or_production_ranking,rolling_rank_slot_desc_average_traded_value_20d,2025-03-31,2026-05-13,2025-03-31,2026-05-12,2026-01-09,observed_local_daily_rank_date,full_local_kospi200_daily_universe_files,307,sc_v1_3_low_drag,ee_v1_0_rc_sc_v1_3_low_drag_1d_3955d197ec26,4,first_top5_supplemental_slot_with_complete_market_cap_and_liquidity_fields,0126Z0,,4,488465995400.0,2025-12-10,2026-01-09,full_local_daily_price_close_times_volume_rolling_20d,data/0126Z0_daily_prices.csv,,not_collected_for_full_local_universe_rank,,dynamic_full_local_universe_rank_slot_resolution_for_as_of_date,true,rank_uses_only_existing_local_price_volume_or_approved_snapshot_values_available_for_the_as_of_date
v1_3_candidate_ticker_mapping_period.v3,evidence_only_generated_artifact_not_for_valuation_scoring_trading_or_production_ranking,rolling_rank_slot_desc_average_traded_value_20d,2025-03-31,2026-05-13,2025-03-31,2026-05-12,2026-01-12,observed_local_daily_rank_date,full_local_kospi200_daily_universe_files,307,sc_v1_3_high_turnover,ee_v1_0_rc_sc_v1_3_high_turnover_1d_5101aca49335,1,highest_20d_average_traded_value_for_requested_as_of_date,005930,삼성전자,1,3337271412970.0,2025-12-11,2026-01-12,full_local_daily_price_close_times_volume_rolling_20d,data/005930_daily_prices.csv,1660343124672000,available_from_latest_approved_snapshot,2026-05-13,dynamic_full_local_universe_rank_slot_resolution_for_as_of_date,true,rank_uses_only_existing_local_price_volume_or_approved_snapshot_values_available_for_the_as_of_date
v1_3_candidate_ticker_mapping_period.v3,evidence_only_generated_artifact_not_for_valuation_scoring_trading_or_production_ranking,rolling_rank_slot_desc_average_traded_value_20d,2025-03-31,2026-05-13,2025-03-31,2026-05-12,2026-01-12,observed_local_daily_rank_date,full_local_kospi200_daily_universe_files,307,sc_v1_3_missing_liquidity,ee_v1_0_rc_sc_v1_3_missing_liquidity_1d_189794a48a70,2,next_highest_20d_average_traded_value_for_requested_as_of_date,000660,SK하이닉스,2,2405631981950.0,2025-12-11,2026-01-12,full_local_daily_price_close_times_volume_rolling_20d,data/000660_daily_prices.csv,1408299873240000,available_from_latest_approved_snapshot,2026-05-13,dynamic_full_local_universe_rank_slot_resolution_for_as_of_date,true,rank_uses_only_existing_local_price_volume_or_approved_snapshot_values_available_for_the_as_of_date
v1_3_candidate_ticker_mapping_period.v4,evidence_only_generated_artifact_not_for_valuation_scoring_trading_or_production_ranking,rolling_rank_slot_desc_average_traded_value_20d,2025-03-31,2026-05-13,2025-03-31,2026-05-12,2026-01-12,observed_local_daily_rank_date,full_local_kospi200_daily_universe_files,307,sc_v1_3_low_drag,ee_v1_0_rc_sc_v1_3_low_drag_1d_3955d197ec26,4,first_top5_supplemental_slot_with_complete_market_cap_and_liquidity_fields,0126Z0,,4,477228879000.0,2025-12-11,2026-01-12,full_local_daily_price_close_times_volume_rolling_20d,data/0126Z0_daily_prices.csv,,not_collected_for_full_local_universe_rank,,dynamic_full_local_universe_rank_slot_resolution_for_as_of_date,true,rank_uses_only_existing_local_price_volume_or_approved_snapshot_values_available_for_the_as_of_date
v1_3_candidate_ticker_mapping_period.v3,evidence_only_generated_artifact_not_for_valuation_scoring_trading_or_production_ranking,rolling_rank_slot_desc_average_traded_value_20d,2025-03-31,2026-05-13,2025-03-31,2026-05-12,2026-01-13,observed_local_daily_rank_date,full_local_kospi200_daily_universe_files,307,sc_v1_3_high_turnover,ee_v1_0_rc_sc_v1_3_high_turnover_1d_5101aca49335,1,highest_20d_average_traded_value_for_requested_as_of_date,005930,삼성전자,1,3367912612035.0,2025-12-12,2026-01-13,full_local_daily_price_close_times_volume_rolling_20d,data/005930_daily_prices.csv,1660343124672000,available_from_latest_approved_snapshot,2026-05-13,dynamic_full_local_universe_rank_slot_resolution_for_as_of_date,true,rank_uses_only_existing_local_price_volume_or_approved_snapshot_values_available_for_the_as_of_date
v1_3_candidate_ticker_mapping_period.v3,evidence_only_generated_artifact_not_for_valuation_scoring_trading_or_production_ranking,rolling_rank_slot_desc_average_traded_value_20d,2025-03-31,2026-05-13,2025-03-31,2026-05-12,2026-01-13,observed_local_daily_rank_date,full_local_kospi200_daily_universe_files,307,sc_v1_3_missing_liquidity,ee_v1_0_rc_sc_v1_3_missing_liquidity_1d_189794a48a70,2,next_highest_20d_average_traded_value_for_requested_as_of_date,000660,SK하이닉스,2,2431197842800.0,2025-12-12,2026-01-13,full_local_daily_price_close_times_volume_rolling_20d,data/000660_daily_prices.csv,1408299873240000,available_from_latest_approved_snapshot,2026-05-13,dynamic_full_local_universe_rank_slot_resolution_for_as_of_date,true,rank_uses_only_existing_local_price_volume_or_approved_snapshot_values_available_for_the_as_of_date
v1_3_candidate_ticker_mapping_period.v4,evidence_only_generated_artifact_not_for_valuation_scoring_trading_or_production_ranking,rolling_rank_slot_desc_average_traded_value_20d,2025-03-31,2026-05-13,2025-03-31,2026-05-12,2026-01-13,observed_local_daily_rank_date,full_local_kospi200_daily_universe_files,307,sc_v1_3_low_drag,ee_v1_0_rc_sc_v1_3_low_drag_1d_3955d197ec26,4,first_top5_supplemental_slot_with_complete_market_cap_and_liquidity_fields,034020,,4,447493444060.0,2025-12-12,2026-01-13,full_local_daily_price_close_times_volume_rolling_20d,data/034020_daily_prices.csv,,not_collected_for_full_local_universe_rank,,dynamic_full_local_universe_rank_slot_resolution_for_as_of_date,true,rank_uses_only_existing_local_price_volume_or_approved_snapshot_values_available_for_the_as_of_date
v1_3_candidate_ticker_mapping_period.v3,evidence_only_generated_artifact_not_for_valuation_scoring_trading_or_production_ranking,rolling_rank_slot_desc_average_traded_value_20d,2025-03-31,2026-05-13,2025-03-31,2026-05-12,2026-01-14,observed_local_daily_rank_date,full_local_kospi200_daily_universe_files,307,sc_v1_3_high_turnover,ee_v1_0_rc_sc_v1_3_high_turnover_1d_5101aca49335,1,highest_20d_average_traded_value_for_requested_as_of_date,005930,삼성전자,1,3419924876215.0,2025-12-15,2026-01-14,full_local_daily_price_close_times_volume_rolling_20d,data/005930_daily_prices.csv,1660343124672000,available_from_latest_approved_snapshot,2026-05-13,dynamic_full_local_universe_rank_slot_resolution_for_as_of_date,true,rank_uses_only_existing_local_price_volume_or_approved_snapshot_values_available_for_the_as_of_date
v1_3_candidate_ticker_mapping_period.v3,evidence_only_generated_artifact_not_for_valuation_scoring_trading_or_production_ranking,rolling_rank_slot_desc_average_traded_value_20d,2025-03-31,2026-05-13,2025-03-31,2026-05-12,2026-01-14,observed_local_daily_rank_date,full_local_kospi200_daily_universe_files,307,sc_v1_3_missing_liquidity,ee_v1_0_rc_sc_v1_3_missing_liquidity_1d_189794a48a70,2,next_highest_20d_average_traded_value_for_requested_as_of_date,000660,SK하이닉스,2,2536885709500.0,2025-12-15,2026-01-14,full_local_daily_price_close_times_volume_rolling_20d,data/000660_daily_prices.csv,1408299873240000,available_from_latest_approved_snapshot,2026-05-13,dynamic_full_local_universe_rank_slot_resolution_for_as_of_date,true,rank_uses_only_existing_local_price_volume_or_approved_snapshot_values_available_for_the_as_of_date
v1_3_candidate_ticker_mapping_period.v4,evidence_only_generated_artifact_not_for_valuation_scoring_trading_or_production_ranking,rolling_rank_slot_desc_average_traded_value_20d,2025-03-31,2026-05-13,2025-03-31,2026-05-12,2026-01-14,observed_local_daily_rank_date,full_local_kospi200_daily_universe_files,307,sc_v1_3_low_drag,ee_v1_0_rc_sc_v1_3_low_drag_1d_3955d197ec26,4,first_top5_supplemental_slot_with_complete_market_cap_and_liquidity_fields,034020,,4,477462696760.0,2025-12-15,2026-01-14,full_local_daily_price_close_times_volume_rolling_20d,data/034020_daily_prices.csv,,not_collected_for_full_local_universe_rank,,dynamic_full_local_universe_rank_slot_resolution_for_as_of_date,true,rank_uses_only_existing_local_price_volume_or_approved_snapshot_values_available_for_the_as_of_date
v1_3_candidate_ticker_mapping_period.v3,evidence_only_generated_artifact_not_for_valuation_scoring_trading_or_production_ranking,rolling_rank_slot_desc_average_traded_value_20d,2025-03-31,2026-05-13,2025-03-31,2026-05-12,2026-01-15,observed_local_daily_rank_date,full_local_kospi200_daily_universe_files,307,sc_v1_3_high_turnover,ee_v1_0_rc_sc_v1_3_high_turnover_1d_5101aca49335,1,highest_20d_average_traded_value_for_requested_as_of_date,005930,삼성전자,1,3489733490825.0,2025-12-16,2026-01-15,full_local_daily_price_close_times_volume_rolling_20d,data/005930_daily_prices.csv,1660343124672000,available_from_latest_approved_snapshot,2026-05-13,dynamic_full_local_universe_rank_slot_resolution_for_as_of_date,true,rank_uses_only_existing_local_price_volume_or_approved_snapshot_values_available_for_the_as_of_date
v1_3_candidate_ticker_mapping_period.v3,evidence_only_generated_artifact_not_for_valuation_scoring_trading_or_production_ranking,rolling_rank_slot_desc_average_traded_value_20d,2025-03-31,2026-05-13,2025-03-31,2026-05-12,2026-01-15,observed_local_daily_rank_date,full_local_kospi200_daily_universe_files,307,sc_v1_3_missing_liquidity,ee_v1_0_rc_sc_v1_3_missing_liquidity_1d_189794a48a70,2,next_highest_20d_average_traded_value_for_requested_as_of_date,000660,SK하이닉스,2,2580608701300.0,2025-12-16,2026-01-15,full_local_daily_price_close_times_volume_rolling_20d,data/000660_daily_prices.csv,1408299873240000,available_from_latest_approved_snapshot,2026-05-13,dynamic_full_local_universe_rank_slot_resolution_for_as_of_date,true,rank_uses_only_existing_local_price_volume_or_approved_snapshot_values_available_for_the_as_of_date
v1_3_candidate_ticker_mapping_period.v4,evidence_only_generated_artifact_not_for_valuation_scoring_trading_or_production_ranking,rolling_rank_slot_desc_average_traded_value_20d,2025-03-31,2026-05-13,2025-03-31,2026-05-12,2026-01-15,observed_local_daily_rank_date,full_local_kospi200_daily_universe_files,307,sc_v1_3_low_drag,ee_v1_0_rc_sc_v1_3_low_drag_1d_3955d197ec26,4,first_top5_supplemental_slot_with_complete_market_cap_and_liquidity_fields,034020,,4,481416551860.0,2025-12-16,2026-01-15,full_local_daily_price_close_times_volume_rolling_20d,data/034020_daily_prices.csv,,not_collected_for_full_local_universe_rank,,dynamic_full_local_universe_rank_slot_resolution_for_as_of_date,true,rank_uses_only_existing_local_price_volume_or_approved_snapshot_values_available_for_the_as_of_date
v1_3_candidate_ticker_mapping_period.v3,evidence_only_generated_artifact_not_for_valuation_scoring_trading_or_production_ranking,rolling_rank_slot_desc_average_traded_value_20d,2025-03-31,2026-05-13,2025-03-31,2026-05-12,2026-01-16,observed_local_daily_rank_date,full_local_kospi200_daily_universe_files,307,sc_v1_3_high_turnover,ee_v1_0_rc_sc_v1_3_high_turnover_1d_5101aca49335,1,highest_20d_average_traded_value_for_requested_as_of_date,005930,삼성전자,1,3616185435220.0,2025-12-17,2026-01-16,full_local_daily_price_close_times_volume_rolling_20d,data/005930_daily_prices.csv,1660343124672000,available_from_latest_approved_snapshot,2026-05-13,dynamic_full_local_universe_rank_slot_resolution_for_as_of_date,true,rank_uses_only_existing_local_price_volume_or_approved_snapshot_values_available_for_the_as_of_date
v1_3_candidate_ticker_mapping_period.v3,evidence_only_generated_artifact_not_for_valuation_scoring_trading_or_production_ranking,rolling_rank_slot_desc_average_traded_value_20d,2025-03-31,2026-05-13,2025-03-31,2026-05-12,2026-01-16,observed_local_daily_rank_date,full_local_kospi200_daily_universe_files,307,sc_v1_3_missing_liquidity,ee_v1_0_rc_sc_v1_3_missing_liquidity_1d_189794a48a70,2,next_highest_20d_average_traded_value_for_requested_as_of_date,000660,SK하이닉스,2,2633802677100.0,2025-12-17,2026-01-16,full_local_daily_price_close_times_volume_rolling_20d,data/000660_daily_prices.csv,1408299873240000,available_from_latest_approved_snapshot,2026-05-13,dynamic_full_local_universe_rank_slot_resolution_for_as_of_date,true,rank_uses_only_existing_local_price_volume_or_approved_snapshot_values_available_for_the_as_of_date
v1_3_candidate_ticker_mapping_period.v4,evidence_only_generated_artifact_not_for_valuation_scoring_trading_or_production_ranking,rolling_rank_slot_desc_average_traded_value_20d,2025-03-31,2026-05-13,2025-03-31,2026-05-12,2026-01-16,observed_local_daily_rank_date,full_local_kospi200_daily_universe_files,307,sc_v1_3_low_drag,ee_v1_0_rc_sc_v1_3_low_drag_1d_3955d197ec26,4,first_top5_supplemental_slot_with_complete_market_cap_and_liquidity_fields,034020,,4,537583523510.0,2025-12-17,2026-01-16,full_local_daily_price_close_times_volume_rolling_20d,data/034020_daily_prices.csv,,not_collected_for_full_local_universe_rank,,dynamic_full_local_universe_rank_slot_resolution_for_as_of_date,true,rank_uses_only_existing_local_price_volume_or_approved_snapshot_values_available_for_the_as_of_date
v1_3_candidate_ticker_mapping_period.v3,evidence_only_generated_artifact_not_for_valuation_scoring_trading_or_production_ranking,rolling_rank_slot_desc_average_traded_value_20d,2025-03-31,2026-05-13,2025-03-31,2026-05-12,2026-01-19,observed_local_daily_rank_date,full_local_kospi200_daily_universe_files,307,sc_v1_3_high_turnover,ee_v1_0_rc_sc_v1_3_high_turnover_1d_5101aca49335,1,highest_20d_average_traded_value_for_requested_as_of_date,005930,삼성전자,1,3665811863980.0,2025-12-18,2026-01-19,full_local_daily_price_close_times_volume_rolling_20d,data/005930_daily_prices.csv,1660343124672000,available_from_latest_approved_snapshot,2026-05-13,dynamic_full_local_universe_rank_slot_resolution_for_as_of_date,true,rank_uses_only_existing_local_price_volume_or_approved_snapshot_values_available_for_the_as_of_date
v1_3_candidate_ticker_mapping_period.v3,evidence_only_generated_artifact_not_for_valuation_scoring_trading_or_production_ranking,rolling_rank_slot_desc_average_traded_value_20d,2025-03-31,2026-05-13,2025-03-31,2026-05-12,2026-01-19,observed_local_daily_rank_date,full_local_kospi200_daily_universe_files,307,sc_v1_3_missing_liquidity,ee_v1_0_rc_sc_v1_3_missing_liquidity_1d_189794a48a70,2,next_highest_20d_average_traded_value_for_requested_as_of_date,000660,SK하이닉스,2,2689195536400.0,2025-12-18,2026-01-19,full_local_daily_price_close_times_volume_rolling_20d,data/000660_daily_prices.csv,1408299873240000,available_from_latest_approved_snapshot,2026-05-13,dynamic_full_local_universe_rank_slot_resolution_for_as_of_date,true,rank_uses_only_existing_local_price_volume_or_approved_snapshot_values_available_for_the_as_of_date
v1_3_candidate_ticker_mapping_period.v4,evidence_only_generated_artifact_not_for_valuation_scoring_trading_or_production_ranking,rolling_rank_slot_desc_average_traded_value_20d,2025-03-31,2026-05-13,2025-03-31,2026-05-12,2026-01-19,observed_local_daily_rank_date,full_local_kospi200_daily_universe_files,307,sc_v1_3_low_drag,ee_v1_0_rc_sc_v1_3_low_drag_1d_3955d197ec26,4,first_top5_supplemental_slot_with_complete_market_cap_and_liquidity_fields,034020,,4,563180428185.0,2025-12-18,2026-01-19,full_local_daily_price_close_times_volume_rolling_20d,data/034020_daily_prices.csv,,not_collected_for_full_local_universe_rank,,dynamic_full_local_universe_rank_slot_resolution_for_as_of_date,true,rank_uses_only_existing_local_price_volume_or_approved_snapshot_values_available_for_the_as_of_date
v1_3_candidate_ticker_mapping_period.v3,evidence_only_generated_artifact_not_for_valuation_scoring_trading_or_production_ranking,rolling_rank_slot_desc_average_traded_value_20d,2025-03-31,2026-05-13,2025-03-31,2026-05-12,2026-01-20,observed_local_daily_rank_date,full_local_kospi200_daily_universe_files,307,sc_v1_3_high_turnover,ee_v1_0_rc_sc_v1_3_high_turnover_1d_5101aca49335,1,highest_20d_average_traded_value_for_requested_as_of_date,005930,삼성전자,1,3730484291880.0,2025-12-19,2026-01-20,full_local_daily_price_close_times_volume_rolling_20d,data/005930_daily_prices.csv,1660343124672000,available_from_latest_approved_snapshot,2026-05-13,dynamic_full_local_universe_rank_slot_resolution_for_as_of_date,true,rank_uses_only_existing_local_price_volume_or_approved_snapshot_values_available_for_the_as_of_date
v1_3_candidate_ticker_mapping_period.v3,evidence_only_generated_artifact_not_for_valuation_scoring_trading_or_production_ranking,rolling_rank_slot_desc_average_traded_value_20d,2025-03-31,2026-05-13,2025-03-31,2026-05-12,2026-01-20,observed_local_daily_rank_date,full_local_kospi200_daily_universe_files,307,sc_v1_3_missing_liquidity,ee_v1_0_rc_sc_v1_3_missing_liquidity_1d_189794a48a70,2,next_highest_20d_average_traded_value_for_requested_as_of_date,000660,SK하이닉스,2,2710147516350.0,2025-12-19,2026-01-20,full_local_daily_price_close_times_volume_rolling_20d,data/000660_daily_prices.csv,1408299873240000,available_from_latest_approved_snapshot,2026-05-13,dynamic_full_local_universe_rank_slot_resolution_for_as_of_date,true,rank_uses_only_existing_local_price_volume_or_approved_snapshot_values_available_for_the_as_of_date
v1_3_candidate_ticker_mapping_period.v4,evidence_only_generated_artifact_not_for_valuation_scoring_trading_or_production_ranking,rolling_rank_slot_desc_average_traded_value_20d,2025-03-31,2026-05-13,2025-03-31,2026-05-12,2026-01-20,observed_local_daily_rank_date,full_local_kospi200_daily_universe_files,307,sc_v1_3_low_drag,ee_v1_0_rc_sc_v1_3_low_drag_1d_3955d197ec26,4,first_top5_supplemental_slot_with_complete_market_cap_and_liquidity_fields,034020,,4,603067235955.0,2025-12-19,2026-01-20,full_local_daily_price_close_times_volume_rolling_20d,data/034020_daily_prices.csv,,not_collected_for_full_local_universe_rank,,dynamic_full_local_universe_rank_slot_resolution_for_as_of_date,true,rank_uses_only_existing_local_price_volume_or_approved_snapshot_values_available_for_the_as_of_date
v1_3_candidate_ticker_mapping_period.v3,evidence_only_generated_artifact_not_for_valuation_scoring_trading_or_production_ranking,rolling_rank_slot_desc_average_traded_value_20d,2025-03-31,2026-05-13,2025-03-31,2026-05-12,2026-01-21,observed_local_daily_rank_date,full_local_kospi200_daily_universe_files,307,sc_v1_3_high_turnover,ee_v1_0_rc_sc_v1_3_high_turnover_1d_5101aca49335,1,highest_20d_average_traded_value_for_requested_as_of_date,005930,삼성전자,1,3829719400760.0,2025-12-22,2026-01-21,full_local_daily_price_close_times_volume_rolling_20d,data/005930_daily_prices.csv,1660343124672000,available_from_latest_approved_snapshot,2026-05-13,dynamic_full_local_universe_rank_slot_resolution_for_as_of_date,true,rank_uses_only_existing_local_price_volume_or_approved_snapshot_values_available_for_the_as_of_date
v1_3_candidate_ticker_mapping_period.v3,evidence_only_generated_artifact_not_for_valuation_scoring_trading_or_production_ranking,rolling_rank_slot_desc_average_traded_value_20d,2025-03-31,2026-05-13,2025-03-31,2026-05-12,2026-01-21,observed_local_daily_rank_date,full_local_kospi200_daily_universe_files,307,sc_v1_3_missing_liquidity,ee_v1_0_rc_sc_v1_3_missing_liquidity_1d_189794a48a70,2,next_highest_20d_average_traded_value_for_requested_as_of_date,000660,SK하이닉스,2,2805075733600.0,2025-12-22,2026-01-21,full_local_daily_price_close_times_volume_rolling_20d,data/000660_daily_prices.csv,1408299873240000,available_from_latest_approved_snapshot,2026-05-13,dynamic_full_local_universe_rank_slot_resolution_for_as_of_date,true,rank_uses_only_existing_local_price_volume_or_approved_snapshot_values_available_for_the_as_of_date
v1_3_candidate_ticker_mapping_period.v4,evidence_only_generated_artifact_not_for_valuation_scoring_trading_or_production_ranking,rolling_rank_slot_desc_average_traded_value_20d,2025-03-31,2026-05-13,2025-03-31,2026-05-12,2026-01-21,observed_local_daily_rank_date,full_local_kospi200_daily_universe_files,307,sc_v1_3_low_drag,ee_v1_0_rc_sc_v1_3_low_drag_1d_3955d197ec26,4,first_top5_supplemental_slot_with_complete_market_cap_and_liquidity_fields,034020,,4,624969317430.0,2025-12-22,2026-01-21,full_local_daily_price_close_times_volume_rolling_20d,data/034020_daily_prices.csv,,not_collected_for_full_local_universe_rank,,dynamic_full_local_universe_rank_slot_resolution_for_as_of_date,true,rank_uses_only_existing_local_price_volume_or_approved_snapshot_values_available_for_the_as_of_date
v1_3_candidate_ticker_mapping_period.v3,evidence_only_generated_artifact_not_for_valuation_scoring_trading_or_production_ranking,rolling_rank_slot_desc_average_traded_value_20d,2025-03-31,2026-05-13,2025-03-31,2026-05-12,2026-01-22,observed_local_daily_rank_date,full_local_kospi200_daily_universe_files,307,sc_v1_3_high_turnover,ee_v1_0_rc_sc_v1_3_high_turnover_1d_5101aca49335,1,highest_20d_average_traded_value_for_requested_as_of_date,005930,삼성전자,1,3936613127745.0,2025-12-23,2026-01-22,full_local_daily_price_close_times_volume_rolling_20d,data/005930_daily_prices.csv,1660343124672000,available_from_latest_approved_snapshot,2026-05-13,dynamic_full_local_universe_rank_slot_resolution_for_as_of_date,true,rank_uses_only_existing_local_price_volume_or_approved_snapshot_values_available_for_the_as_of_date
v1_3_candidate_ticker_mapping_period.v3,evidence_only_generated_artifact_not_for_valuation_scoring_trading_or_production_ranking,rolling_rank_slot_desc_average_traded_value_20d,2025-03-31,2026-05-13,2025-03-31,2026-05-12,2026-01-22,observed_local_daily_rank_date,full_local_kospi200_daily_universe_files,307,sc_v1_3_missing_liquidity,ee_v1_0_rc_sc_v1_3_missing_liquidity_1d_189794a48a70,2,next_highest_20d_average_traded_value_for_requested_as_of_date,000660,SK하이닉스,2,2855435692350.0,2025-12-23,2026-01-22,full_local_daily_price_close_times_volume_rolling_20d,data/000660_daily_prices.csv,1408299873240000,available_from_latest_approved_snapshot,2026-05-13,dynamic_full_local_universe_rank_slot_resolution_for_as_of_date,true,rank_uses_only_existing_local_price_volume_or_approved_snapshot_values_available_for_the_as_of_date
v1_3_candidate_ticker_mapping_period.v4,evidence_only_generated_artifact_not_for_valuation_scoring_trading_or_production_ranking,rolling_rank_slot_desc_average_traded_value_20d,2025-03-31,2026-05-13,2025-03-31,2026-05-12,2026-01-22,observed_local_daily_rank_date,full_local_kospi200_daily_universe_files,307,sc_v1_3_low_drag,ee_v1_0_rc_sc_v1_3_low_drag_1d_3955d197ec26,4,first_top5_supplemental_slot_with_complete_market_cap_and_liquidity_fields,034020,,4,645169161330.0,2025-12-23,2026-01-22,full_local_daily_price_close_times_volume_rolling_20d,data/034020_daily_prices.csv,,not_collected_for_full_local_universe_rank,,dynamic_full_local_universe_rank_slot_resolution_for_as_of_date,true,rank_uses_only_existing_local_price_volume_or_approved_snapshot_values_available_for_the_as_of_date
v1_3_candidate_ticker_mapping_period.v3,evidence_only_generated_artifact_not_for_valuation_scoring_trading_or_production_ranking,rolling_rank_slot_desc_average_traded_value_20d,2025-03-31,2026-05-13,2025-03-31,2026-05-12,2026-01-23,observed_local_daily_rank_date,full_local_kospi200_daily_universe_files,306,sc_v1_3_high_turnover,ee_v1_0_rc_sc_v1_3_high_turnover_1d_5101aca49335,1,highest_20d_average_traded_value_for_requested_as_of_date,005930,삼성전자,1,4016000174905.0,2025-12-24,2026-01-23,full_local_daily_price_close_times_volume_rolling_20d,data/005930_daily_prices.csv,1660343124672000,available_from_latest_approved_snapshot,2026-05-13,dynamic_full_local_universe_rank_slot_resolution_for_as_of_date,true,rank_uses_only_existing_local_price_volume_or_approved_snapshot_values_available_for_the_as_of_date
v1_3_candidate_ticker_mapping_period.v3,evidence_only_generated_artifact_not_for_valuation_scoring_trading_or_production_ranking,rolling_rank_slot_desc_average_traded_value_20d,2025-03-31,2026-05-13,2025-03-31,2026-05-12,2026-01-23,observed_local_daily_rank_date,full_local_kospi200_daily_universe_files,306,sc_v1_3_missing_liquidity,ee_v1_0_rc_sc_v1_3_missing_liquidity_1d_189794a48a70,2,next_highest_20d_average_traded_value_for_requested_as_of_date,000660,SK하이닉스,2,2931251233950.0,2025-12-24,2026-01-23,full_local_daily_price_close_times_volume_rolling_20d,data/000660_daily_prices.csv,1408299873240000,available_from_latest_approved_snapshot,2026-05-13,dynamic_full_local_universe_rank_slot_resolution_for_as_of_date,true,rank_uses_only_existing_local_price_volume_or_approved_snapshot_values_available_for_the_as_of_date
v1_3_candidate_ticker_mapping_period.v4,evidence_only_generated_artifact_not_for_valuation_scoring_trading_or_production_ranking,rolling_rank_slot_desc_average_traded_value_20d,2025-03-31,2026-05-13,2025-03-31,2026-05-12,2026-01-23,observed_local_daily_rank_date,full_local_kospi200_daily_universe_files,306,sc_v1_3_low_drag,ee_v1_0_rc_sc_v1_3_low_drag_1d_3955d197ec26,4,first_top5_supplemental_slot_with_complete_market_cap_and_liquidity_fields,034020,,4,672757140275.0,2025-12-24,2026-01-23,full_local_daily_price_close_times_volume_rolling_20d,data/034020_daily_prices.csv,,not_collected_for_full_local_universe_rank,,dynamic_full_local_universe_rank_slot_resolution_for_as_of_date,true,rank_uses_only_existing_local_price_volume_or_approved_snapshot_values_available_for_the_as_of_date
v1_3_candidate_ticker_mapping_period.v3,evidence_only_generated_artifact_not_for_valuation_scoring_trading_or_production_ranking,rolling_rank_slot_desc_average_traded_value_20d,2025-03-31,2026-05-13,2025-03-31,2026-05-12,2026-01-26,observed_local_daily_rank_date,full_local_kospi200_daily_universe_files,306,sc_v1_3_high_turnover,ee_v1_0_rc_sc_v1_3_high_turnover_1d_5101aca49335,1,highest_20d_average_traded_value_for_requested_as_of_date,005930,삼성전자,1,4102973543605.0,2025-12-26,2026-01-26,full_local_daily_price_close_times_volume_rolling_20d,data/005930_daily_prices.csv,1660343124672000,available_from_latest_approved_snapshot,2026-05-13,dynamic_full_local_universe_rank_slot_resolution_for_as_of_date,true,rank_uses_only_existing_local_price_volume_or_approved_snapshot_values_available_for_the_as_of_date
v1_3_candidate_ticker_mapping_period.v3,evidence_only_generated_artifact_not_for_valuation_scoring_trading_or_production_ranking,rolling_rank_slot_desc_average_traded_value_20d,2025-03-31,2026-05-13,2025-03-31,2026-05-12,2026-01-26,observed_local_daily_rank_date,full_local_kospi200_daily_universe_files,306,sc_v1_3_missing_liquidity,ee_v1_0_rc_sc_v1_3_missing_liquidity_1d_189794a48a70,2,next_highest_20d_average_traded_value_for_requested_as_of_date,000660,SK하이닉스,2,2983033286150.0,2025-12-26,2026-01-26,full_local_daily_price_close_times_volume_rolling_20d,data/000660_daily_prices.csv,1408299873240000,available_from_latest_approved_snapshot,2026-05-13,dynamic_full_local_universe_rank_slot_resolution_for_as_of_date,true,rank_uses_only_existing_local_price_volume_or_approved_snapshot_values_available_for_the_as_of_date
v1_3_candidate_ticker_mapping_period.v4,evidence_only_generated_artifact_not_for_valuation_scoring_trading_or_production_ranking,rolling_rank_slot_desc_average_traded_value_20d,2025-03-31,2026-05-13,2025-03-31,2026-05-12,2026-01-26,observed_local_daily_rank_date,full_local_kospi200_daily_universe_files,306,sc_v1_3_low_drag,ee_v1_0_rc_sc_v1_3_low_drag_1d_3955d197ec26,4,first_top5_supplemental_slot_with_complete_market_cap_and_liquidity_fields,034020,,4,689757993455.0,2025-12-26,2026-01-26,full_local_daily_price_close_times_volume_rolling_20d,data/034020_daily_prices.csv,,not_collected_for_full_local_universe_rank,,dynamic_full_local_universe_rank_slot_resolution_for_as_of_date,true,rank_uses_only_existing_local_price_volume_or_approved_snapshot_values_available_for_the_as_of_date
v1_3_candidate_ticker_mapping_period.v3,evidence_only_generated_artifact_not_for_valuation_scoring_trading_or_production_ranking,rolling_rank_slot_desc_average_traded_value_20d,2025-03-31,2026-05-13,2025-03-31,2026-05-12,2026-01-27,observed_local_daily_rank_date,full_local_kospi200_daily_universe_files,306,sc_v1_3_high_turnover,ee_v1_0_rc_sc_v1_3_high_turnover_1d_5101aca49335,1,highest_20d_average_traded_value_for_requested_as_of_date,005930,삼성전자,1,4138620993955.0,2025-12-29,2026-01-27,full_local_daily_price_close_times_volume_rolling_20d,data/005930_daily_prices.csv,1660343124672000,available_from_latest_approved_snapshot,2026-05-13,dynamic_full_local_universe_rank_slot_resolution_for_as_of_date,true,rank_uses_only_existing_local_price_volume_or_approved_snapshot_values_available_for_the_as_of_date
v1_3_candidate_ticker_mapping_period.v3,evidence_only_generated_artifact_not_for_valuation_scoring_trading_or_production_ranking,rolling_rank_slot_desc_average_traded_value_20d,2025-03-31,2026-05-13,2025-03-31,2026-05-12,2026-01-27,observed_local_daily_rank_date,full_local_kospi200_daily_universe_files,306,sc_v1_3_missing_liquidity,ee_v1_0_rc_sc_v1_3_missing_liquidity_1d_189794a48a70,2,next_highest_20d_average_traded_value_for_requested_as_of_date,000660,SK하이닉스,2,3082346943550.0,2025-12-29,2026-01-27,full_local_daily_price_close_times_volume_rolling_20d,data/000660_daily_prices.csv,1408299873240000,available_from_latest_approved_snapshot,2026-05-13,dynamic_full_local_universe_rank_slot_resolution_for_as_of_date,true,rank_uses_only_existing_local_price_volume_or_approved_snapshot_values_available_for_the_as_of_date
v1_3_candidate_ticker_mapping_period.v4,evidence_only_generated_artifact_not_for_valuation_scoring_trading_or_production_ranking,rolling_rank_slot_desc_average_traded_value_20d,2025-03-31,2026-05-13,2025-03-31,2026-05-12,2026-01-27,observed_local_daily_rank_date,full_local_kospi200_daily_universe_files,306,sc_v1_3_low_drag,ee_v1_0_rc_sc_v1_3_low_drag_1d_3955d197ec26,4,first_top5_supplemental_slot_with_complete_market_cap_and_liquidity_fields,034020,,4,702488276415.0,2025-12-29,2026-01-27,full_local_daily_price_close_times_volume_rolling_20d,data/034020_daily_prices.csv,,not_collected_for_full_local_universe_rank,,dynamic_full_local_universe_rank_slot_resolution_for_as_of_date,true,rank_uses_only_existing_local_price_volume_or_approved_snapshot_values_available_for_the_as_of_date
v1_3_candidate_ticker_mapping_period.v3,evidence_only_generated_artifact_not_for_valuation_scoring_trading_or_production_ranking,rolling_rank_slot_desc_average_traded_value_20d,2025-03-31,2026-05-13,2025-03-31,2026-05-12,2026-01-28,observed_local_daily_rank_date,full_local_kospi200_daily_universe_files,306,sc_v1_3_high_turnover,ee_v1_0_rc_sc_v1_3_high_turnover_1d_5101aca49335,1,highest_20d_average_traded_value_for_requested_as_of_date,005930,삼성전자,1,4260243089775.0,2025-12-30,2026-01-28,full_local_daily_price_close_times_volume_rolling_20d,data/005930_daily_prices.csv,1660343124672000,available_from_latest_approved_snapshot,2026-05-13,dynamic_full_local_universe_rank_slot_resolution_for_as_of_date,true,rank_uses_only_existing_local_price_volume_or_approved_snapshot_values_available_for_the_as_of_date
v1_3_candidate_ticker_mapping_period.v3,evidence_only_generated_artifact_not_for_valuation_scoring_trading_or_production_ranking,rolling_rank_slot_desc_average_traded_value_20d,2025-03-31,2026-05-13,2025-03-31,2026-05-12,2026-01-28,observed_local_daily_rank_date,full_local_kospi200_daily_universe_files,306,sc_v1_3_missing_liquidity,ee_v1_0_rc_sc_v1_3_missing_liquidity_1d_189794a48a70,2,next_highest_20d_average_traded_value_for_requested_as_of_date,000660,SK하이닉스,2,3230802410400.0,2025-12-30,2026-01-28,full_local_daily_price_close_times_volume_rolling_20d,data/000660_daily_prices.csv,1408299873240000,available_from_latest_approved_snapshot,2026-05-13,dynamic_full_local_universe_rank_slot_resolution_for_as_of_date,true,rank_uses_only_existing_local_price_volume_or_approved_snapshot_values_available_for_the_as_of_date
v1_3_candidate_ticker_mapping_period.v4,evidence_only_generated_artifact_not_for_valuation_scoring_trading_or_production_ranking,rolling_rank_slot_desc_average_traded_value_20d,2025-03-31,2026-05-13,2025-03-31,2026-05-12,2026-01-28,observed_local_daily_rank_date,full_local_kospi200_daily_universe_files,306,sc_v1_3_low_drag,ee_v1_0_rc_sc_v1_3_low_drag_1d_3955d197ec26,4,first_top5_supplemental_slot_with_complete_market_cap_and_liquidity_fields,034020,,4,720411012215.0,2025-12-30,2026-01-28,full_local_daily_price_close_times_volume_rolling_20d,data/034020_daily_prices.csv,,not_collected_for_full_local_universe_rank,,dynamic_full_local_universe_rank_slot_resolution_for_as_of_date,true,rank_uses_only_existing_local_price_volume_or_approved_snapshot_values_available_for_the_as_of_date
v1_3_candidate_ticker_mapping_period.v3,evidence_only_generated_artifact_not_for_valuation_scoring_trading_or_production_ranking,rolling_rank_slot_desc_average_traded_value_20d,2025-03-31,2026-05-13,2025-03-31,2026-05-12,2026-01-29,observed_local_daily_rank_date,full_local_kospi200_daily_universe_files,306,sc_v1_3_high_turnover,ee_v1_0_rc_sc_v1_3_high_turnover_1d_5101aca49335,1,highest_20d_average_traded_value_for_requested_as_of_date,005930,삼성전자,1,4431824564325.0,2026-01-02,2026-01-29,full_local_daily_price_close_times_volume_rolling_20d,data/005930_daily_prices.csv,1660343124672000,available_from_latest_approved_snapshot,2026-05-13,dynamic_full_local_universe_rank_slot_resolution_for_as_of_date,true,rank_uses_only_existing_local_price_volume_or_approved_snapshot_values_available_for_the_as_of_date
v1_3_candidate_ticker_mapping_period.v3,evidence_only_generated_artifact_not_for_valuation_scoring_trading_or_production_ranking,rolling_rank_slot_desc_average_traded_value_20d,2025-03-31,2026-05-13,2025-03-31,2026-05-12,2026-01-29,observed_local_daily_rank_date,full_local_kospi200_daily_universe_files,306,sc_v1_3_missing_liquidity,ee_v1_0_rc_sc_v1_3_missing_liquidity_1d_189794a48a70,2,next_highest_20d_average_traded_value_for_requested_as_of_date,000660,SK하이닉스,2,3391898250900.0,2026-01-02,2026-01-29,full_local_daily_price_close_times_volume_rolling_20d,data/000660_daily_prices.csv,1408299873240000,available_from_latest_approved_snapshot,2026-05-13,dynamic_full_local_universe_rank_slot_resolution_for_as_of_date,true,rank_uses_only_existing_local_price_volume_or_approved_snapshot_values_available_for_the_as_of_date
v1_3_candidate_ticker_mapping_period.v4,evidence_only_generated_artifact_not_for_valuation_scoring_trading_or_production_ranking,rolling_rank_slot_desc_average_traded_value_20d,2025-03-31,2026-05-13,2025-03-31,2026-05-12,2026-01-29,observed_local_daily_rank_date,full_local_kospi200_daily_universe_files,306,sc_v1_3_low_drag,ee_v1_0_rc_sc_v1_3_low_drag_1d_3955d197ec26,4,first_top5_supplemental_slot_with_complete_market_cap_and_liquidity_fields,034020,,4,757609740620.0,2026-01-02,2026-01-29,full_local_daily_price_close_times_volume_rolling_20d,data/034020_daily_prices.csv,,not_collected_for_full_local_universe_rank,,dynamic_full_local_universe_rank_slot_resolution_for_as_of_date,true,rank_uses_only_existing_local_price_volume_or_approved_snapshot_values_available_for_the_as_of_date
v1_3_candidate_ticker_mapping_period.v3,evidence_only_generated_artifact_not_for_valuation_scoring_trading_or_production_ranking,rolling_rank_slot_desc_average_traded_value_20d,2025-03-31,2026-05-13,2025-03-31,2026-05-12,2026-01-30,observed_local_daily_rank_date,full_local_kospi200_daily_universe_files,306,sc_v1_3_high_turnover,ee_v1_0_rc_sc_v1_3_high_turnover_1d_5101aca49335,1,highest_20d_average_traded_value_for_requested_as_of_date,005930,삼성전자,1,4561570064425.0,2026-01-05,2026-01-30,full_local_daily_price_close_times_volume_rolling_20d,data/005930_daily_prices.csv,1660343124672000,available_from_latest_approved_snapshot,2026-05-13,dynamic_full_local_universe_rank_slot_resolution_for_as_of_date,true,rank_uses_only_existing_local_price_volume_or_approved_snapshot_values_available_for_the_as_of_date
v1_3_candidate_ticker_mapping_period.v3,evidence_only_generated_artifact_not_for_valuation_scoring_trading_or_production_ranking,rolling_rank_slot_desc_average_traded_value_20d,2025-03-31,2026-05-13,2025-03-31,2026-05-12,2026-01-30,observed_local_daily_rank_date,full_local_kospi200_daily_universe_files,306,sc_v1_3_missing_liquidity,ee_v1_0_rc_sc_v1_3_missing_liquidity_1d_189794a48a70,2,next_highest_20d_average_traded_value_for_requested_as_of_date,000660,SK하이닉스,2,3608268717900.0,2026-01-05,2026-01-30,full_local_daily_price_close_times_volume_rolling_20d,data/000660_daily_prices.csv,1408299873240000,available_from_latest_approved_snapshot,2026-05-13,dynamic_full_local_universe_rank_slot_resolution_for_as_of_date,true,rank_uses_only_existing_local_price_volume_or_approved_snapshot_values_available_for_the_as_of_date
v1_3_candidate_ticker_mapping_period.v4,evidence_only_generated_artifact_not_for_valuation_scoring_trading_or_production_ranking,rolling_rank_slot_desc_average_traded_value_20d,2025-03-31,2026-05-13,2025-03-31,2026-05-12,2026-01-30,observed_local_daily_rank_date,full_local_kospi200_daily_universe_files,306,sc_v1_3_low_drag,ee_v1_0_rc_sc_v1_3_low_drag_1d_3955d197ec26,4,first_top5_supplemental_slot_with_complete_market_cap_and_liquidity_fields,034020,,4,778657589190.0,2026-01-05,2026-01-30,full_local_daily_price_close_times_volume_rolling_20d,data/034020_daily_prices.csv,,not_collected_for_full_local_universe_rank,,dynamic_full_local_universe_rank_slot_resolution_for_as_of_date,true,rank_uses_only_existing_local_price_volume_or_approved_snapshot_values_available_for_the_as_of_date
v1_3_candidate_ticker_mapping_period.v3,evidence_only_generated_artifact_not_for_valuation_scoring_trading_or_production_ranking,rolling_rank_slot_desc_average_traded_value_20d,2025-03-31,2026-05-13,2025-03-31,2026-05-12,2026-02-02,observed_local_daily_rank_date,full_local_kospi200_daily_universe_files,306,sc_v1_3_high_turnover,ee_v1_0_rc_sc_v1_3_high_turnover_1d_5101aca49335,1,highest_20d_average_traded_value_for_requested_as_of_date,005930,삼성전자,1,4564506188025.0,2026-01-06,2026-02-02,full_local_daily_price_close_times_volume_rolling_20d,data/005930_daily_prices.csv,1660343124672000,available_from_latest_approved_snapshot,2026-05-13,dynamic_full_local_universe_rank_slot_resolution_for_as_of_date,true,rank_uses_only_existing_local_price_volume_or_approved_snapshot_values_available_for_the_as_of_date
v1_3_candidate_ticker_mapping_period.v3,evidence_only_generated_artifact_not_for_valuation_scoring_trading_or_production_ranking,rolling_rank_slot_desc_average_traded_value_20d,2025-03-31,2026-05-13,2025-03-31,2026-05-12,2026-02-02,observed_local_daily_rank_date,full_local_kospi200_daily_universe_files,306,sc_v1_3_missing_liquidity,ee_v1_0_rc_sc_v1_3_missing_liquidity_1d_189794a48a70,2,next_highest_20d_average_traded_value_for_requested_as_of_date,000660,SK하이닉스,2,3774142261600.0,2026-01-06,2026-02-02,full_local_daily_price_close_times_volume_rolling_20d,data/000660_daily_prices.csv,1408299873240000,available_from_latest_approved_snapshot,2026-05-13,dynamic_full_local_universe_rank_slot_resolution_for_as_of_date,true,rank_uses_only_existing_local_price_volume_or_approved_snapshot_values_available_for_the_as_of_date
v1_3_candidate_ticker_mapping_period.v4,evidence_only_generated_artifact_not_for_valuation_scoring_trading_or_production_ranking,rolling_rank_slot_desc_average_traded_value_20d,2025-03-31,2026-05-13,2025-03-31,2026-05-12,2026-02-02,observed_local_daily_rank_date,full_local_kospi200_daily_universe_files,306,sc_v1_3_low_drag,ee_v1_0_rc_sc_v1_3_low_drag_1d_3955d197ec26,4,first_top5_supplemental_slot_with_complete_market_cap_and_liquidity_fields,034020,,4,745145605350.0,2026-01-06,2026-02-02,full_local_daily_price_close_times_volume_rolling_20d,data/034020_daily_prices.csv,,not_collected_for_full_local_universe_rank,,dynamic_full_local_universe_rank_slot_resolution_for_as_of_date,true,rank_uses_only_existing_local_price_volume_or_approved_snapshot_values_available_for_the_as_of_date
v1_3_candidate_ticker_mapping_period.v3,evidence_only_generated_artifact_not_for_valuation_scoring_trading_or_production_ranking,rolling_rank_slot_desc_average_traded_value_20d,2025-03-31,2026-05-13,2025-03-31,2026-05-12,2026-02-03,observed_local_daily_rank_date,full_local_kospi200_daily_universe_files,306,sc_v1_3_high_turnover,ee_v1_0_rc_sc_v1_3_high_turnover_1d_5101aca49335,1,highest_20d_average_traded_value_for_requested_as_of_date,005930,삼성전자,1,4555686658655.0,2026-01-07,2026-02-03,full_local_daily_price_close_times_volume_rolling_20d,data/005930_daily_prices.csv,1660343124672000,available_from_latest_approved_snapshot,2026-05-13,dynamic_full_local_universe_rank_slot_resolution_for_as_of_date,true,rank_uses_only_existing_local_price_volume_or_approved_snapshot_values_available_for_the_as_of_date
v1_3_candidate_ticker_mapping_period.v3,evidence_only_generated_artifact_not_for_valuation_scoring_trading_or_production_ranking,rolling_rank_slot_desc_average_traded_value_20d,2025-03-31,2026-05-13,2025-03-31,2026-05-12,2026-02-03,observed_local_daily_rank_date,full_local_kospi200_daily_universe_files,306,sc_v1_3_missing_liquidity,ee_v1_0_rc_sc_v1_3_missing_liquidity_1d_189794a48a70,2,next_highest_20d_average_traded_value_for_requested_as_of_date,000660,SK하이닉스,2,3837912877400.0,2026-01-07,2026-02-03,full_local_daily_price_close_times_volume_rolling_20d,data/000660_daily_prices.csv,1408299873240000,available_from_latest_approved_snapshot,2026-05-13,dynamic_full_local_universe_rank_slot_resolution_for_as_of_date,true,rank_uses_only_existing_local_price_volume_or_approved_snapshot_values_available_for_the_as_of_date
v1_3_candidate_ticker_mapping_period.v4,evidence_only_generated_artifact_not_for_valuation_scoring_trading_or_production_ranking,rolling_rank_slot_desc_average_traded_value_20d,2025-03-31,2026-05-13,2025-03-31,2026-05-12,2026-02-03,observed_local_daily_rank_date,full_local_kospi200_daily_universe_files,306,sc_v1_3_low_drag,ee_v1_0_rc_sc_v1_3_low_drag_1d_3955d197ec26,4,first_top5_supplemental_slot_with_complete_market_cap_and_liquidity_fields,034020,,4,725366886385.0,2026-01-07,2026-02-03,full_local_daily_price_close_times_volume_rolling_20d,data/034020_daily_prices.csv,,not_collected_for_full_local_universe_rank,,dynamic_full_local_universe_rank_slot_resolution_for_as_of_date,true,rank_uses_only_existing_local_price_volume_or_approved_snapshot_values_available_for_the_as_of_date
v1_3_candidate_ticker_mapping_period.v3,evidence_only_generated_artifact_not_for_valuation_scoring_trading_or_production_ranking,rolling_rank_slot_desc_average_traded_value_20d,2025-03-31,2026-05-13,2025-03-31,2026-05-12,2026-02-04,observed_local_daily_rank_date,full_local_kospi200_daily_universe_files,306,sc_v1_3_high_turnover,ee_v1_0_rc_sc_v1_3_high_turnover_1d_5101aca49335,1,highest_20d_average_traded_value_for_requested_as_of_date,005930,삼성전자,1,4482317317115.0,2026-01-08,2026-02-04,full_local_daily_price_close_times_volume_rolling_20d,data/005930_daily_prices.csv,1660343124672000,available_from_latest_approved_snapshot,2026-05-13,dynamic_full_local_universe_rank_slot_resolution_for_as_of_date,true,rank_uses_only_existing_local_price_volume_or_approved_snapshot_values_available_for_the_as_of_date
v1_3_candidate_ticker_mapping_period.v3,evidence_only_generated_artifact_not_for_valuation_scoring_trading_or_production_ranking,rolling_rank_slot_desc_average_traded_value_20d,2025-03-31,2026-05-13,2025-03-31,2026-05-12,2026-02-04,observed_local_daily_rank_date,full_local_kospi200_daily_universe_files,306,sc_v1_3_missing_liquidity,ee_v1_0_rc_sc_v1_3_missing_liquidity_1d_189794a48a70,2,next_highest_20d_average_traded_value_for_requested_as_of_date,000660,SK하이닉스,2,3797732645900.0,2026-01-08,2026-02-04,full_local_daily_price_close_times_volume_rolling_20d,data/000660_daily_prices.csv,1408299873240000,available_from_latest_approved_snapshot,2026-05-13,dynamic_full_local_universe_rank_slot_resolution_for_as_of_date,true,rank_uses_only_existing_local_price_volume_or_approved_snapshot_values_available_for_the_as_of_date
v1_3_candidate_ticker_mapping_period.v4,evidence_only_generated_artifact_not_for_valuation_scoring_trading_or_production_ranking,rolling_rank_slot_desc_average_traded_value_20d,2025-03-31,2026-05-13,2025-03-31,2026-05-12,2026-02-04,observed_local_daily_rank_date,full_local_kospi200_daily_universe_files,306,sc_v1_3_low_drag,ee_v1_0_rc_sc_v1_3_low_drag_1d_3955d197ec26,4,first_top5_supplemental_slot_with_complete_market_cap_and_liquidity_fields,034020,,4,756198630560.0,2026-01-08,2026-02-04,full_local_daily_price_close_times_volume_rolling_20d,data/034020_daily_prices.csv,,not_collected_for_full_local_universe_rank,,dynamic_full_local_universe_rank_slot_resolution_for_as_of_date,true,rank_uses_only_existing_local_price_volume_or_approved_snapshot_values_available_for_the_as_of_date
v1_3_candidate_ticker_mapping_period.v3,evidence_only_generated_artifact_not_for_valuation_scoring_trading_or_production_ranking,rolling_rank_slot_desc_average_traded_value_20d,2025-03-31,2026-05-13,2025-03-31,2026-05-12,2026-02-05,observed_local_daily_rank_date,full_local_kospi200_daily_universe_files,306,sc_v1_3_high_turnover,ee_v1_0_rc_sc_v1_3_high_turnover_1d_5101aca49335,1,highest_20d_average_traded_value_for_requested_as_of_date,005930,삼성전자,1,4500795564875.0,2026-01-09,2026-02-05,full_local_daily_price_close_times_volume_rolling_20d,data/005930_daily_prices.csv,1660343124672000,available_from_latest_approved_snapshot,2026-05-13,dynamic_full_local_universe_rank_slot_resolution_for_as_of_date,true,rank_uses_only_existing_local_price_volume_or_approved_snapshot_values_available_for_the_as_of_date
v1_3_candidate_ticker_mapping_period.v3,evidence_only_generated_artifact_not_for_valuation_scoring_trading_or_production_ranking,rolling_rank_slot_desc_average_traded_value_20d,2025-03-31,2026-05-13,2025-03-31,2026-05-12,2026-02-05,observed_local_daily_rank_date,full_local_kospi200_daily_universe_files,306,sc_v1_3_missing_liquidity,ee_v1_0_rc_sc_v1_3_missing_liquidity_1d_189794a48a70,2,next_highest_20d_average_traded_value_for_requested_as_of_date,000660,SK하이닉스,2,3782613131700.0,2026-01-09,2026-02-05,full_local_daily_price_close_times_volume_rolling_20d,data/000660_daily_prices.csv,1408299873240000,available_from_latest_approved_snapshot,2026-05-13,dynamic_full_local_universe_rank_slot_resolution_for_as_of_date,true,rank_uses_only_existing_local_price_volume_or_approved_snapshot_values_available_for_the_as_of_date
v1_3_candidate_ticker_mapping_period.v4,evidence_only_generated_artifact_not_for_valuation_scoring_trading_or_production_ranking,rolling_rank_slot_desc_average_traded_value_20d,2025-03-31,2026-05-13,2025-03-31,2026-05-12,2026-02-05,observed_local_daily_rank_date,full_local_kospi200_daily_universe_files,306,sc_v1_3_low_drag,ee_v1_0_rc_sc_v1_3_low_drag_1d_3955d197ec26,4,first_top5_supplemental_slot_with_complete_market_cap_and_liquidity_fields,034020,,4,770742282785.0,2026-01-09,2026-02-05,full_local_daily_price_close_times_volume_rolling_20d,data/034020_daily_prices.csv,,not_collected_for_full_local_universe_rank,,dynamic_full_local_universe_rank_slot_resolution_for_as_of_date,true,rank_uses_only_existing_local_price_volume_or_approved_snapshot_values_available_for_the_as_of_date
v1_3_candidate_ticker_mapping_period.v3,evidence_only_generated_artifact_not_for_valuation_scoring_trading_or_production_ranking,rolling_rank_slot_desc_average_traded_value_20d,2025-03-31,2026-05-13,2025-03-31,2026-05-12,2026-02-06,observed_local_daily_rank_date,full_local_kospi200_daily_universe_files,306,sc_v1_3_high_turnover,ee_v1_0_rc_sc_v1_3_high_turnover_1d_5101aca49335,1,highest_20d_average_traded_value_for_requested_as_of_date,005930,삼성전자,1,4583947213505.0,2026-01-12,2026-02-06,full_local_daily_price_close_times_volume_rolling_20d,data/005930_daily_prices.csv,1660343124672000,available_from_latest_approved_snapshot,2026-05-13,dynamic_full_local_universe_rank_slot_resolution_for_as_of_date,true,rank_uses_only_existing_local_price_volume_or_approved_snapshot_values_available_for_the_as_of_date
v1_3_candidate_ticker_mapping_period.v3,evidence_only_generated_artifact_not_for_valuation_scoring_trading_or_production_ranking,rolling_rank_slot_desc_average_traded_value_20d,2025-03-31,2026-05-13,2025-03-31,2026-05-12,2026-02-06,observed_local_daily_rank_date,full_local_kospi200_daily_universe_files,306,sc_v1_3_missing_liquidity,ee_v1_0_rc_sc_v1_3_missing_liquidity_1d_189794a48a70,2,next_highest_20d_average_traded_value_for_requested_as_of_date,000660,SK하이닉스,2,3855174409400.0,2026-01-12,2026-02-06,full_local_daily_price_close_times_volume_rolling_20d,data/000660_daily_prices.csv,1408299873240000,available_from_latest_approved_snapshot,2026-05-13,dynamic_full_local_universe_rank_slot_resolution_for_as_of_date,true,rank_uses_only_existing_local_price_volume_or_approved_snapshot_values_available_for_the_as_of_date
v1_3_candidate_ticker_mapping_period.v4,evidence_only_generated_artifact_not_for_valuation_scoring_trading_or_production_ranking,rolling_rank_slot_desc_average_traded_value_20d,2025-03-31,2026-05-13,2025-03-31,2026-05-12,2026-02-06,observed_local_daily_rank_date,full_local_kospi200_daily_universe_files,306,sc_v1_3_low_drag,ee_v1_0_rc_sc_v1_3_low_drag_1d_3955d197ec26,4,first_top5_supplemental_slot_with_complete_market_cap_and_liquidity_fields,034020,,4,775150139275.0,2026-01-12,2026-02-06,full_local_daily_price_close_times_volume_rolling_20d,data/034020_daily_prices.csv,,not_collected_for_full_local_universe_rank,,dynamic_full_local_universe_rank_slot_resolution_for_as_of_date,true,rank_uses_only_existing_local_price_volume_or_approved_snapshot_values_available_for_the_as_of_date
v1_3_candidate_ticker_mapping_period.v3,evidence_only_generated_artifact_not_for_valuation_scoring_trading_or_production_ranking,rolling_rank_slot_desc_average_traded_value_20d,2025-03-31,2026-05-13,2025-03-31,2026-05-12,2026-02-09,observed_local_daily_rank_date,full_local_kospi200_daily_universe_files,306,sc_v1_3_high_turnover,ee_v1_0_rc_sc_v1_3_high_turnover_1d_5101aca49335,1,highest_20d_average_traded_value_for_requested_as_of_date,005930,삼성전자,1,4610448982265.0,2026-01-13,2026-02-09,full_local_daily_price_close_times_volume_rolling_20d,data/005930_daily_prices.csv,1660343124672000,available_from_latest_approved_snapshot,2026-05-13,dynamic_full_local_universe_rank_slot_resolution_for_as_of_date,true,rank_uses_only_existing_local_price_volume_or_approved_snapshot_values_available_for_the_as_of_date
v1_3_candidate_ticker_mapping_period.v3,evidence_only_generated_artifact_not_for_valuation_scoring_trading_or_production_ranking,rolling_rank_slot_desc_average_traded_value_20d,2025-03-31,2026-05-13,2025-03-31,2026-05-12,2026-02-09,observed_local_daily_rank_date,full_local_kospi200_daily_universe_files,306,sc_v1_3_missing_liquidity,ee_v1_0_rc_sc_v1_3_missing_liquidity_1d_189794a48a70,2,next_highest_20d_average_traded_value_for_requested_as_of_date,000660,SK하이닉스,2,3918011361950.0,2026-01-13,2026-02-09,full_local_daily_price_close_times_volume_rolling_20d,data/000660_daily_prices.csv,1408299873240000,available_from_latest_approved_snapshot,2026-05-13,dynamic_full_local_universe_rank_slot_resolution_for_as_of_date,true,rank_uses_only_existing_local_price_volume_or_approved_snapshot_values_available_for_the_as_of_date
v1_3_candidate_ticker_mapping_period.v4,evidence_only_generated_artifact_not_for_valuation_scoring_trading_or_production_ranking,rolling_rank_slot_desc_average_traded_value_20d,2025-03-31,2026-05-13,2025-03-31,2026-05-12,2026-02-09,observed_local_daily_rank_date,full_local_kospi200_daily_universe_files,306,sc_v1_3_low_drag,ee_v1_0_rc_sc_v1_3_low_drag_1d_3955d197ec26,4,first_top5_supplemental_slot_with_complete_market_cap_and_liquidity_fields,034020,,4,771882650305.0,2026-01-13,2026-02-09,full_local_daily_price_close_times_volume_rolling_20d,data/034020_daily_prices.csv,,not_collected_for_full_local_universe_rank,,dynamic_full_local_universe_rank_slot_resolution_for_as_of_date,true,rank_uses_only_existing_local_price_volume_or_approved_snapshot_values_available_for_the_as_of_date
v1_3_candidate_ticker_mapping_period.v3,evidence_only_generated_artifact_not_for_valuation_scoring_trading_or_production_ranking,rolling_rank_slot_desc_average_traded_value_20d,2025-03-31,2026-05-13,2025-03-31,2026-05-12,2026-02-10,observed_local_daily_rank_date,full_local_kospi200_daily_universe_files,306,sc_v1_3_high_turnover,ee_v1_0_rc_sc_v1_3_high_turnover_1d_5101aca49335,1,highest_20d_average_traded_value_for_requested_as_of_date,005930,삼성전자,1,4617015955285.0,2026-01-14,2026-02-10,full_local_daily_price_close_times_volume_rolling_20d,data/005930_daily_prices.csv,1660343124672000,available_from_latest_approved_snapshot,2026-05-13,dynamic_full_local_universe_rank_slot_resolution_for_as_of_date,true,rank_uses_only_existing_local_price_volume_or_approved_snapshot_values_available_for_the_as_of_date
v1_3_candidate_ticker_mapping_period.v3,evidence_only_generated_artifact_not_for_valuation_scoring_trading_or_production_ranking,rolling_rank_slot_desc_average_traded_value_20d,2025-03-31,2026-05-13,2025-03-31,2026-05-12,2026-02-10,observed_local_daily_rank_date,full_local_kospi200_daily_universe_files,306,sc_v1_3_missing_liquidity,ee_v1_0_rc_sc_v1_3_missing_liquidity_1d_189794a48a70,2,next_highest_20d_average_traded_value_for_requested_as_of_date,000660,SK하이닉스,2,3929558940950.0,2026-01-14,2026-02-10,full_local_daily_price_close_times_volume_rolling_20d,data/000660_daily_prices.csv,1408299873240000,available_from_latest_approved_snapshot,2026-05-13,dynamic_full_local_universe_rank_slot_resolution_for_as_of_date,true,rank_uses_only_existing_local_price_volume_or_approved_snapshot_values_available_for_the_as_of_date
v1_3_candidate_ticker_mapping_period.v4,evidence_only_generated_artifact_not_for_valuation_scoring_trading_or_production_ranking,rolling_rank_slot_desc_average_traded_value_20d,2025-03-31,2026-05-13,2025-03-31,2026-05-12,2026-02-10,observed_local_daily_rank_date,full_local_kospi200_daily_universe_files,306,sc_v1_3_low_drag,ee_v1_0_rc_sc_v1_3_low_drag_1d_3955d197ec26,4,first_top5_supplemental_slot_with_complete_market_cap_and_liquidity_fields,034020,,4,767068194210.0,2026-01-14,2026-02-10,full_local_daily_price_close_times_volume_rolling_20d,data/034020_daily_prices.csv,,not_collected_for_full_local_universe_rank,,dynamic_full_local_universe_rank_slot_resolution_for_as_of_date,true,rank_uses_only_existing_local_price_volume_or_approved_snapshot_values_available_for_the_as_of_date
v1_3_candidate_ticker_mapping_period.v3,evidence_only_generated_artifact_not_for_valuation_scoring_trading_or_production_ranking,rolling_rank_slot_desc_average_traded_value_20d,2025-03-31,2026-05-13,2025-03-31,2026-05-12,2026-02-11,observed_local_daily_rank_date,full_local_kospi200_daily_universe_files,306,sc_v1_3_high_turnover,ee_v1_0_rc_sc_v1_3_high_turnover_1d_5101aca49335,1,highest_20d_average_traded_value_for_requested_as_of_date,005930,삼성전자,1,4678586961755.0,2026-01-15,2026-02-11,full_local_daily_price_close_times_volume_rolling_20d,data/005930_daily_prices.csv,1660343124672000,available_from_latest_approved_snapshot,2026-05-13,dynamic_full_local_universe_rank_slot_resolution_for_as_of_date,true,rank_uses_only_existing_local_price_volume_or_approved_snapshot_values_available_for_the_as_of_date
v1_3_candidate_ticker_mapping_period.v3,evidence_only_generated_artifact_not_for_valuation_scoring_trading_or_production_ranking,rolling_rank_slot_desc_average_traded_value_20d,2025-03-31,2026-05-13,2025-03-31,2026-05-12,2026-02-11,observed_local_daily_rank_date,full_local_kospi200_daily_universe_files,306,sc_v1_3_missing_liquidity,ee_v1_0_rc_sc_v1_3_missing_liquidity_1d_189794a48a70,2,next_highest_20d_average_traded_value_for_requested_as_of_date,000660,SK하이닉스,2,3882723918850.0,2026-01-15,2026-02-11,full_local_daily_price_close_times_volume_rolling_20d,data/000660_daily_prices.csv,1408299873240000,available_from_latest_approved_snapshot,2026-05-13,dynamic_full_local_universe_rank_slot_resolution_for_as_of_date,true,rank_uses_only_existing_local_price_volume_or_approved_snapshot_values_available_for_the_as_of_date
v1_3_candidate_ticker_mapping_period.v4,evidence_only_generated_artifact_not_for_valuation_scoring_trading_or_production_ranking,rolling_rank_slot_desc_average_traded_value_20d,2025-03-31,2026-05-13,2025-03-31,2026-05-12,2026-02-11,observed_local_daily_rank_date,full_local_kospi200_daily_universe_files,306,sc_v1_3_low_drag,ee_v1_0_rc_sc_v1_3_low_drag_1d_3955d197ec26,4,first_top5_supplemental_slot_with_complete_market_cap_and_liquidity_fields,034020,,4,743529626835.0,2026-01-15,2026-02-11,full_local_daily_price_close_times_volume_rolling_20d,data/034020_daily_prices.csv,,not_collected_for_full_local_universe_rank,,dynamic_full_local_universe_rank_slot_resolution_for_as_of_date,true,rank_uses_only_existing_local_price_volume_or_approved_snapshot_values_available_for_the_as_of_date
v1_3_candidate_ticker_mapping_period.v3,evidence_only_generated_artifact_not_for_valuation_scoring_trading_or_production_ranking,rolling_rank_slot_desc_average_traded_value_20d,2025-03-31,2026-05-13,2025-03-31,2026-05-12,2026-02-12,observed_local_daily_rank_date,full_local_kospi200_daily_universe_files,306,sc_v1_3_high_turnover,ee_v1_0_rc_sc_v1_3_high_turnover_1d_5101aca49335,1,highest_20d_average_traded_value_for_requested_as_of_date,005930,삼성전자,1,4869635738415.0,2026-01-16,2026-02-12,full_local_daily_price_close_times_volume_rolling_20d,data/005930_daily_prices.csv,1660343124672000,available_from_latest_approved_snapshot,2026-05-13,dynamic_full_local_universe_rank_slot_resolution_for_as_of_date,true,rank_uses_only_existing_local_price_volume_or_approved_snapshot_values_available_for_the_as_of_date
v1_3_candidate_ticker_mapping_period.v3,evidence_only_generated_artifact_not_for_valuation_scoring_trading_or_production_ranking,rolling_rank_slot_desc_average_traded_value_20d,2025-03-31,2026-05-13,2025-03-31,2026-05-12,2026-02-12,observed_local_daily_rank_date,full_local_kospi200_daily_universe_files,306,sc_v1_3_missing_liquidity,ee_v1_0_rc_sc_v1_3_missing_liquidity_1d_189794a48a70,2,next_highest_20d_average_traded_value_for_requested_as_of_date,000660,SK하이닉스,2,3975344938150.0,2026-01-16,2026-02-12,full_local_daily_price_close_times_volume_rolling_20d,data/000660_daily_prices.csv,1408299873240000,available_from_latest_approved_snapshot,2026-05-13,dynamic_full_local_universe_rank_slot_resolution_for_as_of_date,true,rank_uses_only_existing_local_price_volume_or_approved_snapshot_values_available_for_the_as_of_date
v1_3_candidate_ticker_mapping_period.v4,evidence_only_generated_artifact_not_for_valuation_scoring_trading_or_production_ranking,rolling_rank_slot_desc_average_traded_value_20d,2025-03-31,2026-05-13,2025-03-31,2026-05-12,2026-02-12,observed_local_daily_rank_date,full_local_kospi200_daily_universe_files,306,sc_v1_3_low_drag,ee_v1_0_rc_sc_v1_3_low_drag_1d_3955d197ec26,4,first_top5_supplemental_slot_with_complete_market_cap_and_liquidity_fields,034020,,4,753235211310.0,2026-01-16,2026-02-12,full_local_daily_price_close_times_volume_rolling_20d,data/034020_daily_prices.csv,,not_collected_for_full_local_universe_rank,,dynamic_full_local_universe_rank_slot_resolution_for_as_of_date,true,rank_uses_only_existing_local_price_volume_or_approved_snapshot_values_available_for_the_as_of_date
v1_3_candidate_ticker_mapping_period.v3,evidence_only_generated_artifact_not_for_valuation_scoring_trading_or_production_ranking,rolling_rank_slot_desc_average_traded_value_20d,2025-03-31,2026-05-13,2025-03-31,2026-05-12,2026-02-13,observed_local_daily_rank_date,full_local_kospi200_daily_universe_files,306,sc_v1_3_high_turnover,ee_v1_0_rc_sc_v1_3_high_turnover_1d_5101aca49335,1,highest_20d_average_traded_value_for_requested_as_of_date,005930,삼성전자,1,4958439087480.0,2026-01-19,2026-02-13,full_local_daily_price_close_times_volume_rolling_20d,data/005930_daily_prices.csv,1660343124672000,available_from_latest_approved_snapshot,2026-05-13,dynamic_full_local_universe_rank_slot_resolution_for_as_of_date,true,rank_uses_only_existing_local_price_volume_or_approved_snapshot_values_available_for_the_as_of_date
v1_3_candidate_ticker_mapping_period.v3,evidence_only_generated_artifact_not_for_valuation_scoring_trading_or_production_ranking,rolling_rank_slot_desc_average_traded_value_20d,2025-03-31,2026-05-13,2025-03-31,2026-05-12,2026-02-13,observed_local_daily_rank_date,full_local_kospi200_daily_universe_files,306,sc_v1_3_missing_liquidity,ee_v1_0_rc_sc_v1_3_missing_liquidity_1d_189794a48a70,2,next_highest_20d_average_traded_value_for_requested_as_of_date,000660,SK하이닉스,2,3990517083350.0,2026-01-19,2026-02-13,full_local_daily_price_close_times_volume_rolling_20d,data/000660_daily_prices.csv,1408299873240000,available_from_latest_approved_snapshot,2026-05-13,dynamic_full_local_universe_rank_slot_resolution_for_as_of_date,true,rank_uses_only_existing_local_price_volume_or_approved_snapshot_values_available_for_the_as_of_date
v1_3_candidate_ticker_mapping_period.v4,evidence_only_generated_artifact_not_for_valuation_scoring_trading_or_production_ranking,rolling_rank_slot_desc_average_traded_value_20d,2025-03-31,2026-05-13,2025-03-31,2026-05-12,2026-02-13,observed_local_daily_rank_date,full_local_kospi200_daily_universe_files,306,sc_v1_3_low_drag,ee_v1_0_rc_sc_v1_3_low_drag_1d_3955d197ec26,4,first_top5_supplemental_slot_with_complete_market_cap_and_liquidity_fields,034020,,4,752028093860.0,2026-01-19,2026-02-13,full_local_daily_price_close_times_volume_rolling_20d,data/034020_daily_prices.csv,,not_collected_for_full_local_universe_rank,,dynamic_full_local_universe_rank_slot_resolution_for_as_of_date,true,rank_uses_only_existing_local_price_volume_or_approved_snapshot_values_available_for_the_as_of_date
v1_3_candidate_ticker_mapping_period.v3,evidence_only_generated_artifact_not_for_valuation_scoring_trading_or_production_ranking,rolling_rank_slot_desc_average_traded_value_20d,2025-03-31,2026-05-13,2025-03-31,2026-05-12,2026-02-19,observed_local_daily_rank_date,full_local_kospi200_daily_universe_files,306,sc_v1_3_high_turnover,ee_v1_0_rc_sc_v1_3_high_turnover_1d_5101aca49335,1,highest_20d_average_traded_value_for_requested_as_of_date,005930,삼성전자,1,5045486233375.0,2026-01-20,2026-02-19,full_local_daily_price_close_times_volume_rolling_20d,data/005930_daily_prices.csv,1660343124672000,available_from_latest_approved_snapshot,2026-05-13,dynamic_full_local_universe_rank_slot_resolution_for_as_of_date,true,rank_uses_only_existing_local_price_volume_or_approved_snapshot_values_available_for_the_as_of_date
v1_3_candidate_ticker_mapping_period.v3,evidence_only_generated_artifact_not_for_valuation_scoring_trading_or_production_ranking,rolling_rank_slot_desc_average_traded_value_20d,2025-03-31,2026-05-13,2025-03-31,2026-05-12,2026-02-19,observed_local_daily_rank_date,full_local_kospi200_daily_universe_files,306,sc_v1_3_missing_liquidity,ee_v1_0_rc_sc_v1_3_missing_liquidity_1d_189794a48a70,2,next_highest_20d_average_traded_value_for_requested_as_of_date,000660,SK하이닉스,2,4007786750050.0,2026-01-20,2026-02-19,full_local_daily_price_close_times_volume_rolling_20d,data/000660_daily_prices.csv,1408299873240000,available_from_latest_approved_snapshot,2026-05-13,dynamic_full_local_universe_rank_slot_resolution_for_as_of_date,true,rank_uses_only_existing_local_price_volume_or_approved_snapshot_values_available_for_the_as_of_date
v1_3_candidate_ticker_mapping_period.v4,evidence_only_generated_artifact_not_for_valuation_scoring_trading_or_production_ranking,rolling_rank_slot_desc_average_traded_value_20d,2025-03-31,2026-05-13,2025-03-31,2026-05-12,2026-02-19,observed_local_daily_rank_date,full_local_kospi200_daily_universe_files,306,sc_v1_3_low_drag,ee_v1_0_rc_sc_v1_3_low_drag_1d_3955d197ec26,4,first_top5_supplemental_slot_with_complete_market_cap_and_liquidity_fields,034020,,4,736166068850.0,2026-01-20,2026-02-19,full_local_daily_price_close_times_volume_rolling_20d,data/034020_daily_prices.csv,,not_collected_for_full_local_universe_rank,,dynamic_full_local_universe_rank_slot_resolution_for_as_of_date,true,rank_uses_only_existing_local_price_volume_or_approved_snapshot_values_available_for_the_as_of_date
v1_3_candidate_ticker_mapping_period.v3,evidence_only_generated_artifact_not_for_valuation_scoring_trading_or_production_ranking,rolling_rank_slot_desc_average_traded_value_20d,2025-03-31,2026-05-13,2025-03-31,2026-05-12,2026-02-20,observed_local_daily_rank_date,full_local_kospi200_daily_universe_files,306,sc_v1_3_high_turnover,ee_v1_0_rc_sc_v1_3_high_turnover_1d_5101aca49335,1,highest_20d_average_traded_value_for_requested_as_of_date,005930,삼성전자,1,5100969240095.0,2026-01-21,2026-02-20,full_local_daily_price_close_times_volume_rolling_20d,data/005930_daily_prices.csv,1660343124672000,available_from_latest_approved_snapshot,2026-05-13,dynamic_full_local_universe_rank_slot_resolution_for_as_of_date,true,rank_uses_only_existing_local_price_volume_or_approved_snapshot_values_available_for_the_as_of_date
v1_3_candidate_ticker_mapping_period.v3,evidence_only_generated_artifact_not_for_valuation_scoring_trading_or_production_ranking,rolling_rank_slot_desc_average_traded_value_20d,2025-03-31,2026-05-13,2025-03-31,2026-05-12,2026-02-20,observed_local_daily_rank_date,full_local_kospi200_daily_universe_files,306,sc_v1_3_missing_liquidity,ee_v1_0_rc_sc_v1_3_missing_liquidity_1d_189794a48a70,2,next_highest_20d_average_traded_value_for_requested_as_of_date,000660,SK하이닉스,2,4144992842550.0,2026-01-21,2026-02-20,full_local_daily_price_close_times_volume_rolling_20d,data/000660_daily_prices.csv,1408299873240000,available_from_latest_approved_snapshot,2026-05-13,dynamic_full_local_universe_rank_slot_resolution_for_as_of_date,true,rank_uses_only_existing_local_price_volume_or_approved_snapshot_values_available_for_the_as_of_date
v1_3_candidate_ticker_mapping_period.v4,evidence_only_generated_artifact_not_for_valuation_scoring_trading_or_production_ranking,rolling_rank_slot_desc_average_traded_value_20d,2025-03-31,2026-05-13,2025-03-31,2026-05-12,2026-02-20,observed_local_daily_rank_date,full_local_kospi200_daily_universe_files,306,sc_v1_3_low_drag,ee_v1_0_rc_sc_v1_3_low_drag_1d_3955d197ec26,4,first_top5_supplemental_slot_with_complete_market_cap_and_liquidity_fields,034020,,4,747184167980.0,2026-01-21,2026-02-20,full_local_daily_price_close_times_volume_rolling_20d,data/034020_daily_prices.csv,,not_collected_for_full_local_universe_rank,,dynamic_full_local_universe_rank_slot_resolution_for_as_of_date,true,rank_uses_only_existing_local_price_volume_or_approved_snapshot_values_available_for_the_as_of_date
v1_3_candidate_ticker_mapping_period.v3,evidence_only_generated_artifact_not_for_valuation_scoring_trading_or_production_ranking,rolling_rank_slot_desc_average_traded_value_20d,2025-03-31,2026-05-13,2025-03-31,2026-05-12,2026-02-23,observed_local_daily_rank_date,full_local_kospi200_daily_universe_files,306,sc_v1_3_high_turnover,ee_v1_0_rc_sc_v1_3_high_turnover_1d_5101aca49335,1,highest_20d_average_traded_value_for_requested_as_of_date,005930,삼성전자,1,5118403955945.0,2026-01-22,2026-02-23,full_local_daily_price_close_times_volume_rolling_20d,data/005930_daily_prices.csv,1660343124672000,available_from_latest_approved_snapshot,2026-05-13,dynamic_full_local_universe_rank_slot_resolution_for_as_of_date,true,rank_uses_only_existing_local_price_volume_or_approved_snapshot_values_available_for_the_as_of_date
v1_3_candidate_ticker_mapping_period.v3,evidence_only_generated_artifact_not_for_valuation_scoring_trading_or_production_ranking,rolling_rank_slot_desc_average_traded_value_20d,2025-03-31,2026-05-13,2025-03-31,2026-05-12,2026-02-23,observed_local_daily_rank_date,full_local_kospi200_daily_universe_files,306,sc_v1_3_missing_liquidity,ee_v1_0_rc_sc_v1_3_missing_liquidity_1d_189794a48a70,2,next_highest_20d_average_traded_value_for_requested_as_of_date,000660,SK하이닉스,2,4123541315400.0,2026-01-22,2026-02-23,full_local_daily_price_close_times_volume_rolling_20d,data/000660_daily_prices.csv,1408299873240000,available_from_latest_approved_snapshot,2026-05-13,dynamic_full_local_universe_rank_slot_resolution_for_as_of_date,true,rank_uses_only_existing_local_price_volume_or_approved_snapshot_values_available_for_the_as_of_date
v1_3_candidate_ticker_mapping_period.v4,evidence_only_generated_artifact_not_for_valuation_scoring_trading_or_production_ranking,rolling_rank_slot_desc_average_traded_value_20d,2025-03-31,2026-05-13,2025-03-31,2026-05-12,2026-02-23,observed_local_daily_rank_date,full_local_kospi200_daily_universe_files,306,sc_v1_3_low_drag,ee_v1_0_rc_sc_v1_3_low_drag_1d_3955d197ec26,4,first_top5_supplemental_slot_with_complete_market_cap_and_liquidity_fields,034020,,4,739292328065.0,2026-01-22,2026-02-23,full_local_daily_price_close_times_volume_rolling_20d,data/034020_daily_prices.csv,,not_collected_for_full_local_universe_rank,,dynamic_full_local_universe_rank_slot_resolution_for_as_of_date,true,rank_uses_only_existing_local_price_volume_or_approved_snapshot_values_available_for_the_as_of_date
v1_3_candidate_ticker_mapping_period.v3,evidence_only_generated_artifact_not_for_valuation_scoring_trading_or_production_ranking,rolling_rank_slot_desc_average_traded_value_20d,2025-03-31,2026-05-13,2025-03-31,2026-05-12,2026-02-24,observed_local_daily_rank_date,full_local_kospi200_daily_universe_files,306,sc_v1_3_high_turnover,ee_v1_0_rc_sc_v1_3_high_turnover_1d_5101aca49335,1,highest_20d_average_traded_value_for_requested_as_of_date,005930,삼성전자,1,5154769479185.0,2026-01-23,2026-02-24,full_local_daily_price_close_times_volume_rolling_20d,data/005930_daily_prices.csv,1660343124672000,available_from_latest_approved_snapshot,2026-05-13,dynamic_full_local_universe_rank_slot_resolution_for_as_of_date,true,rank_uses_only_existing_local_price_volume_or_approved_snapshot_values_available_for_the_as_of_date
v1_3_candidate_ticker_mapping_period.v3,evidence_only_generated_artifact_not_for_valuation_scoring_trading_or_production_ranking,rolling_rank_slot_desc_average_traded_value_20d,2025-03-31,2026-05-13,2025-03-31,2026-05-12,2026-02-24,observed_local_daily_rank_date,full_local_kospi200_daily_universe_files,306,sc_v1_3_missing_liquidity,ee_v1_0_rc_sc_v1_3_missing_liquidity_1d_189794a48a70,2,next_highest_20d_average_traded_value_for_requested_as_of_date,000660,SK하이닉스,2,4195850596150.0,2026-01-23,2026-02-24,full_local_daily_price_close_times_volume_rolling_20d,data/000660_daily_prices.csv,1408299873240000,available_from_latest_approved_snapshot,2026-05-13,dynamic_full_local_universe_rank_slot_resolution_for_as_of_date,true,rank_uses_only_existing_local_price_volume_or_approved_snapshot_values_available_for_the_as_of_date
v1_3_candidate_ticker_mapping_period.v4,evidence_only_generated_artifact_not_for_valuation_scoring_trading_or_production_ranking,rolling_rank_slot_desc_average_traded_value_20d,2025-03-31,2026-05-13,2025-03-31,2026-05-12,2026-02-24,observed_local_daily_rank_date,full_local_kospi200_daily_universe_files,306,sc_v1_3_low_drag,ee_v1_0_rc_sc_v1_3_low_drag_1d_3955d197ec26,4,first_top5_supplemental_slot_with_complete_market_cap_and_liquidity_fields,034020,,4,722827729670.0,2026-01-23,2026-02-24,full_local_daily_price_close_times_volume_rolling_20d,data/034020_daily_prices.csv,,not_collected_for_full_local_universe_rank,,dynamic_full_local_universe_rank_slot_resolution_for_as_of_date,true,rank_uses_only_existing_local_price_volume_or_approved_snapshot_values_available_for_the_as_of_date
v1_3_candidate_ticker_mapping_period.v3,evidence_only_generated_artifact_not_for_valuation_scoring_trading_or_production_ranking,rolling_rank_slot_desc_average_traded_value_20d,2025-03-31,2026-05-13,2025-03-31,2026-05-12,2026-02-25,observed_local_daily_rank_date,full_local_kospi200_daily_universe_files,306,sc_v1_3_high_turnover,ee_v1_0_rc_sc_v1_3_high_turnover_1d_5101aca49335,1,highest_20d_average_traded_value_for_requested_as_of_date,005930,삼성전자,1,5236148323800.0,2026-01-26,2026-02-25,full_local_daily_price_close_times_volume_rolling_20d,data/005930_daily_prices.csv,1660343124672000,available_from_latest_approved_snapshot,2026-05-13,dynamic_full_local_universe_rank_slot_resolution_for_as_of_date,true,rank_uses_only_existing_local_price_volume_or_approved_snapshot_values_available_for_the_as_of_date
v1_3_candidate_ticker_mapping_period.v3,evidence_only_generated_artifact_not_for_valuation_scoring_trading_or_production_ranking,rolling_rank_slot_desc_average_traded_value_20d,2025-03-31,2026-05-13,2025-03-31,2026-05-12,2026-02-25,observed_local_daily_rank_date,full_local_kospi200_daily_universe_files,306,sc_v1_3_missing_liquidity,ee_v1_0_rc_sc_v1_3_missing_liquidity_1d_189794a48a70,2,next_highest_20d_average_traded_value_for_requested_as_of_date,000660,SK하이닉스,2,4237550887450.0,2026-01-26,2026-02-25,full_local_daily_price_close_times_volume_rolling_20d,data/000660_daily_prices.csv,1408299873240000,available_from_latest_approved_snapshot,2026-05-13,dynamic_full_local_universe_rank_slot_resolution_for_as_of_date,true,rank_uses_only_existing_local_price_volume_or_approved_snapshot_values_available_for_the_as_of_date
v1_3_candidate_ticker_mapping_period.v4,evidence_only_generated_artifact_not_for_valuation_scoring_trading_or_production_ranking,rolling_rank_slot_desc_average_traded_value_20d,2025-03-31,2026-05-13,2025-03-31,2026-05-12,2026-02-25,observed_local_daily_rank_date,full_local_kospi200_daily_universe_files,306,sc_v1_3_low_drag,ee_v1_0_rc_sc_v1_3_low_drag_1d_3955d197ec26,4,first_top5_supplemental_slot_with_complete_market_cap_and_liquidity_fields,034020,,4,706358279045.0,2026-01-26,2026-02-25,full_local_daily_price_close_times_volume_rolling_20d,data/034020_daily_prices.csv,,not_collected_for_full_local_universe_rank,,dynamic_full_local_universe_rank_slot_resolution_for_as_of_date,true,rank_uses_only_existing_local_price_volume_or_approved_snapshot_values_available_for_the_as_of_date
v1_3_candidate_ticker_mapping_period.v3,evidence_only_generated_artifact_not_for_valuation_scoring_trading_or_production_ranking,rolling_rank_slot_desc_average_traded_value_20d,2025-03-31,2026-05-13,2025-03-31,2026-05-12,2026-02-26,observed_local_daily_rank_date,full_local_kospi200_daily_universe_files,306,sc_v1_3_high_turnover,ee_v1_0_rc_sc_v1_3_high_turnover_1d_5101aca49335,1,highest_20d_average_traded_value_for_requested_as_of_date,005930,삼성전자,1,5407820495655.0,2026-01-27,2026-02-26,full_local_daily_price_close_times_volume_rolling_20d,data/005930_daily_prices.csv,1660343124672000,available_from_latest_approved_snapshot,2026-05-13,dynamic_full_local_universe_rank_slot_resolution_for_as_of_date,true,rank_uses_only_existing_local_price_volume_or_approved_snapshot_values_available_for_the_as_of_date
v1_3_candidate_ticker_mapping_period.v3,evidence_only_generated_artifact_not_for_valuation_scoring_trading_or_production_ranking,rolling_rank_slot_desc_average_traded_value_20d,2025-03-31,2026-05-13,2025-03-31,2026-05-12,2026-02-26,observed_local_daily_rank_date,full_local_kospi200_daily_universe_files,306,sc_v1_3_missing_liquidity,ee_v1_0_rc_sc_v1_3_missing_liquidity_1d_189794a48a70,2,next_highest_20d_average_traded_value_for_requested_as_of_date,000660,SK하이닉스,2,4367429924650.0,2026-01-27,2026-02-26,full_local_daily_price_close_times_volume_rolling_20d,data/000660_daily_prices.csv,1408299873240000,available_from_latest_approved_snapshot,2026-05-13,dynamic_full_local_universe_rank_slot_resolution_for_as_of_date,true,rank_uses_only_existing_local_price_volume_or_approved_snapshot_values_available_for_the_as_of_date
v1_3_candidate_ticker_mapping_period.v4,evidence_only_generated_artifact_not_for_valuation_scoring_trading_or_production_ranking,rolling_rank_slot_desc_average_traded_value_20d,2025-03-31,2026-05-13,2025-03-31,2026-05-12,2026-02-26,observed_local_daily_rank_date,full_local_kospi200_daily_universe_files,306,sc_v1_3_low_drag,ee_v1_0_rc_sc_v1_3_low_drag_1d_3955d197ec26,4,first_top5_supplemental_slot_with_complete_market_cap_and_liquidity_fields,034020,,4,701289325325.0,2026-01-27,2026-02-26,full_local_daily_price_close_times_volume_rolling_20d,data/034020_daily_prices.csv,,not_collected_for_full_local_universe_rank,,dynamic_full_local_universe_rank_slot_resolution_for_as_of_date,true,rank_uses_only_existing_local_price_volume_or_approved_snapshot_values_available_for_the_as_of_date
v1_3_candidate_ticker_mapping_period.v3,evidence_only_generated_artifact_not_for_valuation_scoring_trading_or_production_ranking,rolling_rank_slot_desc_average_traded_value_20d,2025-03-31,2026-05-13,2025-03-31,2026-05-12,2026-02-27,observed_local_daily_rank_date,full_local_kospi200_daily_universe_files,306,sc_v1_3_high_turnover,ee_v1_0_rc_sc_v1_3_high_turnover_1d_5101aca49335,1,highest_20d_average_traded_value_for_requested_as_of_date,005930,삼성전자,1,5733628591005.0,2026-01-28,2026-02-27,full_local_daily_price_close_times_volume_rolling_20d,data/005930_daily_prices.csv,1660343124672000,available_from_latest_approved_snapshot,2026-05-13,dynamic_full_local_universe_rank_slot_resolution_for_as_of_date,true,rank_uses_only_existing_local_price_volume_or_approved_snapshot_values_available_for_the_as_of_date
v1_3_candidate_ticker_mapping_period.v3,evidence_only_generated_artifact_not_for_valuation_scoring_trading_or_production_ranking,rolling_rank_slot_desc_average_traded_value_20d,2025-03-31,2026-05-13,2025-03-31,2026-05-12,2026-02-27,observed_local_daily_rank_date,full_local_kospi200_daily_universe_files,306,sc_v1_3_missing_liquidity,ee_v1_0_rc_sc_v1_3_missing_liquidity_1d_189794a48a70,2,next_highest_20d_average_traded_value_for_requested_as_of_date,000660,SK하이닉스,2,4483356943750.0,2026-01-28,2026-02-27,full_local_daily_price_close_times_volume_rolling_20d,data/000660_daily_prices.csv,1408299873240000,available_from_latest_approved_snapshot,2026-05-13,dynamic_full_local_universe_rank_slot_resolution_for_as_of_date,true,rank_uses_only_existing_local_price_volume_or_approved_snapshot_values_available_for_the_as_of_date
v1_3_candidate_ticker_mapping_period.v4,evidence_only_generated_artifact_not_for_valuation_scoring_trading_or_production_ranking,rolling_rank_slot_desc_average_traded_value_20d,2025-03-31,2026-05-13,2025-03-31,2026-05-12,2026-02-27,observed_local_daily_rank_date,full_local_kospi200_daily_universe_files,306,sc_v1_3_low_drag,ee_v1_0_rc_sc_v1_3_low_drag_1d_3955d197ec26,4,first_top5_supplemental_slot_with_complete_market_cap_and_liquidity_fields,034020,,4,713345958025.0,2026-01-28,2026-02-27,full_local_daily_price_close_times_volume_rolling_20d,data/034020_daily_prices.csv,,not_collected_for_full_local_universe_rank,,dynamic_full_local_universe_rank_slot_resolution_for_as_of_date,true,rank_uses_only_existing_local_price_volume_or_approved_snapshot_values_available_for_the_as_of_date
v1_3_candidate_ticker_mapping_period.v3,evidence_only_generated_artifact_not_for_valuation_scoring_trading_or_production_ranking,rolling_rank_slot_desc_average_traded_value_20d,2025-03-31,2026-05-13,2025-03-31,2026-05-12,2026-03-03,observed_local_daily_rank_date,full_local_kospi200_daily_universe_files,306,sc_v1_3_high_turnover,ee_v1_0_rc_sc_v1_3_high_turnover_1d_5101aca49335,1,highest_20d_average_traded_value_for_requested_as_of_date,005930,삼성전자,1,6029787113835.0,2026-01-29,2026-03-03,full_local_daily_price_close_times_volume_rolling_20d,data/005930_daily_prices.csv,1660343124672000,available_from_latest_approved_snapshot,2026-05-13,dynamic_full_local_universe_rank_slot_resolution_for_as_of_date,true,rank_uses_only_existing_local_price_volume_or_approved_snapshot_values_available_for_the_as_of_date
v1_3_candidate_ticker_mapping_period.v3,evidence_only_generated_artifact_not_for_valuation_scoring_trading_or_production_ranking,rolling_rank_slot_desc_average_traded_value_20d,2025-03-31,2026-05-13,2025-03-31,2026-05-12,2026-03-03,observed_local_daily_rank_date,full_local_kospi200_daily_universe_files,306,sc_v1_3_missing_liquidity,ee_v1_0_rc_sc_v1_3_missing_liquidity_1d_189794a48a70,2,next_highest_20d_average_traded_value_for_requested_as_of_date,000660,SK하이닉스,2,4521385097550.0,2026-01-29,2026-03-03,full_local_daily_price_close_times_volume_rolling_20d,data/000660_daily_prices.csv,1408299873240000,available_from_latest_approved_snapshot,2026-05-13,dynamic_full_local_universe_rank_slot_resolution_for_as_of_date,true,rank_uses_only_existing_local_price_volume_or_approved_snapshot_values_available_for_the_as_of_date
v1_3_candidate_ticker_mapping_period.v4,evidence_only_generated_artifact_not_for_valuation_scoring_trading_or_production_ranking,rolling_rank_slot_desc_average_traded_value_20d,2025-03-31,2026-05-13,2025-03-31,2026-05-12,2026-03-03,observed_local_daily_rank_date,full_local_kospi200_daily_universe_files,306,sc_v1_3_low_drag,ee_v1_0_rc_sc_v1_3_low_drag_1d_3955d197ec26,4,first_top5_supplemental_slot_with_complete_market_cap_and_liquidity_fields,034020,,4,717840686345.0,2026-01-29,2026-03-03,full_local_daily_price_close_times_volume_rolling_20d,data/034020_daily_prices.csv,,not_collected_for_full_local_universe_rank,,dynamic_full_local_universe_rank_slot_resolution_for_as_of_date,true,rank_uses_only_existing_local_price_volume_or_approved_snapshot_values_available_for_the_as_of_date
v1_3_candidate_ticker_mapping_period.v3,evidence_only_generated_artifact_not_for_valuation_scoring_trading_or_production_ranking,rolling_rank_slot_desc_average_traded_value_20d,2025-03-31,2026-05-13,2025-03-31,2026-05-12,2026-03-04,observed_local_daily_rank_date,full_local_kospi200_daily_universe_files,306,sc_v1_3_high_turnover,ee_v1_0_rc_sc_v1_3_high_turnover_1d_5101aca49335,1,highest_20d_average_traded_value_for_requested_as_of_date,005930,삼성전자,1,6509800960970.0,2026-01-30,2026-03-04,full_local_daily_price_close_times_volume_rolling_20d,data/005930_daily_prices.csv,1660343124672000,available_from_latest_approved_snapshot,2026-05-13,dynamic_full_local_universe_rank_slot_resolution_for_as_of_date,true,rank_uses_only_existing_local_price_volume_or_approved_snapshot_values_available_for_the_as_of_date
v1_3_candidate_ticker_mapping_period.v3,evidence_only_generated_artifact_not_for_valuation_scoring_trading_or_production_ranking,rolling_rank_slot_desc_average_traded_value_20d,2025-03-31,2026-05-13,2025-03-31,2026-05-12,2026-03-04,observed_local_daily_rank_date,full_local_kospi200_daily_universe_files,306,sc_v1_3_missing_liquidity,ee_v1_0_rc_sc_v1_3_missing_liquidity_1d_189794a48a70,2,next_highest_20d_average_traded_value_for_requested_as_of_date,000660,SK하이닉스,2,4619817608400.0,2026-01-30,2026-03-04,full_local_daily_price_close_times_volume_rolling_20d,data/000660_daily_prices.csv,1408299873240000,available_from_latest_approved_snapshot,2026-05-13,dynamic_full_local_universe_rank_slot_resolution_for_as_of_date,true,rank_uses_only_existing_local_price_volume_or_approved_snapshot_values_available_for_the_as_of_date
v1_3_candidate_ticker_mapping_period.v4,evidence_only_generated_artifact_not_for_valuation_scoring_trading_or_production_ranking,rolling_rank_slot_desc_average_traded_value_20d,2025-03-31,2026-05-13,2025-03-31,2026-05-12,2026-03-04,observed_local_daily_rank_date,full_local_kospi200_daily_universe_files,306,sc_v1_3_low_drag,ee_v1_0_rc_sc_v1_3_low_drag_1d_3955d197ec26,4,first_top5_supplemental_slot_with_complete_market_cap_and_liquidity_fields,034020,,4,723830538985.0,2026-01-30,2026-03-04,full_local_daily_price_close_times_volume_rolling_20d,data/034020_daily_prices.csv,,not_collected_for_full_local_universe_rank,,dynamic_full_local_universe_rank_slot_resolution_for_as_of_date,true,rank_uses_only_existing_local_price_volume_or_approved_snapshot_values_available_for_the_as_of_date
v1_3_candidate_ticker_mapping_period.v3,evidence_only_generated_artifact_not_for_valuation_scoring_trading_or_production_ranking,rolling_rank_slot_desc_average_traded_value_20d,2025-03-31,2026-05-13,2025-03-31,2026-05-12,2026-03-05,observed_local_daily_rank_date,full_local_kospi200_daily_universe_files,306,sc_v1_3_high_turnover,ee_v1_0_rc_sc_v1_3_high_turnover_1d_5101aca49335,1,highest_20d_average_traded_value_for_requested_as_of_date,005930,삼성전자,1,6701257349115.0,2026-02-02,2026-03-05,full_local_daily_price_close_times_volume_rolling_20d,data/005930_daily_prices.csv,1660343124672000,available_from_latest_approved_snapshot,2026-05-13,dynamic_full_local_universe_rank_slot_resolution_for_as_of_date,true,rank_uses_only_existing_local_price_volume_or_approved_snapshot_values_available_for_the_as_of_date
v1_3_candidate_ticker_mapping_period.v3,evidence_only_generated_artifact_not_for_valuation_scoring_trading_or_production_ranking,rolling_rank_slot_desc_average_traded_value_20d,2025-03-31,2026-05-13,2025-03-31,2026-05-12,2026-03-05,observed_local_daily_rank_date,full_local_kospi200_daily_universe_files,306,sc_v1_3_missing_liquidity,ee_v1_0_rc_sc_v1_3_missing_liquidity_1d_189794a48a70,2,next_highest_20d_average_traded_value_for_requested_as_of_date,000660,SK하이닉스,2,4565007691600.0,2026-02-02,2026-03-05,full_local_daily_price_close_times_volume_rolling_20d,data/000660_daily_prices.csv,1408299873240000,available_from_latest_approved_snapshot,2026-05-13,dynamic_full_local_universe_rank_slot_resolution_for_as_of_date,true,rank_uses_only_existing_local_price_volume_or_approved_snapshot_values_available_for_the_as_of_date
v1_3_candidate_ticker_mapping_period.v4,evidence_only_generated_artifact_not_for_valuation_scoring_trading_or_production_ranking,rolling_rank_slot_desc_average_traded_value_20d,2025-03-31,2026-05-13,2025-03-31,2026-05-12,2026-03-05,observed_local_daily_rank_date,full_local_kospi200_daily_universe_files,306,sc_v1_3_low_drag,ee_v1_0_rc_sc_v1_3_low_drag_1d_3955d197ec26,4,first_top5_supplemental_slot_with_complete_market_cap_and_liquidity_fields,034020,,4,722936961935.0,2026-02-02,2026-03-05,full_local_daily_price_close_times_volume_rolling_20d,data/034020_daily_prices.csv,,not_collected_for_full_local_universe_rank,,dynamic_full_local_universe_rank_slot_resolution_for_as_of_date,true,rank_uses_only_existing_local_price_volume_or_approved_snapshot_values_available_for_the_as_of_date
v1_3_candidate_ticker_mapping_period.v3,evidence_only_generated_artifact_not_for_valuation_scoring_trading_or_production_ranking,rolling_rank_slot_desc_average_traded_value_20d,2025-03-31,2026-05-13,2025-03-31,2026-05-12,2026-03-06,observed_local_daily_rank_date,full_local_kospi200_daily_universe_files,306,sc_v1_3_high_turnover,ee_v1_0_rc_sc_v1_3_high_turnover_1d_5101aca49335,1,highest_20d_average_traded_value_for_requested_as_of_date,005930,삼성전자,1,6680157750735.0,2026-02-03,2026-03-06,full_local_daily_price_close_times_volume_rolling_20d,data/005930_daily_prices.csv,1660343124672000,available_from_latest_approved_snapshot,2026-05-13,dynamic_full_local_universe_rank_slot_resolution_for_as_of_date,true,rank_uses_only_existing_local_price_volume_or_approved_snapshot_values_available_for_the_as_of_date
v1_3_candidate_ticker_mapping_period.v3,evidence_only_generated_artifact_not_for_valuation_scoring_trading_or_production_ranking,rolling_rank_slot_desc_average_traded_value_20d,2025-03-31,2026-05-13,2025-03-31,2026-05-12,2026-03-06,observed_local_daily_rank_date,full_local_kospi200_daily_universe_files,306,sc_v1_3_missing_liquidity,ee_v1_0_rc_sc_v1_3_missing_liquidity_1d_189794a48a70,2,next_highest_20d_average_traded_value_for_requested_as_of_date,000660,SK하이닉스,2,4421176441500.0,2026-02-03,2026-03-06,full_local_daily_price_close_times_volume_rolling_20d,data/000660_daily_prices.csv,1408299873240000,available_from_latest_approved_snapshot,2026-05-13,dynamic_full_local_universe_rank_slot_resolution_for_as_of_date,true,rank_uses_only_existing_local_price_volume_or_approved_snapshot_values_available_for_the_as_of_date
v1_3_candidate_ticker_mapping_period.v4,evidence_only_generated_artifact_not_for_valuation_scoring_trading_or_production_ranking,rolling_rank_slot_desc_average_traded_value_20d,2025-03-31,2026-05-13,2025-03-31,2026-05-12,2026-03-06,observed_local_daily_rank_date,full_local_kospi200_daily_universe_files,306,sc_v1_3_low_drag,ee_v1_0_rc_sc_v1_3_low_drag_1d_3955d197ec26,4,first_top5_supplemental_slot_with_complete_market_cap_and_liquidity_fields,034020,,4,732242330555.0,2026-02-03,2026-03-06,full_local_daily_price_close_times_volume_rolling_20d,data/034020_daily_prices.csv,,not_collected_for_full_local_universe_rank,,dynamic_full_local_universe_rank_slot_resolution_for_as_of_date,true,rank_uses_only_existing_local_price_volume_or_approved_snapshot_values_available_for_the_as_of_date
v1_3_candidate_ticker_mapping_period.v3,evidence_only_generated_artifact_not_for_valuation_scoring_trading_or_production_ranking,rolling_rank_slot_desc_average_traded_value_20d,2025-03-31,2026-05-13,2025-03-31,2026-05-12,2026-03-09,observed_local_daily_rank_date,full_local_kospi200_daily_universe_files,306,sc_v1_3_high_turnover,ee_v1_0_rc_sc_v1_3_high_turnover_1d_5101aca49335,1,highest_20d_average_traded_value_for_requested_as_of_date,005930,삼성전자,1,6747818290360.0,2026-02-04,2026-03-09,full_local_daily_price_close_times_volume_rolling_20d,data/005930_daily_prices.csv,1660343124672000,available_from_latest_approved_snapshot,2026-05-13,dynamic_full_local_universe_rank_slot_resolution_for_as_of_date,true,rank_uses_only_existing_local_price_volume_or_approved_snapshot_values_available_for_the_as_of_date
v1_3_candidate_ticker_mapping_period.v3,evidence_only_generated_artifact_not_for_valuation_scoring_trading_or_production_ranking,rolling_rank_slot_desc_average_traded_value_20d,2025-03-31,2026-05-13,2025-03-31,2026-05-12,2026-03-09,observed_local_daily_rank_date,full_local_kospi200_daily_universe_files,306,sc_v1_3_missing_liquidity,ee_v1_0_rc_sc_v1_3_missing_liquidity_1d_189794a48a70,2,next_highest_20d_average_traded_value_for_requested_as_of_date,000660,SK하이닉스,2,4485268201000.0,2026-02-04,2026-03-09,full_local_daily_price_close_times_volume_rolling_20d,data/000660_daily_prices.csv,1408299873240000,available_from_latest_approved_snapshot,2026-05-13,dynamic_full_local_universe_rank_slot_resolution_for_as_of_date,true,rank_uses_only_existing_local_price_volume_or_approved_snapshot_values_available_for_the_as_of_date
v1_3_candidate_ticker_mapping_period.v4,evidence_only_generated_artifact_not_for_valuation_scoring_trading_or_production_ranking,rolling_rank_slot_desc_average_traded_value_20d,2025-03-31,2026-05-13,2025-03-31,2026-05-12,2026-03-09,observed_local_daily_rank_date,full_local_kospi200_daily_universe_files,306,sc_v1_3_low_drag,ee_v1_0_rc_sc_v1_3_low_drag_1d_3955d197ec26,4,first_top5_supplemental_slot_with_complete_market_cap_and_liquidity_fields,034020,,4,749324536975.0,2026-02-04,2026-03-09,full_local_daily_price_close_times_volume_rolling_20d,data/034020_daily_prices.csv,,not_collected_for_full_local_universe_rank,,dynamic_full_local_universe_rank_slot_resolution_for_as_of_date,true,rank_uses_only_existing_local_price_volume_or_approved_snapshot_values_available_for_the_as_of_date
v1_3_candidate_ticker_mapping_period.v3,evidence_only_generated_artifact_not_for_valuation_scoring_trading_or_production_ranking,rolling_rank_slot_desc_average_traded_value_20d,2025-03-31,2026-05-13,2025-03-31,2026-05-12,2026-03-10,observed_local_daily_rank_date,full_local_kospi200_daily_universe_files,306,sc_v1_3_high_turnover,ee_v1_0_rc_sc_v1_3_high_turnover_1d_5101aca49335,1,highest_20d_average_traded_value_for_requested_as_of_date,005930,삼성전자,1,6809665817400.0,2026-02-05,2026-03-10,full_local_daily_price_close_times_volume_rolling_20d,data/005930_daily_prices.csv,1660343124672000,available_from_latest_approved_snapshot,2026-05-13,dynamic_full_local_universe_rank_slot_resolution_for_as_of_date,true,rank_uses_only_existing_local_price_volume_or_approved_snapshot_values_available_for_the_as_of_date
v1_3_candidate_ticker_mapping_period.v3,evidence_only_generated_artifact_not_for_valuation_scoring_trading_or_production_ranking,rolling_rank_slot_desc_average_traded_value_20d,2025-03-31,2026-05-13,2025-03-31,2026-05-12,2026-03-10,observed_local_daily_rank_date,full_local_kospi200_daily_universe_files,306,sc_v1_3_missing_liquidity,ee_v1_0_rc_sc_v1_3_missing_liquidity_1d_189794a48a70,2,next_highest_20d_average_traded_value_for_requested_as_of_date,000660,SK하이닉스,2,4563033535300.0,2026-02-05,2026-03-10,full_local_daily_price_close_times_volume_rolling_20d,data/000660_daily_prices.csv,1408299873240000,available_from_latest_approved_snapshot,2026-05-13,dynamic_full_local_universe_rank_slot_resolution_for_as_of_date,true,rank_uses_only_existing_local_price_volume_or_approved_snapshot_values_available_for_the_as_of_date
v1_3_candidate_ticker_mapping_period.v4,evidence_only_generated_artifact_not_for_valuation_scoring_trading_or_production_ranking,rolling_rank_slot_desc_average_traded_value_20d,2025-03-31,2026-05-13,2025-03-31,2026-05-12,2026-03-10,observed_local_daily_rank_date,full_local_kospi200_daily_universe_files,306,sc_v1_3_low_drag,ee_v1_0_rc_sc_v1_3_low_drag_1d_3955d197ec26,4,first_top5_supplemental_slot_with_complete_market_cap_and_liquidity_fields,034020,,4,744803360000.0,2026-02-05,2026-03-10,full_local_daily_price_close_times_volume_rolling_20d,data/034020_daily_prices.csv,,not_collected_for_full_local_universe_rank,,dynamic_full_local_universe_rank_slot_resolution_for_as_of_date,true,rank_uses_only_existing_local_price_volume_or_approved_snapshot_values_available_for_the_as_of_date
v1_3_candidate_ticker_mapping_period.v3,evidence_only_generated_artifact_not_for_valuation_scoring_trading_or_production_ranking,rolling_rank_slot_desc_average_traded_value_20d,2025-03-31,2026-05-13,2025-03-31,2026-05-12,2026-03-11,observed_local_daily_rank_date,full_local_kospi200_daily_universe_files,306,sc_v1_3_high_turnover,ee_v1_0_rc_sc_v1_3_high_turnover_1d_5101aca49335,1,highest_20d_average_traded_value_for_requested_as_of_date,005930,삼성전자,1,6734487108380.0,2026-02-06,2026-03-11,full_local_daily_price_close_times_volume_rolling_20d,data/005930_daily_prices.csv,1660343124672000,available_from_latest_approved_snapshot,2026-05-13,dynamic_full_local_universe_rank_slot_resolution_for_as_of_date,true,rank_uses_only_existing_local_price_volume_or_approved_snapshot_values_available_for_the_as_of_date
v1_3_candidate_ticker_mapping_period.v3,evidence_only_generated_artifact_not_for_valuation_scoring_trading_or_production_ranking,rolling_rank_slot_desc_average_traded_value_20d,2025-03-31,2026-05-13,2025-03-31,2026-05-12,2026-03-11,observed_local_daily_rank_date,full_local_kospi200_daily_universe_files,306,sc_v1_3_missing_liquidity,ee_v1_0_rc_sc_v1_3_missing_liquidity_1d_189794a48a70,2,next_highest_20d_average_traded_value_for_requested_as_of_date,000660,SK하이닉스,2,4519583602800.0,2026-02-06,2026-03-11,full_local_daily_price_close_times_volume_rolling_20d,data/000660_daily_prices.csv,1408299873240000,available_from_latest_approved_snapshot,2026-05-13,dynamic_full_local_universe_rank_slot_resolution_for_as_of_date,true,rank_uses_only_existing_local_price_volume_or_approved_snapshot_values_available_for_the_as_of_date
v1_3_candidate_ticker_mapping_period.v4,evidence_only_generated_artifact_not_for_valuation_scoring_trading_or_production_ranking,rolling_rank_slot_desc_average_traded_value_20d,2025-03-31,2026-05-13,2025-03-31,2026-05-12,2026-03-11,observed_local_daily_rank_date,full_local_kospi200_daily_universe_files,306,sc_v1_3_low_drag,ee_v1_0_rc_sc_v1_3_low_drag_1d_3955d197ec26,4,first_top5_supplemental_slot_with_complete_market_cap_and_liquidity_fields,034020,,4,741222000750.0,2026-02-06,2026-03-11,full_local_daily_price_close_times_volume_rolling_20d,data/034020_daily_prices.csv,,not_collected_for_full_local_universe_rank,,dynamic_full_local_universe_rank_slot_resolution_for_as_of_date,true,rank_uses_only_existing_local_price_volume_or_approved_snapshot_values_available_for_the_as_of_date
v1_3_candidate_ticker_mapping_period.v3,evidence_only_generated_artifact_not_for_valuation_scoring_trading_or_production_ranking,rolling_rank_slot_desc_average_traded_value_20d,2025-03-31,2026-05-13,2025-03-31,2026-05-12,2026-03-12,observed_local_daily_rank_date,full_local_kospi200_daily_universe_files,306,sc_v1_3_high_turnover,ee_v1_0_rc_sc_v1_3_high_turnover_1d_5101aca49335,1,highest_20d_average_traded_value_for_requested_as_of_date,005930,삼성전자,1,6638208400485.0,2026-02-09,2026-03-12,full_local_daily_price_close_times_volume_rolling_20d,data/005930_daily_prices.csv,1660343124672000,available_from_latest_approved_snapshot,2026-05-13,dynamic_full_local_universe_rank_slot_resolution_for_as_of_date,true,rank_uses_only_existing_local_price_volume_or_approved_snapshot_values_available_for_the_as_of_date
v1_3_candidate_ticker_mapping_period.v3,evidence_only_generated_artifact_not_for_valuation_scoring_trading_or_production_ranking,rolling_rank_slot_desc_average_traded_value_20d,2025-03-31,2026-05-13,2025-03-31,2026-05-12,2026-03-12,observed_local_daily_rank_date,full_local_kospi200_daily_universe_files,306,sc_v1_3_missing_liquidity,ee_v1_0_rc_sc_v1_3_missing_liquidity_1d_189794a48a70,2,next_highest_20d_average_traded_value_for_requested_as_of_date,000660,SK하이닉스,2,4458032576500.0,2026-02-09,2026-03-12,full_local_daily_price_close_times_volume_rolling_20d,data/000660_daily_prices.csv,1408299873240000,available_from_latest_approved_snapshot,2026-05-13,dynamic_full_local_universe_rank_slot_resolution_for_as_of_date,true,rank_uses_only_existing_local_price_volume_or_approved_snapshot_values_available_for_the_as_of_date
v1_3_candidate_ticker_mapping_period.v4,evidence_only_generated_artifact_not_for_valuation_scoring_trading_or_production_ranking,rolling_rank_slot_desc_average_traded_value_20d,2025-03-31,2026-05-13,2025-03-31,2026-05-12,2026-03-12,observed_local_daily_rank_date,full_local_kospi200_daily_universe_files,306,sc_v1_3_low_drag,ee_v1_0_rc_sc_v1_3_low_drag_1d_3955d197ec26,4,first_top5_supplemental_slot_with_complete_market_cap_and_liquidity_fields,034020,,4,740468742375.0,2026-02-09,2026-03-12,full_local_daily_price_close_times_volume_rolling_20d,data/034020_daily_prices.csv,,not_collected_for_full_local_universe_rank,,dynamic_full_local_universe_rank_slot_resolution_for_as_of_date,true,rank_uses_only_existing_local_price_volume_or_approved_snapshot_values_available_for_the_as_of_date
v1_3_candidate_ticker_mapping_period.v3,evidence_only_generated_artifact_not_for_valuation_scoring_trading_or_production_ranking,rolling_rank_slot_desc_average_traded_value_20d,2025-03-31,2026-05-13,2025-03-31,2026-05-12,2026-03-13,observed_local_daily_rank_date,full_local_kospi200_daily_universe_files,306,sc_v1_3_high_turnover,ee_v1_0_rc_sc_v1_3_high_turnover_1d_5101aca49335,1,highest_20d_average_traded_value_for_requested_as_of_date,005930,삼성전자,1,6608906048690.0,2026-02-10,2026-03-13,full_local_daily_price_close_times_volume_rolling_20d,data/005930_daily_prices.csv,1660343124672000,available_from_latest_approved_snapshot,2026-05-13,dynamic_full_local_universe_rank_slot_resolution_for_as_of_date,true,rank_uses_only_existing_local_price_volume_or_approved_snapshot_values_available_for_the_as_of_date
v1_3_candidate_ticker_mapping_period.v3,evidence_only_generated_artifact_not_for_valuation_scoring_trading_or_production_ranking,rolling_rank_slot_desc_average_traded_value_20d,2025-03-31,2026-05-13,2025-03-31,2026-05-12,2026-03-13,observed_local_daily_rank_date,full_local_kospi200_daily_universe_files,306,sc_v1_3_missing_liquidity,ee_v1_0_rc_sc_v1_3_missing_liquidity_1d_189794a48a70,2,next_highest_20d_average_traded_value_for_requested_as_of_date,000660,SK하이닉스,2,4436347017100.0,2026-02-10,2026-03-13,full_local_daily_price_close_times_volume_rolling_20d,data/000660_daily_prices.csv,1408299873240000,available_from_latest_approved_snapshot,2026-05-13,dynamic_full_local_universe_rank_slot_resolution_for_as_of_date,true,rank_uses_only_existing_local_price_volume_or_approved_snapshot_values_available_for_the_as_of_date
v1_3_candidate_ticker_mapping_period.v4,evidence_only_generated_artifact_not_for_valuation_scoring_trading_or_production_ranking,rolling_rank_slot_desc_average_traded_value_20d,2025-03-31,2026-05-13,2025-03-31,2026-05-12,2026-03-13,observed_local_daily_rank_date,full_local_kospi200_daily_universe_files,306,sc_v1_3_low_drag,ee_v1_0_rc_sc_v1_3_low_drag_1d_3955d197ec26,4,first_top5_supplemental_slot_with_complete_market_cap_and_liquidity_fields,034020,,4,743757009660.0,2026-02-10,2026-03-13,full_local_daily_price_close_times_volume_rolling_20d,data/034020_daily_prices.csv,,not_collected_for_full_local_universe_rank,,dynamic_full_local_universe_rank_slot_resolution_for_as_of_date,true,rank_uses_only_existing_local_price_volume_or_approved_snapshot_values_available_for_the_as_of_date
v1_3_candidate_ticker_mapping_period.v3,evidence_only_generated_artifact_not_for_valuation_scoring_trading_or_production_ranking,rolling_rank_slot_desc_average_traded_value_20d,2025-03-31,2026-05-13,2025-03-31,2026-05-12,2026-03-16,observed_local_daily_rank_date,full_local_kospi200_daily_universe_files,306,sc_v1_3_high_turnover,ee_v1_0_rc_sc_v1_3_high_turnover_1d_5101aca49335,1,highest_20d_average_traded_value_for_requested_as_of_date,005930,삼성전자,1,6634653792485.0,2026-02-11,2026-03-16,full_local_daily_price_close_times_volume_rolling_20d,data/005930_daily_prices.csv,1660343124672000,available_from_latest_approved_snapshot,2026-05-13,dynamic_full_local_universe_rank_slot_resolution_for_as_of_date,true,rank_uses_only_existing_local_price_volume_or_approved_snapshot_values_available_for_the_as_of_date
v1_3_candidate_ticker_mapping_period.v3,evidence_only_generated_artifact_not_for_valuation_scoring_trading_or_production_ranking,rolling_rank_slot_desc_average_traded_value_20d,2025-03-31,2026-05-13,2025-03-31,2026-05-12,2026-03-16,observed_local_daily_rank_date,full_local_kospi200_daily_universe_files,306,sc_v1_3_missing_liquidity,ee_v1_0_rc_sc_v1_3_missing_liquidity_1d_189794a48a70,2,next_highest_20d_average_traded_value_for_requested_as_of_date,000660,SK하이닉스,2,4472111159700.0,2026-02-11,2026-03-16,full_local_daily_price_close_times_volume_rolling_20d,data/000660_daily_prices.csv,1408299873240000,available_from_latest_approved_snapshot,2026-05-13,dynamic_full_local_universe_rank_slot_resolution_for_as_of_date,true,rank_uses_only_existing_local_price_volume_or_approved_snapshot_values_available_for_the_as_of_date
v1_3_candidate_ticker_mapping_period.v4,evidence_only_generated_artifact_not_for_valuation_scoring_trading_or_production_ranking,rolling_rank_slot_desc_average_traded_value_20d,2025-03-31,2026-05-13,2025-03-31,2026-05-12,2026-03-16,observed_local_daily_rank_date,full_local_kospi200_daily_universe_files,306,sc_v1_3_low_drag,ee_v1_0_rc_sc_v1_3_low_drag_1d_3955d197ec26,4,first_top5_supplemental_slot_with_complete_market_cap_and_liquidity_fields,034020,,4,755888362250.0,2026-02-11,2026-03-16,full_local_daily_price_close_times_volume_rolling_20d,data/034020_daily_prices.csv,,not_collected_for_full_local_universe_rank,,dynamic_full_local_universe_rank_slot_resolution_for_as_of_date,true,rank_uses_only_existing_local_price_volume_or_approved_snapshot_values_available_for_the_as_of_date
v1_3_candidate_ticker_mapping_period.v3,evidence_only_generated_artifact_not_for_valuation_scoring_trading_or_production_ranking,rolling_rank_slot_desc_average_traded_value_20d,2025-03-31,2026-05-13,2025-03-31,2026-05-12,2026-03-17,observed_local_daily_rank_date,full_local_kospi200_daily_universe_files,306,sc_v1_3_high_turnover,ee_v1_0_rc_sc_v1_3_high_turnover_1d_5101aca49335,1,highest_20d_average_traded_value_for_requested_as_of_date,005930,삼성전자,1,6640504657095.0,2026-02-12,2026-03-17,full_local_daily_price_close_times_volume_rolling_20d,data/005930_daily_prices.csv,1660343124672000,available_from_latest_approved_snapshot,2026-05-13,dynamic_full_local_universe_rank_slot_resolution_for_as_of_date,true,rank_uses_only_existing_local_price_volume_or_approved_snapshot_values_available_for_the_as_of_date
v1_3_candidate_ticker_mapping_period.v3,evidence_only_generated_artifact_not_for_valuation_scoring_trading_or_production_ranking,rolling_rank_slot_desc_average_traded_value_20d,2025-03-31,2026-05-13,2025-03-31,2026-05-12,2026-03-17,observed_local_daily_rank_date,full_local_kospi200_daily_universe_files,306,sc_v1_3_missing_liquidity,ee_v1_0_rc_sc_v1_3_missing_liquidity_1d_189794a48a70,2,next_highest_20d_average_traded_value_for_requested_as_of_date,000660,SK하이닉스,2,4499033429700.0,2026-02-12,2026-03-17,full_local_daily_price_close_times_volume_rolling_20d,data/000660_daily_prices.csv,1408299873240000,available_from_latest_approved_snapshot,2026-05-13,dynamic_full_local_universe_rank_slot_resolution_for_as_of_date,true,rank_uses_only_existing_local_price_volume_or_approved_snapshot_values_available_for_the_as_of_date
v1_3_candidate_ticker_mapping_period.v4,evidence_only_generated_artifact_not_for_valuation_scoring_trading_or_production_ranking,rolling_rank_slot_desc_average_traded_value_20d,2025-03-31,2026-05-13,2025-03-31,2026-05-12,2026-03-17,observed_local_daily_rank_date,full_local_kospi200_daily_universe_files,306,sc_v1_3_low_drag,ee_v1_0_rc_sc_v1_3_low_drag_1d_3955d197ec26,4,first_top5_supplemental_slot_with_complete_market_cap_and_liquidity_fields,034020,,4,743856818425.0,2026-02-12,2026-03-17,full_local_daily_price_close_times_volume_rolling_20d,data/034020_daily_prices.csv,,not_collected_for_full_local_universe_rank,,dynamic_full_local_universe_rank_slot_resolution_for_as_of_date,true,rank_uses_only_existing_local_price_volume_or_approved_snapshot_values_available_for_the_as_of_date
v1_3_candidate_ticker_mapping_period.v3,evidence_only_generated_artifact_not_for_valuation_scoring_trading_or_production_ranking,rolling_rank_slot_desc_average_traded_value_20d,2025-03-31,2026-05-13,2025-03-31,2026-05-12,2026-03-18,observed_local_daily_rank_date,full_local_kospi200_daily_universe_files,306,sc_v1_3_high_turnover,ee_v1_0_rc_sc_v1_3_high_turnover_1d_5101aca49335,1,highest_20d_average_traded_value_for_requested_as_of_date,005930,삼성전자,1,6533904193290.0,2026-02-13,2026-03-18,full_local_daily_price_close_times_volume_rolling_20d,data/005930_daily_prices.csv,1660343124672000,available_from_latest_approved_snapshot,2026-05-13,dynamic_full_local_universe_rank_slot_resolution_for_as_of_date,true,rank_uses_only_existing_local_price_volume_or_approved_snapshot_values_available_for_the_as_of_date
v1_3_candidate_ticker_mapping_period.v3,evidence_only_generated_artifact_not_for_valuation_scoring_trading_or_production_ranking,rolling_rank_slot_desc_average_traded_value_20d,2025-03-31,2026-05-13,2025-03-31,2026-05-12,2026-03-18,observed_local_daily_rank_date,full_local_kospi200_daily_universe_files,306,sc_v1_3_missing_liquidity,ee_v1_0_rc_sc_v1_3_missing_liquidity_1d_189794a48a70,2,next_highest_20d_average_traded_value_for_requested_as_of_date,000660,SK하이닉스,2,4523502831300.0,2026-02-13,2026-03-18,full_local_daily_price_close_times_volume_rolling_20d,data/000660_daily_prices.csv,1408299873240000,available_from_latest_approved_snapshot,2026-05-13,dynamic_full_local_universe_rank_slot_resolution_for_as_of_date,true,rank_uses_only_existing_local_price_volume_or_approved_snapshot_values_available_for_the_as_of_date
v1_3_candidate_ticker_mapping_period.v4,evidence_only_generated_artifact_not_for_valuation_scoring_trading_or_production_ranking,rolling_rank_slot_desc_average_traded_value_20d,2025-03-31,2026-05-13,2025-03-31,2026-05-12,2026-03-18,observed_local_daily_rank_date,full_local_kospi200_daily_universe_files,306,sc_v1_3_low_drag,ee_v1_0_rc_sc_v1_3_low_drag_1d_3955d197ec26,4,first_top5_supplemental_slot_with_complete_market_cap_and_liquidity_fields,034020,,4,735784055220.0,2026-02-13,2026-03-18,full_local_daily_price_close_times_volume_rolling_20d,data/034020_daily_prices.csv,,not_collected_for_full_local_universe_rank,,dynamic_full_local_universe_rank_slot_resolution_for_as_of_date,true,rank_uses_only_existing_local_price_volume_or_approved_snapshot_values_available_for_the_as_of_date
v1_3_candidate_ticker_mapping_period.v3,evidence_only_generated_artifact_not_for_valuation_scoring_trading_or_production_ranking,rolling_rank_slot_desc_average_traded_value_20d,2025-03-31,2026-05-13,2025-03-31,2026-05-12,2026-03-19,observed_local_daily_rank_date,full_local_kospi200_daily_universe_files,306,sc_v1_3_high_turnover,ee_v1_0_rc_sc_v1_3_high_turnover_1d_5101aca49335,1,highest_20d_average_traded_value_for_requested_as_of_date,005930,삼성전자,1,6421091155845.0,2026-02-19,2026-03-19,full_local_daily_price_close_times_volume_rolling_20d,data/005930_daily_prices.csv,1660343124672000,available_from_latest_approved_snapshot,2026-05-13,dynamic_full_local_universe_rank_slot_resolution_for_as_of_date,true,rank_uses_only_existing_local_price_volume_or_approved_snapshot_values_available_for_the_as_of_date
v1_3_candidate_ticker_mapping_period.v3,evidence_only_generated_artifact_not_for_valuation_scoring_trading_or_production_ranking,rolling_rank_slot_desc_average_traded_value_20d,2025-03-31,2026-05-13,2025-03-31,2026-05-12,2026-03-19,observed_local_daily_rank_date,full_local_kospi200_daily_universe_files,306,sc_v1_3_missing_liquidity,ee_v1_0_rc_sc_v1_3_missing_liquidity_1d_189794a48a70,2,next_highest_20d_average_traded_value_for_requested_as_of_date,000660,SK하이닉스,2,4537554777250.0,2026-02-19,2026-03-19,full_local_daily_price_close_times_volume_rolling_20d,data/000660_daily_prices.csv,1408299873240000,available_from_latest_approved_snapshot,2026-05-13,dynamic_full_local_universe_rank_slot_resolution_for_as_of_date,true,rank_uses_only_existing_local_price_volume_or_approved_snapshot_values_available_for_the_as_of_date
v1_3_candidate_ticker_mapping_period.v4,evidence_only_generated_artifact_not_for_valuation_scoring_trading_or_production_ranking,rolling_rank_slot_desc_average_traded_value_20d,2025-03-31,2026-05-13,2025-03-31,2026-05-12,2026-03-19,observed_local_daily_rank_date,full_local_kospi200_daily_universe_files,306,sc_v1_3_low_drag,ee_v1_0_rc_sc_v1_3_low_drag_1d_3955d197ec26,4,first_top5_supplemental_slot_with_complete_market_cap_and_liquidity_fields,034020,,4,669067227855.0,2026-02-19,2026-03-19,full_local_daily_price_close_times_volume_rolling_20d,data/034020_daily_prices.csv,,not_collected_for_full_local_universe_rank,,dynamic_full_local_universe_rank_slot_resolution_for_as_of_date,true,rank_uses_only_existing_local_price_volume_or_approved_snapshot_values_available_for_the_as_of_date
v1_3_candidate_ticker_mapping_period.v3,evidence_only_generated_artifact_not_for_valuation_scoring_trading_or_production_ranking,rolling_rank_slot_desc_average_traded_value_20d,2025-03-31,2026-05-13,2025-03-31,2026-05-12,2026-03-20,observed_local_daily_rank_date,full_local_kospi200_daily_universe_files,306,sc_v1_3_high_turnover,ee_v1_0_rc_sc_v1_3_high_turnover_1d_5101aca49335,1,highest_20d_average_traded_value_for_requested_as_of_date,005930,삼성전자,1,6515861196985.0,2026-02-20,2026-03-20,full_local_daily_price_close_times_volume_rolling_20d,data/005930_daily_prices.csv,1660343124672000,available_from_latest_approved_snapshot,2026-05-13,dynamic_full_local_universe_rank_slot_resolution_for_as_of_date,true,rank_uses_only_existing_local_price_volume_or_approved_snapshot_values_available_for_the_as_of_date
v1_3_candidate_ticker_mapping_period.v3,evidence_only_generated_artifact_not_for_valuation_scoring_trading_or_production_ranking,rolling_rank_slot_desc_average_traded_value_20d,2025-03-31,2026-05-13,2025-03-31,2026-05-12,2026-03-20,observed_local_daily_rank_date,full_local_kospi200_daily_universe_files,306,sc_v1_3_missing_liquidity,ee_v1_0_rc_sc_v1_3_missing_liquidity_1d_189794a48a70,2,next_highest_20d_average_traded_value_for_requested_as_of_date,000660,SK하이닉스,2,4563242031050.0,2026-02-20,2026-03-20,full_local_daily_price_close_times_volume_rolling_20d,data/000660_daily_prices.csv,1408299873240000,available_from_latest_approved_snapshot,2026-05-13,dynamic_full_local_universe_rank_slot_resolution_for_as_of_date,true,rank_uses_only_existing_local_price_volume_or_approved_snapshot_values_available_for_the_as_of_date
v1_3_candidate_ticker_mapping_period.v4,evidence_only_generated_artifact_not_for_valuation_scoring_trading_or_production_ranking,rolling_rank_slot_desc_average_traded_value_20d,2025-03-31,2026-05-13,2025-03-31,2026-05-12,2026-03-20,observed_local_daily_rank_date,full_local_kospi200_daily_universe_files,306,sc_v1_3_low_drag,ee_v1_0_rc_sc_v1_3_low_drag_1d_3955d197ec26,4,first_top5_supplemental_slot_with_complete_market_cap_and_liquidity_fields,034020,,4,688544139335.0,2026-02-20,2026-03-20,full_local_daily_price_close_times_volume_rolling_20d,data/034020_daily_prices.csv,,not_collected_for_full_local_universe_rank,,dynamic_full_local_universe_rank_slot_resolution_for_as_of_date,true,rank_uses_only_existing_local_price_volume_or_approved_snapshot_values_available_for_the_as_of_date
v1_3_candidate_ticker_mapping_period.v3,evidence_only_generated_artifact_not_for_valuation_scoring_trading_or_production_ranking,rolling_rank_slot_desc_average_traded_value_20d,2025-03-31,2026-05-13,2025-03-31,2026-05-12,2026-03-23,observed_local_daily_rank_date,full_local_kospi200_daily_universe_files,306,sc_v1_3_high_turnover,ee_v1_0_rc_sc_v1_3_high_turnover_1d_5101aca49335,1,highest_20d_average_traded_value_for_requested_as_of_date,005930,삼성전자,1,6567656299080.0,2026-02-23,2026-03-23,full_local_daily_price_close_times_volume_rolling_20d,data/005930_daily_prices.csv,1660343124672000,available_from_latest_approved_snapshot,2026-05-13,dynamic_full_local_universe_rank_slot_resolution_for_as_of_date,true,rank_uses_only_existing_local_price_volume_or_approved_snapshot_values_available_for_the_as_of_date
v1_3_candidate_ticker_mapping_period.v3,evidence_only_generated_artifact_not_for_valuation_scoring_trading_or_production_ranking,rolling_rank_slot_desc_average_traded_value_20d,2025-03-31,2026-05-13,2025-03-31,2026-05-12,2026-03-23,observed_local_daily_rank_date,full_local_kospi200_daily_universe_files,306,sc_v1_3_missing_liquidity,ee_v1_0_rc_sc_v1_3_missing_liquidity_1d_189794a48a70,2,next_highest_20d_average_traded_value_for_requested_as_of_date,000660,SK하이닉스,2,4505900006650.0,2026-02-23,2026-03-23,full_local_daily_price_close_times_volume_rolling_20d,data/000660_daily_prices.csv,1408299873240000,available_from_latest_approved_snapshot,2026-05-13,dynamic_full_local_universe_rank_slot_resolution_for_as_of_date,true,rank_uses_only_existing_local_price_volume_or_approved_snapshot_values_available_for_the_as_of_date
v1_3_candidate_ticker_mapping_period.v4,evidence_only_generated_artifact_not_for_valuation_scoring_trading_or_production_ranking,rolling_rank_slot_desc_average_traded_value_20d,2025-03-31,2026-05-13,2025-03-31,2026-05-12,2026-03-23,observed_local_daily_rank_date,full_local_kospi200_daily_universe_files,306,sc_v1_3_low_drag,ee_v1_0_rc_sc_v1_3_low_drag_1d_3955d197ec26,4,first_top5_supplemental_slot_with_complete_market_cap_and_liquidity_fields,034020,,4,656427231735.0,2026-02-23,2026-03-23,full_local_daily_price_close_times_volume_rolling_20d,data/034020_daily_prices.csv,,not_collected_for_full_local_universe_rank,,dynamic_full_local_universe_rank_slot_resolution_for_as_of_date,true,rank_uses_only_existing_local_price_volume_or_approved_snapshot_values_available_for_the_as_of_date
v1_3_candidate_ticker_mapping_period.v3,evidence_only_generated_artifact_not_for_valuation_scoring_trading_or_production_ranking,rolling_rank_slot_desc_average_traded_value_20d,2025-03-31,2026-05-13,2025-03-31,2026-05-12,2026-03-24,observed_local_daily_rank_date,full_local_kospi200_daily_universe_files,306,sc_v1_3_high_turnover,ee_v1_0_rc_sc_v1_3_high_turnover_1d_5101aca49335,1,highest_20d_average_traded_value_for_requested_as_of_date,005930,삼성전자,1,6554714897770.0,2026-02-24,2026-03-24,full_local_daily_price_close_times_volume_rolling_20d,data/005930_daily_prices.csv,1660343124672000,available_from_latest_approved_snapshot,2026-05-13,dynamic_full_local_universe_rank_slot_resolution_for_as_of_date,true,rank_uses_only_existing_local_price_volume_or_approved_snapshot_values_available_for_the_as_of_date
v1_3_candidate_ticker_mapping_period.v3,evidence_only_generated_artifact_not_for_valuation_scoring_trading_or_production_ranking,rolling_rank_slot_desc_average_traded_value_20d,2025-03-31,2026-05-13,2025-03-31,2026-05-12,2026-03-24,observed_local_daily_rank_date,full_local_kospi200_daily_universe_files,306,sc_v1_3_missing_liquidity,ee_v1_0_rc_sc_v1_3_missing_liquidity_1d_189794a48a70,2,next_highest_20d_average_traded_value_for_requested_as_of_date,000660,SK하이닉스,2,4552900273400.0,2026-02-24,2026-03-24,full_local_daily_price_close_times_volume_rolling_20d,data/000660_daily_prices.csv,1408299873240000,available_from_latest_approved_snapshot,2026-05-13,dynamic_full_local_universe_rank_slot_resolution_for_as_of_date,true,rank_uses_only_existing_local_price_volume_or_approved_snapshot_values_available_for_the_as_of_date
v1_3_candidate_ticker_mapping_period.v4,evidence_only_generated_artifact_not_for_valuation_scoring_trading_or_production_ranking,rolling_rank_slot_desc_average_traded_value_20d,2025-03-31,2026-05-13,2025-03-31,2026-05-12,2026-03-24,observed_local_daily_rank_date,full_local_kospi200_daily_universe_files,306,sc_v1_3_low_drag,ee_v1_0_rc_sc_v1_3_low_drag_1d_3955d197ec26,4,first_top5_supplemental_slot_with_complete_market_cap_and_liquidity_fields,034020,,4,653655786655.0,2026-02-24,2026-03-24,full_local_daily_price_close_times_volume_rolling_20d,data/034020_daily_prices.csv,,not_collected_for_full_local_universe_rank,,dynamic_full_local_universe_rank_slot_resolution_for_as_of_date,true,rank_uses_only_existing_local_price_volume_or_approved_snapshot_values_available_for_the_as_of_date
v1_3_candidate_ticker_mapping_period.v3,evidence_only_generated_artifact_not_for_valuation_scoring_trading_or_production_ranking,rolling_rank_slot_desc_average_traded_value_20d,2025-03-31,2026-05-13,2025-03-31,2026-05-12,2026-03-25,observed_local_daily_rank_date,full_local_kospi200_daily_universe_files,306,sc_v1_3_high_turnover,ee_v1_0_rc_sc_v1_3_high_turnover_1d_5101aca49335,1,highest_20d_average_traded_value_for_requested_as_of_date,005930,삼성전자,1,6491420020570.0,2026-02-25,2026-03-25,full_local_daily_price_close_times_volume_rolling_20d,data/005930_daily_prices.csv,1660343124672000,available_from_latest_approved_snapshot,2026-05-13,dynamic_full_local_universe_rank_slot_resolution_for_as_of_date,true,rank_uses_only_existing_local_price_volume_or_approved_snapshot_values_available_for_the_as_of_date
v1_3_candidate_ticker_mapping_period.v3,evidence_only_generated_artifact_not_for_valuation_scoring_trading_or_production_ranking,rolling_rank_slot_desc_average_traded_value_20d,2025-03-31,2026-05-13,2025-03-31,2026-05-12,2026-03-25,observed_local_daily_rank_date,full_local_kospi200_daily_universe_files,306,sc_v1_3_missing_liquidity,ee_v1_0_rc_sc_v1_3_missing_liquidity_1d_189794a48a70,2,next_highest_20d_average_traded_value_for_requested_as_of_date,000660,SK하이닉스,2,4568833060650.0,2026-02-25,2026-03-25,full_local_daily_price_close_times_volume_rolling_20d,data/000660_daily_prices.csv,1408299873240000,available_from_latest_approved_snapshot,2026-05-13,dynamic_full_local_universe_rank_slot_resolution_for_as_of_date,true,rank_uses_only_existing_local_price_volume_or_approved_snapshot_values_available_for_the_as_of_date
v1_3_candidate_ticker_mapping_period.v4,evidence_only_generated_artifact_not_for_valuation_scoring_trading_or_production_ranking,rolling_rank_slot_desc_average_traded_value_20d,2025-03-31,2026-05-13,2025-03-31,2026-05-12,2026-03-25,observed_local_daily_rank_date,full_local_kospi200_daily_universe_files,306,sc_v1_3_low_drag,ee_v1_0_rc_sc_v1_3_low_drag_1d_3955d197ec26,4,first_top5_supplemental_slot_with_complete_market_cap_and_liquidity_fields,034020,,4,650386830790.0,2026-02-25,2026-03-25,full_local_daily_price_close_times_volume_rolling_20d,data/034020_daily_prices.csv,,not_collected_for_full_local_universe_rank,,dynamic_full_local_universe_rank_slot_resolution_for_as_of_date,true,rank_uses_only_existing_local_price_volume_or_approved_snapshot_values_available_for_the_as_of_date
v1_3_candidate_ticker_mapping_period.v3,evidence_only_generated_artifact_not_for_valuation_scoring_trading_or_production_ranking,rolling_rank_slot_desc_average_traded_value_20d,2025-03-31,2026-05-13,2025-03-31,2026-05-12,2026-03-26,observed_local_daily_rank_date,full_local_kospi200_daily_universe_files,306,sc_v1_3_high_turnover,ee_v1_0_rc_sc_v1_3_high_turnover_1d_5101aca49335,1,highest_20d_average_traded_value_for_requested_as_of_date,005930,삼성전자,1,6505644710925.0,2026-02-26,2026-03-26,full_local_daily_price_close_times_volume_rolling_20d,data/005930_daily_prices.csv,1660343124672000,available_from_latest_approved_snapshot,2026-05-13,dynamic_full_local_universe_rank_slot_resolution_for_as_of_date,true,rank_uses_only_existing_local_price_volume_or_approved_snapshot_values_available_for_the_as_of_date
v1_3_candidate_ticker_mapping_period.v3,evidence_only_generated_artifact_not_for_valuation_scoring_trading_or_production_ranking,rolling_rank_slot_desc_average_traded_value_20d,2025-03-31,2026-05-13,2025-03-31,2026-05-12,2026-03-26,observed_local_daily_rank_date,full_local_kospi200_daily_universe_files,306,sc_v1_3_missing_liquidity,ee_v1_0_rc_sc_v1_3_missing_liquidity_1d_189794a48a70,2,next_highest_20d_average_traded_value_for_requested_as_of_date,000660,SK하이닉스,2,4610008461150.0,2026-02-26,2026-03-26,full_local_daily_price_close_times_volume_rolling_20d,data/000660_daily_prices.csv,1408299873240000,available_from_latest_approved_snapshot,2026-05-13,dynamic_full_local_universe_rank_slot_resolution_for_as_of_date,true,rank_uses_only_existing_local_price_volume_or_approved_snapshot_values_available_for_the_as_of_date
v1_3_candidate_ticker_mapping_period.v4,evidence_only_generated_artifact_not_for_valuation_scoring_trading_or_production_ranking,rolling_rank_slot_desc_average_traded_value_20d,2025-03-31,2026-05-13,2025-03-31,2026-05-12,2026-03-26,observed_local_daily_rank_date,full_local_kospi200_daily_universe_files,306,sc_v1_3_low_drag,ee_v1_0_rc_sc_v1_3_low_drag_1d_3955d197ec26,4,first_top5_supplemental_slot_with_complete_market_cap_and_liquidity_fields,034020,,4,641778038660.0,2026-02-26,2026-03-26,full_local_daily_price_close_times_volume_rolling_20d,data/034020_daily_prices.csv,,not_collected_for_full_local_universe_rank,,dynamic_full_local_universe_rank_slot_resolution_for_as_of_date,true,rank_uses_only_existing_local_price_volume_or_approved_snapshot_values_available_for_the_as_of_date
v1_3_candidate_ticker_mapping_period.v3,evidence_only_generated_artifact_not_for_valuation_scoring_trading_or_production_ranking,rolling_rank_slot_desc_average_traded_value_20d,2025-03-31,2026-05-13,2025-03-31,2026-05-12,2026-03-27,observed_local_daily_rank_date,full_local_kospi200_daily_universe_files,306,sc_v1_3_high_turnover,ee_v1_0_rc_sc_v1_3_high_turnover_1d_5101aca49335,1,highest_20d_average_traded_value_for_requested_as_of_date,005930,삼성전자,1,6439414503735.0,2026-02-27,2026-03-27,full_local_daily_price_close_times_volume_rolling_20d,data/005930_daily_prices.csv,1660343124672000,available_from_latest_approved_snapshot,2026-05-13,dynamic_full_local_universe_rank_slot_resolution_for_as_of_date,true,rank_uses_only_existing_local_price_volume_or_approved_snapshot_values_available_for_the_as_of_date
v1_3_candidate_ticker_mapping_period.v3,evidence_only_generated_artifact_not_for_valuation_scoring_trading_or_production_ranking,rolling_rank_slot_desc_average_traded_value_20d,2025-03-31,2026-05-13,2025-03-31,2026-05-12,2026-03-27,observed_local_daily_rank_date,full_local_kospi200_daily_universe_files,306,sc_v1_3_missing_liquidity,ee_v1_0_rc_sc_v1_3_missing_liquidity_1d_189794a48a70,2,next_highest_20d_average_traded_value_for_requested_as_of_date,000660,SK하이닉스,2,4573238306150.0,2026-02-27,2026-03-27,full_local_daily_price_close_times_volume_rolling_20d,data/000660_daily_prices.csv,1408299873240000,available_from_latest_approved_snapshot,2026-05-13,dynamic_full_local_universe_rank_slot_resolution_for_as_of_date,true,rank_uses_only_existing_local_price_volume_or_approved_snapshot_values_available_for_the_as_of_date
v1_3_candidate_ticker_mapping_period.v4,evidence_only_generated_artifact_not_for_valuation_scoring_trading_or_production_ranking,rolling_rank_slot_desc_average_traded_value_20d,2025-03-31,2026-05-13,2025-03-31,2026-05-12,2026-03-27,observed_local_daily_rank_date,full_local_kospi200_daily_universe_files,306,sc_v1_3_low_drag,ee_v1_0_rc_sc_v1_3_low_drag_1d_3955d197ec26,4,first_top5_supplemental_slot_with_complete_market_cap_and_liquidity_fields,034020,,4,637632878645.0,2026-02-27,2026-03-27,full_local_daily_price_close_times_volume_rolling_20d,data/034020_daily_prices.csv,,not_collected_for_full_local_universe_rank,,dynamic_full_local_universe_rank_slot_resolution_for_as_of_date,true,rank_uses_only_existing_local_price_volume_or_approved_snapshot_values_available_for_the_as_of_date
v1_3_candidate_ticker_mapping_period.v3,evidence_only_generated_artifact_not_for_valuation_scoring_trading_or_production_ranking,rolling_rank_slot_desc_average_traded_value_20d,2025-03-31,2026-05-13,2025-03-31,2026-05-12,2026-03-30,observed_local_daily_rank_date,full_local_kospi200_daily_universe_files,306,sc_v1_3_high_turnover,ee_v1_0_rc_sc_v1_3_high_turnover_1d_5101aca49335,1,highest_20d_average_traded_value_for_requested_as_of_date,005930,삼성전자,1,6075255170940.0,2026-03-03,2026-03-30,full_local_daily_price_close_times_volume_rolling_20d,data/005930_daily_prices.csv,1660343124672000,available_from_latest_approved_snapshot,2026-05-13,dynamic_full_local_universe_rank_slot_resolution_for_as_of_date,true,rank_uses_only_existing_local_price_volume_or_approved_snapshot_values_available_for_the_as_of_date
v1_3_candidate_ticker_mapping_period.v3,evidence_only_generated_artifact_not_for_valuation_scoring_trading_or_production_ranking,rolling_rank_slot_desc_average_traded_value_20d,2025-03-31,2026-05-13,2025-03-31,2026-05-12,2026-03-30,observed_local_daily_rank_date,full_local_kospi200_daily_universe_files,306,sc_v1_3_missing_liquidity,ee_v1_0_rc_sc_v1_3_missing_liquidity_1d_189794a48a70,2,next_highest_20d_average_traded_value_for_requested_as_of_date,000660,SK하이닉스,2,4427262979350.0,2026-03-03,2026-03-30,full_local_daily_price_close_times_volume_rolling_20d,data/000660_daily_prices.csv,1408299873240000,available_from_latest_approved_snapshot,2026-05-13,dynamic_full_local_universe_rank_slot_resolution_for_as_of_date,true,rank_uses_only_existing_local_price_volume_or_approved_snapshot_values_available_for_the_as_of_date
v1_3_candidate_ticker_mapping_period.v4,evidence_only_generated_artifact_not_for_valuation_scoring_trading_or_production_ranking,rolling_rank_slot_desc_average_traded_value_20d,2025-03-31,2026-05-13,2025-03-31,2026-05-12,2026-03-30,observed_local_daily_rank_date,full_local_kospi200_daily_universe_files,306,sc_v1_3_low_drag,ee_v1_0_rc_sc_v1_3_low_drag_1d_3955d197ec26,4,first_top5_supplemental_slot_with_complete_market_cap_and_liquidity_fields,034020,,4,606858099645.0,2026-03-03,2026-03-30,full_local_daily_price_close_times_volume_rolling_20d,data/034020_daily_prices.csv,,not_collected_for_full_local_universe_rank,,dynamic_full_local_universe_rank_slot_resolution_for_as_of_date,true,rank_uses_only_existing_local_price_volume_or_approved_snapshot_values_available_for_the_as_of_date
v1_3_candidate_ticker_mapping_period.v3,evidence_only_generated_artifact_not_for_valuation_scoring_trading_or_production_ranking,rolling_rank_slot_desc_average_traded_value_20d,2025-03-31,2026-05-13,2025-03-31,2026-05-12,2026-03-31,observed_local_daily_rank_date,full_local_kospi200_daily_universe_files,306,sc_v1_3_high_turnover,ee_v1_0_rc_sc_v1_3_high_turnover_1d_5101aca49335,1,highest_20d_average_traded_value_for_requested_as_of_date,005930,삼성전자,1,5863104625870.0,2026-03-04,2026-03-31,full_local_daily_price_close_times_volume_rolling_20d,data/005930_daily_prices.csv,1660343124672000,available_from_latest_approved_snapshot,2026-05-13,dynamic_full_local_universe_rank_slot_resolution_for_as_of_date,true,rank_uses_only_existing_local_price_volume_or_approved_snapshot_values_available_for_the_as_of_date
v1_3_candidate_ticker_mapping_period.v3,evidence_only_generated_artifact_not_for_valuation_scoring_trading_or_production_ranking,rolling_rank_slot_desc_average_traded_value_20d,2025-03-31,2026-05-13,2025-03-31,2026-05-12,2026-03-31,observed_local_daily_rank_date,full_local_kospi200_daily_universe_files,306,sc_v1_3_missing_liquidity,ee_v1_0_rc_sc_v1_3_missing_liquidity_1d_189794a48a70,2,next_highest_20d_average_traded_value_for_requested_as_of_date,000660,SK하이닉스,2,4397434589550.0,2026-03-04,2026-03-31,full_local_daily_price_close_times_volume_rolling_20d,data/000660_daily_prices.csv,1408299873240000,available_from_latest_approved_snapshot,2026-05-13,dynamic_full_local_universe_rank_slot_resolution_for_as_of_date,true,rank_uses_only_existing_local_price_volume_or_approved_snapshot_values_available_for_the_as_of_date
v1_3_candidate_ticker_mapping_period.v4,evidence_only_generated_artifact_not_for_valuation_scoring_trading_or_production_ranking,rolling_rank_slot_desc_average_traded_value_20d,2025-03-31,2026-05-13,2025-03-31,2026-05-12,2026-03-31,observed_local_daily_rank_date,full_local_kospi200_daily_universe_files,306,sc_v1_3_low_drag,ee_v1_0_rc_sc_v1_3_low_drag_1d_3955d197ec26,4,first_top5_supplemental_slot_with_complete_market_cap_and_liquidity_fields,034020,,4,589801125165.0,2026-03-04,2026-03-31,full_local_daily_price_close_times_volume_rolling_20d,data/034020_daily_prices.csv,,not_collected_for_full_local_universe_rank,,dynamic_full_local_universe_rank_slot_resolution_for_as_of_date,true,rank_uses_only_existing_local_price_volume_or_approved_snapshot_values_available_for_the_as_of_date
v1_3_candidate_ticker_mapping_period.v3,evidence_only_generated_artifact_not_for_valuation_scoring_trading_or_production_ranking,rolling_rank_slot_desc_average_traded_value_20d,2025-03-31,2026-05-13,2025-03-31,2026-05-12,2026-04-01,observed_local_daily_rank_date,full_local_kospi200_daily_universe_files,306,sc_v1_3_high_turnover,ee_v1_0_rc_sc_v1_3_high_turnover_1d_5101aca49335,1,highest_20d_average_traded_value_for_requested_as_of_date,005930,삼성전자,1,5400189521410.0,2026-03-05,2026-04-01,full_local_daily_price_close_times_volume_rolling_20d,data/005930_daily_prices.csv,1660343124672000,available_from_latest_approved_snapshot,2026-05-13,dynamic_full_local_universe_rank_slot_resolution_for_as_of_date,true,rank_uses_only_existing_local_price_volume_or_approved_snapshot_values_available_for_the_as_of_date
v1_3_candidate_ticker_mapping_period.v3,evidence_only_generated_artifact_not_for_valuation_scoring_trading_or_production_ranking,rolling_rank_slot_desc_average_traded_value_20d,2025-03-31,2026-05-13,2025-03-31,2026-05-12,2026-04-01,observed_local_daily_rank_date,full_local_kospi200_daily_universe_files,306,sc_v1_3_missing_liquidity,ee_v1_0_rc_sc_v1_3_missing_liquidity_1d_189794a48a70,2,next_highest_20d_average_traded_value_for_requested_as_of_date,000660,SK하이닉스,2,4283915250250.0,2026-03-05,2026-04-01,full_local_daily_price_close_times_volume_rolling_20d,data/000660_daily_prices.csv,1408299873240000,available_from_latest_approved_snapshot,2026-05-13,dynamic_full_local_universe_rank_slot_resolution_for_as_of_date,true,rank_uses_only_existing_local_price_volume_or_approved_snapshot_values_available_for_the_as_of_date
v1_3_candidate_ticker_mapping_period.v4,evidence_only_generated_artifact_not_for_valuation_scoring_trading_or_production_ranking,rolling_rank_slot_desc_average_traded_value_20d,2025-03-31,2026-05-13,2025-03-31,2026-05-12,2026-04-01,observed_local_daily_rank_date,full_local_kospi200_daily_universe_files,306,sc_v1_3_low_drag,ee_v1_0_rc_sc_v1_3_low_drag_1d_3955d197ec26,4,first_top5_supplemental_slot_with_complete_market_cap_and_liquidity_fields,005380,현대차,4,651605626825.0,2026-03-05,2026-04-01,full_local_daily_price_close_times_volume_rolling_20d,data/005380_daily_prices.csv,145378013860000,available_from_latest_approved_snapshot,2026-05-13,dynamic_full_local_universe_rank_slot_resolution_for_as_of_date,true,rank_uses_only_existing_local_price_volume_or_approved_snapshot_values_available_for_the_as_of_date
v1_3_candidate_ticker_mapping_period.v3,evidence_only_generated_artifact_not_for_valuation_scoring_trading_or_production_ranking,rolling_rank_slot_desc_average_traded_value_20d,2025-03-31,2026-05-13,2025-03-31,2026-05-12,2026-04-02,observed_local_daily_rank_date,full_local_kospi200_daily_universe_files,306,sc_v1_3_high_turnover,ee_v1_0_rc_sc_v1_3_high_turnover_1d_5101aca49335,1,highest_20d_average_traded_value_for_requested_as_of_date,005930,삼성전자,1,5227708926110.0,2026-03-06,2026-04-02,full_local_daily_price_close_times_volume_rolling_20d,data/005930_daily_prices.csv,1660343124672000,available_from_latest_approved_snapshot,2026-05-13,dynamic_full_local_universe_rank_slot_resolution_for_as_of_date,true,rank_uses_only_existing_local_price_volume_or_approved_snapshot_values_available_for_the_as_of_date
v1_3_candidate_ticker_mapping_period.v3,evidence_only_generated_artifact_not_for_valuation_scoring_trading_or_production_ranking,rolling_rank_slot_desc_average_traded_value_20d,2025-03-31,2026-05-13,2025-03-31,2026-05-12,2026-04-02,observed_local_daily_rank_date,full_local_kospi200_daily_universe_files,306,sc_v1_3_missing_liquidity,ee_v1_0_rc_sc_v1_3_missing_liquidity_1d_189794a48a70,2,next_highest_20d_average_traded_value_for_requested_as_of_date,000660,SK하이닉스,2,4235090215300.0,2026-03-06,2026-04-02,full_local_daily_price_close_times_volume_rolling_20d,data/000660_daily_prices.csv,1408299873240000,available_from_latest_approved_snapshot,2026-05-13,dynamic_full_local_universe_rank_slot_resolution_for_as_of_date,true,rank_uses_only_existing_local_price_volume_or_approved_snapshot_values_available_for_the_as_of_date
v1_3_candidate_ticker_mapping_period.v4,evidence_only_generated_artifact_not_for_valuation_scoring_trading_or_production_ranking,rolling_rank_slot_desc_average_traded_value_20d,2025-03-31,2026-05-13,2025-03-31,2026-05-12,2026-04-02,observed_local_daily_rank_date,full_local_kospi200_daily_universe_files,306,sc_v1_3_low_drag,ee_v1_0_rc_sc_v1_3_low_drag_1d_3955d197ec26,4,first_top5_supplemental_slot_with_complete_market_cap_and_liquidity_fields,005380,현대차,4,609624960125.0,2026-03-06,2026-04-02,full_local_daily_price_close_times_volume_rolling_20d,data/005380_daily_prices.csv,145378013860000,available_from_latest_approved_snapshot,2026-05-13,dynamic_full_local_universe_rank_slot_resolution_for_as_of_date,true,rank_uses_only_existing_local_price_volume_or_approved_snapshot_values_available_for_the_as_of_date
v1_3_candidate_ticker_mapping_period.v3,evidence_only_generated_artifact_not_for_valuation_scoring_trading_or_production_ranking,rolling_rank_slot_desc_average_traded_value_20d,2025-03-31,2026-05-13,2025-03-31,2026-05-12,2026-04-03,observed_local_daily_rank_date,full_local_kospi200_daily_universe_files,306,sc_v1_3_high_turnover,ee_v1_0_rc_sc_v1_3_high_turnover_1d_5101aca49335,1,highest_20d_average_traded_value_for_requested_as_of_date,005930,삼성전자,1,5137911091180.0,2026-03-09,2026-04-03,full_local_daily_price_close_times_volume_rolling_20d,data/005930_daily_prices.csv,1660343124672000,available_from_latest_approved_snapshot,2026-05-13,dynamic_full_local_universe_rank_slot_resolution_for_as_of_date,true,rank_uses_only_existing_local_price_volume_or_approved_snapshot_values_available_for_the_as_of_date
v1_3_candidate_ticker_mapping_period.v3,evidence_only_generated_artifact_not_for_valuation_scoring_trading_or_production_ranking,rolling_rank_slot_desc_average_traded_value_20d,2025-03-31,2026-05-13,2025-03-31,2026-05-12,2026-04-03,observed_local_daily_rank_date,full_local_kospi200_daily_universe_files,306,sc_v1_3_missing_liquidity,ee_v1_0_rc_sc_v1_3_missing_liquidity_1d_189794a48a70,2,next_highest_20d_average_traded_value_for_requested_as_of_date,000660,SK하이닉스,2,4190312322100.0,2026-03-09,2026-04-03,full_local_daily_price_close_times_volume_rolling_20d,data/000660_daily_prices.csv,1408299873240000,available_from_latest_approved_snapshot,2026-05-13,dynamic_full_local_universe_rank_slot_resolution_for_as_of_date,true,rank_uses_only_existing_local_price_volume_or_approved_snapshot_values_available_for_the_as_of_date
v1_3_candidate_ticker_mapping_period.v4,evidence_only_generated_artifact_not_for_valuation_scoring_trading_or_production_ranking,rolling_rank_slot_desc_average_traded_value_20d,2025-03-31,2026-05-13,2025-03-31,2026-05-12,2026-04-03,observed_local_daily_rank_date,full_local_kospi200_daily_universe_files,306,sc_v1_3_low_drag,ee_v1_0_rc_sc_v1_3_low_drag_1d_3955d197ec26,4,first_top5_supplemental_slot_with_complete_market_cap_and_liquidity_fields,005380,현대차,4,581398972575.0,2026-03-09,2026-04-03,full_local_daily_price_close_times_volume_rolling_20d,data/005380_daily_prices.csv,145378013860000,available_from_latest_approved_snapshot,2026-05-13,dynamic_full_local_universe_rank_slot_resolution_for_as_of_date,true,rank_uses_only_existing_local_price_volume_or_approved_snapshot_values_available_for_the_as_of_date
v1_3_candidate_ticker_mapping_period.v3,evidence_only_generated_artifact_not_for_valuation_scoring_trading_or_production_ranking,rolling_rank_slot_desc_average_traded_value_20d,2025-03-31,2026-05-13,2025-03-31,2026-05-12,2026-04-06,observed_local_daily_rank_date,full_local_kospi200_daily_universe_files,306,sc_v1_3_high_turnover,ee_v1_0_rc_sc_v1_3_high_turnover_1d_5101aca49335,1,highest_20d_average_traded_value_for_requested_as_of_date,005930,삼성전자,1,4963553542170.0,2026-03-10,2026-04-06,full_local_daily_price_close_times_volume_rolling_20d,data/005930_daily_prices.csv,1660343124672000,available_from_latest_approved_snapshot,2026-05-13,dynamic_full_local_universe_rank_slot_resolution_for_as_of_date,true,rank_uses_only_existing_local_price_volume_or_approved_snapshot_values_available_for_the_as_of_date
v1_3_candidate_ticker_mapping_period.v3,evidence_only_generated_artifact_not_for_valuation_scoring_trading_or_production_ranking,rolling_rank_slot_desc_average_traded_value_20d,2025-03-31,2026-05-13,2025-03-31,2026-05-12,2026-04-06,observed_local_daily_rank_date,full_local_kospi200_daily_universe_files,306,sc_v1_3_missing_liquidity,ee_v1_0_rc_sc_v1_3_missing_liquidity_1d_189794a48a70,2,next_highest_20d_average_traded_value_for_requested_as_of_date,000660,SK하이닉스,2,4024484777000.0,2026-03-10,2026-04-06,full_local_daily_price_close_times_volume_rolling_20d,data/000660_daily_prices.csv,1408299873240000,available_from_latest_approved_snapshot,2026-05-13,dynamic_full_local_universe_rank_slot_resolution_for_as_of_date,true,rank_uses_only_existing_local_price_volume_or_approved_snapshot_values_available_for_the_as_of_date
v1_3_candidate_ticker_mapping_period.v4,evidence_only_generated_artifact_not_for_valuation_scoring_trading_or_production_ranking,rolling_rank_slot_desc_average_traded_value_20d,2025-03-31,2026-05-13,2025-03-31,2026-05-12,2026-04-06,observed_local_daily_rank_date,full_local_kospi200_daily_universe_files,306,sc_v1_3_low_drag,ee_v1_0_rc_sc_v1_3_low_drag_1d_3955d197ec26,4,first_top5_supplemental_slot_with_complete_market_cap_and_liquidity_fields,005380,현대차,4,545871226325.0,2026-03-10,2026-04-06,full_local_daily_price_close_times_volume_rolling_20d,data/005380_daily_prices.csv,145378013860000,available_from_latest_approved_snapshot,2026-05-13,dynamic_full_local_universe_rank_slot_resolution_for_as_of_date,true,rank_uses_only_existing_local_price_volume_or_approved_snapshot_values_available_for_the_as_of_date
v1_3_candidate_ticker_mapping_period.v3,evidence_only_generated_artifact_not_for_valuation_scoring_trading_or_production_ranking,rolling_rank_slot_desc_average_traded_value_20d,2025-03-31,2026-05-13,2025-03-31,2026-05-12,2026-04-07,observed_local_daily_rank_date,full_local_kospi200_daily_universe_files,306,sc_v1_3_high_turnover,ee_v1_0_rc_sc_v1_3_high_turnover_1d_5101aca49335,1,highest_20d_average_traded_value_for_requested_as_of_date,005930,삼성전자,1,4951619715745.0,2026-03-11,2026-04-07,full_local_daily_price_close_times_volume_rolling_20d,data/005930_daily_prices.csv,1660343124672000,available_from_latest_approved_snapshot,2026-05-13,dynamic_full_local_universe_rank_slot_resolution_for_as_of_date,true,rank_uses_only_existing_local_price_volume_or_approved_snapshot_values_available_for_the_as_of_date
v1_3_candidate_ticker_mapping_period.v3,evidence_only_generated_artifact_not_for_valuation_scoring_trading_or_production_ranking,rolling_rank_slot_desc_average_traded_value_20d,2025-03-31,2026-05-13,2025-03-31,2026-05-12,2026-04-07,observed_local_daily_rank_date,full_local_kospi200_daily_universe_files,306,sc_v1_3_missing_liquidity,ee_v1_0_rc_sc_v1_3_missing_liquidity_1d_189794a48a70,2,next_highest_20d_average_traded_value_for_requested_as_of_date,000660,SK하이닉스,2,3941477855900.0,2026-03-11,2026-04-07,full_local_daily_price_close_times_volume_rolling_20d,data/000660_daily_prices.csv,1408299873240000,available_from_latest_approved_snapshot,2026-05-13,dynamic_full_local_universe_rank_slot_resolution_for_as_of_date,true,rank_uses_only_existing_local_price_volume_or_approved_snapshot_values_available_for_the_as_of_date
v1_3_candidate_ticker_mapping_period.v4,evidence_only_generated_artifact_not_for_valuation_scoring_trading_or_production_ranking,rolling_rank_slot_desc_average_traded_value_20d,2025-03-31,2026-05-13,2025-03-31,2026-05-12,2026-04-07,observed_local_daily_rank_date,full_local_kospi200_daily_universe_files,306,sc_v1_3_low_drag,ee_v1_0_rc_sc_v1_3_low_drag_1d_3955d197ec26,4,first_top5_supplemental_slot_with_complete_market_cap_and_liquidity_fields,005380,현대차,4,529161531175.0,2026-03-11,2026-04-07,full_local_daily_price_close_times_volume_rolling_20d,data/005380_daily_prices.csv,145378013860000,available_from_latest_approved_snapshot,2026-05-13,dynamic_full_local_universe_rank_slot_resolution_for_as_of_date,true,rank_uses_only_existing_local_price_volume_or_approved_snapshot_values_available_for_the_as_of_date
v1_3_candidate_ticker_mapping_period.v3,evidence_only_generated_artifact_not_for_valuation_scoring_trading_or_production_ranking,rolling_rank_slot_desc_average_traded_value_20d,2025-03-31,2026-05-13,2025-03-31,2026-05-12,2026-04-08,observed_local_daily_rank_date,full_local_kospi200_daily_universe_files,306,sc_v1_3_high_turnover,ee_v1_0_rc_sc_v1_3_high_turnover_1d_5101aca49335,1,highest_20d_average_traded_value_for_requested_as_of_date,005930,삼성전자,1,5098414324570.0,2026-03-12,2026-04-08,full_local_daily_price_close_times_volume_rolling_20d,data/005930_daily_prices.csv,1660343124672000,available_from_latest_approved_snapshot,2026-05-13,dynamic_full_local_universe_rank_slot_resolution_for_as_of_date,true,rank_uses_only_existing_local_price_volume_or_approved_snapshot_values_available_for_the_as_of_date
v1_3_candidate_ticker_mapping_period.v3,evidence_only_generated_artifact_not_for_valuation_scoring_trading_or_production_ranking,rolling_rank_slot_desc_average_traded_value_20d,2025-03-31,2026-05-13,2025-03-31,2026-05-12,2026-04-08,observed_local_daily_rank_date,full_local_kospi200_daily_universe_files,306,sc_v1_3_missing_liquidity,ee_v1_0_rc_sc_v1_3_missing_liquidity_1d_189794a48a70,2,next_highest_20d_average_traded_value_for_requested_as_of_date,000660,SK하이닉스,2,4101022413800.0,2026-03-12,2026-04-08,full_local_daily_price_close_times_volume_rolling_20d,data/000660_daily_prices.csv,1408299873240000,available_from_latest_approved_snapshot,2026-05-13,dynamic_full_local_universe_rank_slot_resolution_for_as_of_date,true,rank_uses_only_existing_local_price_volume_or_approved_snapshot_values_available_for_the_as_of_date
v1_3_candidate_ticker_mapping_period.v4,evidence_only_generated_artifact_not_for_valuation_scoring_trading_or_production_ranking,rolling_rank_slot_desc_average_traded_value_20d,2025-03-31,2026-05-13,2025-03-31,2026-05-12,2026-04-08,observed_local_daily_rank_date,full_local_kospi200_daily_universe_files,306,sc_v1_3_low_drag,ee_v1_0_rc_sc_v1_3_low_drag_1d_3955d197ec26,4,first_top5_supplemental_slot_with_complete_market_cap_and_liquidity_fields,005380,현대차,4,524446827475.0,2026-03-12,2026-04-08,full_local_daily_price_close_times_volume_rolling_20d,data/005380_daily_prices.csv,145378013860000,available_from_latest_approved_snapshot,2026-05-13,dynamic_full_local_universe_rank_slot_resolution_for_as_of_date,true,rank_uses_only_existing_local_price_volume_or_approved_snapshot_values_available_for_the_as_of_date
v1_3_candidate_ticker_mapping_period.v3,evidence_only_generated_artifact_not_for_valuation_scoring_trading_or_production_ranking,rolling_rank_slot_desc_average_traded_value_20d,2025-03-31,2026-05-13,2025-03-31,2026-05-12,2026-04-09,observed_local_daily_rank_date,full_local_kospi200_daily_universe_files,306,sc_v1_3_high_turnover,ee_v1_0_rc_sc_v1_3_high_turnover_1d_5101aca49335,1,highest_20d_average_traded_value_for_requested_as_of_date,005930,삼성전자,1,5338046007935.0,2026-03-13,2026-04-09,full_local_daily_price_close_times_volume_rolling_20d,data/005930_daily_prices.csv,1660343124672000,available_from_latest_approved_snapshot,2026-05-13,dynamic_full_local_universe_rank_slot_resolution_for_as_of_date,true,rank_uses_only_existing_local_price_volume_or_approved_snapshot_values_available_for_the_as_of_date
v1_3_candidate_ticker_mapping_period.v3,evidence_only_generated_artifact_not_for_valuation_scoring_trading_or_production_ranking,rolling_rank_slot_desc_average_traded_value_20d,2025-03-31,2026-05-13,2025-03-31,2026-05-12,2026-04-09,observed_local_daily_rank_date,full_local_kospi200_daily_universe_files,306,sc_v1_3_missing_liquidity,ee_v1_0_rc_sc_v1_3_missing_liquidity_1d_189794a48a70,2,next_highest_20d_average_traded_value_for_requested_as_of_date,000660,SK하이닉스,2,4179264579100.0,2026-03-13,2026-04-09,full_local_daily_price_close_times_volume_rolling_20d,data/000660_daily_prices.csv,1408299873240000,available_from_latest_approved_snapshot,2026-05-13,dynamic_full_local_universe_rank_slot_resolution_for_as_of_date,true,rank_uses_only_existing_local_price_volume_or_approved_snapshot_values_available_for_the_as_of_date
v1_3_candidate_ticker_mapping_period.v4,evidence_only_generated_artifact_not_for_valuation_scoring_trading_or_production_ranking,rolling_rank_slot_desc_average_traded_value_20d,2025-03-31,2026-05-13,2025-03-31,2026-05-12,2026-04-09,observed_local_daily_rank_date,full_local_kospi200_daily_universe_files,306,sc_v1_3_low_drag,ee_v1_0_rc_sc_v1_3_low_drag_1d_3955d197ec26,4,first_top5_supplemental_slot_with_complete_market_cap_and_liquidity_fields,005380,현대차,4,518837929150.0,2026-03-13,2026-04-09,full_local_daily_price_close_times_volume_rolling_20d,data/005380_daily_prices.csv,145378013860000,available_from_latest_approved_snapshot,2026-05-13,dynamic_full_local_universe_rank_slot_resolution_for_as_of_date,true,rank_uses_only_existing_local_price_volume_or_approved_snapshot_values_available_for_the_as_of_date
v1_3_candidate_ticker_mapping_period.v3,evidence_only_generated_artifact_not_for_valuation_scoring_trading_or_production_ranking,rolling_rank_slot_desc_average_traded_value_20d,2025-03-31,2026-05-13,2025-03-31,2026-05-12,2026-04-10,observed_local_daily_rank_date,full_local_kospi200_daily_universe_files,306,sc_v1_3_high_turnover,ee_v1_0_rc_sc_v1_3_high_turnover_1d_5101aca49335,1,highest_20d_average_traded_value_for_requested_as_of_date,005930,삼성전자,1,5346442848710.0,2026-03-16,2026-04-10,full_local_daily_price_close_times_volume_rolling_20d,data/005930_daily_prices.csv,1660343124672000,available_from_latest_approved_snapshot,2026-05-13,dynamic_full_local_universe_rank_slot_resolution_for_as_of_date,true,rank_uses_only_existing_local_price_volume_or_approved_snapshot_values_available_for_the_as_of_date
v1_3_candidate_ticker_mapping_period.v3,evidence_only_generated_artifact_not_for_valuation_scoring_trading_or_production_ranking,rolling_rank_slot_desc_average_traded_value_20d,2025-03-31,2026-05-13,2025-03-31,2026-05-12,2026-04-10,observed_local_daily_rank_date,full_local_kospi200_daily_universe_files,306,sc_v1_3_missing_liquidity,ee_v1_0_rc_sc_v1_3_missing_liquidity_1d_189794a48a70,2,next_highest_20d_average_traded_value_for_requested_as_of_date,000660,SK하이닉스,2,4174390631450.0,2026-03-16,2026-04-10,full_local_daily_price_close_times_volume_rolling_20d,data/000660_daily_prices.csv,1408299873240000,available_from_latest_approved_snapshot,2026-05-13,dynamic_full_local_universe_rank_slot_resolution_for_as_of_date,true,rank_uses_only_existing_local_price_volume_or_approved_snapshot_values_available_for_the_as_of_date
v1_3_candidate_ticker_mapping_period.v4,evidence_only_generated_artifact_not_for_valuation_scoring_trading_or_production_ranking,rolling_rank_slot_desc_average_traded_value_20d,2025-03-31,2026-05-13,2025-03-31,2026-05-12,2026-04-10,observed_local_daily_rank_date,full_local_kospi200_daily_universe_files,306,sc_v1_3_low_drag,ee_v1_0_rc_sc_v1_3_low_drag_1d_3955d197ec26,4,first_top5_supplemental_slot_with_complete_market_cap_and_liquidity_fields,005380,현대차,4,514194523900.0,2026-03-16,2026-04-10,full_local_daily_price_close_times_volume_rolling_20d,data/005380_daily_prices.csv,145378013860000,available_from_latest_approved_snapshot,2026-05-13,dynamic_full_local_universe_rank_slot_resolution_for_as_of_date,true,rank_uses_only_existing_local_price_volume_or_approved_snapshot_values_available_for_the_as_of_date
v1_3_candidate_ticker_mapping_period.v3,evidence_only_generated_artifact_not_for_valuation_scoring_trading_or_production_ranking,rolling_rank_slot_desc_average_traded_value_20d,2025-03-31,2026-05-13,2025-03-31,2026-05-12,2026-04-13,observed_local_daily_rank_date,full_local_kospi200_daily_universe_files,306,sc_v1_3_high_turnover,ee_v1_0_rc_sc_v1_3_high_turnover_1d_5101aca49335,1,highest_20d_average_traded_value_for_requested_as_of_date,005930,삼성전자,1,5357135723525.0,2026-03-17,2026-04-13,full_local_daily_price_close_times_volume_rolling_20d,data/005930_daily_prices.csv,1660343124672000,available_from_latest_approved_snapshot,2026-05-13,dynamic_full_local_universe_rank_slot_resolution_for_as_of_date,true,rank_uses_only_existing_local_price_volume_or_approved_snapshot_values_available_for_the_as_of_date
v1_3_candidate_ticker_mapping_period.v3,evidence_only_generated_artifact_not_for_valuation_scoring_trading_or_production_ranking,rolling_rank_slot_desc_average_traded_value_20d,2025-03-31,2026-05-13,2025-03-31,2026-05-12,2026-04-13,observed_local_daily_rank_date,full_local_kospi200_daily_universe_files,306,sc_v1_3_missing_liquidity,ee_v1_0_rc_sc_v1_3_missing_liquidity_1d_189794a48a70,2,next_highest_20d_average_traded_value_for_requested_as_of_date,000660,SK하이닉스,2,4131921332250.0,2026-03-17,2026-04-13,full_local_daily_price_close_times_volume_rolling_20d,data/000660_daily_prices.csv,1408299873240000,available_from_latest_approved_snapshot,2026-05-13,dynamic_full_local_universe_rank_slot_resolution_for_as_of_date,true,rank_uses_only_existing_local_price_volume_or_approved_snapshot_values_available_for_the_as_of_date
v1_3_candidate_ticker_mapping_period.v4,evidence_only_generated_artifact_not_for_valuation_scoring_trading_or_production_ranking,rolling_rank_slot_desc_average_traded_value_20d,2025-03-31,2026-05-13,2025-03-31,2026-05-12,2026-04-13,observed_local_daily_rank_date,full_local_kospi200_daily_universe_files,306,sc_v1_3_low_drag,ee_v1_0_rc_sc_v1_3_low_drag_1d_3955d197ec26,4,first_top5_supplemental_slot_with_complete_market_cap_and_liquidity_fields,005380,현대차,4,495341614825.0,2026-03-17,2026-04-13,full_local_daily_price_close_times_volume_rolling_20d,data/005380_daily_prices.csv,145378013860000,available_from_latest_approved_snapshot,2026-05-13,dynamic_full_local_universe_rank_slot_resolution_for_as_of_date,true,rank_uses_only_existing_local_price_volume_or_approved_snapshot_values_available_for_the_as_of_date
v1_3_candidate_ticker_mapping_period.v3,evidence_only_generated_artifact_not_for_valuation_scoring_trading_or_production_ranking,rolling_rank_slot_desc_average_traded_value_20d,2025-03-31,2026-05-13,2025-03-31,2026-05-12,2026-04-14,observed_local_daily_rank_date,full_local_kospi200_daily_universe_files,306,sc_v1_3_high_turnover,ee_v1_0_rc_sc_v1_3_high_turnover_1d_5101aca49335,1,highest_20d_average_traded_value_for_requested_as_of_date,005930,삼성전자,1,5404740633885.0,2026-03-18,2026-04-14,full_local_daily_price_close_times_volume_rolling_20d,data/005930_daily_prices.csv,1660343124672000,available_from_latest_approved_snapshot,2026-05-13,dynamic_full_local_universe_rank_slot_resolution_for_as_of_date,true,rank_uses_only_existing_local_price_volume_or_approved_snapshot_values_available_for_the_as_of_date
v1_3_candidate_ticker_mapping_period.v3,evidence_only_generated_artifact_not_for_valuation_scoring_trading_or_production_ranking,rolling_rank_slot_desc_average_traded_value_20d,2025-03-31,2026-05-13,2025-03-31,2026-05-12,2026-04-14,observed_local_daily_rank_date,full_local_kospi200_daily_universe_files,306,sc_v1_3_missing_liquidity,ee_v1_0_rc_sc_v1_3_missing_liquidity_1d_189794a48a70,2,next_highest_20d_average_traded_value_for_requested_as_of_date,000660,SK하이닉스,2,4232811849000.0,2026-03-18,2026-04-14,full_local_daily_price_close_times_volume_rolling_20d,data/000660_daily_prices.csv,1408299873240000,available_from_latest_approved_snapshot,2026-05-13,dynamic_full_local_universe_rank_slot_resolution_for_as_of_date,true,rank_uses_only_existing_local_price_volume_or_approved_snapshot_values_available_for_the_as_of_date
v1_3_candidate_ticker_mapping_period.v4,evidence_only_generated_artifact_not_for_valuation_scoring_trading_or_production_ranking,rolling_rank_slot_desc_average_traded_value_20d,2025-03-31,2026-05-13,2025-03-31,2026-05-12,2026-04-14,observed_local_daily_rank_date,full_local_kospi200_daily_universe_files,306,sc_v1_3_low_drag,ee_v1_0_rc_sc_v1_3_low_drag_1d_3955d197ec26,4,first_top5_supplemental_slot_with_complete_market_cap_and_liquidity_fields,005380,현대차,4,479328198650.0,2026-03-18,2026-04-14,full_local_daily_price_close_times_volume_rolling_20d,data/005380_daily_prices.csv,145378013860000,available_from_latest_approved_snapshot,2026-05-13,dynamic_full_local_universe_rank_slot_resolution_for_as_of_date,true,rank_uses_only_existing_local_price_volume_or_approved_snapshot_values_available_for_the_as_of_date
v1_3_candidate_ticker_mapping_period.v3,evidence_only_generated_artifact_not_for_valuation_scoring_trading_or_production_ranking,rolling_rank_slot_desc_average_traded_value_20d,2025-03-31,2026-05-13,2025-03-31,2026-05-12,2026-04-15,observed_local_daily_rank_date,full_local_kospi200_daily_universe_files,306,sc_v1_3_high_turnover,ee_v1_0_rc_sc_v1_3_high_turnover_1d_5101aca49335,1,highest_20d_average_traded_value_for_requested_as_of_date,005930,삼성전자,1,5396747645660.0,2026-03-19,2026-04-15,full_local_daily_price_close_times_volume_rolling_20d,data/005930_daily_prices.csv,1660343124672000,available_from_latest_approved_snapshot,2026-05-13,dynamic_full_local_universe_rank_slot_resolution_for_as_of_date,true,rank_uses_only_existing_local_price_volume_or_approved_snapshot_values_available_for_the_as_of_date
v1_3_candidate_ticker_mapping_period.v3,evidence_only_generated_artifact_not_for_valuation_scoring_trading_or_production_ranking,rolling_rank_slot_desc_average_traded_value_20d,2025-03-31,2026-05-13,2025-03-31,2026-05-12,2026-04-15,observed_local_daily_rank_date,full_local_kospi200_daily_universe_files,306,sc_v1_3_missing_liquidity,ee_v1_0_rc_sc_v1_3_missing_liquidity_1d_189794a48a70,2,next_highest_20d_average_traded_value_for_requested_as_of_date,000660,SK하이닉스,2,4235765904200.0,2026-03-19,2026-04-15,full_local_daily_price_close_times_volume_rolling_20d,data/000660_daily_prices.csv,1408299873240000,available_from_latest_approved_snapshot,2026-05-13,dynamic_full_local_universe_rank_slot_resolution_for_as_of_date,true,rank_uses_only_existing_local_price_volume_or_approved_snapshot_values_available_for_the_as_of_date
v1_3_candidate_ticker_mapping_period.v4,evidence_only_generated_artifact_not_for_valuation_scoring_trading_or_production_ranking,rolling_rank_slot_desc_average_traded_value_20d,2025-03-31,2026-05-13,2025-03-31,2026-05-12,2026-04-15,observed_local_daily_rank_date,full_local_kospi200_daily_universe_files,306,sc_v1_3_low_drag,ee_v1_0_rc_sc_v1_3_low_drag_1d_3955d197ec26,4,first_top5_supplemental_slot_with_complete_market_cap_and_liquidity_fields,005380,현대차,4,476013801250.0,2026-03-19,2026-04-15,full_local_daily_price_close_times_volume_rolling_20d,data/005380_daily_prices.csv,145378013860000,available_from_latest_approved_snapshot,2026-05-13,dynamic_full_local_universe_rank_slot_resolution_for_as_of_date,true,rank_uses_only_existing_local_price_volume_or_approved_snapshot_values_available_for_the_as_of_date
v1_3_candidate_ticker_mapping_period.v3,evidence_only_generated_artifact_not_for_valuation_scoring_trading_or_production_ranking,rolling_rank_slot_desc_average_traded_value_20d,2025-03-31,2026-05-13,2025-03-31,2026-05-12,2026-04-16,observed_local_daily_rank_date,full_local_kospi200_daily_universe_files,306,sc_v1_3_high_turnover,ee_v1_0_rc_sc_v1_3_high_turnover_1d_5101aca49335,1,highest_20d_average_traded_value_for_requested_as_of_date,005930,삼성전자,1,5431215898085.0,2026-03-20,2026-04-16,full_local_daily_price_close_times_volume_rolling_20d,data/005930_daily_prices.csv,1660343124672000,available_from_latest_approved_snapshot,2026-05-13,dynamic_full_local_universe_rank_slot_resolution_for_as_of_date,true,rank_uses_only_existing_local_price_volume_or_approved_snapshot_values_available_for_the_as_of_date
v1_3_candidate_ticker_mapping_period.v3,evidence_only_generated_artifact_not_for_valuation_scoring_trading_or_production_ranking,rolling_rank_slot_desc_average_traded_value_20d,2025-03-31,2026-05-13,2025-03-31,2026-05-12,2026-04-16,observed_local_daily_rank_date,full_local_kospi200_daily_universe_files,306,sc_v1_3_missing_liquidity,ee_v1_0_rc_sc_v1_3_missing_liquidity_1d_189794a48a70,2,next_highest_20d_average_traded_value_for_requested_as_of_date,000660,SK하이닉스,2,4233767062500.0,2026-03-20,2026-04-16,full_local_daily_price_close_times_volume_rolling_20d,data/000660_daily_prices.csv,1408299873240000,available_from_latest_approved_snapshot,2026-05-13,dynamic_full_local_universe_rank_slot_resolution_for_as_of_date,true,rank_uses_only_existing_local_price_volume_or_approved_snapshot_values_available_for_the_as_of_date
v1_3_candidate_ticker_mapping_period.v4,evidence_only_generated_artifact_not_for_valuation_scoring_trading_or_production_ranking,rolling_rank_slot_desc_average_traded_value_20d,2025-03-31,2026-05-13,2025-03-31,2026-05-12,2026-04-16,observed_local_daily_rank_date,full_local_kospi200_daily_universe_files,306,sc_v1_3_low_drag,ee_v1_0_rc_sc_v1_3_low_drag_1d_3955d197ec26,4,first_top5_supplemental_slot_with_complete_market_cap_and_liquidity_fields,005380,현대차,4,496615904950.0,2026-03-20,2026-04-16,full_local_daily_price_close_times_volume_rolling_20d,data/005380_daily_prices.csv,145378013860000,available_from_latest_approved_snapshot,2026-05-13,dynamic_full_local_universe_rank_slot_resolution_for_as_of_date,true,rank_uses_only_existing_local_price_volume_or_approved_snapshot_values_available_for_the_as_of_date
v1_3_candidate_ticker_mapping_period.v3,evidence_only_generated_artifact_not_for_valuation_scoring_trading_or_production_ranking,rolling_rank_slot_desc_average_traded_value_20d,2025-03-31,2026-05-13,2025-03-31,2026-05-12,2026-04-17,observed_local_daily_rank_date,full_local_kospi200_daily_universe_files,306,sc_v1_3_high_turnover,ee_v1_0_rc_sc_v1_3_high_turnover_1d_5101aca49335,1,highest_20d_average_traded_value_for_requested_as_of_date,005930,삼성전자,1,5274733348545.0,2026-03-23,2026-04-17,full_local_daily_price_close_times_volume_rolling_20d,data/005930_daily_prices.csv,1660343124672000,available_from_latest_approved_snapshot,2026-05-13,dynamic_full_local_universe_rank_slot_resolution_for_as_of_date,true,rank_uses_only_existing_local_price_volume_or_approved_snapshot_values_available_for_the_as_of_date
v1_3_candidate_ticker_mapping_period.v3,evidence_only_generated_artifact_not_for_valuation_scoring_trading_or_production_ranking,rolling_rank_slot_desc_average_traded_value_20d,2025-03-31,2026-05-13,2025-03-31,2026-05-12,2026-04-17,observed_local_daily_rank_date,full_local_kospi200_daily_universe_files,306,sc_v1_3_missing_liquidity,ee_v1_0_rc_sc_v1_3_missing_liquidity_1d_189794a48a70,2,next_highest_20d_average_traded_value_for_requested_as_of_date,000660,SK하이닉스,2,4263047890400.0,2026-03-23,2026-04-17,full_local_daily_price_close_times_volume_rolling_20d,data/000660_daily_prices.csv,1408299873240000,available_from_latest_approved_snapshot,2026-05-13,dynamic_full_local_universe_rank_slot_resolution_for_as_of_date,true,rank_uses_only_existing_local_price_volume_or_approved_snapshot_values_available_for_the_as_of_date
v1_3_candidate_ticker_mapping_period.v4,evidence_only_generated_artifact_not_for_valuation_scoring_trading_or_production_ranking,rolling_rank_slot_desc_average_traded_value_20d,2025-03-31,2026-05-13,2025-03-31,2026-05-12,2026-04-17,observed_local_daily_rank_date,full_local_kospi200_daily_universe_files,306,sc_v1_3_low_drag,ee_v1_0_rc_sc_v1_3_low_drag_1d_3955d197ec26,4,first_top5_supplemental_slot_with_complete_market_cap_and_liquidity_fields,005380,현대차,4,488980189350.0,2026-03-23,2026-04-17,full_local_daily_price_close_times_volume_rolling_20d,data/005380_daily_prices.csv,145378013860000,available_from_latest_approved_snapshot,2026-05-13,dynamic_full_local_universe_rank_slot_resolution_for_as_of_date,true,rank_uses_only_existing_local_price_volume_or_approved_snapshot_values_available_for_the_as_of_date
v1_3_candidate_ticker_mapping_period.v3,evidence_only_generated_artifact_not_for_valuation_scoring_trading_or_production_ranking,rolling_rank_slot_desc_average_traded_value_20d,2025-03-31,2026-05-13,2025-03-31,2026-05-12,2026-04-20,observed_local_daily_rank_date,full_local_kospi200_daily_universe_files,306,sc_v1_3_high_turnover,ee_v1_0_rc_sc_v1_3_high_turnover_1d_5101aca49335,1,highest_20d_average_traded_value_for_requested_as_of_date,005930,삼성전자,1,5176265839275.0,2026-03-24,2026-04-20,full_local_daily_price_close_times_volume_rolling_20d,data/005930_daily_prices.csv,1660343124672000,available_from_latest_approved_snapshot,2026-05-13,dynamic_full_local_universe_rank_slot_resolution_for_as_of_date,true,rank_uses_only_existing_local_price_volume_or_approved_snapshot_values_available_for_the_as_of_date
v1_3_candidate_ticker_mapping_period.v3,evidence_only_generated_artifact_not_for_valuation_scoring_trading_or_production_ranking,rolling_rank_slot_desc_average_traded_value_20d,2025-03-31,2026-05-13,2025-03-31,2026-05-12,2026-04-20,observed_local_daily_rank_date,full_local_kospi200_daily_universe_files,306,sc_v1_3_missing_liquidity,ee_v1_0_rc_sc_v1_3_missing_liquidity_1d_189794a48a70,2,next_highest_20d_average_traded_value_for_requested_as_of_date,000660,SK하이닉스,2,4299071030150.0,2026-03-24,2026-04-20,full_local_daily_price_close_times_volume_rolling_20d,data/000660_daily_prices.csv,1408299873240000,available_from_latest_approved_snapshot,2026-05-13,dynamic_full_local_universe_rank_slot_resolution_for_as_of_date,true,rank_uses_only_existing_local_price_volume_or_approved_snapshot_values_available_for_the_as_of_date
v1_3_candidate_ticker_mapping_period.v4,evidence_only_generated_artifact_not_for_valuation_scoring_trading_or_production_ranking,rolling_rank_slot_desc_average_traded_value_20d,2025-03-31,2026-05-13,2025-03-31,2026-05-12,2026-04-20,observed_local_daily_rank_date,full_local_kospi200_daily_universe_files,306,sc_v1_3_low_drag,ee_v1_0_rc_sc_v1_3_low_drag_1d_3955d197ec26,4,first_top5_supplemental_slot_with_complete_market_cap_and_liquidity_fields,005380,현대차,4,472116668950.0,2026-03-24,2026-04-20,full_local_daily_price_close_times_volume_rolling_20d,data/005380_daily_prices.csv,145378013860000,available_from_latest_approved_snapshot,2026-05-13,dynamic_full_local_universe_rank_slot_resolution_for_as_of_date,true,rank_uses_only_existing_local_price_volume_or_approved_snapshot_values_available_for_the_as_of_date
v1_3_candidate_ticker_mapping_period.v3,evidence_only_generated_artifact_not_for_valuation_scoring_trading_or_production_ranking,rolling_rank_slot_desc_average_traded_value_20d,2025-03-31,2026-05-13,2025-03-31,2026-05-12,2026-04-21,observed_local_daily_rank_date,full_local_kospi200_daily_universe_files,306,sc_v1_3_high_turnover,ee_v1_0_rc_sc_v1_3_high_turnover_1d_5101aca49335,1,highest_20d_average_traded_value_for_requested_as_of_date,005930,삼성전자,1,5118223885385.0,2026-03-25,2026-04-21,full_local_daily_price_close_times_volume_rolling_20d,data/005930_daily_prices.csv,1660343124672000,available_from_latest_approved_snapshot,2026-05-13,dynamic_full_local_universe_rank_slot_resolution_for_as_of_date,true,rank_uses_only_existing_local_price_volume_or_approved_snapshot_values_available_for_the_as_of_date
v1_3_candidate_ticker_mapping_period.v3,evidence_only_generated_artifact_not_for_valuation_scoring_trading_or_production_ranking,rolling_rank_slot_desc_average_traded_value_20d,2025-03-31,2026-05-13,2025-03-31,2026-05-12,2026-04-21,observed_local_daily_rank_date,full_local_kospi200_daily_universe_files,306,sc_v1_3_missing_liquidity,ee_v1_0_rc_sc_v1_3_missing_liquidity_1d_189794a48a70,2,next_highest_20d_average_traded_value_for_requested_as_of_date,000660,SK하이닉스,2,4299747888550.0,2026-03-25,2026-04-21,full_local_daily_price_close_times_volume_rolling_20d,data/000660_daily_prices.csv,1408299873240000,available_from_latest_approved_snapshot,2026-05-13,dynamic_full_local_universe_rank_slot_resolution_for_as_of_date,true,rank_uses_only_existing_local_price_volume_or_approved_snapshot_values_available_for_the_as_of_date
v1_3_candidate_ticker_mapping_period.v4,evidence_only_generated_artifact_not_for_valuation_scoring_trading_or_production_ranking,rolling_rank_slot_desc_average_traded_value_20d,2025-03-31,2026-05-13,2025-03-31,2026-05-12,2026-04-21,observed_local_daily_rank_date,full_local_kospi200_daily_universe_files,306,sc_v1_3_low_drag,ee_v1_0_rc_sc_v1_3_low_drag_1d_3955d197ec26,4,first_top5_supplemental_slot_with_complete_market_cap_and_liquidity_fields,005380,현대차,4,471330701650.0,2026-03-25,2026-04-21,full_local_daily_price_close_times_volume_rolling_20d,data/005380_daily_prices.csv,145378013860000,available_from_latest_approved_snapshot,2026-05-13,dynamic_full_local_universe_rank_slot_resolution_for_as_of_date,true,rank_uses_only_existing_local_price_volume_or_approved_snapshot_values_available_for_the_as_of_date
v1_3_candidate_ticker_mapping_period.v3,evidence_only_generated_artifact_not_for_valuation_scoring_trading_or_production_ranking,rolling_rank_slot_desc_average_traded_value_20d,2025-03-31,2026-05-13,2025-03-31,2026-05-12,2026-04-22,observed_local_daily_rank_date,full_local_kospi200_daily_universe_files,306,sc_v1_3_high_turnover,ee_v1_0_rc_sc_v1_3_high_turnover_1d_5101aca49335,1,highest_20d_average_traded_value_for_requested_as_of_date,005930,삼성전자,1,5083867937585.0,2026-03-26,2026-04-22,full_local_daily_price_close_times_volume_rolling_20d,data/005930_daily_prices.csv,1660343124672000,available_from_latest_approved_snapshot,2026-05-13,dynamic_full_local_universe_rank_slot_resolution_for_as_of_date,true,rank_uses_only_existing_local_price_volume_or_approved_snapshot_values_available_for_the_as_of_date
v1_3_candidate_ticker_mapping_period.v3,evidence_only_generated_artifact_not_for_valuation_scoring_trading_or_production_ranking,rolling_rank_slot_desc_average_traded_value_20d,2025-03-31,2026-05-13,2025-03-31,2026-05-12,2026-04-22,observed_local_daily_rank_date,full_local_kospi200_daily_universe_files,306,sc_v1_3_missing_liquidity,ee_v1_0_rc_sc_v1_3_missing_liquidity_1d_189794a48a70,2,next_highest_20d_average_traded_value_for_requested_as_of_date,000660,SK하이닉스,2,4254694702650.0,2026-03-26,2026-04-22,full_local_daily_price_close_times_volume_rolling_20d,data/000660_daily_prices.csv,1408299873240000,available_from_latest_approved_snapshot,2026-05-13,dynamic_full_local_universe_rank_slot_resolution_for_as_of_date,true,rank_uses_only_existing_local_price_volume_or_approved_snapshot_values_available_for_the_as_of_date
v1_3_candidate_ticker_mapping_period.v4,evidence_only_generated_artifact_not_for_valuation_scoring_trading_or_production_ranking,rolling_rank_slot_desc_average_traded_value_20d,2025-03-31,2026-05-13,2025-03-31,2026-05-12,2026-04-22,observed_local_daily_rank_date,full_local_kospi200_daily_universe_files,306,sc_v1_3_low_drag,ee_v1_0_rc_sc_v1_3_low_drag_1d_3955d197ec26,4,first_top5_supplemental_slot_with_complete_market_cap_and_liquidity_fields,006400,,4,475396743800.0,2026-03-26,2026-04-22,full_local_daily_price_close_times_volume_rolling_20d,data/006400_daily_prices.csv,,not_collected_for_full_local_universe_rank,,dynamic_full_local_universe_rank_slot_resolution_for_as_of_date,true,rank_uses_only_existing_local_price_volume_or_approved_snapshot_values_available_for_the_as_of_date
v1_3_candidate_ticker_mapping_period.v3,evidence_only_generated_artifact_not_for_valuation_scoring_trading_or_production_ranking,rolling_rank_slot_desc_average_traded_value_20d,2025-03-31,2026-05-13,2025-03-31,2026-05-12,2026-04-23,observed_local_daily_rank_date,full_local_kospi200_daily_universe_files,306,sc_v1_3_high_turnover,ee_v1_0_rc_sc_v1_3_high_turnover_1d_5101aca49335,1,highest_20d_average_traded_value_for_requested_as_of_date,005930,삼성전자,1,5182588957055.0,2026-03-27,2026-04-23,full_local_daily_price_close_times_volume_rolling_20d,data/005930_daily_prices.csv,1660343124672000,available_from_latest_approved_snapshot,2026-05-13,dynamic_full_local_universe_rank_slot_resolution_for_as_of_date,true,rank_uses_only_existing_local_price_volume_or_approved_snapshot_values_available_for_the_as_of_date
v1_3_candidate_ticker_mapping_period.v3,evidence_only_generated_artifact_not_for_valuation_scoring_trading_or_production_ranking,rolling_rank_slot_desc_average_traded_value_20d,2025-03-31,2026-05-13,2025-03-31,2026-05-12,2026-04-23,observed_local_daily_rank_date,full_local_kospi200_daily_universe_files,306,sc_v1_3_missing_liquidity,ee_v1_0_rc_sc_v1_3_missing_liquidity_1d_189794a48a70,2,next_highest_20d_average_traded_value_for_requested_as_of_date,000660,SK하이닉스,2,4364588878400.0,2026-03-27,2026-04-23,full_local_daily_price_close_times_volume_rolling_20d,data/000660_daily_prices.csv,1408299873240000,available_from_latest_approved_snapshot,2026-05-13,dynamic_full_local_universe_rank_slot_resolution_for_as_of_date,true,rank_uses_only_existing_local_price_volume_or_approved_snapshot_values_available_for_the_as_of_date
v1_3_candidate_ticker_mapping_period.v4,evidence_only_generated_artifact_not_for_valuation_scoring_trading_or_production_ranking,rolling_rank_slot_desc_average_traded_value_20d,2025-03-31,2026-05-13,2025-03-31,2026-05-12,2026-04-23,observed_local_daily_rank_date,full_local_kospi200_daily_universe_files,306,sc_v1_3_low_drag,ee_v1_0_rc_sc_v1_3_low_drag_1d_3955d197ec26,4,first_top5_supplemental_slot_with_complete_market_cap_and_liquidity_fields,006400,,4,504298601525.0,2026-03-27,2026-04-23,full_local_daily_price_close_times_volume_rolling_20d,data/006400_daily_prices.csv,,not_collected_for_full_local_universe_rank,,dynamic_full_local_universe_rank_slot_resolution_for_as_of_date,true,rank_uses_only_existing_local_price_volume_or_approved_snapshot_values_available_for_the_as_of_date
v1_3_candidate_ticker_mapping_period.v3,evidence_only_generated_artifact_not_for_valuation_scoring_trading_or_production_ranking,rolling_rank_slot_desc_average_traded_value_20d,2025-03-31,2026-05-13,2025-03-31,2026-05-12,2026-04-24,observed_local_daily_rank_date,full_local_kospi200_daily_universe_files,306,sc_v1_3_high_turnover,ee_v1_0_rc_sc_v1_3_high_turnover_1d_5101aca49335,1,highest_20d_average_traded_value_for_requested_as_of_date,005930,삼성전자,1,5136178006895.0,2026-03-30,2026-04-24,full_local_daily_price_close_times_volume_rolling_20d,data/005930_daily_prices.csv,1660343124672000,available_from_latest_approved_snapshot,2026-05-13,dynamic_full_local_universe_rank_slot_resolution_for_as_of_date,true,rank_uses_only_existing_local_price_volume_or_approved_snapshot_values_available_for_the_as_of_date
v1_3_candidate_ticker_mapping_period.v3,evidence_only_generated_artifact_not_for_valuation_scoring_trading_or_production_ranking,rolling_rank_slot_desc_average_traded_value_20d,2025-03-31,2026-05-13,2025-03-31,2026-05-12,2026-04-24,observed_local_daily_rank_date,full_local_kospi200_daily_universe_files,306,sc_v1_3_missing_liquidity,ee_v1_0_rc_sc_v1_3_missing_liquidity_1d_189794a48a70,2,next_highest_20d_average_traded_value_for_requested_as_of_date,000660,SK하이닉스,2,4347285514900.0,2026-03-30,2026-04-24,full_local_daily_price_close_times_volume_rolling_20d,data/000660_daily_prices.csv,1408299873240000,available_from_latest_approved_snapshot,2026-05-13,dynamic_full_local_universe_rank_slot_resolution_for_as_of_date,true,rank_uses_only_existing_local_price_volume_or_approved_snapshot_values_available_for_the_as_of_date
v1_3_candidate_ticker_mapping_period.v4,evidence_only_generated_artifact_not_for_valuation_scoring_trading_or_production_ranking,rolling_rank_slot_desc_average_traded_value_20d,2025-03-31,2026-05-13,2025-03-31,2026-05-12,2026-04-24,observed_local_daily_rank_date,full_local_kospi200_daily_universe_files,306,sc_v1_3_low_drag,ee_v1_0_rc_sc_v1_3_low_drag_1d_3955d197ec26,4,first_top5_supplemental_slot_with_complete_market_cap_and_liquidity_fields,006400,,4,516159697425.0,2026-03-30,2026-04-24,full_local_daily_price_close_times_volume_rolling_20d,data/006400_daily_prices.csv,,not_collected_for_full_local_universe_rank,,dynamic_full_local_universe_rank_slot_resolution_for_as_of_date,true,rank_uses_only_existing_local_price_volume_or_approved_snapshot_values_available_for_the_as_of_date
v1_3_candidate_ticker_mapping_period.v3,evidence_only_generated_artifact_not_for_valuation_scoring_trading_or_production_ranking,rolling_rank_slot_desc_average_traded_value_20d,2025-03-31,2026-05-13,2025-03-31,2026-05-12,2026-04-27,observed_local_daily_rank_date,full_local_kospi200_daily_universe_files,306,sc_v1_3_high_turnover,ee_v1_0_rc_sc_v1_3_high_turnover_1d_5101aca49335,1,highest_20d_average_traded_value_for_requested_as_of_date,005930,삼성전자,1,5196595424240.0,2026-03-31,2026-04-27,full_local_daily_price_close_times_volume_rolling_20d,data/005930_daily_prices.csv,1660343124672000,available_from_latest_approved_snapshot,2026-05-13,dynamic_full_local_universe_rank_slot_resolution_for_as_of_date,true,rank_uses_only_existing_local_price_volume_or_approved_snapshot_values_available_for_the_as_of_date
v1_3_candidate_ticker_mapping_period.v3,evidence_only_generated_artifact_not_for_valuation_scoring_trading_or_production_ranking,rolling_rank_slot_desc_average_traded_value_20d,2025-03-31,2026-05-13,2025-03-31,2026-05-12,2026-04-27,observed_local_daily_rank_date,full_local_kospi200_daily_universe_files,306,sc_v1_3_missing_liquidity,ee_v1_0_rc_sc_v1_3_missing_liquidity_1d_189794a48a70,2,next_highest_20d_average_traded_value_for_requested_as_of_date,000660,SK하이닉스,2,4445700418400.0,2026-03-31,2026-04-27,full_local_daily_price_close_times_volume_rolling_20d,data/000660_daily_prices.csv,1408299873240000,available_from_latest_approved_snapshot,2026-05-13,dynamic_full_local_universe_rank_slot_resolution_for_as_of_date,true,rank_uses_only_existing_local_price_volume_or_approved_snapshot_values_available_for_the_as_of_date
v1_3_candidate_ticker_mapping_period.v4,evidence_only_generated_artifact_not_for_valuation_scoring_trading_or_production_ranking,rolling_rank_slot_desc_average_traded_value_20d,2025-03-31,2026-05-13,2025-03-31,2026-05-12,2026-04-27,observed_local_daily_rank_date,full_local_kospi200_daily_universe_files,306,sc_v1_3_low_drag,ee_v1_0_rc_sc_v1_3_low_drag_1d_3955d197ec26,4,first_top5_supplemental_slot_with_complete_market_cap_and_liquidity_fields,006400,,4,523253529675.0,2026-03-31,2026-04-27,full_local_daily_price_close_times_volume_rolling_20d,data/006400_daily_prices.csv,,not_collected_for_full_local_universe_rank,,dynamic_full_local_universe_rank_slot_resolution_for_as_of_date,true,rank_uses_only_existing_local_price_volume_or_approved_snapshot_values_available_for_the_as_of_date
v1_3_candidate_ticker_mapping_period.v3,evidence_only_generated_artifact_not_for_valuation_scoring_trading_or_production_ranking,rolling_rank_slot_desc_average_traded_value_20d,2025-03-31,2026-05-13,2025-03-31,2026-05-12,2026-04-28,observed_local_daily_rank_date,full_local_kospi200_daily_universe_files,306,sc_v1_3_high_turnover,ee_v1_0_rc_sc_v1_3_high_turnover_1d_5101aca49335,1,highest_20d_average_traded_value_for_requested_as_of_date,005930,삼성전자,1,5078135065760.0,2026-04-01,2026-04-28,full_local_daily_price_close_times_volume_rolling_20d,data/005930_daily_prices.csv,1660343124672000,available_from_latest_approved_snapshot,2026-05-13,dynamic_full_local_universe_rank_slot_resolution_for_as_of_date,true,rank_uses_only_existing_local_price_volume_or_approved_snapshot_values_available_for_the_as_of_date
v1_3_candidate_ticker_mapping_period.v3,evidence_only_generated_artifact_not_for_valuation_scoring_trading_or_production_ranking,rolling_rank_slot_desc_average_traded_value_20d,2025-03-31,2026-05-13,2025-03-31,2026-05-12,2026-04-28,observed_local_daily_rank_date,full_local_kospi200_daily_universe_files,306,sc_v1_3_missing_liquidity,ee_v1_0_rc_sc_v1_3_missing_liquidity_1d_189794a48a70,2,next_highest_20d_average_traded_value_for_requested_as_of_date,000660,SK하이닉스,2,4350584700550.0,2026-04-01,2026-04-28,full_local_daily_price_close_times_volume_rolling_20d,data/000660_daily_prices.csv,1408299873240000,available_from_latest_approved_snapshot,2026-05-13,dynamic_full_local_universe_rank_slot_resolution_for_as_of_date,true,rank_uses_only_existing_local_price_volume_or_approved_snapshot_values_available_for_the_as_of_date
v1_3_candidate_ticker_mapping_period.v4,evidence_only_generated_artifact_not_for_valuation_scoring_trading_or_production_ranking,rolling_rank_slot_desc_average_traded_value_20d,2025-03-31,2026-05-13,2025-03-31,2026-05-12,2026-04-28,observed_local_daily_rank_date,full_local_kospi200_daily_universe_files,306,sc_v1_3_low_drag,ee_v1_0_rc_sc_v1_3_low_drag_1d_3955d197ec26,4,first_top5_supplemental_slot_with_complete_market_cap_and_liquidity_fields,006400,,4,550047447275.0,2026-04-01,2026-04-28,full_local_daily_price_close_times_volume_rolling_20d,data/006400_daily_prices.csv,,not_collected_for_full_local_universe_rank,,dynamic_full_local_universe_rank_slot_resolution_for_as_of_date,true,rank_uses_only_existing_local_price_volume_or_approved_snapshot_values_available_for_the_as_of_date
v1_3_candidate_ticker_mapping_period.v3,evidence_only_generated_artifact_not_for_valuation_scoring_trading_or_production_ranking,rolling_rank_slot_desc_average_traded_value_20d,2025-03-31,2026-05-13,2025-03-31,2026-05-12,2026-04-29,observed_local_daily_rank_date,full_local_kospi200_daily_universe_files,306,sc_v1_3_high_turnover,ee_v1_0_rc_sc_v1_3_high_turnover_1d_5101aca49335,1,highest_20d_average_traded_value_for_requested_as_of_date,005930,삼성전자,1,5001185929080.0,2026-04-02,2026-04-29,full_local_daily_price_close_times_volume_rolling_20d,data/005930_daily_prices.csv,1660343124672000,available_from_latest_approved_snapshot,2026-05-13,dynamic_full_local_universe_rank_slot_resolution_for_as_of_date,true,rank_uses_only_existing_local_price_volume_or_approved_snapshot_values_available_for_the_as_of_date
v1_3_candidate_ticker_mapping_period.v3,evidence_only_generated_artifact_not_for_valuation_scoring_trading_or_production_ranking,rolling_rank_slot_desc_average_traded_value_20d,2025-03-31,2026-05-13,2025-03-31,2026-05-12,2026-04-29,observed_local_daily_rank_date,full_local_kospi200_daily_universe_files,306,sc_v1_3_missing_liquidity,ee_v1_0_rc_sc_v1_3_missing_liquidity_1d_189794a48a70,2,next_highest_20d_average_traded_value_for_requested_as_of_date,000660,SK하이닉스,2,4265324458050.0,2026-04-02,2026-04-29,full_local_daily_price_close_times_volume_rolling_20d,data/000660_daily_prices.csv,1408299873240000,available_from_latest_approved_snapshot,2026-05-13,dynamic_full_local_universe_rank_slot_resolution_for_as_of_date,true,rank_uses_only_existing_local_price_volume_or_approved_snapshot_values_available_for_the_as_of_date
v1_3_candidate_ticker_mapping_period.v4,evidence_only_generated_artifact_not_for_valuation_scoring_trading_or_production_ranking,rolling_rank_slot_desc_average_traded_value_20d,2025-03-31,2026-05-13,2025-03-31,2026-05-12,2026-04-29,observed_local_daily_rank_date,full_local_kospi200_daily_universe_files,306,sc_v1_3_low_drag,ee_v1_0_rc_sc_v1_3_low_drag_1d_3955d197ec26,4,first_top5_supplemental_slot_with_complete_market_cap_and_liquidity_fields,006400,,4,578359044075.0,2026-04-02,2026-04-29,full_local_daily_price_close_times_volume_rolling_20d,data/006400_daily_prices.csv,,not_collected_for_full_local_universe_rank,,dynamic_full_local_universe_rank_slot_resolution_for_as_of_date,true,rank_uses_only_existing_local_price_volume_or_approved_snapshot_values_available_for_the_as_of_date
v1_3_candidate_ticker_mapping_period.v3,evidence_only_generated_artifact_not_for_valuation_scoring_trading_or_production_ranking,rolling_rank_slot_desc_average_traded_value_20d,2025-03-31,2026-05-13,2025-03-31,2026-05-12,2026-04-30,observed_local_daily_rank_date,full_local_kospi200_daily_universe_files,306,sc_v1_3_high_turnover,ee_v1_0_rc_sc_v1_3_high_turnover_1d_5101aca49335,1,highest_20d_average_traded_value_for_requested_as_of_date,005930,삼성전자,1,4901073842935.0,2026-04-03,2026-04-30,full_local_daily_price_close_times_volume_rolling_20d,data/005930_daily_prices.csv,1660343124672000,available_from_latest_approved_snapshot,2026-05-13,dynamic_full_local_universe_rank_slot_resolution_for_as_of_date,true,rank_uses_only_existing_local_price_volume_or_approved_snapshot_values_available_for_the_as_of_date
v1_3_candidate_ticker_mapping_period.v3,evidence_only_generated_artifact_not_for_valuation_scoring_trading_or_production_ranking,rolling_rank_slot_desc_average_traded_value_20d,2025-03-31,2026-05-13,2025-03-31,2026-05-12,2026-04-30,observed_local_daily_rank_date,full_local_kospi200_daily_universe_files,306,sc_v1_3_missing_liquidity,ee_v1_0_rc_sc_v1_3_missing_liquidity_1d_189794a48a70,2,next_highest_20d_average_traded_value_for_requested_as_of_date,000660,SK하이닉스,2,4225944387650.0,2026-04-03,2026-04-30,full_local_daily_price_close_times_volume_rolling_20d,data/000660_daily_prices.csv,1408299873240000,available_from_latest_approved_snapshot,2026-05-13,dynamic_full_local_universe_rank_slot_resolution_for_as_of_date,true,rank_uses_only_existing_local_price_volume_or_approved_snapshot_values_available_for_the_as_of_date
v1_3_candidate_ticker_mapping_period.v4,evidence_only_generated_artifact_not_for_valuation_scoring_trading_or_production_ranking,rolling_rank_slot_desc_average_traded_value_20d,2025-03-31,2026-05-13,2025-03-31,2026-05-12,2026-04-30,observed_local_daily_rank_date,full_local_kospi200_daily_universe_files,306,sc_v1_3_low_drag,ee_v1_0_rc_sc_v1_3_low_drag_1d_3955d197ec26,4,first_top5_supplemental_slot_with_complete_market_cap_and_liquidity_fields,001440,,4,573451363615.0,2026-04-03,2026-04-30,full_local_daily_price_close_times_volume_rolling_20d,data/001440_daily_prices.csv,,not_collected_for_full_local_universe_rank,,dynamic_full_local_universe_rank_slot_resolution_for_as_of_date,true,rank_uses_only_existing_local_price_volume_or_approved_snapshot_values_available_for_the_as_of_date
v1_3_candidate_ticker_mapping_period.v3,evidence_only_generated_artifact_not_for_valuation_scoring_trading_or_production_ranking,rolling_rank_slot_desc_average_traded_value_20d,2025-03-31,2026-05-13,2025-03-31,2026-05-12,2026-05-04,observed_local_daily_rank_date,full_local_kospi200_daily_universe_files,306,sc_v1_3_high_turnover,ee_v1_0_rc_sc_v1_3_high_turnover_1d_5101aca49335,1,highest_20d_average_traded_value_for_requested_as_of_date,005930,삼성전자,1,5095768027365.0,2026-04-06,2026-05-04,full_local_daily_price_close_times_volume_rolling_20d,data/005930_daily_prices.csv,1660343124672000,available_from_latest_approved_snapshot,2026-05-13,dynamic_full_local_universe_rank_slot_resolution_for_as_of_date,true,rank_uses_only_existing_local_price_volume_or_approved_snapshot_values_available_for_the_as_of_date
v1_3_candidate_ticker_mapping_period.v3,evidence_only_generated_artifact_not_for_valuation_scoring_trading_or_production_ranking,rolling_rank_slot_desc_average_traded_value_20d,2025-03-31,2026-05-13,2025-03-31,2026-05-12,2026-05-04,observed_local_daily_rank_date,full_local_kospi200_daily_universe_files,306,sc_v1_3_missing_liquidity,ee_v1_0_rc_sc_v1_3_missing_liquidity_1d_189794a48a70,2,next_highest_20d_average_traded_value_for_requested_as_of_date,000660,SK하이닉스,2,4515674580800.0,2026-04-06,2026-05-04,full_local_daily_price_close_times_volume_rolling_20d,data/000660_daily_prices.csv,1408299873240000,available_from_latest_approved_snapshot,2026-05-13,dynamic_full_local_universe_rank_slot_resolution_for_as_of_date,true,rank_uses_only_existing_local_price_volume_or_approved_snapshot_values_available_for_the_as_of_date
v1_3_candidate_ticker_mapping_period.v4,evidence_only_generated_artifact_not_for_valuation_scoring_trading_or_production_ranking,rolling_rank_slot_desc_average_traded_value_20d,2025-03-31,2026-05-13,2025-03-31,2026-05-12,2026-05-04,observed_local_daily_rank_date,full_local_kospi200_daily_universe_files,306,sc_v1_3_low_drag,ee_v1_0_rc_sc_v1_3_low_drag_1d_3955d197ec26,4,first_top5_supplemental_slot_with_complete_market_cap_and_liquidity_fields,001440,,4,632081182100.0,2026-04-06,2026-05-04,full_local_daily_price_close_times_volume_rolling_20d,data/001440_daily_prices.csv,,not_collected_for_full_local_universe_rank,,dynamic_full_local_universe_rank_slot_resolution_for_as_of_date,true,rank_uses_only_existing_local_price_volume_or_approved_snapshot_values_available_for_the_as_of_date
v1_3_candidate_ticker_mapping_period.v3,evidence_only_generated_artifact_not_for_valuation_scoring_trading_or_production_ranking,rolling_rank_slot_desc_average_traded_value_20d,2025-03-31,2026-05-13,2025-03-31,2026-05-12,2026-05-06,observed_local_daily_rank_date,full_local_kospi200_daily_universe_files,306,sc_v1_3_high_turnover,ee_v1_0_rc_sc_v1_3_high_turnover_1d_5101aca49335,1,highest_20d_average_traded_value_for_requested_as_of_date,005930,삼성전자,1,5602731199675.0,2026-04-07,2026-05-06,full_local_daily_price_close_times_volume_rolling_20d,data/005930_daily_prices.csv,1660343124672000,available_from_latest_approved_snapshot,2026-05-13,dynamic_full_local_universe_rank_slot_resolution_for_as_of_date,true,rank_uses_only_existing_local_price_volume_or_approved_snapshot_values_available_for_the_as_of_date
v1_3_candidate_ticker_mapping_period.v3,evidence_only_generated_artifact_not_for_valuation_scoring_trading_or_production_ranking,rolling_rank_slot_desc_average_traded_value_20d,2025-03-31,2026-05-13,2025-03-31,2026-05-12,2026-05-06,observed_local_daily_rank_date,full_local_kospi200_daily_universe_files,306,sc_v1_3_missing_liquidity,ee_v1_0_rc_sc_v1_3_missing_liquidity_1d_189794a48a70,2,next_highest_20d_average_traded_value_for_requested_as_of_date,000660,SK하이닉스,2,4909187084800.0,2026-04-07,2026-05-06,full_local_daily_price_close_times_volume_rolling_20d,data/000660_daily_prices.csv,1408299873240000,available_from_latest_approved_snapshot,2026-05-13,dynamic_full_local_universe_rank_slot_resolution_for_as_of_date,true,rank_uses_only_existing_local_price_volume_or_approved_snapshot_values_available_for_the_as_of_date
v1_3_candidate_ticker_mapping_period.v4,evidence_only_generated_artifact_not_for_valuation_scoring_trading_or_production_ranking,rolling_rank_slot_desc_average_traded_value_20d,2025-03-31,2026-05-13,2025-03-31,2026-05-12,2026-05-06,observed_local_daily_rank_date,full_local_kospi200_daily_universe_files,306,sc_v1_3_low_drag,ee_v1_0_rc_sc_v1_3_low_drag_1d_3955d197ec26,4,first_top5_supplemental_slot_with_complete_market_cap_and_liquidity_fields,001440,,4,732709181430.0,2026-04-07,2026-05-06,full_local_daily_price_close_times_volume_rolling_20d,data/001440_daily_prices.csv,,not_collected_for_full_local_universe_rank,,dynamic_full_local_universe_rank_slot_resolution_for_as_of_date,true,rank_uses_only_existing_local_price_volume_or_approved_snapshot_values_available_for_the_as_of_date
v1_3_candidate_ticker_mapping_period.v3,evidence_only_generated_artifact_not_for_valuation_scoring_trading_or_production_ranking,rolling_rank_slot_desc_average_traded_value_20d,2025-03-31,2026-05-13,2025-03-31,2026-05-12,2026-05-07,observed_local_daily_rank_date,full_local_kospi200_daily_universe_files,200,sc_v1_3_high_turnover,ee_v1_0_rc_sc_v1_3_high_turnover_1d_5101aca49335,1,highest_20d_average_traded_value_for_requested_as_of_date,005930,삼성전자,1,5861717704975.0,2026-04-08,2026-05-07,full_local_daily_price_close_times_volume_rolling_20d,data/005930_daily_prices.csv,1660343124672000,available_from_latest_approved_snapshot,2026-05-13,dynamic_full_local_universe_rank_slot_resolution_for_as_of_date,true,rank_uses_only_existing_local_price_volume_or_approved_snapshot_values_available_for_the_as_of_date
v1_3_candidate_ticker_mapping_period.v3,evidence_only_generated_artifact_not_for_valuation_scoring_trading_or_production_ranking,rolling_rank_slot_desc_average_traded_value_20d,2025-03-31,2026-05-13,2025-03-31,2026-05-12,2026-05-07,observed_local_daily_rank_date,full_local_kospi200_daily_universe_files,200,sc_v1_3_missing_liquidity,ee_v1_0_rc_sc_v1_3_missing_liquidity_1d_189794a48a70,2,next_highest_20d_average_traded_value_for_requested_as_of_date,000660,SK하이닉스,2,5228067445200.0,2026-04-08,2026-05-07,full_local_daily_price_close_times_volume_rolling_20d,data/000660_daily_prices.csv,1408299873240000,available_from_latest_approved_snapshot,2026-05-13,dynamic_full_local_universe_rank_slot_resolution_for_as_of_date,true,rank_uses_only_existing_local_price_volume_or_approved_snapshot_values_available_for_the_as_of_date
v1_3_candidate_ticker_mapping_period.v4,evidence_only_generated_artifact_not_for_valuation_scoring_trading_or_production_ranking,rolling_rank_slot_desc_average_traded_value_20d,2025-03-31,2026-05-13,2025-03-31,2026-05-12,2026-05-07,observed_local_daily_rank_date,full_local_kospi200_daily_universe_files,200,sc_v1_3_low_drag,ee_v1_0_rc_sc_v1_3_low_drag_1d_3955d197ec26,4,first_top5_supplemental_slot_with_complete_market_cap_and_liquidity_fields,001440,,4,768267711762.5,2026-04-08,2026-05-07,full_local_daily_price_close_times_volume_rolling_20d,data/001440_daily_prices.csv,,not_collected_for_full_local_universe_rank,,dynamic_full_local_universe_rank_slot_resolution_for_as_of_date,true,rank_uses_only_existing_local_price_volume_or_approved_snapshot_values_available_for_the_as_of_date
v1_3_candidate_ticker_mapping_period.v3,evidence_only_generated_artifact_not_for_valuation_scoring_trading_or_production_ranking,rolling_rank_slot_desc_average_traded_value_20d,2025-03-31,2026-05-13,2025-03-31,2026-05-12,2026-05-08,observed_local_daily_rank_date,full_local_kospi200_daily_universe_files,200,sc_v1_3_high_turnover,ee_v1_0_rc_sc_v1_3_high_turnover_1d_5101aca49335,1,highest_20d_average_traded_value_for_requested_as_of_date,005930,삼성전자,1,5831348903150.0,2026-04-09,2026-05-08,full_local_daily_price_close_times_volume_rolling_20d,data/005930_daily_prices.csv,1660343124672000,available_from_latest_approved_snapshot,2026-05-13,dynamic_full_local_universe_rank_slot_resolution_for_as_of_date,true,rank_uses_only_existing_local_price_volume_or_approved_snapshot_values_available_for_the_as_of_date
v1_3_candidate_ticker_mapping_period.v3,evidence_only_generated_artifact_not_for_valuation_scoring_trading_or_production_ranking,rolling_rank_slot_desc_average_traded_value_20d,2025-03-31,2026-05-13,2025-03-31,2026-05-12,2026-05-08,observed_local_daily_rank_date,full_local_kospi200_daily_universe_files,200,sc_v1_3_missing_liquidity,ee_v1_0_rc_sc_v1_3_missing_liquidity_1d_189794a48a70,2,next_highest_20d_average_traded_value_for_requested_as_of_date,000660,SK하이닉스,2,5242171941900.0,2026-04-09,2026-05-08,full_local_daily_price_close_times_volume_rolling_20d,data/000660_daily_prices.csv,1408299873240000,available_from_latest_approved_snapshot,2026-05-13,dynamic_full_local_universe_rank_slot_resolution_for_as_of_date,true,rank_uses_only_existing_local_price_volume_or_approved_snapshot_values_available_for_the_as_of_date
v1_3_candidate_ticker_mapping_period.v4,evidence_only_generated_artifact_not_for_valuation_scoring_trading_or_production_ranking,rolling_rank_slot_desc_average_traded_value_20d,2025-03-31,2026-05-13,2025-03-31,2026-05-12,2026-05-08,observed_local_daily_rank_date,full_local_kospi200_daily_universe_files,200,sc_v1_3_low_drag,ee_v1_0_rc_sc_v1_3_low_drag_1d_3955d197ec26,4,first_top5_supplemental_slot_with_complete_market_cap_and_liquidity_fields,001440,,4,834286819552.5,2026-04-09,2026-05-08,full_local_daily_price_close_times_volume_rolling_20d,data/001440_daily_prices.csv,,not_collected_for_full_local_universe_rank,,dynamic_full_local_universe_rank_slot_resolution_for_as_of_date,true,rank_uses_only_existing_local_price_volume_or_approved_snapshot_values_available_for_the_as_of_date
v1_3_candidate_ticker_mapping_period.v3,evidence_only_generated_artifact_not_for_valuation_scoring_trading_or_production_ranking,rolling_rank_slot_desc_average_traded_value_20d,2025-03-31,2026-05-13,2025-03-31,2026-05-12,2026-05-11,observed_local_daily_rank_date,full_local_kospi200_daily_universe_files,200,sc_v1_3_high_turnover,ee_v1_0_rc_sc_v1_3_high_turnover_1d_5101aca49335,1,highest_20d_average_traded_value_for_requested_as_of_date,005930,삼성전자,1,5914020212200.0,2026-04-10,2026-05-11,full_local_daily_price_close_times_volume_rolling_20d,data/005930_daily_prices.csv,1660343124672000,available_from_latest_approved_snapshot,2026-05-13,dynamic_full_local_universe_rank_slot_resolution_for_as_of_date,true,rank_uses_only_existing_local_price_volume_or_approved_snapshot_values_available_for_the_as_of_date
v1_3_candidate_ticker_mapping_period.v3,evidence_only_generated_artifact_not_for_valuation_scoring_trading_or_production_ranking,rolling_rank_slot_desc_average_traded_value_20d,2025-03-31,2026-05-13,2025-03-31,2026-05-12,2026-05-11,observed_local_daily_rank_date,full_local_kospi200_daily_universe_files,200,sc_v1_3_missing_liquidity,ee_v1_0_rc_sc_v1_3_missing_liquidity_1d_189794a48a70,2,next_highest_20d_average_traded_value_for_requested_as_of_date,000660,SK하이닉스,2,5690039439600.0,2026-04-10,2026-05-11,full_local_daily_price_close_times_volume_rolling_20d,data/000660_daily_prices.csv,1408299873240000,available_from_latest_approved_snapshot,2026-05-13,dynamic_full_local_universe_rank_slot_resolution_for_as_of_date,true,rank_uses_only_existing_local_price_volume_or_approved_snapshot_values_available_for_the_as_of_date
v1_3_candidate_ticker_mapping_period.v4,evidence_only_generated_artifact_not_for_valuation_scoring_trading_or_production_ranking,rolling_rank_slot_desc_average_traded_value_20d,2025-03-31,2026-05-13,2025-03-31,2026-05-12,2026-05-11,observed_local_daily_rank_date,full_local_kospi200_daily_universe_files,200,sc_v1_3_low_drag,ee_v1_0_rc_sc_v1_3_low_drag_1d_3955d197ec26,4,first_top5_supplemental_slot_with_complete_market_cap_and_liquidity_fields,001440,,4,865804290712.5,2026-04-10,2026-05-11,full_local_daily_price_close_times_volume_rolling_20d,data/001440_daily_prices.csv,,not_collected_for_full_local_universe_rank,,dynamic_full_local_universe_rank_slot_resolution_for_as_of_date,true,rank_uses_only_existing_local_price_volume_or_approved_snapshot_values_available_for_the_as_of_date
v1_3_candidate_ticker_mapping_period.v3,evidence_only_generated_artifact_not_for_valuation_scoring_trading_or_production_ranking,rolling_rank_slot_desc_average_traded_value_20d,2025-03-31,2026-05-13,2025-03-31,2026-05-12,2026-05-12,observed_local_daily_rank_date,full_local_kospi200_daily_universe_files,200,sc_v1_3_high_turnover,ee_v1_0_rc_sc_v1_3_high_turnover_1d_5101aca49335,1,highest_20d_average_traded_value_for_requested_as_of_date,000660,SK하이닉스,1,6361836727250.0,2026-04-13,2026-05-12,full_local_daily_price_close_times_volume_rolling_20d,data/000660_daily_prices.csv,1408299873240000,available_from_latest_approved_snapshot,2026-05-13,dynamic_full_local_universe_rank_slot_resolution_for_as_of_date,true,rank_uses_only_existing_local_price_volume_or_approved_snapshot_values_available_for_the_as_of_date
v1_3_candidate_ticker_mapping_period.v3,evidence_only_generated_artifact_not_for_valuation_scoring_trading_or_production_ranking,rolling_rank_slot_desc_average_traded_value_20d,2025-03-31,2026-05-13,2025-03-31,2026-05-12,2026-05-12,observed_local_daily_rank_date,full_local_kospi200_daily_universe_files,200,sc_v1_3_missing_liquidity,ee_v1_0_rc_sc_v1_3_missing_liquidity_1d_189794a48a70,2,next_highest_20d_average_traded_value_for_requested_as_of_date,005930,삼성전자,2,6297164325150.0,2026-04-13,2026-05-12,full_local_daily_price_close_times_volume_rolling_20d,data/005930_daily_prices.csv,1660343124672000,available_from_latest_approved_snapshot,2026-05-13,dynamic_full_local_universe_rank_slot_resolution_for_as_of_date,true,rank_uses_only_existing_local_price_volume_or_approved_snapshot_values_available_for_the_as_of_date
v1_3_candidate_ticker_mapping_period.v4,evidence_only_generated_artifact_not_for_valuation_scoring_trading_or_production_ranking,rolling_rank_slot_desc_average_traded_value_20d,2025-03-31,2026-05-13,2025-03-31,2026-05-12,2026-05-12,observed_local_daily_rank_date,full_local_kospi200_daily_universe_files,200,sc_v1_3_low_drag,ee_v1_0_rc_sc_v1_3_low_drag_1d_3955d197ec26,4,first_top5_supplemental_slot_with_complete_market_cap_and_liquidity_fields,005380,현대차,4,921622170800.0,2026-04-13,2026-05-12,full_local_daily_price_close_times_volume_rolling_20d,data/005380_daily_prices.csv,145378013860000,available_from_latest_approved_snapshot,2026-05-13,dynamic_full_local_universe_rank_slot_resolution_for_as_of_date,true,rank_uses_only_existing_local_price_volume_or_approved_snapshot_values_available_for_the_as_of_date
