selector_version,selector_run_id,candidate_id,candidate_version,evidence_id,metric_subject_type,metric_subject_id,candidate_metric_match,candidate_metric_match_reason,hard_gate_status,hard_gate_reason,minimum_gate_status,minimum_gate_reason,rule_score,ml_selector_score,final_selector_score,selector_score_source,selector_rank,review_priority,actual_metric_source,actual_metric_role,actual_total_return,actual_max_drawdown,actual_sharpe,actual_turnover,actual_volatility,failure_flags,adoption_candidate_boundary,no_feedback_check,activation_boundary
v0_3_rule_first_selector_0_1,rule_first_selector_20260508_124555,sc:ecard:005671bfc6a849f84383,v0.3.0,,,,false,metric_summary_missing_or_unavailable,excluded,missing_candidate_level_evidence,blocked,hard_gate_not_passed,,,,blocked_no_candidate_level_evidence,,not_ranked,,,,,,,,,review_input_only_not_adoption_decision,rule_first_selector_must_not_feed_runtime_ranking_reports_backtests_trading_or_auto_adoption,production_activation_requires_later_root_approved_gate
v0_3_rule_first_selector_0_1,rule_first_selector_20260508_124555,sc:ecard:010d0f9aa476fb1a2238,v0.3.0,ee_v0_3_20260507_sc_ecard_010d0f9aa476fb1a2238,,,false,metric_summary_missing_or_unavailable,excluded,missing_candidate_level_evidence,blocked,hard_gate_not_passed,,,,blocked_no_candidate_level_evidence,,not_ranked,,,,,,,,candidate_level_metric_missing|upstream_candidate_not_evaluable,review_input_only_not_adoption_decision,rule_first_selector_must_not_feed_runtime_ranking_reports_backtests_trading_or_auto_adoption,production_activation_requires_later_root_approved_gate
v0_3_rule_first_selector_0_1,rule_first_selector_20260508_124555,sc:ecard:019cdc60b9b8838f7b3f,v0.3.0,,,,false,metric_summary_missing_or_unavailable,excluded,missing_candidate_level_evidence,blocked,hard_gate_not_passed,,,,blocked_no_candidate_level_evidence,,not_ranked,,,,,,,,,review_input_only_not_adoption_decision,rule_first_selector_must_not_feed_runtime_ranking_reports_backtests_trading_or_auto_adoption,production_activation_requires_later_root_approved_gate
v0_3_rule_first_selector_0_1,rule_first_selector_20260508_124555,sc:ecard:01b8633516b0e8097b3f,v0.3.0,,,,false,metric_summary_missing_or_unavailable,excluded,missing_candidate_level_evidence,blocked,hard_gate_not_passed,,,,blocked_no_candidate_level_evidence,,not_ranked,,,,,,,,,review_input_only_not_adoption_decision,rule_first_selector_must_not_feed_runtime_ranking_reports_backtests_trading_or_auto_adoption,production_activation_requires_later_root_approved_gate
v0_3_rule_first_selector_0_1,rule_first_selector_20260508_124555,sc:ecard:01ffd68984a19612060f,v0.3.0,,,,false,metric_summary_missing_or_unavailable,excluded,missing_candidate_level_evidence,blocked,hard_gate_not_passed,,,,blocked_no_candidate_level_evidence,,not_ranked,,,,,,,,,review_input_only_not_adoption_decision,rule_first_selector_must_not_feed_runtime_ranking_reports_backtests_trading_or_auto_adoption,production_activation_requires_later_root_approved_gate
v0_3_rule_first_selector_0_1,rule_first_selector_20260508_124555,sc:ecard:02ca4df765ba97a748c4,v0.3.0,,,,false,metric_summary_missing_or_unavailable,excluded,missing_candidate_level_evidence,blocked,hard_gate_not_passed,,,,blocked_no_candidate_level_evidence,,not_ranked,,,,,,,,,review_input_only_not_adoption_decision,rule_first_selector_must_not_feed_runtime_ranking_reports_backtests_trading_or_auto_adoption,production_activation_requires_later_root_approved_gate
v0_3_rule_first_selector_0_1,rule_first_selector_20260508_124555,sc:ecard:02d116258bfc1e36028a,v0.3.0,ee_v0_3_20260507_sc_ecard_02d116258bfc1e36028a,,,false,metric_summary_missing_or_unavailable,excluded,missing_candidate_level_evidence,blocked,hard_gate_not_passed,,,,blocked_no_candidate_level_evidence,,not_ranked,,,,,,,,candidate_level_metric_missing|upstream_candidate_not_evaluable,review_input_only_not_adoption_decision,rule_first_selector_must_not_feed_runtime_ranking_reports_backtests_trading_or_auto_adoption,production_activation_requires_later_root_approved_gate
v0_3_rule_first_selector_0_1,rule_first_selector_20260508_124555,sc:ecard:02f56db7dbb7475b226d,v0.3.0,ee_v0_3_20260506_sc_ecard_02f56db7dbb7475b226d,strategy_candidate,sc:ecard:02f56db7dbb7475b226d,true,candidate_id_matches_candidate_level_evaluation_evidence,pass,passed_hard_exclusion,pass,passed_minimum_evidence_gate,58.671009,,58.671009,rule_only,20,secondary_review_candidate,approved_evaluation_evidence,candidate_specific,0.9478898686276229,-0.6092164024086726,0.35818175172278915,0.8618159203980099,0.2968075686560764,,review_input_only_not_adoption_decision,rule_first_selector_must_not_feed_runtime_ranking_reports_backtests_trading_or_auto_adoption,production_activation_requires_later_root_approved_gate
v0_3_rule_first_selector_0_1,rule_first_selector_20260508_124555,sc:ecard:02f5866fa8f14e915a2d,v0.3.0,,,,false,metric_summary_missing_or_unavailable,excluded,missing_candidate_level_evidence,blocked,hard_gate_not_passed,,,,blocked_no_candidate_level_evidence,,not_ranked,,,,,,,,,review_input_only_not_adoption_decision,rule_first_selector_must_not_feed_runtime_ranking_reports_backtests_trading_or_auto_adoption,production_activation_requires_later_root_approved_gate
v0_3_rule_first_selector_0_1,rule_first_selector_20260508_124555,sc:ecard:032bbcd811017c77a121,v0.3.0,,,,false,metric_summary_missing_or_unavailable,excluded,missing_candidate_level_evidence,blocked,hard_gate_not_passed,,,,blocked_no_candidate_level_evidence,,not_ranked,,,,,,,,,review_input_only_not_adoption_decision,rule_first_selector_must_not_feed_runtime_ranking_reports_backtests_trading_or_auto_adoption,production_activation_requires_later_root_approved_gate
v0_3_rule_first_selector_0_1,rule_first_selector_20260508_124555,sc:ecard:036ba7277bc6db18ab53,v0.3.0,ee_v0_3_20260506_sc_ecard_036ba7277bc6db18ab53,strategy_candidate,sc:ecard:036ba7277bc6db18ab53,true,candidate_id_matches_candidate_level_evaluation_evidence,pass,passed_hard_exclusion,pass,passed_minimum_evidence_gate,60.641751,,60.641751,rule_only,1,top_review_candidate,approved_evaluation_evidence,candidate_specific,4.59248614414884,-0.49924422265194046,0.5932409139655367,0.686318407960199,0.39104534114120565,,review_input_only_not_adoption_decision,rule_first_selector_must_not_feed_runtime_ranking_reports_backtests_trading_or_auto_adoption,production_activation_requires_later_root_approved_gate
v0_3_rule_first_selector_0_1,rule_first_selector_20260508_124555,sc:ecard:03863eed952da2ab5e53,v0.3.0,,,,false,metric_summary_missing_or_unavailable,excluded,missing_candidate_level_evidence,blocked,hard_gate_not_passed,,,,blocked_no_candidate_level_evidence,,not_ranked,,,,,,,,,review_input_only_not_adoption_decision,rule_first_selector_must_not_feed_runtime_ranking_reports_backtests_trading_or_auto_adoption,production_activation_requires_later_root_approved_gate
v0_3_rule_first_selector_0_1,rule_first_selector_20260508_124555,sc:ecard:03c5b08343e9c8ff11ce,v0.3.0,,,,false,metric_summary_missing_or_unavailable,excluded,missing_candidate_level_evidence,blocked,hard_gate_not_passed,,,,blocked_no_candidate_level_evidence,,not_ranked,,,,,,,,,review_input_only_not_adoption_decision,rule_first_selector_must_not_feed_runtime_ranking_reports_backtests_trading_or_auto_adoption,production_activation_requires_later_root_approved_gate
v0_3_rule_first_selector_0_1,rule_first_selector_20260508_124555,sc:ecard:0423311e606f77e177ea,v0.3.0,,,,false,metric_summary_missing_or_unavailable,excluded,missing_candidate_level_evidence,blocked,hard_gate_not_passed,,,,blocked_no_candidate_level_evidence,,not_ranked,,,,,,,,,review_input_only_not_adoption_decision,rule_first_selector_must_not_feed_runtime_ranking_reports_backtests_trading_or_auto_adoption,production_activation_requires_later_root_approved_gate
v0_3_rule_first_selector_0_1,rule_first_selector_20260508_124555,sc:ecard:045b7cc31d715bede99e,v0.3.0,,,,false,metric_summary_missing_or_unavailable,excluded,missing_candidate_level_evidence,blocked,hard_gate_not_passed,,,,blocked_no_candidate_level_evidence,,not_ranked,,,,,,,,,review_input_only_not_adoption_decision,rule_first_selector_must_not_feed_runtime_ranking_reports_backtests_trading_or_auto_adoption,production_activation_requires_later_root_approved_gate
v0_3_rule_first_selector_0_1,rule_first_selector_20260508_124555,sc:ecard:047cf84b4b098cea5446,v0.3.0,,,,false,metric_summary_missing_or_unavailable,excluded,missing_candidate_level_evidence,blocked,hard_gate_not_passed,,,,blocked_no_candidate_level_evidence,,not_ranked,,,,,,,,,review_input_only_not_adoption_decision,rule_first_selector_must_not_feed_runtime_ranking_reports_backtests_trading_or_auto_adoption,production_activation_requires_later_root_approved_gate
v0_3_rule_first_selector_0_1,rule_first_selector_20260508_124555,sc:ecard:04ddd11eeb82ba8c29ec,v0.3.0,,,,false,metric_summary_missing_or_unavailable,excluded,missing_candidate_level_evidence,blocked,hard_gate_not_passed,,,,blocked_no_candidate_level_evidence,,not_ranked,,,,,,,,,review_input_only_not_adoption_decision,rule_first_selector_must_not_feed_runtime_ranking_reports_backtests_trading_or_auto_adoption,production_activation_requires_later_root_approved_gate
v0_3_rule_first_selector_0_1,rule_first_selector_20260508_124555,sc:ecard:05d0ba74fa13b197a76b,v0.3.0,,,,false,metric_summary_missing_or_unavailable,excluded,missing_candidate_level_evidence,blocked,hard_gate_not_passed,,,,blocked_no_candidate_level_evidence,,not_ranked,,,,,,,,,review_input_only_not_adoption_decision,rule_first_selector_must_not_feed_runtime_ranking_reports_backtests_trading_or_auto_adoption,production_activation_requires_later_root_approved_gate
v0_3_rule_first_selector_0_1,rule_first_selector_20260508_124555,sc:ecard:06aea1bbb74c3e22b38d,v0.3.0,ee_v0_3_20260507_sc_ecard_06aea1bbb74c3e22b38d,,,false,metric_summary_missing_or_unavailable,excluded,missing_candidate_level_evidence,blocked,hard_gate_not_passed,,,,blocked_no_candidate_level_evidence,,not_ranked,,,,,,,,candidate_level_metric_missing|upstream_candidate_not_evaluable,review_input_only_not_adoption_decision,rule_first_selector_must_not_feed_runtime_ranking_reports_backtests_trading_or_auto_adoption,production_activation_requires_later_root_approved_gate
v0_3_rule_first_selector_0_1,rule_first_selector_20260508_124555,sc:ecard:075716cf8e90effeedfa,v0.3.0,,,,false,metric_summary_missing_or_unavailable,excluded,missing_candidate_level_evidence,blocked,hard_gate_not_passed,,,,blocked_no_candidate_level_evidence,,not_ranked,,,,,,,,,review_input_only_not_adoption_decision,rule_first_selector_must_not_feed_runtime_ranking_reports_backtests_trading_or_auto_adoption,production_activation_requires_later_root_approved_gate
v0_3_rule_first_selector_0_1,rule_first_selector_20260508_124555,sc:ecard:07e715a18ca303a035e9,v0.3.0,ee_v0_3_20260507_sc_ecard_07e715a18ca303a035e9,,,false,metric_summary_missing_or_unavailable,excluded,missing_candidate_level_evidence,blocked,hard_gate_not_passed,,,,blocked_no_candidate_level_evidence,,not_ranked,,,,,,,,candidate_level_metric_missing|upstream_candidate_not_evaluable,review_input_only_not_adoption_decision,rule_first_selector_must_not_feed_runtime_ranking_reports_backtests_trading_or_auto_adoption,production_activation_requires_later_root_approved_gate
v0_3_rule_first_selector_0_1,rule_first_selector_20260508_124555,sc:ecard:07e966b064362302e95e,v0.3.0,,,,false,metric_summary_missing_or_unavailable,excluded,missing_candidate_level_evidence,blocked,hard_gate_not_passed,,,,blocked_no_candidate_level_evidence,,not_ranked,,,,,,,,,review_input_only_not_adoption_decision,rule_first_selector_must_not_feed_runtime_ranking_reports_backtests_trading_or_auto_adoption,production_activation_requires_later_root_approved_gate
v0_3_rule_first_selector_0_1,rule_first_selector_20260508_124555,sc:ecard:084778ff8e9ea209a113,v0.3.0,,,,false,metric_summary_missing_or_unavailable,excluded,missing_candidate_level_evidence,blocked,hard_gate_not_passed,,,,blocked_no_candidate_level_evidence,,not_ranked,,,,,,,,,review_input_only_not_adoption_decision,rule_first_selector_must_not_feed_runtime_ranking_reports_backtests_trading_or_auto_adoption,production_activation_requires_later_root_approved_gate
v0_3_rule_first_selector_0_1,rule_first_selector_20260508_124555,sc:ecard:087c7a7ad0c1765d43dc,v0.3.0,,,,false,metric_summary_missing_or_unavailable,excluded,missing_candidate_level_evidence,blocked,hard_gate_not_passed,,,,blocked_no_candidate_level_evidence,,not_ranked,,,,,,,,,review_input_only_not_adoption_decision,rule_first_selector_must_not_feed_runtime_ranking_reports_backtests_trading_or_auto_adoption,production_activation_requires_later_root_approved_gate
v0_3_rule_first_selector_0_1,rule_first_selector_20260508_124555,sc:ecard:08da6a7622f361dae6e2,v0.3.0,ee_v0_3_20260507_sc_ecard_08da6a7622f361dae6e2,,,false,metric_summary_missing_or_unavailable,excluded,missing_candidate_level_evidence,blocked,hard_gate_not_passed,,,,blocked_no_candidate_level_evidence,,not_ranked,,,,,,,,candidate_level_metric_missing|upstream_candidate_not_evaluable,review_input_only_not_adoption_decision,rule_first_selector_must_not_feed_runtime_ranking_reports_backtests_trading_or_auto_adoption,production_activation_requires_later_root_approved_gate
v0_3_rule_first_selector_0_1,rule_first_selector_20260508_124555,sc:ecard:0910c98f460841de26c5,v0.3.0,ee_v0_3_20260506_sc_ecard_0910c98f460841de26c5,strategy_candidate,sc:ecard:0910c98f460841de26c5,true,candidate_id_matches_candidate_level_evaluation_evidence,pass,passed_hard_exclusion,pass,passed_minimum_evidence_gate,60.641751,,60.641751,rule_only,2,top_review_candidate,approved_evaluation_evidence,candidate_specific,4.59248614414884,-0.49924422265194046,0.5932409139655367,0.686318407960199,0.39104534114120565,,review_input_only_not_adoption_decision,rule_first_selector_must_not_feed_runtime_ranking_reports_backtests_trading_or_auto_adoption,production_activation_requires_later_root_approved_gate
v0_3_rule_first_selector_0_1,rule_first_selector_20260508_124555,sc:ecard:092597be238642799b67,v0.3.0,,,,false,metric_summary_missing_or_unavailable,excluded,missing_candidate_level_evidence,blocked,hard_gate_not_passed,,,,blocked_no_candidate_level_evidence,,not_ranked,,,,,,,,,review_input_only_not_adoption_decision,rule_first_selector_must_not_feed_runtime_ranking_reports_backtests_trading_or_auto_adoption,production_activation_requires_later_root_approved_gate
v0_3_rule_first_selector_0_1,rule_first_selector_20260508_124555,sc:ecard:09917eda425e720ed34a,v0.3.0,,,,false,metric_summary_missing_or_unavailable,excluded,missing_candidate_level_evidence,blocked,hard_gate_not_passed,,,,blocked_no_candidate_level_evidence,,not_ranked,,,,,,,,,review_input_only_not_adoption_decision,rule_first_selector_must_not_feed_runtime_ranking_reports_backtests_trading_or_auto_adoption,production_activation_requires_later_root_approved_gate
v0_3_rule_first_selector_0_1,rule_first_selector_20260508_124555,sc:ecard:09a7155eb669177585ff,v0.3.0,,,,false,metric_summary_missing_or_unavailable,excluded,missing_candidate_level_evidence,blocked,hard_gate_not_passed,,,,blocked_no_candidate_level_evidence,,not_ranked,,,,,,,,,review_input_only_not_adoption_decision,rule_first_selector_must_not_feed_runtime_ranking_reports_backtests_trading_or_auto_adoption,production_activation_requires_later_root_approved_gate
v0_3_rule_first_selector_0_1,rule_first_selector_20260508_124555,sc:ecard:0a1d43d664f3ff18d295,v0.3.0,,,,false,metric_summary_missing_or_unavailable,excluded,missing_candidate_level_evidence,blocked,hard_gate_not_passed,,,,blocked_no_candidate_level_evidence,,not_ranked,,,,,,,,,review_input_only_not_adoption_decision,rule_first_selector_must_not_feed_runtime_ranking_reports_backtests_trading_or_auto_adoption,production_activation_requires_later_root_approved_gate
v0_3_rule_first_selector_0_1,rule_first_selector_20260508_124555,sc:ecard:0bde902d7888f21a20a0,v0.3.0,ee_v0_3_20260506_sc_ecard_0bde902d7888f21a20a0,strategy_candidate,sc:ecard:0bde902d7888f21a20a0,true,candidate_id_matches_candidate_level_evaluation_evidence,pass,passed_hard_exclusion,pass,passed_minimum_evidence_gate,58.671009,,58.671009,rule_only,21,secondary_review_candidate,approved_evaluation_evidence,candidate_specific,0.9478898686276229,-0.6092164024086726,0.35818175172278915,0.8618159203980099,0.2968075686560764,,review_input_only_not_adoption_decision,rule_first_selector_must_not_feed_runtime_ranking_reports_backtests_trading_or_auto_adoption,production_activation_requires_later_root_approved_gate
v0_3_rule_first_selector_0_1,rule_first_selector_20260508_124555,sc:ecard:0c6304d8ed636dd97d11,v0.3.0,,,,false,metric_summary_missing_or_unavailable,excluded,missing_candidate_level_evidence,blocked,hard_gate_not_passed,,,,blocked_no_candidate_level_evidence,,not_ranked,,,,,,,,,review_input_only_not_adoption_decision,rule_first_selector_must_not_feed_runtime_ranking_reports_backtests_trading_or_auto_adoption,production_activation_requires_later_root_approved_gate
v0_3_rule_first_selector_0_1,rule_first_selector_20260508_124555,sc:ecard:0d697687f5142e31a28c,v0.3.0,ee_v0_3_20260507_sc_ecard_0d697687f5142e31a28c,,,false,metric_summary_missing_or_unavailable,excluded,missing_candidate_level_evidence,blocked,hard_gate_not_passed,,,,blocked_no_candidate_level_evidence,,not_ranked,,,,,,,,candidate_level_metric_missing|upstream_candidate_not_evaluable,review_input_only_not_adoption_decision,rule_first_selector_must_not_feed_runtime_ranking_reports_backtests_trading_or_auto_adoption,production_activation_requires_later_root_approved_gate
v0_3_rule_first_selector_0_1,rule_first_selector_20260508_124555,sc:ecard:0da45534c2e2d78afee8,v0.3.0,ee_v0_3_20260507_sc_ecard_0da45534c2e2d78afee8,,,false,metric_summary_missing_or_unavailable,excluded,missing_candidate_level_evidence,blocked,hard_gate_not_passed,,,,blocked_no_candidate_level_evidence,,not_ranked,,,,,,,,candidate_level_metric_missing|upstream_candidate_not_evaluable,review_input_only_not_adoption_decision,rule_first_selector_must_not_feed_runtime_ranking_reports_backtests_trading_or_auto_adoption,production_activation_requires_later_root_approved_gate
v0_3_rule_first_selector_0_1,rule_first_selector_20260508_124555,sc:ecard:0de28720ea2ffa5fbf91,v0.3.0,,,,false,metric_summary_missing_or_unavailable,excluded,missing_candidate_level_evidence,blocked,hard_gate_not_passed,,,,blocked_no_candidate_level_evidence,,not_ranked,,,,,,,,,review_input_only_not_adoption_decision,rule_first_selector_must_not_feed_runtime_ranking_reports_backtests_trading_or_auto_adoption,production_activation_requires_later_root_approved_gate
v0_3_rule_first_selector_0_1,rule_first_selector_20260508_124555,sc:ecard:0dfb47038bab4bf492d6,v0.3.0,,,,false,metric_summary_missing_or_unavailable,excluded,missing_candidate_level_evidence,blocked,hard_gate_not_passed,,,,blocked_no_candidate_level_evidence,,not_ranked,,,,,,,,,review_input_only_not_adoption_decision,rule_first_selector_must_not_feed_runtime_ranking_reports_backtests_trading_or_auto_adoption,production_activation_requires_later_root_approved_gate
v0_3_rule_first_selector_0_1,rule_first_selector_20260508_124555,sc:ecard:0e66936e21140c4082c9,v0.3.0,,,,false,metric_summary_missing_or_unavailable,excluded,missing_candidate_level_evidence,blocked,hard_gate_not_passed,,,,blocked_no_candidate_level_evidence,,not_ranked,,,,,,,,,review_input_only_not_adoption_decision,rule_first_selector_must_not_feed_runtime_ranking_reports_backtests_trading_or_auto_adoption,production_activation_requires_later_root_approved_gate
v0_3_rule_first_selector_0_1,rule_first_selector_20260508_124555,sc:ecard:0e7a224a8bb0a60013dd,v0.3.0,,,,false,metric_summary_missing_or_unavailable,excluded,missing_candidate_level_evidence,blocked,hard_gate_not_passed,,,,blocked_no_candidate_level_evidence,,not_ranked,,,,,,,,,review_input_only_not_adoption_decision,rule_first_selector_must_not_feed_runtime_ranking_reports_backtests_trading_or_auto_adoption,production_activation_requires_later_root_approved_gate
v0_3_rule_first_selector_0_1,rule_first_selector_20260508_124555,sc:ecard:0ea80bc3c758f3bb0194,v0.3.0,,,,false,metric_summary_missing_or_unavailable,excluded,missing_candidate_level_evidence,blocked,hard_gate_not_passed,,,,blocked_no_candidate_level_evidence,,not_ranked,,,,,,,,,review_input_only_not_adoption_decision,rule_first_selector_must_not_feed_runtime_ranking_reports_backtests_trading_or_auto_adoption,production_activation_requires_later_root_approved_gate
v0_3_rule_first_selector_0_1,rule_first_selector_20260508_124555,sc:ecard:0ec544290e932aee91e0,v0.3.0,,,,false,metric_summary_missing_or_unavailable,excluded,missing_candidate_level_evidence,blocked,hard_gate_not_passed,,,,blocked_no_candidate_level_evidence,,not_ranked,,,,,,,,,review_input_only_not_adoption_decision,rule_first_selector_must_not_feed_runtime_ranking_reports_backtests_trading_or_auto_adoption,production_activation_requires_later_root_approved_gate
v0_3_rule_first_selector_0_1,rule_first_selector_20260508_124555,sc:ecard:0ed89e098790eee2dc5d,v0.3.0,,,,false,metric_summary_missing_or_unavailable,excluded,missing_candidate_level_evidence,blocked,hard_gate_not_passed,,,,blocked_no_candidate_level_evidence,,not_ranked,,,,,,,,,review_input_only_not_adoption_decision,rule_first_selector_must_not_feed_runtime_ranking_reports_backtests_trading_or_auto_adoption,production_activation_requires_later_root_approved_gate
v0_3_rule_first_selector_0_1,rule_first_selector_20260508_124555,sc:ecard:0f025463d7d92b69a956,v0.3.0,,,,false,metric_summary_missing_or_unavailable,excluded,missing_candidate_level_evidence,blocked,hard_gate_not_passed,,,,blocked_no_candidate_level_evidence,,not_ranked,,,,,,,,,review_input_only_not_adoption_decision,rule_first_selector_must_not_feed_runtime_ranking_reports_backtests_trading_or_auto_adoption,production_activation_requires_later_root_approved_gate
v0_3_rule_first_selector_0_1,rule_first_selector_20260508_124555,sc:ecard:0f391b1ac869df682d84,v0.3.0,,,,false,metric_summary_missing_or_unavailable,excluded,missing_candidate_level_evidence,blocked,hard_gate_not_passed,,,,blocked_no_candidate_level_evidence,,not_ranked,,,,,,,,,review_input_only_not_adoption_decision,rule_first_selector_must_not_feed_runtime_ranking_reports_backtests_trading_or_auto_adoption,production_activation_requires_later_root_approved_gate
v0_3_rule_first_selector_0_1,rule_first_selector_20260508_124555,sc:ecard:104ab11ff65d2084bbac,v0.3.0,,,,false,metric_summary_missing_or_unavailable,excluded,missing_candidate_level_evidence,blocked,hard_gate_not_passed,,,,blocked_no_candidate_level_evidence,,not_ranked,,,,,,,,,review_input_only_not_adoption_decision,rule_first_selector_must_not_feed_runtime_ranking_reports_backtests_trading_or_auto_adoption,production_activation_requires_later_root_approved_gate
v0_3_rule_first_selector_0_1,rule_first_selector_20260508_124555,sc:ecard:107110bf6d28091bc519,v0.3.0,,,,false,metric_summary_missing_or_unavailable,excluded,missing_candidate_level_evidence,blocked,hard_gate_not_passed,,,,blocked_no_candidate_level_evidence,,not_ranked,,,,,,,,,review_input_only_not_adoption_decision,rule_first_selector_must_not_feed_runtime_ranking_reports_backtests_trading_or_auto_adoption,production_activation_requires_later_root_approved_gate
v0_3_rule_first_selector_0_1,rule_first_selector_20260508_124555,sc:ecard:10798fed15c217f31b98,v0.3.0,ee_v0_3_20260507_sc_ecard_10798fed15c217f31b98,,,false,metric_summary_missing_or_unavailable,excluded,missing_candidate_level_evidence,blocked,hard_gate_not_passed,,,,blocked_no_candidate_level_evidence,,not_ranked,,,,,,,,candidate_level_metric_missing|upstream_candidate_not_evaluable,review_input_only_not_adoption_decision,rule_first_selector_must_not_feed_runtime_ranking_reports_backtests_trading_or_auto_adoption,production_activation_requires_later_root_approved_gate
v0_3_rule_first_selector_0_1,rule_first_selector_20260508_124555,sc:ecard:10b15cfce4696e90bebb,v0.3.0,,,,false,metric_summary_missing_or_unavailable,excluded,missing_candidate_level_evidence,blocked,hard_gate_not_passed,,,,blocked_no_candidate_level_evidence,,not_ranked,,,,,,,,,review_input_only_not_adoption_decision,rule_first_selector_must_not_feed_runtime_ranking_reports_backtests_trading_or_auto_adoption,production_activation_requires_later_root_approved_gate
v0_3_rule_first_selector_0_1,rule_first_selector_20260508_124555,sc:ecard:1124e9d59d3a0cdcf2b1,v0.3.0,,,,false,metric_summary_missing_or_unavailable,excluded,missing_candidate_level_evidence,blocked,hard_gate_not_passed,,,,blocked_no_candidate_level_evidence,,not_ranked,,,,,,,,,review_input_only_not_adoption_decision,rule_first_selector_must_not_feed_runtime_ranking_reports_backtests_trading_or_auto_adoption,production_activation_requires_later_root_approved_gate
v0_3_rule_first_selector_0_1,rule_first_selector_20260508_124555,sc:ecard:113d78d83dd2722dcae2,v0.3.0,,,,false,metric_summary_missing_or_unavailable,excluded,missing_candidate_level_evidence,blocked,hard_gate_not_passed,,,,blocked_no_candidate_level_evidence,,not_ranked,,,,,,,,,review_input_only_not_adoption_decision,rule_first_selector_must_not_feed_runtime_ranking_reports_backtests_trading_or_auto_adoption,production_activation_requires_later_root_approved_gate
v0_3_rule_first_selector_0_1,rule_first_selector_20260508_124555,sc:ecard:11b1351c43e8100fa6b4,v0.3.0,ee_v0_3_20260507_sc_ecard_11b1351c43e8100fa6b4,,,false,metric_summary_missing_or_unavailable,excluded,missing_candidate_level_evidence,blocked,hard_gate_not_passed,,,,blocked_no_candidate_level_evidence,,not_ranked,,,,,,,,candidate_level_metric_missing|upstream_candidate_not_evaluable,review_input_only_not_adoption_decision,rule_first_selector_must_not_feed_runtime_ranking_reports_backtests_trading_or_auto_adoption,production_activation_requires_later_root_approved_gate
v0_3_rule_first_selector_0_1,rule_first_selector_20260508_124555,sc:ecard:122d62c1e7a158e952c2,v0.3.0,ee_v0_3_20260507_sc_ecard_122d62c1e7a158e952c2,,,false,metric_summary_missing_or_unavailable,excluded,missing_candidate_level_evidence,blocked,hard_gate_not_passed,,,,blocked_no_candidate_level_evidence,,not_ranked,,,,,,,,candidate_level_metric_missing|upstream_candidate_not_evaluable,review_input_only_not_adoption_decision,rule_first_selector_must_not_feed_runtime_ranking_reports_backtests_trading_or_auto_adoption,production_activation_requires_later_root_approved_gate
v0_3_rule_first_selector_0_1,rule_first_selector_20260508_124555,sc:ecard:1249c6c6218c2503bd20,v0.3.0,,,,false,metric_summary_missing_or_unavailable,excluded,missing_candidate_level_evidence,blocked,hard_gate_not_passed,,,,blocked_no_candidate_level_evidence,,not_ranked,,,,,,,,,review_input_only_not_adoption_decision,rule_first_selector_must_not_feed_runtime_ranking_reports_backtests_trading_or_auto_adoption,production_activation_requires_later_root_approved_gate
v0_3_rule_first_selector_0_1,rule_first_selector_20260508_124555,sc:ecard:126fb6084d72e85e82a0,v0.3.0,ee_v0_3_20260506_sc_ecard_126fb6084d72e85e82a0,strategy_candidate,sc:ecard:126fb6084d72e85e82a0,true,candidate_id_matches_candidate_level_evaluation_evidence,pass,passed_hard_exclusion,pass,passed_minimum_evidence_gate,58.671009,,58.671009,rule_only,22,secondary_review_candidate,approved_evaluation_evidence,candidate_specific,0.9478898686276229,-0.6092164024086726,0.35818175172278915,0.8618159203980099,0.2968075686560764,,review_input_only_not_adoption_decision,rule_first_selector_must_not_feed_runtime_ranking_reports_backtests_trading_or_auto_adoption,production_activation_requires_later_root_approved_gate
v0_3_rule_first_selector_0_1,rule_first_selector_20260508_124555,sc:ecard:1273538b300b760d3f54,v0.3.0,,,,false,metric_summary_missing_or_unavailable,excluded,missing_candidate_level_evidence,blocked,hard_gate_not_passed,,,,blocked_no_candidate_level_evidence,,not_ranked,,,,,,,,,review_input_only_not_adoption_decision,rule_first_selector_must_not_feed_runtime_ranking_reports_backtests_trading_or_auto_adoption,production_activation_requires_later_root_approved_gate
v0_3_rule_first_selector_0_1,rule_first_selector_20260508_124555,sc:ecard:12d94c8d1ebdc8f1eb69,v0.3.0,,,,false,metric_summary_missing_or_unavailable,excluded,missing_candidate_level_evidence,blocked,hard_gate_not_passed,,,,blocked_no_candidate_level_evidence,,not_ranked,,,,,,,,,review_input_only_not_adoption_decision,rule_first_selector_must_not_feed_runtime_ranking_reports_backtests_trading_or_auto_adoption,production_activation_requires_later_root_approved_gate
v0_3_rule_first_selector_0_1,rule_first_selector_20260508_124555,sc:ecard:134d98881f93b751b410,v0.3.0,,,,false,metric_summary_missing_or_unavailable,excluded,missing_candidate_level_evidence,blocked,hard_gate_not_passed,,,,blocked_no_candidate_level_evidence,,not_ranked,,,,,,,,,review_input_only_not_adoption_decision,rule_first_selector_must_not_feed_runtime_ranking_reports_backtests_trading_or_auto_adoption,production_activation_requires_later_root_approved_gate
v0_3_rule_first_selector_0_1,rule_first_selector_20260508_124555,sc:ecard:1365b735b7a9a20a8c34,v0.3.0,ee_v0_3_20260507_sc_ecard_1365b735b7a9a20a8c34,,,false,metric_summary_missing_or_unavailable,excluded,missing_candidate_level_evidence,blocked,hard_gate_not_passed,,,,blocked_no_candidate_level_evidence,,not_ranked,,,,,,,,candidate_level_metric_missing|upstream_candidate_not_evaluable,review_input_only_not_adoption_decision,rule_first_selector_must_not_feed_runtime_ranking_reports_backtests_trading_or_auto_adoption,production_activation_requires_later_root_approved_gate
v0_3_rule_first_selector_0_1,rule_first_selector_20260508_124555,sc:ecard:13caeb7ddb2c5f370254,v0.3.0,,,,false,metric_summary_missing_or_unavailable,excluded,missing_candidate_level_evidence,blocked,hard_gate_not_passed,,,,blocked_no_candidate_level_evidence,,not_ranked,,,,,,,,,review_input_only_not_adoption_decision,rule_first_selector_must_not_feed_runtime_ranking_reports_backtests_trading_or_auto_adoption,production_activation_requires_later_root_approved_gate
v0_3_rule_first_selector_0_1,rule_first_selector_20260508_124555,sc:ecard:148354d76a6b7d0177d2,v0.3.0,,,,false,metric_summary_missing_or_unavailable,excluded,missing_candidate_level_evidence,blocked,hard_gate_not_passed,,,,blocked_no_candidate_level_evidence,,not_ranked,,,,,,,,,review_input_only_not_adoption_decision,rule_first_selector_must_not_feed_runtime_ranking_reports_backtests_trading_or_auto_adoption,production_activation_requires_later_root_approved_gate
v0_3_rule_first_selector_0_1,rule_first_selector_20260508_124555,sc:ecard:148df4dd4e0e97abfa88,v0.3.0,,,,false,metric_summary_missing_or_unavailable,excluded,missing_candidate_level_evidence,blocked,hard_gate_not_passed,,,,blocked_no_candidate_level_evidence,,not_ranked,,,,,,,,,review_input_only_not_adoption_decision,rule_first_selector_must_not_feed_runtime_ranking_reports_backtests_trading_or_auto_adoption,production_activation_requires_later_root_approved_gate
v0_3_rule_first_selector_0_1,rule_first_selector_20260508_124555,sc:ecard:153b0378802104d6fc1f,v0.3.0,,,,false,metric_summary_missing_or_unavailable,excluded,missing_candidate_level_evidence,blocked,hard_gate_not_passed,,,,blocked_no_candidate_level_evidence,,not_ranked,,,,,,,,,review_input_only_not_adoption_decision,rule_first_selector_must_not_feed_runtime_ranking_reports_backtests_trading_or_auto_adoption,production_activation_requires_later_root_approved_gate
v0_3_rule_first_selector_0_1,rule_first_selector_20260508_124555,sc:ecard:154d648d554b4b22a3d4,v0.3.0,ee_v0_3_20260506_sc_ecard_154d648d554b4b22a3d4,strategy_candidate,sc:ecard:154d648d554b4b22a3d4,true,candidate_id_matches_candidate_level_evaluation_evidence,pass,passed_hard_exclusion,pass,passed_minimum_evidence_gate,58.671009,,58.671009,rule_only,23,secondary_review_candidate,approved_evaluation_evidence,candidate_specific,0.9478898686276229,-0.6092164024086726,0.35818175172278915,0.8618159203980099,0.2968075686560764,,review_input_only_not_adoption_decision,rule_first_selector_must_not_feed_runtime_ranking_reports_backtests_trading_or_auto_adoption,production_activation_requires_later_root_approved_gate
v0_3_rule_first_selector_0_1,rule_first_selector_20260508_124555,sc:ecard:165e981398ce0be05250,v0.3.0,,,,false,metric_summary_missing_or_unavailable,excluded,missing_candidate_level_evidence,blocked,hard_gate_not_passed,,,,blocked_no_candidate_level_evidence,,not_ranked,,,,,,,,,review_input_only_not_adoption_decision,rule_first_selector_must_not_feed_runtime_ranking_reports_backtests_trading_or_auto_adoption,production_activation_requires_later_root_approved_gate
v0_3_rule_first_selector_0_1,rule_first_selector_20260508_124555,sc:ecard:170a4f0127f0ff97d260,v0.3.0,,,,false,metric_summary_missing_or_unavailable,excluded,missing_candidate_level_evidence,blocked,hard_gate_not_passed,,,,blocked_no_candidate_level_evidence,,not_ranked,,,,,,,,,review_input_only_not_adoption_decision,rule_first_selector_must_not_feed_runtime_ranking_reports_backtests_trading_or_auto_adoption,production_activation_requires_later_root_approved_gate
v0_3_rule_first_selector_0_1,rule_first_selector_20260508_124555,sc:ecard:17f72dcbf14d500ec397,v0.3.0,ee_v0_3_20260506_sc_ecard_17f72dcbf14d500ec397,strategy_candidate,sc:ecard:17f72dcbf14d500ec397,true,candidate_id_matches_candidate_level_evaluation_evidence,pass,passed_hard_exclusion,pass,passed_minimum_evidence_gate,58.671009,,58.671009,rule_only,24,secondary_review_candidate,approved_evaluation_evidence,candidate_specific,0.9478898686276229,-0.6092164024086726,0.35818175172278915,0.8618159203980099,0.2968075686560764,,review_input_only_not_adoption_decision,rule_first_selector_must_not_feed_runtime_ranking_reports_backtests_trading_or_auto_adoption,production_activation_requires_later_root_approved_gate
v0_3_rule_first_selector_0_1,rule_first_selector_20260508_124555,sc:ecard:1802c043b7644d525922,v0.3.0,,,,false,metric_summary_missing_or_unavailable,excluded,missing_candidate_level_evidence,blocked,hard_gate_not_passed,,,,blocked_no_candidate_level_evidence,,not_ranked,,,,,,,,,review_input_only_not_adoption_decision,rule_first_selector_must_not_feed_runtime_ranking_reports_backtests_trading_or_auto_adoption,production_activation_requires_later_root_approved_gate
v0_3_rule_first_selector_0_1,rule_first_selector_20260508_124555,sc:ecard:1827fcf87d68014418b0,v0.3.0,,,,false,metric_summary_missing_or_unavailable,excluded,missing_candidate_level_evidence,blocked,hard_gate_not_passed,,,,blocked_no_candidate_level_evidence,,not_ranked,,,,,,,,,review_input_only_not_adoption_decision,rule_first_selector_must_not_feed_runtime_ranking_reports_backtests_trading_or_auto_adoption,production_activation_requires_later_root_approved_gate
v0_3_rule_first_selector_0_1,rule_first_selector_20260508_124555,sc:ecard:18bf713618995c728d15,v0.3.0,,,,false,metric_summary_missing_or_unavailable,excluded,missing_candidate_level_evidence,blocked,hard_gate_not_passed,,,,blocked_no_candidate_level_evidence,,not_ranked,,,,,,,,,review_input_only_not_adoption_decision,rule_first_selector_must_not_feed_runtime_ranking_reports_backtests_trading_or_auto_adoption,production_activation_requires_later_root_approved_gate
v0_3_rule_first_selector_0_1,rule_first_selector_20260508_124555,sc:ecard:18dc98d6545f58f3e0b9,v0.3.0,,,,false,metric_summary_missing_or_unavailable,excluded,missing_candidate_level_evidence,blocked,hard_gate_not_passed,,,,blocked_no_candidate_level_evidence,,not_ranked,,,,,,,,,review_input_only_not_adoption_decision,rule_first_selector_must_not_feed_runtime_ranking_reports_backtests_trading_or_auto_adoption,production_activation_requires_later_root_approved_gate
v0_3_rule_first_selector_0_1,rule_first_selector_20260508_124555,sc:ecard:18fc9c6df69c0679c727,v0.3.0,,,,false,metric_summary_missing_or_unavailable,excluded,missing_candidate_level_evidence,blocked,hard_gate_not_passed,,,,blocked_no_candidate_level_evidence,,not_ranked,,,,,,,,,review_input_only_not_adoption_decision,rule_first_selector_must_not_feed_runtime_ranking_reports_backtests_trading_or_auto_adoption,production_activation_requires_later_root_approved_gate
v0_3_rule_first_selector_0_1,rule_first_selector_20260508_124555,sc:ecard:195350af79f5d53017c7,v0.3.0,,,,false,metric_summary_missing_or_unavailable,excluded,missing_candidate_level_evidence,blocked,hard_gate_not_passed,,,,blocked_no_candidate_level_evidence,,not_ranked,,,,,,,,,review_input_only_not_adoption_decision,rule_first_selector_must_not_feed_runtime_ranking_reports_backtests_trading_or_auto_adoption,production_activation_requires_later_root_approved_gate
v0_3_rule_first_selector_0_1,rule_first_selector_20260508_124555,sc:ecard:195f1ccca7bfcb28f8b8,v0.3.0,,,,false,metric_summary_missing_or_unavailable,excluded,missing_candidate_level_evidence,blocked,hard_gate_not_passed,,,,blocked_no_candidate_level_evidence,,not_ranked,,,,,,,,,review_input_only_not_adoption_decision,rule_first_selector_must_not_feed_runtime_ranking_reports_backtests_trading_or_auto_adoption,production_activation_requires_later_root_approved_gate
v0_3_rule_first_selector_0_1,rule_first_selector_20260508_124555,sc:ecard:196d6d45db4752c986e6,v0.3.0,,,,false,metric_summary_missing_or_unavailable,excluded,missing_candidate_level_evidence,blocked,hard_gate_not_passed,,,,blocked_no_candidate_level_evidence,,not_ranked,,,,,,,,,review_input_only_not_adoption_decision,rule_first_selector_must_not_feed_runtime_ranking_reports_backtests_trading_or_auto_adoption,production_activation_requires_later_root_approved_gate
v0_3_rule_first_selector_0_1,rule_first_selector_20260508_124555,sc:ecard:19bbe901b54451918ef7,v0.3.0,ee_v0_3_20260507_sc_ecard_19bbe901b54451918ef7,,,false,metric_summary_missing_or_unavailable,excluded,missing_candidate_level_evidence,blocked,hard_gate_not_passed,,,,blocked_no_candidate_level_evidence,,not_ranked,,,,,,,,candidate_level_metric_missing|upstream_candidate_not_evaluable,review_input_only_not_adoption_decision,rule_first_selector_must_not_feed_runtime_ranking_reports_backtests_trading_or_auto_adoption,production_activation_requires_later_root_approved_gate
v0_3_rule_first_selector_0_1,rule_first_selector_20260508_124555,sc:ecard:19f167401e01ab79c2bd,v0.3.0,,,,false,metric_summary_missing_or_unavailable,excluded,missing_candidate_level_evidence,blocked,hard_gate_not_passed,,,,blocked_no_candidate_level_evidence,,not_ranked,,,,,,,,,review_input_only_not_adoption_decision,rule_first_selector_must_not_feed_runtime_ranking_reports_backtests_trading_or_auto_adoption,production_activation_requires_later_root_approved_gate
v0_3_rule_first_selector_0_1,rule_first_selector_20260508_124555,sc:ecard:1a375c2fc8a667cd3363,v0.3.0,,,,false,metric_summary_missing_or_unavailable,excluded,missing_candidate_level_evidence,blocked,hard_gate_not_passed,,,,blocked_no_candidate_level_evidence,,not_ranked,,,,,,,,,review_input_only_not_adoption_decision,rule_first_selector_must_not_feed_runtime_ranking_reports_backtests_trading_or_auto_adoption,production_activation_requires_later_root_approved_gate
v0_3_rule_first_selector_0_1,rule_first_selector_20260508_124555,sc:ecard:1a40a19419e9b10bc70b,v0.3.0,,,,false,metric_summary_missing_or_unavailable,excluded,missing_candidate_level_evidence,blocked,hard_gate_not_passed,,,,blocked_no_candidate_level_evidence,,not_ranked,,,,,,,,,review_input_only_not_adoption_decision,rule_first_selector_must_not_feed_runtime_ranking_reports_backtests_trading_or_auto_adoption,production_activation_requires_later_root_approved_gate
v0_3_rule_first_selector_0_1,rule_first_selector_20260508_124555,sc:ecard:1a88b2819628df50c29c,v0.3.0,ee_v0_3_20260507_sc_ecard_1a88b2819628df50c29c,,,false,metric_summary_missing_or_unavailable,excluded,missing_candidate_level_evidence,blocked,hard_gate_not_passed,,,,blocked_no_candidate_level_evidence,,not_ranked,,,,,,,,candidate_level_metric_missing|upstream_candidate_not_evaluable,review_input_only_not_adoption_decision,rule_first_selector_must_not_feed_runtime_ranking_reports_backtests_trading_or_auto_adoption,production_activation_requires_later_root_approved_gate
v0_3_rule_first_selector_0_1,rule_first_selector_20260508_124555,sc:ecard:1b9598fb4f754e71e6ad,v0.3.0,,,,false,metric_summary_missing_or_unavailable,excluded,missing_candidate_level_evidence,blocked,hard_gate_not_passed,,,,blocked_no_candidate_level_evidence,,not_ranked,,,,,,,,,review_input_only_not_adoption_decision,rule_first_selector_must_not_feed_runtime_ranking_reports_backtests_trading_or_auto_adoption,production_activation_requires_later_root_approved_gate
v0_3_rule_first_selector_0_1,rule_first_selector_20260508_124555,sc:ecard:1c790392ad906eec98e9,v0.3.0,ee_v0_3_20260507_sc_ecard_1c790392ad906eec98e9,,,false,metric_summary_missing_or_unavailable,excluded,missing_candidate_level_evidence,blocked,hard_gate_not_passed,,,,blocked_no_candidate_level_evidence,,not_ranked,,,,,,,,candidate_level_metric_missing|upstream_candidate_not_evaluable,review_input_only_not_adoption_decision,rule_first_selector_must_not_feed_runtime_ranking_reports_backtests_trading_or_auto_adoption,production_activation_requires_later_root_approved_gate
v0_3_rule_first_selector_0_1,rule_first_selector_20260508_124555,sc:ecard:1cc871bbdf54b10e48ce,v0.3.0,,,,false,metric_summary_missing_or_unavailable,excluded,missing_candidate_level_evidence,blocked,hard_gate_not_passed,,,,blocked_no_candidate_level_evidence,,not_ranked,,,,,,,,,review_input_only_not_adoption_decision,rule_first_selector_must_not_feed_runtime_ranking_reports_backtests_trading_or_auto_adoption,production_activation_requires_later_root_approved_gate
v0_3_rule_first_selector_0_1,rule_first_selector_20260508_124555,sc:ecard:1cd57e8a3bd4441dde14,v0.3.0,,,,false,metric_summary_missing_or_unavailable,excluded,missing_candidate_level_evidence,blocked,hard_gate_not_passed,,,,blocked_no_candidate_level_evidence,,not_ranked,,,,,,,,,review_input_only_not_adoption_decision,rule_first_selector_must_not_feed_runtime_ranking_reports_backtests_trading_or_auto_adoption,production_activation_requires_later_root_approved_gate
v0_3_rule_first_selector_0_1,rule_first_selector_20260508_124555,sc:ecard:1d0fc381c20b766325ee,v0.3.0,,,,false,metric_summary_missing_or_unavailable,excluded,missing_candidate_level_evidence,blocked,hard_gate_not_passed,,,,blocked_no_candidate_level_evidence,,not_ranked,,,,,,,,,review_input_only_not_adoption_decision,rule_first_selector_must_not_feed_runtime_ranking_reports_backtests_trading_or_auto_adoption,production_activation_requires_later_root_approved_gate
v0_3_rule_first_selector_0_1,rule_first_selector_20260508_124555,sc:ecard:1d45c0c47e7b6c076e36,v0.3.0,,,,false,metric_summary_missing_or_unavailable,excluded,missing_candidate_level_evidence,blocked,hard_gate_not_passed,,,,blocked_no_candidate_level_evidence,,not_ranked,,,,,,,,,review_input_only_not_adoption_decision,rule_first_selector_must_not_feed_runtime_ranking_reports_backtests_trading_or_auto_adoption,production_activation_requires_later_root_approved_gate
v0_3_rule_first_selector_0_1,rule_first_selector_20260508_124555,sc:ecard:1d7546c3d117be41fd4a,v0.3.0,,,,false,metric_summary_missing_or_unavailable,excluded,missing_candidate_level_evidence,blocked,hard_gate_not_passed,,,,blocked_no_candidate_level_evidence,,not_ranked,,,,,,,,,review_input_only_not_adoption_decision,rule_first_selector_must_not_feed_runtime_ranking_reports_backtests_trading_or_auto_adoption,production_activation_requires_later_root_approved_gate
v0_3_rule_first_selector_0_1,rule_first_selector_20260508_124555,sc:ecard:1e3396ba6ad8d6d9785a,v0.3.0,,,,false,metric_summary_missing_or_unavailable,excluded,missing_candidate_level_evidence,blocked,hard_gate_not_passed,,,,blocked_no_candidate_level_evidence,,not_ranked,,,,,,,,,review_input_only_not_adoption_decision,rule_first_selector_must_not_feed_runtime_ranking_reports_backtests_trading_or_auto_adoption,production_activation_requires_later_root_approved_gate
v0_3_rule_first_selector_0_1,rule_first_selector_20260508_124555,sc:ecard:1e78eca846d7c20eec7e,v0.3.0,,,,false,metric_summary_missing_or_unavailable,excluded,missing_candidate_level_evidence,blocked,hard_gate_not_passed,,,,blocked_no_candidate_level_evidence,,not_ranked,,,,,,,,,review_input_only_not_adoption_decision,rule_first_selector_must_not_feed_runtime_ranking_reports_backtests_trading_or_auto_adoption,production_activation_requires_later_root_approved_gate
v0_3_rule_first_selector_0_1,rule_first_selector_20260508_124555,sc:ecard:1e8888bfae87468fc532,v0.3.0,,,,false,metric_summary_missing_or_unavailable,excluded,missing_candidate_level_evidence,blocked,hard_gate_not_passed,,,,blocked_no_candidate_level_evidence,,not_ranked,,,,,,,,,review_input_only_not_adoption_decision,rule_first_selector_must_not_feed_runtime_ranking_reports_backtests_trading_or_auto_adoption,production_activation_requires_later_root_approved_gate
v0_3_rule_first_selector_0_1,rule_first_selector_20260508_124555,sc:ecard:1e8e8efc19684197b305,v0.3.0,,,,false,metric_summary_missing_or_unavailable,excluded,missing_candidate_level_evidence,blocked,hard_gate_not_passed,,,,blocked_no_candidate_level_evidence,,not_ranked,,,,,,,,,review_input_only_not_adoption_decision,rule_first_selector_must_not_feed_runtime_ranking_reports_backtests_trading_or_auto_adoption,production_activation_requires_later_root_approved_gate
v0_3_rule_first_selector_0_1,rule_first_selector_20260508_124555,sc:ecard:1f74ca00f843b7138be8,v0.3.0,ee_v0_3_20260507_sc_ecard_1f74ca00f843b7138be8,,,false,metric_summary_missing_or_unavailable,excluded,missing_candidate_level_evidence,blocked,hard_gate_not_passed,,,,blocked_no_candidate_level_evidence,,not_ranked,,,,,,,,candidate_level_metric_missing|upstream_candidate_not_evaluable,review_input_only_not_adoption_decision,rule_first_selector_must_not_feed_runtime_ranking_reports_backtests_trading_or_auto_adoption,production_activation_requires_later_root_approved_gate
v0_3_rule_first_selector_0_1,rule_first_selector_20260508_124555,sc:ecard:1fa2ca2045d9302ebfa9,v0.3.0,,,,false,metric_summary_missing_or_unavailable,excluded,missing_candidate_level_evidence,blocked,hard_gate_not_passed,,,,blocked_no_candidate_level_evidence,,not_ranked,,,,,,,,,review_input_only_not_adoption_decision,rule_first_selector_must_not_feed_runtime_ranking_reports_backtests_trading_or_auto_adoption,production_activation_requires_later_root_approved_gate
v0_3_rule_first_selector_0_1,rule_first_selector_20260508_124555,sc:ecard:1ff749e2ae87e6bca1e9,v0.3.0,,,,false,metric_summary_missing_or_unavailable,excluded,missing_candidate_level_evidence,blocked,hard_gate_not_passed,,,,blocked_no_candidate_level_evidence,,not_ranked,,,,,,,,,review_input_only_not_adoption_decision,rule_first_selector_must_not_feed_runtime_ranking_reports_backtests_trading_or_auto_adoption,production_activation_requires_later_root_approved_gate
v0_3_rule_first_selector_0_1,rule_first_selector_20260508_124555,sc:ecard:2158bde38ffc6eebde86,v0.3.0,,,,false,metric_summary_missing_or_unavailable,excluded,missing_candidate_level_evidence,blocked,hard_gate_not_passed,,,,blocked_no_candidate_level_evidence,,not_ranked,,,,,,,,,review_input_only_not_adoption_decision,rule_first_selector_must_not_feed_runtime_ranking_reports_backtests_trading_or_auto_adoption,production_activation_requires_later_root_approved_gate
v0_3_rule_first_selector_0_1,rule_first_selector_20260508_124555,sc:ecard:21bb6d600dc842e95859,v0.3.0,,,,false,metric_summary_missing_or_unavailable,excluded,missing_candidate_level_evidence,blocked,hard_gate_not_passed,,,,blocked_no_candidate_level_evidence,,not_ranked,,,,,,,,,review_input_only_not_adoption_decision,rule_first_selector_must_not_feed_runtime_ranking_reports_backtests_trading_or_auto_adoption,production_activation_requires_later_root_approved_gate
v0_3_rule_first_selector_0_1,rule_first_selector_20260508_124555,sc:ecard:21c78ad15e85c52eb0c2,v0.3.0,,,,false,metric_summary_missing_or_unavailable,excluded,missing_candidate_level_evidence,blocked,hard_gate_not_passed,,,,blocked_no_candidate_level_evidence,,not_ranked,,,,,,,,,review_input_only_not_adoption_decision,rule_first_selector_must_not_feed_runtime_ranking_reports_backtests_trading_or_auto_adoption,production_activation_requires_later_root_approved_gate
v0_3_rule_first_selector_0_1,rule_first_selector_20260508_124555,sc:ecard:2201a21d88a6835d35e0,v0.3.0,,,,false,metric_summary_missing_or_unavailable,excluded,missing_candidate_level_evidence,blocked,hard_gate_not_passed,,,,blocked_no_candidate_level_evidence,,not_ranked,,,,,,,,,review_input_only_not_adoption_decision,rule_first_selector_must_not_feed_runtime_ranking_reports_backtests_trading_or_auto_adoption,production_activation_requires_later_root_approved_gate
v0_3_rule_first_selector_0_1,rule_first_selector_20260508_124555,sc:ecard:222478c272a5cd16615d,v0.3.0,ee_v0_3_20260506_sc_ecard_222478c272a5cd16615d,strategy_candidate,sc:ecard:222478c272a5cd16615d,true,candidate_id_matches_candidate_level_evaluation_evidence,pass,passed_hard_exclusion,pass,passed_minimum_evidence_gate,60.641751,,60.641751,rule_only,3,top_review_candidate,approved_evaluation_evidence,candidate_specific,4.59248614414884,-0.49924422265194046,0.5932409139655367,0.686318407960199,0.39104534114120565,,review_input_only_not_adoption_decision,rule_first_selector_must_not_feed_runtime_ranking_reports_backtests_trading_or_auto_adoption,production_activation_requires_later_root_approved_gate
v0_3_rule_first_selector_0_1,rule_first_selector_20260508_124555,sc:ecard:223abf25e05e1a89f391,v0.3.0,,,,false,metric_summary_missing_or_unavailable,excluded,missing_candidate_level_evidence,blocked,hard_gate_not_passed,,,,blocked_no_candidate_level_evidence,,not_ranked,,,,,,,,,review_input_only_not_adoption_decision,rule_first_selector_must_not_feed_runtime_ranking_reports_backtests_trading_or_auto_adoption,production_activation_requires_later_root_approved_gate
v0_3_rule_first_selector_0_1,rule_first_selector_20260508_124555,sc:ecard:226ca886794af791cf00,v0.3.0,ee_v0_3_20260507_sc_ecard_226ca886794af791cf00,,,false,metric_summary_missing_or_unavailable,excluded,missing_candidate_level_evidence,blocked,hard_gate_not_passed,,,,blocked_no_candidate_level_evidence,,not_ranked,,,,,,,,candidate_level_metric_missing|upstream_candidate_not_evaluable,review_input_only_not_adoption_decision,rule_first_selector_must_not_feed_runtime_ranking_reports_backtests_trading_or_auto_adoption,production_activation_requires_later_root_approved_gate
v0_3_rule_first_selector_0_1,rule_first_selector_20260508_124555,sc:ecard:226fadd771b3e9badf63,v0.3.0,,,,false,metric_summary_missing_or_unavailable,excluded,missing_candidate_level_evidence,blocked,hard_gate_not_passed,,,,blocked_no_candidate_level_evidence,,not_ranked,,,,,,,,,review_input_only_not_adoption_decision,rule_first_selector_must_not_feed_runtime_ranking_reports_backtests_trading_or_auto_adoption,production_activation_requires_later_root_approved_gate
v0_3_rule_first_selector_0_1,rule_first_selector_20260508_124555,sc:ecard:22833f9cdc3647b41f7b,v0.3.0,,,,false,metric_summary_missing_or_unavailable,excluded,missing_candidate_level_evidence,blocked,hard_gate_not_passed,,,,blocked_no_candidate_level_evidence,,not_ranked,,,,,,,,,review_input_only_not_adoption_decision,rule_first_selector_must_not_feed_runtime_ranking_reports_backtests_trading_or_auto_adoption,production_activation_requires_later_root_approved_gate
v0_3_rule_first_selector_0_1,rule_first_selector_20260508_124555,sc:ecard:22fa09cdadb26beca521,v0.3.0,ee_v0_3_20260507_sc_ecard_22fa09cdadb26beca521,,,false,metric_summary_missing_or_unavailable,excluded,missing_candidate_level_evidence,blocked,hard_gate_not_passed,,,,blocked_no_candidate_level_evidence,,not_ranked,,,,,,,,candidate_level_metric_missing|upstream_candidate_not_evaluable,review_input_only_not_adoption_decision,rule_first_selector_must_not_feed_runtime_ranking_reports_backtests_trading_or_auto_adoption,production_activation_requires_later_root_approved_gate
v0_3_rule_first_selector_0_1,rule_first_selector_20260508_124555,sc:ecard:234b7d2806a42fdaf0ea,v0.3.0,,,,false,metric_summary_missing_or_unavailable,excluded,missing_candidate_level_evidence,blocked,hard_gate_not_passed,,,,blocked_no_candidate_level_evidence,,not_ranked,,,,,,,,,review_input_only_not_adoption_decision,rule_first_selector_must_not_feed_runtime_ranking_reports_backtests_trading_or_auto_adoption,production_activation_requires_later_root_approved_gate
v0_3_rule_first_selector_0_1,rule_first_selector_20260508_124555,sc:ecard:2383d8dddf603178019e,v0.3.0,,,,false,metric_summary_missing_or_unavailable,excluded,missing_candidate_level_evidence,blocked,hard_gate_not_passed,,,,blocked_no_candidate_level_evidence,,not_ranked,,,,,,,,,review_input_only_not_adoption_decision,rule_first_selector_must_not_feed_runtime_ranking_reports_backtests_trading_or_auto_adoption,production_activation_requires_later_root_approved_gate
v0_3_rule_first_selector_0_1,rule_first_selector_20260508_124555,sc:ecard:23d540b8c1dbf03e50fe,v0.3.0,,,,false,metric_summary_missing_or_unavailable,excluded,missing_candidate_level_evidence,blocked,hard_gate_not_passed,,,,blocked_no_candidate_level_evidence,,not_ranked,,,,,,,,,review_input_only_not_adoption_decision,rule_first_selector_must_not_feed_runtime_ranking_reports_backtests_trading_or_auto_adoption,production_activation_requires_later_root_approved_gate
v0_3_rule_first_selector_0_1,rule_first_selector_20260508_124555,sc:ecard:2400b9568147e3bfb791,v0.3.0,,,,false,metric_summary_missing_or_unavailable,excluded,missing_candidate_level_evidence,blocked,hard_gate_not_passed,,,,blocked_no_candidate_level_evidence,,not_ranked,,,,,,,,,review_input_only_not_adoption_decision,rule_first_selector_must_not_feed_runtime_ranking_reports_backtests_trading_or_auto_adoption,production_activation_requires_later_root_approved_gate
v0_3_rule_first_selector_0_1,rule_first_selector_20260508_124555,sc:ecard:24f913b6e5b3f25493bf,v0.3.0,ee_v0_3_20260507_sc_ecard_24f913b6e5b3f25493bf,,,false,metric_summary_missing_or_unavailable,excluded,missing_candidate_level_evidence,blocked,hard_gate_not_passed,,,,blocked_no_candidate_level_evidence,,not_ranked,,,,,,,,candidate_level_metric_missing|upstream_candidate_not_evaluable,review_input_only_not_adoption_decision,rule_first_selector_must_not_feed_runtime_ranking_reports_backtests_trading_or_auto_adoption,production_activation_requires_later_root_approved_gate
v0_3_rule_first_selector_0_1,rule_first_selector_20260508_124555,sc:ecard:2588f670d131f7992933,v0.3.0,ee_v0_3_20260507_sc_ecard_2588f670d131f7992933,,,false,metric_summary_missing_or_unavailable,excluded,missing_candidate_level_evidence,blocked,hard_gate_not_passed,,,,blocked_no_candidate_level_evidence,,not_ranked,,,,,,,,candidate_level_metric_missing|upstream_candidate_not_evaluable,review_input_only_not_adoption_decision,rule_first_selector_must_not_feed_runtime_ranking_reports_backtests_trading_or_auto_adoption,production_activation_requires_later_root_approved_gate
v0_3_rule_first_selector_0_1,rule_first_selector_20260508_124555,sc:ecard:26094ba2e229f5d528a2,v0.3.0,,,,false,metric_summary_missing_or_unavailable,excluded,missing_candidate_level_evidence,blocked,hard_gate_not_passed,,,,blocked_no_candidate_level_evidence,,not_ranked,,,,,,,,,review_input_only_not_adoption_decision,rule_first_selector_must_not_feed_runtime_ranking_reports_backtests_trading_or_auto_adoption,production_activation_requires_later_root_approved_gate
v0_3_rule_first_selector_0_1,rule_first_selector_20260508_124555,sc:ecard:269bbefa9b831b7ee01c,v0.3.0,,,,false,metric_summary_missing_or_unavailable,excluded,missing_candidate_level_evidence,blocked,hard_gate_not_passed,,,,blocked_no_candidate_level_evidence,,not_ranked,,,,,,,,,review_input_only_not_adoption_decision,rule_first_selector_must_not_feed_runtime_ranking_reports_backtests_trading_or_auto_adoption,production_activation_requires_later_root_approved_gate
v0_3_rule_first_selector_0_1,rule_first_selector_20260508_124555,sc:ecard:27498c7b03336a4e8de4,v0.3.0,,,,false,metric_summary_missing_or_unavailable,excluded,missing_candidate_level_evidence,blocked,hard_gate_not_passed,,,,blocked_no_candidate_level_evidence,,not_ranked,,,,,,,,,review_input_only_not_adoption_decision,rule_first_selector_must_not_feed_runtime_ranking_reports_backtests_trading_or_auto_adoption,production_activation_requires_later_root_approved_gate
v0_3_rule_first_selector_0_1,rule_first_selector_20260508_124555,sc:ecard:27fca8588cf26d746136,v0.3.0,,,,false,metric_summary_missing_or_unavailable,excluded,missing_candidate_level_evidence,blocked,hard_gate_not_passed,,,,blocked_no_candidate_level_evidence,,not_ranked,,,,,,,,,review_input_only_not_adoption_decision,rule_first_selector_must_not_feed_runtime_ranking_reports_backtests_trading_or_auto_adoption,production_activation_requires_later_root_approved_gate
v0_3_rule_first_selector_0_1,rule_first_selector_20260508_124555,sc:ecard:282871e3cfe70586bbdc,v0.3.0,,,,false,metric_summary_missing_or_unavailable,excluded,missing_candidate_level_evidence,blocked,hard_gate_not_passed,,,,blocked_no_candidate_level_evidence,,not_ranked,,,,,,,,,review_input_only_not_adoption_decision,rule_first_selector_must_not_feed_runtime_ranking_reports_backtests_trading_or_auto_adoption,production_activation_requires_later_root_approved_gate
v0_3_rule_first_selector_0_1,rule_first_selector_20260508_124555,sc:ecard:2874e4dd3091886b27a4,v0.3.0,,,,false,metric_summary_missing_or_unavailable,excluded,missing_candidate_level_evidence,blocked,hard_gate_not_passed,,,,blocked_no_candidate_level_evidence,,not_ranked,,,,,,,,,review_input_only_not_adoption_decision,rule_first_selector_must_not_feed_runtime_ranking_reports_backtests_trading_or_auto_adoption,production_activation_requires_later_root_approved_gate
v0_3_rule_first_selector_0_1,rule_first_selector_20260508_124555,sc:ecard:28b18b7dcb16437496ff,v0.3.0,,,,false,metric_summary_missing_or_unavailable,excluded,missing_candidate_level_evidence,blocked,hard_gate_not_passed,,,,blocked_no_candidate_level_evidence,,not_ranked,,,,,,,,,review_input_only_not_adoption_decision,rule_first_selector_must_not_feed_runtime_ranking_reports_backtests_trading_or_auto_adoption,production_activation_requires_later_root_approved_gate
v0_3_rule_first_selector_0_1,rule_first_selector_20260508_124555,sc:ecard:2a1416cc1a186a06a2c1,v0.3.0,,,,false,metric_summary_missing_or_unavailable,excluded,missing_candidate_level_evidence,blocked,hard_gate_not_passed,,,,blocked_no_candidate_level_evidence,,not_ranked,,,,,,,,,review_input_only_not_adoption_decision,rule_first_selector_must_not_feed_runtime_ranking_reports_backtests_trading_or_auto_adoption,production_activation_requires_later_root_approved_gate
v0_3_rule_first_selector_0_1,rule_first_selector_20260508_124555,sc:ecard:2a15cf43d3218ece8d23,v0.3.0,,,,false,metric_summary_missing_or_unavailable,excluded,missing_candidate_level_evidence,blocked,hard_gate_not_passed,,,,blocked_no_candidate_level_evidence,,not_ranked,,,,,,,,,review_input_only_not_adoption_decision,rule_first_selector_must_not_feed_runtime_ranking_reports_backtests_trading_or_auto_adoption,production_activation_requires_later_root_approved_gate
v0_3_rule_first_selector_0_1,rule_first_selector_20260508_124555,sc:ecard:2a351fa202fae7fd9fc7,v0.3.0,,,,false,metric_summary_missing_or_unavailable,excluded,missing_candidate_level_evidence,blocked,hard_gate_not_passed,,,,blocked_no_candidate_level_evidence,,not_ranked,,,,,,,,,review_input_only_not_adoption_decision,rule_first_selector_must_not_feed_runtime_ranking_reports_backtests_trading_or_auto_adoption,production_activation_requires_later_root_approved_gate
v0_3_rule_first_selector_0_1,rule_first_selector_20260508_124555,sc:ecard:2a4a2324f4aecff44b16,v0.3.0,ee_v0_3_20260507_sc_ecard_2a4a2324f4aecff44b16,,,false,metric_summary_missing_or_unavailable,excluded,missing_candidate_level_evidence,blocked,hard_gate_not_passed,,,,blocked_no_candidate_level_evidence,,not_ranked,,,,,,,,candidate_level_metric_missing|upstream_candidate_not_evaluable,review_input_only_not_adoption_decision,rule_first_selector_must_not_feed_runtime_ranking_reports_backtests_trading_or_auto_adoption,production_activation_requires_later_root_approved_gate
v0_3_rule_first_selector_0_1,rule_first_selector_20260508_124555,sc:ecard:2a50c4e5a924394da084,v0.3.0,,,,false,metric_summary_missing_or_unavailable,excluded,missing_candidate_level_evidence,blocked,hard_gate_not_passed,,,,blocked_no_candidate_level_evidence,,not_ranked,,,,,,,,,review_input_only_not_adoption_decision,rule_first_selector_must_not_feed_runtime_ranking_reports_backtests_trading_or_auto_adoption,production_activation_requires_later_root_approved_gate
v0_3_rule_first_selector_0_1,rule_first_selector_20260508_124555,sc:ecard:2a83232216844edac783,v0.3.0,,,,false,metric_summary_missing_or_unavailable,excluded,missing_candidate_level_evidence,blocked,hard_gate_not_passed,,,,blocked_no_candidate_level_evidence,,not_ranked,,,,,,,,,review_input_only_not_adoption_decision,rule_first_selector_must_not_feed_runtime_ranking_reports_backtests_trading_or_auto_adoption,production_activation_requires_later_root_approved_gate
v0_3_rule_first_selector_0_1,rule_first_selector_20260508_124555,sc:ecard:2add1aa90a4e96cbc380,v0.3.0,,,,false,metric_summary_missing_or_unavailable,excluded,missing_candidate_level_evidence,blocked,hard_gate_not_passed,,,,blocked_no_candidate_level_evidence,,not_ranked,,,,,,,,,review_input_only_not_adoption_decision,rule_first_selector_must_not_feed_runtime_ranking_reports_backtests_trading_or_auto_adoption,production_activation_requires_later_root_approved_gate
v0_3_rule_first_selector_0_1,rule_first_selector_20260508_124555,sc:ecard:2af879d7defc1eb900dc,v0.3.0,,,,false,metric_summary_missing_or_unavailable,excluded,missing_candidate_level_evidence,blocked,hard_gate_not_passed,,,,blocked_no_candidate_level_evidence,,not_ranked,,,,,,,,,review_input_only_not_adoption_decision,rule_first_selector_must_not_feed_runtime_ranking_reports_backtests_trading_or_auto_adoption,production_activation_requires_later_root_approved_gate
v0_3_rule_first_selector_0_1,rule_first_selector_20260508_124555,sc:ecard:2b339968df3d79c32681,v0.3.0,,,,false,metric_summary_missing_or_unavailable,excluded,missing_candidate_level_evidence,blocked,hard_gate_not_passed,,,,blocked_no_candidate_level_evidence,,not_ranked,,,,,,,,,review_input_only_not_adoption_decision,rule_first_selector_must_not_feed_runtime_ranking_reports_backtests_trading_or_auto_adoption,production_activation_requires_later_root_approved_gate
v0_3_rule_first_selector_0_1,rule_first_selector_20260508_124555,sc:ecard:2c0c1852e202fec08325,v0.3.0,,,,false,metric_summary_missing_or_unavailable,excluded,missing_candidate_level_evidence,blocked,hard_gate_not_passed,,,,blocked_no_candidate_level_evidence,,not_ranked,,,,,,,,,review_input_only_not_adoption_decision,rule_first_selector_must_not_feed_runtime_ranking_reports_backtests_trading_or_auto_adoption,production_activation_requires_later_root_approved_gate
v0_3_rule_first_selector_0_1,rule_first_selector_20260508_124555,sc:ecard:2cb9d3f87a6d2013b431,v0.3.0,,,,false,metric_summary_missing_or_unavailable,excluded,missing_candidate_level_evidence,blocked,hard_gate_not_passed,,,,blocked_no_candidate_level_evidence,,not_ranked,,,,,,,,,review_input_only_not_adoption_decision,rule_first_selector_must_not_feed_runtime_ranking_reports_backtests_trading_or_auto_adoption,production_activation_requires_later_root_approved_gate
v0_3_rule_first_selector_0_1,rule_first_selector_20260508_124555,sc:ecard:2d01e074aa528369ce42,v0.3.0,,,,false,metric_summary_missing_or_unavailable,excluded,missing_candidate_level_evidence,blocked,hard_gate_not_passed,,,,blocked_no_candidate_level_evidence,,not_ranked,,,,,,,,,review_input_only_not_adoption_decision,rule_first_selector_must_not_feed_runtime_ranking_reports_backtests_trading_or_auto_adoption,production_activation_requires_later_root_approved_gate
v0_3_rule_first_selector_0_1,rule_first_selector_20260508_124555,sc:ecard:2d1b15708ae917e8627a,v0.3.0,,,,false,metric_summary_missing_or_unavailable,excluded,missing_candidate_level_evidence,blocked,hard_gate_not_passed,,,,blocked_no_candidate_level_evidence,,not_ranked,,,,,,,,,review_input_only_not_adoption_decision,rule_first_selector_must_not_feed_runtime_ranking_reports_backtests_trading_or_auto_adoption,production_activation_requires_later_root_approved_gate
v0_3_rule_first_selector_0_1,rule_first_selector_20260508_124555,sc:ecard:2d3f6921aadca9b26915,v0.3.0,,,,false,metric_summary_missing_or_unavailable,excluded,missing_candidate_level_evidence,blocked,hard_gate_not_passed,,,,blocked_no_candidate_level_evidence,,not_ranked,,,,,,,,,review_input_only_not_adoption_decision,rule_first_selector_must_not_feed_runtime_ranking_reports_backtests_trading_or_auto_adoption,production_activation_requires_later_root_approved_gate
v0_3_rule_first_selector_0_1,rule_first_selector_20260508_124555,sc:ecard:2d581782d3d849f15799,v0.3.0,,,,false,metric_summary_missing_or_unavailable,excluded,missing_candidate_level_evidence,blocked,hard_gate_not_passed,,,,blocked_no_candidate_level_evidence,,not_ranked,,,,,,,,,review_input_only_not_adoption_decision,rule_first_selector_must_not_feed_runtime_ranking_reports_backtests_trading_or_auto_adoption,production_activation_requires_later_root_approved_gate
v0_3_rule_first_selector_0_1,rule_first_selector_20260508_124555,sc:ecard:2d78d48722329f5ec11c,v0.3.0,,,,false,metric_summary_missing_or_unavailable,excluded,missing_candidate_level_evidence,blocked,hard_gate_not_passed,,,,blocked_no_candidate_level_evidence,,not_ranked,,,,,,,,,review_input_only_not_adoption_decision,rule_first_selector_must_not_feed_runtime_ranking_reports_backtests_trading_or_auto_adoption,production_activation_requires_later_root_approved_gate
v0_3_rule_first_selector_0_1,rule_first_selector_20260508_124555,sc:ecard:2d9c99fd0c5d10dc47c7,v0.3.0,ee_v0_3_20260506_sc_ecard_2d9c99fd0c5d10dc47c7,strategy_candidate,sc:ecard:2d9c99fd0c5d10dc47c7,true,candidate_id_matches_candidate_level_evaluation_evidence,pass,passed_hard_exclusion,pass,passed_minimum_evidence_gate,58.671009,,58.671009,rule_only,25,secondary_review_candidate,approved_evaluation_evidence,candidate_specific,0.9478898686276229,-0.6092164024086726,0.35818175172278915,0.8618159203980099,0.2968075686560764,,review_input_only_not_adoption_decision,rule_first_selector_must_not_feed_runtime_ranking_reports_backtests_trading_or_auto_adoption,production_activation_requires_later_root_approved_gate
v0_3_rule_first_selector_0_1,rule_first_selector_20260508_124555,sc:ecard:2ddff05eda3597f863d0,v0.3.0,,,,false,metric_summary_missing_or_unavailable,excluded,missing_candidate_level_evidence,blocked,hard_gate_not_passed,,,,blocked_no_candidate_level_evidence,,not_ranked,,,,,,,,,review_input_only_not_adoption_decision,rule_first_selector_must_not_feed_runtime_ranking_reports_backtests_trading_or_auto_adoption,production_activation_requires_later_root_approved_gate
v0_3_rule_first_selector_0_1,rule_first_selector_20260508_124555,sc:ecard:2ec5dd54f5df4127e5c8,v0.3.0,ee_v0_3_20260506_sc_ecard_2ec5dd54f5df4127e5c8,strategy_candidate,sc:ecard:2ec5dd54f5df4127e5c8,true,candidate_id_matches_candidate_level_evaluation_evidence,pass,passed_hard_exclusion,pass,passed_minimum_evidence_gate,60.641751,,60.641751,rule_only,4,top_review_candidate,approved_evaluation_evidence,candidate_specific,4.59248614414884,-0.49924422265194046,0.5932409139655367,0.686318407960199,0.39104534114120565,,review_input_only_not_adoption_decision,rule_first_selector_must_not_feed_runtime_ranking_reports_backtests_trading_or_auto_adoption,production_activation_requires_later_root_approved_gate
v0_3_rule_first_selector_0_1,rule_first_selector_20260508_124555,sc:ecard:2f6a870ad27f061ebb3f,v0.3.0,,,,false,metric_summary_missing_or_unavailable,excluded,missing_candidate_level_evidence,blocked,hard_gate_not_passed,,,,blocked_no_candidate_level_evidence,,not_ranked,,,,,,,,,review_input_only_not_adoption_decision,rule_first_selector_must_not_feed_runtime_ranking_reports_backtests_trading_or_auto_adoption,production_activation_requires_later_root_approved_gate
v0_3_rule_first_selector_0_1,rule_first_selector_20260508_124555,sc:ecard:2f82b844fe3058eec6c9,v0.3.0,,,,false,metric_summary_missing_or_unavailable,excluded,missing_candidate_level_evidence,blocked,hard_gate_not_passed,,,,blocked_no_candidate_level_evidence,,not_ranked,,,,,,,,,review_input_only_not_adoption_decision,rule_first_selector_must_not_feed_runtime_ranking_reports_backtests_trading_or_auto_adoption,production_activation_requires_later_root_approved_gate
v0_3_rule_first_selector_0_1,rule_first_selector_20260508_124555,sc:ecard:2f9fee40330cb9f57233,v0.3.0,,,,false,metric_summary_missing_or_unavailable,excluded,missing_candidate_level_evidence,blocked,hard_gate_not_passed,,,,blocked_no_candidate_level_evidence,,not_ranked,,,,,,,,,review_input_only_not_adoption_decision,rule_first_selector_must_not_feed_runtime_ranking_reports_backtests_trading_or_auto_adoption,production_activation_requires_later_root_approved_gate
v0_3_rule_first_selector_0_1,rule_first_selector_20260508_124555,sc:ecard:2fb87b778f6387cc0494,v0.3.0,,,,false,metric_summary_missing_or_unavailable,excluded,missing_candidate_level_evidence,blocked,hard_gate_not_passed,,,,blocked_no_candidate_level_evidence,,not_ranked,,,,,,,,,review_input_only_not_adoption_decision,rule_first_selector_must_not_feed_runtime_ranking_reports_backtests_trading_or_auto_adoption,production_activation_requires_later_root_approved_gate
v0_3_rule_first_selector_0_1,rule_first_selector_20260508_124555,sc:ecard:304a18120b7e5070cc59,v0.3.0,,,,false,metric_summary_missing_or_unavailable,excluded,missing_candidate_level_evidence,blocked,hard_gate_not_passed,,,,blocked_no_candidate_level_evidence,,not_ranked,,,,,,,,,review_input_only_not_adoption_decision,rule_first_selector_must_not_feed_runtime_ranking_reports_backtests_trading_or_auto_adoption,production_activation_requires_later_root_approved_gate
v0_3_rule_first_selector_0_1,rule_first_selector_20260508_124555,sc:ecard:30707d01d76ec9ac6b13,v0.3.0,,,,false,metric_summary_missing_or_unavailable,excluded,missing_candidate_level_evidence,blocked,hard_gate_not_passed,,,,blocked_no_candidate_level_evidence,,not_ranked,,,,,,,,,review_input_only_not_adoption_decision,rule_first_selector_must_not_feed_runtime_ranking_reports_backtests_trading_or_auto_adoption,production_activation_requires_later_root_approved_gate
v0_3_rule_first_selector_0_1,rule_first_selector_20260508_124555,sc:ecard:30cc6da1227bb921cb2d,v0.3.0,,,,false,metric_summary_missing_or_unavailable,excluded,missing_candidate_level_evidence,blocked,hard_gate_not_passed,,,,blocked_no_candidate_level_evidence,,not_ranked,,,,,,,,,review_input_only_not_adoption_decision,rule_first_selector_must_not_feed_runtime_ranking_reports_backtests_trading_or_auto_adoption,production_activation_requires_later_root_approved_gate
v0_3_rule_first_selector_0_1,rule_first_selector_20260508_124555,sc:ecard:30decca6ab7c7e50e688,v0.3.0,,,,false,metric_summary_missing_or_unavailable,excluded,missing_candidate_level_evidence,blocked,hard_gate_not_passed,,,,blocked_no_candidate_level_evidence,,not_ranked,,,,,,,,,review_input_only_not_adoption_decision,rule_first_selector_must_not_feed_runtime_ranking_reports_backtests_trading_or_auto_adoption,production_activation_requires_later_root_approved_gate
v0_3_rule_first_selector_0_1,rule_first_selector_20260508_124555,sc:ecard:313c4461bef3560b2e4a,v0.3.0,ee_v0_3_20260506_sc_ecard_313c4461bef3560b2e4a,strategy_candidate,sc:ecard:313c4461bef3560b2e4a,true,candidate_id_matches_candidate_level_evaluation_evidence,pass,passed_hard_exclusion,pass,passed_minimum_evidence_gate,58.671009,,58.671009,rule_only,26,reviewable_candidate,approved_evaluation_evidence,candidate_specific,0.9478898686276229,-0.6092164024086726,0.35818175172278915,0.8618159203980099,0.2968075686560764,,review_input_only_not_adoption_decision,rule_first_selector_must_not_feed_runtime_ranking_reports_backtests_trading_or_auto_adoption,production_activation_requires_later_root_approved_gate
v0_3_rule_first_selector_0_1,rule_first_selector_20260508_124555,sc:ecard:3149394b7c7d5648b714,v0.3.0,ee_v0_3_20260506_sc_ecard_3149394b7c7d5648b714,strategy_candidate,sc:ecard:3149394b7c7d5648b714,true,candidate_id_matches_candidate_level_evaluation_evidence,pass,passed_hard_exclusion,pass,passed_minimum_evidence_gate,58.671009,,58.671009,rule_only,27,reviewable_candidate,approved_evaluation_evidence,candidate_specific,0.9478898686276229,-0.6092164024086726,0.35818175172278915,0.8618159203980099,0.2968075686560764,,review_input_only_not_adoption_decision,rule_first_selector_must_not_feed_runtime_ranking_reports_backtests_trading_or_auto_adoption,production_activation_requires_later_root_approved_gate
v0_3_rule_first_selector_0_1,rule_first_selector_20260508_124555,sc:ecard:31e9dc506e1292f9f419,v0.3.0,,,,false,metric_summary_missing_or_unavailable,excluded,missing_candidate_level_evidence,blocked,hard_gate_not_passed,,,,blocked_no_candidate_level_evidence,,not_ranked,,,,,,,,,review_input_only_not_adoption_decision,rule_first_selector_must_not_feed_runtime_ranking_reports_backtests_trading_or_auto_adoption,production_activation_requires_later_root_approved_gate
v0_3_rule_first_selector_0_1,rule_first_selector_20260508_124555,sc:ecard:323cfb925a57b18eff1e,v0.3.0,,,,false,metric_summary_missing_or_unavailable,excluded,missing_candidate_level_evidence,blocked,hard_gate_not_passed,,,,blocked_no_candidate_level_evidence,,not_ranked,,,,,,,,,review_input_only_not_adoption_decision,rule_first_selector_must_not_feed_runtime_ranking_reports_backtests_trading_or_auto_adoption,production_activation_requires_later_root_approved_gate
v0_3_rule_first_selector_0_1,rule_first_selector_20260508_124555,sc:ecard:326c44730d772640843a,v0.3.0,ee_v0_3_20260506_sc_ecard_326c44730d772640843a,strategy_candidate,sc:ecard:326c44730d772640843a,true,candidate_id_matches_candidate_level_evaluation_evidence,pass,passed_hard_exclusion,pass,passed_minimum_evidence_gate,58.671009,,58.671009,rule_only,28,reviewable_candidate,approved_evaluation_evidence,candidate_specific,0.9478898686276229,-0.6092164024086726,0.35818175172278915,0.8618159203980099,0.2968075686560764,,review_input_only_not_adoption_decision,rule_first_selector_must_not_feed_runtime_ranking_reports_backtests_trading_or_auto_adoption,production_activation_requires_later_root_approved_gate
v0_3_rule_first_selector_0_1,rule_first_selector_20260508_124555,sc:ecard:329df57345dc672d046a,v0.3.0,ee_v0_3_20260506_sc_ecard_329df57345dc672d046a,strategy_candidate,sc:ecard:329df57345dc672d046a,true,candidate_id_matches_candidate_level_evaluation_evidence,pass,passed_hard_exclusion,pass,passed_minimum_evidence_gate,58.671009,,58.671009,rule_only,29,reviewable_candidate,approved_evaluation_evidence,candidate_specific,0.9478898686276229,-0.6092164024086726,0.35818175172278915,0.8618159203980099,0.2968075686560764,,review_input_only_not_adoption_decision,rule_first_selector_must_not_feed_runtime_ranking_reports_backtests_trading_or_auto_adoption,production_activation_requires_later_root_approved_gate
v0_3_rule_first_selector_0_1,rule_first_selector_20260508_124555,sc:ecard:32daa8373af0330d6f58,v0.3.0,,,,false,metric_summary_missing_or_unavailable,excluded,missing_candidate_level_evidence,blocked,hard_gate_not_passed,,,,blocked_no_candidate_level_evidence,,not_ranked,,,,,,,,,review_input_only_not_adoption_decision,rule_first_selector_must_not_feed_runtime_ranking_reports_backtests_trading_or_auto_adoption,production_activation_requires_later_root_approved_gate
v0_3_rule_first_selector_0_1,rule_first_selector_20260508_124555,sc:ecard:336e6d4b9b753ff987e3,v0.3.0,,,,false,metric_summary_missing_or_unavailable,excluded,missing_candidate_level_evidence,blocked,hard_gate_not_passed,,,,blocked_no_candidate_level_evidence,,not_ranked,,,,,,,,,review_input_only_not_adoption_decision,rule_first_selector_must_not_feed_runtime_ranking_reports_backtests_trading_or_auto_adoption,production_activation_requires_later_root_approved_gate
v0_3_rule_first_selector_0_1,rule_first_selector_20260508_124555,sc:ecard:33f1eb352ff88f335f81,v0.3.0,ee_v0_3_20260506_sc_ecard_33f1eb352ff88f335f81,strategy_candidate,sc:ecard:33f1eb352ff88f335f81,true,candidate_id_matches_candidate_level_evaluation_evidence,pass,passed_hard_exclusion,pass,passed_minimum_evidence_gate,60.641751,,60.641751,rule_only,5,top_review_candidate,approved_evaluation_evidence,candidate_specific,4.59248614414884,-0.49924422265194046,0.5932409139655367,0.686318407960199,0.39104534114120565,,review_input_only_not_adoption_decision,rule_first_selector_must_not_feed_runtime_ranking_reports_backtests_trading_or_auto_adoption,production_activation_requires_later_root_approved_gate
v0_3_rule_first_selector_0_1,rule_first_selector_20260508_124555,sc:ecard:342a7ebbd8d160846bd4,v0.3.0,,,,false,metric_summary_missing_or_unavailable,excluded,missing_candidate_level_evidence,blocked,hard_gate_not_passed,,,,blocked_no_candidate_level_evidence,,not_ranked,,,,,,,,,review_input_only_not_adoption_decision,rule_first_selector_must_not_feed_runtime_ranking_reports_backtests_trading_or_auto_adoption,production_activation_requires_later_root_approved_gate
v0_3_rule_first_selector_0_1,rule_first_selector_20260508_124555,sc:ecard:3538b29f419efdf57d5c,v0.3.0,,,,false,metric_summary_missing_or_unavailable,excluded,missing_candidate_level_evidence,blocked,hard_gate_not_passed,,,,blocked_no_candidate_level_evidence,,not_ranked,,,,,,,,,review_input_only_not_adoption_decision,rule_first_selector_must_not_feed_runtime_ranking_reports_backtests_trading_or_auto_adoption,production_activation_requires_later_root_approved_gate
v0_3_rule_first_selector_0_1,rule_first_selector_20260508_124555,sc:ecard:355d14022643116d47d0,v0.3.0,,,,false,metric_summary_missing_or_unavailable,excluded,missing_candidate_level_evidence,blocked,hard_gate_not_passed,,,,blocked_no_candidate_level_evidence,,not_ranked,,,,,,,,,review_input_only_not_adoption_decision,rule_first_selector_must_not_feed_runtime_ranking_reports_backtests_trading_or_auto_adoption,production_activation_requires_later_root_approved_gate
v0_3_rule_first_selector_0_1,rule_first_selector_20260508_124555,sc:ecard:3580aa8772857dd35bd4,v0.3.0,ee_v0_3_20260506_sc_ecard_3580aa8772857dd35bd4,strategy_candidate,sc:ecard:3580aa8772857dd35bd4,true,candidate_id_matches_candidate_level_evaluation_evidence,pass,passed_hard_exclusion,pass,passed_minimum_evidence_gate,58.671009,,58.671009,rule_only,30,reviewable_candidate,approved_evaluation_evidence,candidate_specific,0.9478898686276229,-0.6092164024086726,0.35818175172278915,0.8618159203980099,0.2968075686560764,,review_input_only_not_adoption_decision,rule_first_selector_must_not_feed_runtime_ranking_reports_backtests_trading_or_auto_adoption,production_activation_requires_later_root_approved_gate
v0_3_rule_first_selector_0_1,rule_first_selector_20260508_124555,sc:ecard:359c960bd36962b3a563,v0.3.0,,,,false,metric_summary_missing_or_unavailable,excluded,missing_candidate_level_evidence,blocked,hard_gate_not_passed,,,,blocked_no_candidate_level_evidence,,not_ranked,,,,,,,,,review_input_only_not_adoption_decision,rule_first_selector_must_not_feed_runtime_ranking_reports_backtests_trading_or_auto_adoption,production_activation_requires_later_root_approved_gate
v0_3_rule_first_selector_0_1,rule_first_selector_20260508_124555,sc:ecard:359e88a56584b0940424,v0.3.0,,,,false,metric_summary_missing_or_unavailable,excluded,missing_candidate_level_evidence,blocked,hard_gate_not_passed,,,,blocked_no_candidate_level_evidence,,not_ranked,,,,,,,,,review_input_only_not_adoption_decision,rule_first_selector_must_not_feed_runtime_ranking_reports_backtests_trading_or_auto_adoption,production_activation_requires_later_root_approved_gate
v0_3_rule_first_selector_0_1,rule_first_selector_20260508_124555,sc:ecard:36055345dfe60feb025d,v0.3.0,,,,false,metric_summary_missing_or_unavailable,excluded,missing_candidate_level_evidence,blocked,hard_gate_not_passed,,,,blocked_no_candidate_level_evidence,,not_ranked,,,,,,,,,review_input_only_not_adoption_decision,rule_first_selector_must_not_feed_runtime_ranking_reports_backtests_trading_or_auto_adoption,production_activation_requires_later_root_approved_gate
v0_3_rule_first_selector_0_1,rule_first_selector_20260508_124555,sc:ecard:3615bfe98fa7616a603a,v0.3.0,,,,false,metric_summary_missing_or_unavailable,excluded,missing_candidate_level_evidence,blocked,hard_gate_not_passed,,,,blocked_no_candidate_level_evidence,,not_ranked,,,,,,,,,review_input_only_not_adoption_decision,rule_first_selector_must_not_feed_runtime_ranking_reports_backtests_trading_or_auto_adoption,production_activation_requires_later_root_approved_gate
v0_3_rule_first_selector_0_1,rule_first_selector_20260508_124555,sc:ecard:3634b04c81e3c95f49ea,v0.3.0,,,,false,metric_summary_missing_or_unavailable,excluded,missing_candidate_level_evidence,blocked,hard_gate_not_passed,,,,blocked_no_candidate_level_evidence,,not_ranked,,,,,,,,,review_input_only_not_adoption_decision,rule_first_selector_must_not_feed_runtime_ranking_reports_backtests_trading_or_auto_adoption,production_activation_requires_later_root_approved_gate
v0_3_rule_first_selector_0_1,rule_first_selector_20260508_124555,sc:ecard:363c8dd65da8d26e7563,v0.3.0,,,,false,metric_summary_missing_or_unavailable,excluded,missing_candidate_level_evidence,blocked,hard_gate_not_passed,,,,blocked_no_candidate_level_evidence,,not_ranked,,,,,,,,,review_input_only_not_adoption_decision,rule_first_selector_must_not_feed_runtime_ranking_reports_backtests_trading_or_auto_adoption,production_activation_requires_later_root_approved_gate
v0_3_rule_first_selector_0_1,rule_first_selector_20260508_124555,sc:ecard:366eebc018f03844bbbe,v0.3.0,,,,false,metric_summary_missing_or_unavailable,excluded,missing_candidate_level_evidence,blocked,hard_gate_not_passed,,,,blocked_no_candidate_level_evidence,,not_ranked,,,,,,,,,review_input_only_not_adoption_decision,rule_first_selector_must_not_feed_runtime_ranking_reports_backtests_trading_or_auto_adoption,production_activation_requires_later_root_approved_gate
v0_3_rule_first_selector_0_1,rule_first_selector_20260508_124555,sc:ecard:36a011912cf96b0831e4,v0.3.0,ee_v0_3_20260506_sc_ecard_36a011912cf96b0831e4,strategy_candidate,sc:ecard:36a011912cf96b0831e4,true,candidate_id_matches_candidate_level_evaluation_evidence,pass,passed_hard_exclusion,pass,passed_minimum_evidence_gate,58.671009,,58.671009,rule_only,31,reviewable_candidate,approved_evaluation_evidence,candidate_specific,0.9478898686276229,-0.6092164024086726,0.35818175172278915,0.8618159203980099,0.2968075686560764,,review_input_only_not_adoption_decision,rule_first_selector_must_not_feed_runtime_ranking_reports_backtests_trading_or_auto_adoption,production_activation_requires_later_root_approved_gate
v0_3_rule_first_selector_0_1,rule_first_selector_20260508_124555,sc:ecard:379ba2ce1b6052860ba3,v0.3.0,ee_v0_3_20260506_sc_ecard_379ba2ce1b6052860ba3,strategy_candidate,sc:ecard:379ba2ce1b6052860ba3,true,candidate_id_matches_candidate_level_evaluation_evidence,pass,passed_hard_exclusion,pass,passed_minimum_evidence_gate,58.671009,,58.671009,rule_only,32,reviewable_candidate,approved_evaluation_evidence,candidate_specific,0.9478898686276229,-0.6092164024086726,0.35818175172278915,0.8618159203980099,0.2968075686560764,,review_input_only_not_adoption_decision,rule_first_selector_must_not_feed_runtime_ranking_reports_backtests_trading_or_auto_adoption,production_activation_requires_later_root_approved_gate
v0_3_rule_first_selector_0_1,rule_first_selector_20260508_124555,sc:ecard:37b740a6f2a43c4b6534,v0.3.0,,,,false,metric_summary_missing_or_unavailable,excluded,missing_candidate_level_evidence,blocked,hard_gate_not_passed,,,,blocked_no_candidate_level_evidence,,not_ranked,,,,,,,,,review_input_only_not_adoption_decision,rule_first_selector_must_not_feed_runtime_ranking_reports_backtests_trading_or_auto_adoption,production_activation_requires_later_root_approved_gate
v0_3_rule_first_selector_0_1,rule_first_selector_20260508_124555,sc:ecard:37c5e9adb5bd8c3e0716,v0.3.0,,,,false,metric_summary_missing_or_unavailable,excluded,missing_candidate_level_evidence,blocked,hard_gate_not_passed,,,,blocked_no_candidate_level_evidence,,not_ranked,,,,,,,,,review_input_only_not_adoption_decision,rule_first_selector_must_not_feed_runtime_ranking_reports_backtests_trading_or_auto_adoption,production_activation_requires_later_root_approved_gate
v0_3_rule_first_selector_0_1,rule_first_selector_20260508_124555,sc:ecard:37e5dcd09a519abfbf55,v0.3.0,,,,false,metric_summary_missing_or_unavailable,excluded,missing_candidate_level_evidence,blocked,hard_gate_not_passed,,,,blocked_no_candidate_level_evidence,,not_ranked,,,,,,,,,review_input_only_not_adoption_decision,rule_first_selector_must_not_feed_runtime_ranking_reports_backtests_trading_or_auto_adoption,production_activation_requires_later_root_approved_gate
v0_3_rule_first_selector_0_1,rule_first_selector_20260508_124555,sc:ecard:39643f3ec6530c7ef89f,v0.3.0,,,,false,metric_summary_missing_or_unavailable,excluded,missing_candidate_level_evidence,blocked,hard_gate_not_passed,,,,blocked_no_candidate_level_evidence,,not_ranked,,,,,,,,,review_input_only_not_adoption_decision,rule_first_selector_must_not_feed_runtime_ranking_reports_backtests_trading_or_auto_adoption,production_activation_requires_later_root_approved_gate
v0_3_rule_first_selector_0_1,rule_first_selector_20260508_124555,sc:ecard:39985850c2e846813a10,v0.3.0,,,,false,metric_summary_missing_or_unavailable,excluded,missing_candidate_level_evidence,blocked,hard_gate_not_passed,,,,blocked_no_candidate_level_evidence,,not_ranked,,,,,,,,,review_input_only_not_adoption_decision,rule_first_selector_must_not_feed_runtime_ranking_reports_backtests_trading_or_auto_adoption,production_activation_requires_later_root_approved_gate
v0_3_rule_first_selector_0_1,rule_first_selector_20260508_124555,sc:ecard:39c1f446b8d73a4499e0,v0.3.0,,,,false,metric_summary_missing_or_unavailable,excluded,missing_candidate_level_evidence,blocked,hard_gate_not_passed,,,,blocked_no_candidate_level_evidence,,not_ranked,,,,,,,,,review_input_only_not_adoption_decision,rule_first_selector_must_not_feed_runtime_ranking_reports_backtests_trading_or_auto_adoption,production_activation_requires_later_root_approved_gate
v0_3_rule_first_selector_0_1,rule_first_selector_20260508_124555,sc:ecard:3a355f1b6b2595db5ff1,v0.3.0,,,,false,metric_summary_missing_or_unavailable,excluded,missing_candidate_level_evidence,blocked,hard_gate_not_passed,,,,blocked_no_candidate_level_evidence,,not_ranked,,,,,,,,,review_input_only_not_adoption_decision,rule_first_selector_must_not_feed_runtime_ranking_reports_backtests_trading_or_auto_adoption,production_activation_requires_later_root_approved_gate
v0_3_rule_first_selector_0_1,rule_first_selector_20260508_124555,sc:ecard:3a52d7436e28a8d8557f,v0.3.0,,,,false,metric_summary_missing_or_unavailable,excluded,missing_candidate_level_evidence,blocked,hard_gate_not_passed,,,,blocked_no_candidate_level_evidence,,not_ranked,,,,,,,,,review_input_only_not_adoption_decision,rule_first_selector_must_not_feed_runtime_ranking_reports_backtests_trading_or_auto_adoption,production_activation_requires_later_root_approved_gate
v0_3_rule_first_selector_0_1,rule_first_selector_20260508_124555,sc:ecard:3a72b3e2b41c26047029,v0.3.0,,,,false,metric_summary_missing_or_unavailable,excluded,missing_candidate_level_evidence,blocked,hard_gate_not_passed,,,,blocked_no_candidate_level_evidence,,not_ranked,,,,,,,,,review_input_only_not_adoption_decision,rule_first_selector_must_not_feed_runtime_ranking_reports_backtests_trading_or_auto_adoption,production_activation_requires_later_root_approved_gate
v0_3_rule_first_selector_0_1,rule_first_selector_20260508_124555,sc:ecard:3a9c8ab3602c5a93b2c7,v0.3.0,,,,false,metric_summary_missing_or_unavailable,excluded,missing_candidate_level_evidence,blocked,hard_gate_not_passed,,,,blocked_no_candidate_level_evidence,,not_ranked,,,,,,,,,review_input_only_not_adoption_decision,rule_first_selector_must_not_feed_runtime_ranking_reports_backtests_trading_or_auto_adoption,production_activation_requires_later_root_approved_gate
v0_3_rule_first_selector_0_1,rule_first_selector_20260508_124555,sc:ecard:3ac54817db8f4a9978d1,v0.3.0,,,,false,metric_summary_missing_or_unavailable,excluded,missing_candidate_level_evidence,blocked,hard_gate_not_passed,,,,blocked_no_candidate_level_evidence,,not_ranked,,,,,,,,,review_input_only_not_adoption_decision,rule_first_selector_must_not_feed_runtime_ranking_reports_backtests_trading_or_auto_adoption,production_activation_requires_later_root_approved_gate
v0_3_rule_first_selector_0_1,rule_first_selector_20260508_124555,sc:ecard:3ac744e3f016d831e04b,v0.3.0,,,,false,metric_summary_missing_or_unavailable,excluded,missing_candidate_level_evidence,blocked,hard_gate_not_passed,,,,blocked_no_candidate_level_evidence,,not_ranked,,,,,,,,,review_input_only_not_adoption_decision,rule_first_selector_must_not_feed_runtime_ranking_reports_backtests_trading_or_auto_adoption,production_activation_requires_later_root_approved_gate
v0_3_rule_first_selector_0_1,rule_first_selector_20260508_124555,sc:ecard:3b2ac22f14c105f2be12,v0.3.0,,,,false,metric_summary_missing_or_unavailable,excluded,missing_candidate_level_evidence,blocked,hard_gate_not_passed,,,,blocked_no_candidate_level_evidence,,not_ranked,,,,,,,,,review_input_only_not_adoption_decision,rule_first_selector_must_not_feed_runtime_ranking_reports_backtests_trading_or_auto_adoption,production_activation_requires_later_root_approved_gate
v0_3_rule_first_selector_0_1,rule_first_selector_20260508_124555,sc:ecard:3b74bc160f9e1d504d77,v0.3.0,,,,false,metric_summary_missing_or_unavailable,excluded,missing_candidate_level_evidence,blocked,hard_gate_not_passed,,,,blocked_no_candidate_level_evidence,,not_ranked,,,,,,,,,review_input_only_not_adoption_decision,rule_first_selector_must_not_feed_runtime_ranking_reports_backtests_trading_or_auto_adoption,production_activation_requires_later_root_approved_gate
v0_3_rule_first_selector_0_1,rule_first_selector_20260508_124555,sc:ecard:3b7aceee6e17323ab419,v0.3.0,,,,false,metric_summary_missing_or_unavailable,excluded,missing_candidate_level_evidence,blocked,hard_gate_not_passed,,,,blocked_no_candidate_level_evidence,,not_ranked,,,,,,,,,review_input_only_not_adoption_decision,rule_first_selector_must_not_feed_runtime_ranking_reports_backtests_trading_or_auto_adoption,production_activation_requires_later_root_approved_gate
v0_3_rule_first_selector_0_1,rule_first_selector_20260508_124555,sc:ecard:3b8ab69371db6355e30f,v0.3.0,,,,false,metric_summary_missing_or_unavailable,excluded,missing_candidate_level_evidence,blocked,hard_gate_not_passed,,,,blocked_no_candidate_level_evidence,,not_ranked,,,,,,,,,review_input_only_not_adoption_decision,rule_first_selector_must_not_feed_runtime_ranking_reports_backtests_trading_or_auto_adoption,production_activation_requires_later_root_approved_gate
v0_3_rule_first_selector_0_1,rule_first_selector_20260508_124555,sc:ecard:3d58b5a6da60888e16e3,v0.3.0,,,,false,metric_summary_missing_or_unavailable,excluded,missing_candidate_level_evidence,blocked,hard_gate_not_passed,,,,blocked_no_candidate_level_evidence,,not_ranked,,,,,,,,,review_input_only_not_adoption_decision,rule_first_selector_must_not_feed_runtime_ranking_reports_backtests_trading_or_auto_adoption,production_activation_requires_later_root_approved_gate
v0_3_rule_first_selector_0_1,rule_first_selector_20260508_124555,sc:ecard:3d732873f69b715a322b,v0.3.0,,,,false,metric_summary_missing_or_unavailable,excluded,missing_candidate_level_evidence,blocked,hard_gate_not_passed,,,,blocked_no_candidate_level_evidence,,not_ranked,,,,,,,,,review_input_only_not_adoption_decision,rule_first_selector_must_not_feed_runtime_ranking_reports_backtests_trading_or_auto_adoption,production_activation_requires_later_root_approved_gate
v0_3_rule_first_selector_0_1,rule_first_selector_20260508_124555,sc:ecard:3dee8fc1d24ca03b43d6,v0.3.0,,,,false,metric_summary_missing_or_unavailable,excluded,missing_candidate_level_evidence,blocked,hard_gate_not_passed,,,,blocked_no_candidate_level_evidence,,not_ranked,,,,,,,,,review_input_only_not_adoption_decision,rule_first_selector_must_not_feed_runtime_ranking_reports_backtests_trading_or_auto_adoption,production_activation_requires_later_root_approved_gate
v0_3_rule_first_selector_0_1,rule_first_selector_20260508_124555,sc:ecard:3e7e8036a8d17ed231fc,v0.3.0,,,,false,metric_summary_missing_or_unavailable,excluded,missing_candidate_level_evidence,blocked,hard_gate_not_passed,,,,blocked_no_candidate_level_evidence,,not_ranked,,,,,,,,,review_input_only_not_adoption_decision,rule_first_selector_must_not_feed_runtime_ranking_reports_backtests_trading_or_auto_adoption,production_activation_requires_later_root_approved_gate
v0_3_rule_first_selector_0_1,rule_first_selector_20260508_124555,sc:ecard:3fa38b5ac4f7e3c8c8af,v0.3.0,,,,false,metric_summary_missing_or_unavailable,excluded,missing_candidate_level_evidence,blocked,hard_gate_not_passed,,,,blocked_no_candidate_level_evidence,,not_ranked,,,,,,,,,review_input_only_not_adoption_decision,rule_first_selector_must_not_feed_runtime_ranking_reports_backtests_trading_or_auto_adoption,production_activation_requires_later_root_approved_gate
v0_3_rule_first_selector_0_1,rule_first_selector_20260508_124555,sc:ecard:3fbabb9646c8e9d0e317,v0.3.0,,,,false,metric_summary_missing_or_unavailable,excluded,missing_candidate_level_evidence,blocked,hard_gate_not_passed,,,,blocked_no_candidate_level_evidence,,not_ranked,,,,,,,,,review_input_only_not_adoption_decision,rule_first_selector_must_not_feed_runtime_ranking_reports_backtests_trading_or_auto_adoption,production_activation_requires_later_root_approved_gate
v0_3_rule_first_selector_0_1,rule_first_selector_20260508_124555,sc:ecard:4048071941737379ab31,v0.3.0,,,,false,metric_summary_missing_or_unavailable,excluded,missing_candidate_level_evidence,blocked,hard_gate_not_passed,,,,blocked_no_candidate_level_evidence,,not_ranked,,,,,,,,,review_input_only_not_adoption_decision,rule_first_selector_must_not_feed_runtime_ranking_reports_backtests_trading_or_auto_adoption,production_activation_requires_later_root_approved_gate
v0_3_rule_first_selector_0_1,rule_first_selector_20260508_124555,sc:ecard:404e664b83c637ae9d9e,v0.3.0,,,,false,metric_summary_missing_or_unavailable,excluded,missing_candidate_level_evidence,blocked,hard_gate_not_passed,,,,blocked_no_candidate_level_evidence,,not_ranked,,,,,,,,,review_input_only_not_adoption_decision,rule_first_selector_must_not_feed_runtime_ranking_reports_backtests_trading_or_auto_adoption,production_activation_requires_later_root_approved_gate
v0_3_rule_first_selector_0_1,rule_first_selector_20260508_124555,sc:ecard:4073f8714f790780453a,v0.3.0,,,,false,metric_summary_missing_or_unavailable,excluded,missing_candidate_level_evidence,blocked,hard_gate_not_passed,,,,blocked_no_candidate_level_evidence,,not_ranked,,,,,,,,,review_input_only_not_adoption_decision,rule_first_selector_must_not_feed_runtime_ranking_reports_backtests_trading_or_auto_adoption,production_activation_requires_later_root_approved_gate
v0_3_rule_first_selector_0_1,rule_first_selector_20260508_124555,sc:ecard:40af79ed72cc200e29e4,v0.3.0,,,,false,metric_summary_missing_or_unavailable,excluded,missing_candidate_level_evidence,blocked,hard_gate_not_passed,,,,blocked_no_candidate_level_evidence,,not_ranked,,,,,,,,,review_input_only_not_adoption_decision,rule_first_selector_must_not_feed_runtime_ranking_reports_backtests_trading_or_auto_adoption,production_activation_requires_later_root_approved_gate
v0_3_rule_first_selector_0_1,rule_first_selector_20260508_124555,sc:ecard:40d4c4c2b48d51f4cbcf,v0.3.0,,,,false,metric_summary_missing_or_unavailable,excluded,missing_candidate_level_evidence,blocked,hard_gate_not_passed,,,,blocked_no_candidate_level_evidence,,not_ranked,,,,,,,,,review_input_only_not_adoption_decision,rule_first_selector_must_not_feed_runtime_ranking_reports_backtests_trading_or_auto_adoption,production_activation_requires_later_root_approved_gate
v0_3_rule_first_selector_0_1,rule_first_selector_20260508_124555,sc:ecard:41454ce089c0e783b78c,v0.3.0,,,,false,metric_summary_missing_or_unavailable,excluded,missing_candidate_level_evidence,blocked,hard_gate_not_passed,,,,blocked_no_candidate_level_evidence,,not_ranked,,,,,,,,,review_input_only_not_adoption_decision,rule_first_selector_must_not_feed_runtime_ranking_reports_backtests_trading_or_auto_adoption,production_activation_requires_later_root_approved_gate
v0_3_rule_first_selector_0_1,rule_first_selector_20260508_124555,sc:ecard:4154dd51664098e61fb8,v0.3.0,,,,false,metric_summary_missing_or_unavailable,excluded,missing_candidate_level_evidence,blocked,hard_gate_not_passed,,,,blocked_no_candidate_level_evidence,,not_ranked,,,,,,,,,review_input_only_not_adoption_decision,rule_first_selector_must_not_feed_runtime_ranking_reports_backtests_trading_or_auto_adoption,production_activation_requires_later_root_approved_gate
v0_3_rule_first_selector_0_1,rule_first_selector_20260508_124555,sc:ecard:41624080d5da662bf66c,v0.3.0,,,,false,metric_summary_missing_or_unavailable,excluded,missing_candidate_level_evidence,blocked,hard_gate_not_passed,,,,blocked_no_candidate_level_evidence,,not_ranked,,,,,,,,,review_input_only_not_adoption_decision,rule_first_selector_must_not_feed_runtime_ranking_reports_backtests_trading_or_auto_adoption,production_activation_requires_later_root_approved_gate
v0_3_rule_first_selector_0_1,rule_first_selector_20260508_124555,sc:ecard:418e200708717a20a967,v0.3.0,,,,false,metric_summary_missing_or_unavailable,excluded,missing_candidate_level_evidence,blocked,hard_gate_not_passed,,,,blocked_no_candidate_level_evidence,,not_ranked,,,,,,,,,review_input_only_not_adoption_decision,rule_first_selector_must_not_feed_runtime_ranking_reports_backtests_trading_or_auto_adoption,production_activation_requires_later_root_approved_gate
v0_3_rule_first_selector_0_1,rule_first_selector_20260508_124555,sc:ecard:41de0a325d5e6fdcdb78,v0.3.0,,,,false,metric_summary_missing_or_unavailable,excluded,missing_candidate_level_evidence,blocked,hard_gate_not_passed,,,,blocked_no_candidate_level_evidence,,not_ranked,,,,,,,,,review_input_only_not_adoption_decision,rule_first_selector_must_not_feed_runtime_ranking_reports_backtests_trading_or_auto_adoption,production_activation_requires_later_root_approved_gate
v0_3_rule_first_selector_0_1,rule_first_selector_20260508_124555,sc:ecard:41e094b8d78aca4f82a3,v0.3.0,,,,false,metric_summary_missing_or_unavailable,excluded,missing_candidate_level_evidence,blocked,hard_gate_not_passed,,,,blocked_no_candidate_level_evidence,,not_ranked,,,,,,,,,review_input_only_not_adoption_decision,rule_first_selector_must_not_feed_runtime_ranking_reports_backtests_trading_or_auto_adoption,production_activation_requires_later_root_approved_gate
v0_3_rule_first_selector_0_1,rule_first_selector_20260508_124555,sc:ecard:4213e4b1ca018697efb3,v0.3.0,,,,false,metric_summary_missing_or_unavailable,excluded,missing_candidate_level_evidence,blocked,hard_gate_not_passed,,,,blocked_no_candidate_level_evidence,,not_ranked,,,,,,,,,review_input_only_not_adoption_decision,rule_first_selector_must_not_feed_runtime_ranking_reports_backtests_trading_or_auto_adoption,production_activation_requires_later_root_approved_gate
v0_3_rule_first_selector_0_1,rule_first_selector_20260508_124555,sc:ecard:42be032f8e1fea6e9ef7,v0.3.0,,,,false,metric_summary_missing_or_unavailable,excluded,missing_candidate_level_evidence,blocked,hard_gate_not_passed,,,,blocked_no_candidate_level_evidence,,not_ranked,,,,,,,,,review_input_only_not_adoption_decision,rule_first_selector_must_not_feed_runtime_ranking_reports_backtests_trading_or_auto_adoption,production_activation_requires_later_root_approved_gate
v0_3_rule_first_selector_0_1,rule_first_selector_20260508_124555,sc:ecard:42fb716ca7d0d0b3578e,v0.3.0,,,,false,metric_summary_missing_or_unavailable,excluded,missing_candidate_level_evidence,blocked,hard_gate_not_passed,,,,blocked_no_candidate_level_evidence,,not_ranked,,,,,,,,,review_input_only_not_adoption_decision,rule_first_selector_must_not_feed_runtime_ranking_reports_backtests_trading_or_auto_adoption,production_activation_requires_later_root_approved_gate
v0_3_rule_first_selector_0_1,rule_first_selector_20260508_124555,sc:ecard:431056e2a173da03d1e8,v0.3.0,ee_v0_3_20260506_sc_ecard_431056e2a173da03d1e8,strategy_candidate,sc:ecard:431056e2a173da03d1e8,true,candidate_id_matches_candidate_level_evaluation_evidence,pass,passed_hard_exclusion,pass,passed_minimum_evidence_gate,58.671009,,58.671009,rule_only,33,reviewable_candidate,approved_evaluation_evidence,candidate_specific,0.9478898686276229,-0.6092164024086726,0.35818175172278915,0.8618159203980099,0.2968075686560764,,review_input_only_not_adoption_decision,rule_first_selector_must_not_feed_runtime_ranking_reports_backtests_trading_or_auto_adoption,production_activation_requires_later_root_approved_gate
v0_3_rule_first_selector_0_1,rule_first_selector_20260508_124555,sc:ecard:434d8f174030c22dd03a,v0.3.0,,,,false,metric_summary_missing_or_unavailable,excluded,missing_candidate_level_evidence,blocked,hard_gate_not_passed,,,,blocked_no_candidate_level_evidence,,not_ranked,,,,,,,,,review_input_only_not_adoption_decision,rule_first_selector_must_not_feed_runtime_ranking_reports_backtests_trading_or_auto_adoption,production_activation_requires_later_root_approved_gate
v0_3_rule_first_selector_0_1,rule_first_selector_20260508_124555,sc:ecard:44a46d8f863dc48cb825,v0.3.0,,,,false,metric_summary_missing_or_unavailable,excluded,missing_candidate_level_evidence,blocked,hard_gate_not_passed,,,,blocked_no_candidate_level_evidence,,not_ranked,,,,,,,,,review_input_only_not_adoption_decision,rule_first_selector_must_not_feed_runtime_ranking_reports_backtests_trading_or_auto_adoption,production_activation_requires_later_root_approved_gate
v0_3_rule_first_selector_0_1,rule_first_selector_20260508_124555,sc:ecard:44b58eec3caa3cccb420,v0.3.0,,,,false,metric_summary_missing_or_unavailable,excluded,missing_candidate_level_evidence,blocked,hard_gate_not_passed,,,,blocked_no_candidate_level_evidence,,not_ranked,,,,,,,,,review_input_only_not_adoption_decision,rule_first_selector_must_not_feed_runtime_ranking_reports_backtests_trading_or_auto_adoption,production_activation_requires_later_root_approved_gate
v0_3_rule_first_selector_0_1,rule_first_selector_20260508_124555,sc:ecard:44dc6751955eceaddd12,v0.3.0,,,,false,metric_summary_missing_or_unavailable,excluded,missing_candidate_level_evidence,blocked,hard_gate_not_passed,,,,blocked_no_candidate_level_evidence,,not_ranked,,,,,,,,,review_input_only_not_adoption_decision,rule_first_selector_must_not_feed_runtime_ranking_reports_backtests_trading_or_auto_adoption,production_activation_requires_later_root_approved_gate
v0_3_rule_first_selector_0_1,rule_first_selector_20260508_124555,sc:ecard:45206121293a001ded03,v0.3.0,,,,false,metric_summary_missing_or_unavailable,excluded,missing_candidate_level_evidence,blocked,hard_gate_not_passed,,,,blocked_no_candidate_level_evidence,,not_ranked,,,,,,,,,review_input_only_not_adoption_decision,rule_first_selector_must_not_feed_runtime_ranking_reports_backtests_trading_or_auto_adoption,production_activation_requires_later_root_approved_gate
v0_3_rule_first_selector_0_1,rule_first_selector_20260508_124555,sc:ecard:458d4fef1a973932012c,v0.3.0,,,,false,metric_summary_missing_or_unavailable,excluded,missing_candidate_level_evidence,blocked,hard_gate_not_passed,,,,blocked_no_candidate_level_evidence,,not_ranked,,,,,,,,,review_input_only_not_adoption_decision,rule_first_selector_must_not_feed_runtime_ranking_reports_backtests_trading_or_auto_adoption,production_activation_requires_later_root_approved_gate
v0_3_rule_first_selector_0_1,rule_first_selector_20260508_124555,sc:ecard:45a1f7f5546c6e1a0408,v0.3.0,,,,false,metric_summary_missing_or_unavailable,excluded,missing_candidate_level_evidence,blocked,hard_gate_not_passed,,,,blocked_no_candidate_level_evidence,,not_ranked,,,,,,,,,review_input_only_not_adoption_decision,rule_first_selector_must_not_feed_runtime_ranking_reports_backtests_trading_or_auto_adoption,production_activation_requires_later_root_approved_gate
v0_3_rule_first_selector_0_1,rule_first_selector_20260508_124555,sc:ecard:45a559122b5d1b894123,v0.3.0,,,,false,metric_summary_missing_or_unavailable,excluded,missing_candidate_level_evidence,blocked,hard_gate_not_passed,,,,blocked_no_candidate_level_evidence,,not_ranked,,,,,,,,,review_input_only_not_adoption_decision,rule_first_selector_must_not_feed_runtime_ranking_reports_backtests_trading_or_auto_adoption,production_activation_requires_later_root_approved_gate
v0_3_rule_first_selector_0_1,rule_first_selector_20260508_124555,sc:ecard:45d1ba5f871006f9897e,v0.3.0,,,,false,metric_summary_missing_or_unavailable,excluded,missing_candidate_level_evidence,blocked,hard_gate_not_passed,,,,blocked_no_candidate_level_evidence,,not_ranked,,,,,,,,,review_input_only_not_adoption_decision,rule_first_selector_must_not_feed_runtime_ranking_reports_backtests_trading_or_auto_adoption,production_activation_requires_later_root_approved_gate
v0_3_rule_first_selector_0_1,rule_first_selector_20260508_124555,sc:ecard:4646e0447be662b85e14,v0.3.0,,,,false,metric_summary_missing_or_unavailable,excluded,missing_candidate_level_evidence,blocked,hard_gate_not_passed,,,,blocked_no_candidate_level_evidence,,not_ranked,,,,,,,,,review_input_only_not_adoption_decision,rule_first_selector_must_not_feed_runtime_ranking_reports_backtests_trading_or_auto_adoption,production_activation_requires_later_root_approved_gate
v0_3_rule_first_selector_0_1,rule_first_selector_20260508_124555,sc:ecard:465773981dc1665810c3,v0.3.0,,,,false,metric_summary_missing_or_unavailable,excluded,missing_candidate_level_evidence,blocked,hard_gate_not_passed,,,,blocked_no_candidate_level_evidence,,not_ranked,,,,,,,,,review_input_only_not_adoption_decision,rule_first_selector_must_not_feed_runtime_ranking_reports_backtests_trading_or_auto_adoption,production_activation_requires_later_root_approved_gate
v0_3_rule_first_selector_0_1,rule_first_selector_20260508_124555,sc:ecard:46b78a134ac4cecd762d,v0.3.0,,,,false,metric_summary_missing_or_unavailable,excluded,missing_candidate_level_evidence,blocked,hard_gate_not_passed,,,,blocked_no_candidate_level_evidence,,not_ranked,,,,,,,,,review_input_only_not_adoption_decision,rule_first_selector_must_not_feed_runtime_ranking_reports_backtests_trading_or_auto_adoption,production_activation_requires_later_root_approved_gate
v0_3_rule_first_selector_0_1,rule_first_selector_20260508_124555,sc:ecard:4777bfe9b3d202b4e010,v0.3.0,,,,false,metric_summary_missing_or_unavailable,excluded,missing_candidate_level_evidence,blocked,hard_gate_not_passed,,,,blocked_no_candidate_level_evidence,,not_ranked,,,,,,,,,review_input_only_not_adoption_decision,rule_first_selector_must_not_feed_runtime_ranking_reports_backtests_trading_or_auto_adoption,production_activation_requires_later_root_approved_gate
v0_3_rule_first_selector_0_1,rule_first_selector_20260508_124555,sc:ecard:478497b34ee2f4e3e47c,v0.3.0,,,,false,metric_summary_missing_or_unavailable,excluded,missing_candidate_level_evidence,blocked,hard_gate_not_passed,,,,blocked_no_candidate_level_evidence,,not_ranked,,,,,,,,,review_input_only_not_adoption_decision,rule_first_selector_must_not_feed_runtime_ranking_reports_backtests_trading_or_auto_adoption,production_activation_requires_later_root_approved_gate
v0_3_rule_first_selector_0_1,rule_first_selector_20260508_124555,sc:ecard:48685527170b2f527785,v0.3.0,,,,false,metric_summary_missing_or_unavailable,excluded,missing_candidate_level_evidence,blocked,hard_gate_not_passed,,,,blocked_no_candidate_level_evidence,,not_ranked,,,,,,,,,review_input_only_not_adoption_decision,rule_first_selector_must_not_feed_runtime_ranking_reports_backtests_trading_or_auto_adoption,production_activation_requires_later_root_approved_gate
v0_3_rule_first_selector_0_1,rule_first_selector_20260508_124555,sc:ecard:48ddce0dfb3a380a1032,v0.3.0,,,,false,metric_summary_missing_or_unavailable,excluded,missing_candidate_level_evidence,blocked,hard_gate_not_passed,,,,blocked_no_candidate_level_evidence,,not_ranked,,,,,,,,,review_input_only_not_adoption_decision,rule_first_selector_must_not_feed_runtime_ranking_reports_backtests_trading_or_auto_adoption,production_activation_requires_later_root_approved_gate
v0_3_rule_first_selector_0_1,rule_first_selector_20260508_124555,sc:ecard:49047e5a71ebe1325d2a,v0.3.0,,,,false,metric_summary_missing_or_unavailable,excluded,missing_candidate_level_evidence,blocked,hard_gate_not_passed,,,,blocked_no_candidate_level_evidence,,not_ranked,,,,,,,,,review_input_only_not_adoption_decision,rule_first_selector_must_not_feed_runtime_ranking_reports_backtests_trading_or_auto_adoption,production_activation_requires_later_root_approved_gate
v0_3_rule_first_selector_0_1,rule_first_selector_20260508_124555,sc:ecard:4994cbaf3cc5a409e4fa,v0.3.0,,,,false,metric_summary_missing_or_unavailable,excluded,missing_candidate_level_evidence,blocked,hard_gate_not_passed,,,,blocked_no_candidate_level_evidence,,not_ranked,,,,,,,,,review_input_only_not_adoption_decision,rule_first_selector_must_not_feed_runtime_ranking_reports_backtests_trading_or_auto_adoption,production_activation_requires_later_root_approved_gate
v0_3_rule_first_selector_0_1,rule_first_selector_20260508_124555,sc:ecard:4a35127dc16c46c5cbae,v0.3.0,,,,false,metric_summary_missing_or_unavailable,excluded,missing_candidate_level_evidence,blocked,hard_gate_not_passed,,,,blocked_no_candidate_level_evidence,,not_ranked,,,,,,,,,review_input_only_not_adoption_decision,rule_first_selector_must_not_feed_runtime_ranking_reports_backtests_trading_or_auto_adoption,production_activation_requires_later_root_approved_gate
v0_3_rule_first_selector_0_1,rule_first_selector_20260508_124555,sc:ecard:4ade835960df882b6d9e,v0.3.0,,,,false,metric_summary_missing_or_unavailable,excluded,missing_candidate_level_evidence,blocked,hard_gate_not_passed,,,,blocked_no_candidate_level_evidence,,not_ranked,,,,,,,,,review_input_only_not_adoption_decision,rule_first_selector_must_not_feed_runtime_ranking_reports_backtests_trading_or_auto_adoption,production_activation_requires_later_root_approved_gate
v0_3_rule_first_selector_0_1,rule_first_selector_20260508_124555,sc:ecard:4b04f4808bf65f26fc2f,v0.3.0,,,,false,metric_summary_missing_or_unavailable,excluded,missing_candidate_level_evidence,blocked,hard_gate_not_passed,,,,blocked_no_candidate_level_evidence,,not_ranked,,,,,,,,,review_input_only_not_adoption_decision,rule_first_selector_must_not_feed_runtime_ranking_reports_backtests_trading_or_auto_adoption,production_activation_requires_later_root_approved_gate
v0_3_rule_first_selector_0_1,rule_first_selector_20260508_124555,sc:ecard:4b52b354d3c426b09408,v0.3.0,,,,false,metric_summary_missing_or_unavailable,excluded,missing_candidate_level_evidence,blocked,hard_gate_not_passed,,,,blocked_no_candidate_level_evidence,,not_ranked,,,,,,,,,review_input_only_not_adoption_decision,rule_first_selector_must_not_feed_runtime_ranking_reports_backtests_trading_or_auto_adoption,production_activation_requires_later_root_approved_gate
v0_3_rule_first_selector_0_1,rule_first_selector_20260508_124555,sc:ecard:4b890ca5f469facc84eb,v0.3.0,,,,false,metric_summary_missing_or_unavailable,excluded,missing_candidate_level_evidence,blocked,hard_gate_not_passed,,,,blocked_no_candidate_level_evidence,,not_ranked,,,,,,,,,review_input_only_not_adoption_decision,rule_first_selector_must_not_feed_runtime_ranking_reports_backtests_trading_or_auto_adoption,production_activation_requires_later_root_approved_gate
v0_3_rule_first_selector_0_1,rule_first_selector_20260508_124555,sc:ecard:4bdc08b14b34fa127ad8,v0.3.0,,,,false,metric_summary_missing_or_unavailable,excluded,missing_candidate_level_evidence,blocked,hard_gate_not_passed,,,,blocked_no_candidate_level_evidence,,not_ranked,,,,,,,,,review_input_only_not_adoption_decision,rule_first_selector_must_not_feed_runtime_ranking_reports_backtests_trading_or_auto_adoption,production_activation_requires_later_root_approved_gate
v0_3_rule_first_selector_0_1,rule_first_selector_20260508_124555,sc:ecard:4c5d1c7eee59e3f494ec,v0.3.0,,,,false,metric_summary_missing_or_unavailable,excluded,missing_candidate_level_evidence,blocked,hard_gate_not_passed,,,,blocked_no_candidate_level_evidence,,not_ranked,,,,,,,,,review_input_only_not_adoption_decision,rule_first_selector_must_not_feed_runtime_ranking_reports_backtests_trading_or_auto_adoption,production_activation_requires_later_root_approved_gate
v0_3_rule_first_selector_0_1,rule_first_selector_20260508_124555,sc:ecard:4cbc5c3db86a241db467,v0.3.0,,,,false,metric_summary_missing_or_unavailable,excluded,missing_candidate_level_evidence,blocked,hard_gate_not_passed,,,,blocked_no_candidate_level_evidence,,not_ranked,,,,,,,,,review_input_only_not_adoption_decision,rule_first_selector_must_not_feed_runtime_ranking_reports_backtests_trading_or_auto_adoption,production_activation_requires_later_root_approved_gate
v0_3_rule_first_selector_0_1,rule_first_selector_20260508_124555,sc:ecard:4cdefe6a8fd686ab4b2a,v0.3.0,,,,false,metric_summary_missing_or_unavailable,excluded,missing_candidate_level_evidence,blocked,hard_gate_not_passed,,,,blocked_no_candidate_level_evidence,,not_ranked,,,,,,,,,review_input_only_not_adoption_decision,rule_first_selector_must_not_feed_runtime_ranking_reports_backtests_trading_or_auto_adoption,production_activation_requires_later_root_approved_gate
v0_3_rule_first_selector_0_1,rule_first_selector_20260508_124555,sc:ecard:4ce24ec601199c059d56,v0.3.0,,,,false,metric_summary_missing_or_unavailable,excluded,missing_candidate_level_evidence,blocked,hard_gate_not_passed,,,,blocked_no_candidate_level_evidence,,not_ranked,,,,,,,,,review_input_only_not_adoption_decision,rule_first_selector_must_not_feed_runtime_ranking_reports_backtests_trading_or_auto_adoption,production_activation_requires_later_root_approved_gate
v0_3_rule_first_selector_0_1,rule_first_selector_20260508_124555,sc:ecard:4cff812c38c88684aaf2,v0.3.0,,,,false,metric_summary_missing_or_unavailable,excluded,missing_candidate_level_evidence,blocked,hard_gate_not_passed,,,,blocked_no_candidate_level_evidence,,not_ranked,,,,,,,,,review_input_only_not_adoption_decision,rule_first_selector_must_not_feed_runtime_ranking_reports_backtests_trading_or_auto_adoption,production_activation_requires_later_root_approved_gate
v0_3_rule_first_selector_0_1,rule_first_selector_20260508_124555,sc:ecard:4d20e747a758b2274f12,v0.3.0,,,,false,metric_summary_missing_or_unavailable,excluded,missing_candidate_level_evidence,blocked,hard_gate_not_passed,,,,blocked_no_candidate_level_evidence,,not_ranked,,,,,,,,,review_input_only_not_adoption_decision,rule_first_selector_must_not_feed_runtime_ranking_reports_backtests_trading_or_auto_adoption,production_activation_requires_later_root_approved_gate
v0_3_rule_first_selector_0_1,rule_first_selector_20260508_124555,sc:ecard:4d766cd64abe8e3e1e4c,v0.3.0,,,,false,metric_summary_missing_or_unavailable,excluded,missing_candidate_level_evidence,blocked,hard_gate_not_passed,,,,blocked_no_candidate_level_evidence,,not_ranked,,,,,,,,,review_input_only_not_adoption_decision,rule_first_selector_must_not_feed_runtime_ranking_reports_backtests_trading_or_auto_adoption,production_activation_requires_later_root_approved_gate
v0_3_rule_first_selector_0_1,rule_first_selector_20260508_124555,sc:ecard:4dc5462792bd924f4e26,v0.3.0,,,,false,metric_summary_missing_or_unavailable,excluded,missing_candidate_level_evidence,blocked,hard_gate_not_passed,,,,blocked_no_candidate_level_evidence,,not_ranked,,,,,,,,,review_input_only_not_adoption_decision,rule_first_selector_must_not_feed_runtime_ranking_reports_backtests_trading_or_auto_adoption,production_activation_requires_later_root_approved_gate
v0_3_rule_first_selector_0_1,rule_first_selector_20260508_124555,sc:ecard:4ded4157c1cd58225875,v0.3.0,,,,false,metric_summary_missing_or_unavailable,excluded,missing_candidate_level_evidence,blocked,hard_gate_not_passed,,,,blocked_no_candidate_level_evidence,,not_ranked,,,,,,,,,review_input_only_not_adoption_decision,rule_first_selector_must_not_feed_runtime_ranking_reports_backtests_trading_or_auto_adoption,production_activation_requires_later_root_approved_gate
v0_3_rule_first_selector_0_1,rule_first_selector_20260508_124555,sc:ecard:4e03539aa75478a2cbdb,v0.3.0,,,,false,metric_summary_missing_or_unavailable,excluded,missing_candidate_level_evidence,blocked,hard_gate_not_passed,,,,blocked_no_candidate_level_evidence,,not_ranked,,,,,,,,,review_input_only_not_adoption_decision,rule_first_selector_must_not_feed_runtime_ranking_reports_backtests_trading_or_auto_adoption,production_activation_requires_later_root_approved_gate
v0_3_rule_first_selector_0_1,rule_first_selector_20260508_124555,sc:ecard:4e24ed3aafffe9cf987b,v0.3.0,,,,false,metric_summary_missing_or_unavailable,excluded,missing_candidate_level_evidence,blocked,hard_gate_not_passed,,,,blocked_no_candidate_level_evidence,,not_ranked,,,,,,,,,review_input_only_not_adoption_decision,rule_first_selector_must_not_feed_runtime_ranking_reports_backtests_trading_or_auto_adoption,production_activation_requires_later_root_approved_gate
v0_3_rule_first_selector_0_1,rule_first_selector_20260508_124555,sc:ecard:4e6b5c0867797eec3df8,v0.3.0,ee_v0_3_20260506_sc_ecard_4e6b5c0867797eec3df8,strategy_candidate,sc:ecard:4e6b5c0867797eec3df8,true,candidate_id_matches_candidate_level_evaluation_evidence,pass,passed_hard_exclusion,pass,passed_minimum_evidence_gate,58.671009,,58.671009,rule_only,34,reviewable_candidate,approved_evaluation_evidence,candidate_specific,0.9478898686276229,-0.6092164024086726,0.35818175172278915,0.8618159203980099,0.2968075686560764,,review_input_only_not_adoption_decision,rule_first_selector_must_not_feed_runtime_ranking_reports_backtests_trading_or_auto_adoption,production_activation_requires_later_root_approved_gate
v0_3_rule_first_selector_0_1,rule_first_selector_20260508_124555,sc:ecard:4eae70a6b23089b7711c,v0.3.0,,,,false,metric_summary_missing_or_unavailable,excluded,missing_candidate_level_evidence,blocked,hard_gate_not_passed,,,,blocked_no_candidate_level_evidence,,not_ranked,,,,,,,,,review_input_only_not_adoption_decision,rule_first_selector_must_not_feed_runtime_ranking_reports_backtests_trading_or_auto_adoption,production_activation_requires_later_root_approved_gate
v0_3_rule_first_selector_0_1,rule_first_selector_20260508_124555,sc:ecard:4ecd3f61f4f8f0e2066f,v0.3.0,,,,false,metric_summary_missing_or_unavailable,excluded,missing_candidate_level_evidence,blocked,hard_gate_not_passed,,,,blocked_no_candidate_level_evidence,,not_ranked,,,,,,,,,review_input_only_not_adoption_decision,rule_first_selector_must_not_feed_runtime_ranking_reports_backtests_trading_or_auto_adoption,production_activation_requires_later_root_approved_gate
v0_3_rule_first_selector_0_1,rule_first_selector_20260508_124555,sc:ecard:4ee75833af94cc0299df,v0.3.0,,,,false,metric_summary_missing_or_unavailable,excluded,missing_candidate_level_evidence,blocked,hard_gate_not_passed,,,,blocked_no_candidate_level_evidence,,not_ranked,,,,,,,,,review_input_only_not_adoption_decision,rule_first_selector_must_not_feed_runtime_ranking_reports_backtests_trading_or_auto_adoption,production_activation_requires_later_root_approved_gate
v0_3_rule_first_selector_0_1,rule_first_selector_20260508_124555,sc:ecard:4f0bfc709abe4bb79704,v0.3.0,,,,false,metric_summary_missing_or_unavailable,excluded,missing_candidate_level_evidence,blocked,hard_gate_not_passed,,,,blocked_no_candidate_level_evidence,,not_ranked,,,,,,,,,review_input_only_not_adoption_decision,rule_first_selector_must_not_feed_runtime_ranking_reports_backtests_trading_or_auto_adoption,production_activation_requires_later_root_approved_gate
v0_3_rule_first_selector_0_1,rule_first_selector_20260508_124555,sc:ecard:4fae101062936d760009,v0.3.0,,,,false,metric_summary_missing_or_unavailable,excluded,missing_candidate_level_evidence,blocked,hard_gate_not_passed,,,,blocked_no_candidate_level_evidence,,not_ranked,,,,,,,,,review_input_only_not_adoption_decision,rule_first_selector_must_not_feed_runtime_ranking_reports_backtests_trading_or_auto_adoption,production_activation_requires_later_root_approved_gate
v0_3_rule_first_selector_0_1,rule_first_selector_20260508_124555,sc:ecard:50471ea748afe6de7a25,v0.3.0,,,,false,metric_summary_missing_or_unavailable,excluded,missing_candidate_level_evidence,blocked,hard_gate_not_passed,,,,blocked_no_candidate_level_evidence,,not_ranked,,,,,,,,,review_input_only_not_adoption_decision,rule_first_selector_must_not_feed_runtime_ranking_reports_backtests_trading_or_auto_adoption,production_activation_requires_later_root_approved_gate
v0_3_rule_first_selector_0_1,rule_first_selector_20260508_124555,sc:ecard:517b468f436df3cffdde,v0.3.0,,,,false,metric_summary_missing_or_unavailable,excluded,missing_candidate_level_evidence,blocked,hard_gate_not_passed,,,,blocked_no_candidate_level_evidence,,not_ranked,,,,,,,,,review_input_only_not_adoption_decision,rule_first_selector_must_not_feed_runtime_ranking_reports_backtests_trading_or_auto_adoption,production_activation_requires_later_root_approved_gate
v0_3_rule_first_selector_0_1,rule_first_selector_20260508_124555,sc:ecard:51c9d7b100511a4c227e,v0.3.0,,,,false,metric_summary_missing_or_unavailable,excluded,missing_candidate_level_evidence,blocked,hard_gate_not_passed,,,,blocked_no_candidate_level_evidence,,not_ranked,,,,,,,,,review_input_only_not_adoption_decision,rule_first_selector_must_not_feed_runtime_ranking_reports_backtests_trading_or_auto_adoption,production_activation_requires_later_root_approved_gate
v0_3_rule_first_selector_0_1,rule_first_selector_20260508_124555,sc:ecard:52af607441df1616c2b1,v0.3.0,,,,false,metric_summary_missing_or_unavailable,excluded,missing_candidate_level_evidence,blocked,hard_gate_not_passed,,,,blocked_no_candidate_level_evidence,,not_ranked,,,,,,,,,review_input_only_not_adoption_decision,rule_first_selector_must_not_feed_runtime_ranking_reports_backtests_trading_or_auto_adoption,production_activation_requires_later_root_approved_gate
v0_3_rule_first_selector_0_1,rule_first_selector_20260508_124555,sc:ecard:52e8dc91a1ea057d50ad,v0.3.0,,,,false,metric_summary_missing_or_unavailable,excluded,missing_candidate_level_evidence,blocked,hard_gate_not_passed,,,,blocked_no_candidate_level_evidence,,not_ranked,,,,,,,,,review_input_only_not_adoption_decision,rule_first_selector_must_not_feed_runtime_ranking_reports_backtests_trading_or_auto_adoption,production_activation_requires_later_root_approved_gate
v0_3_rule_first_selector_0_1,rule_first_selector_20260508_124555,sc:ecard:52f9e9d4e4a5ef2e8dd5,v0.3.0,,,,false,metric_summary_missing_or_unavailable,excluded,missing_candidate_level_evidence,blocked,hard_gate_not_passed,,,,blocked_no_candidate_level_evidence,,not_ranked,,,,,,,,,review_input_only_not_adoption_decision,rule_first_selector_must_not_feed_runtime_ranking_reports_backtests_trading_or_auto_adoption,production_activation_requires_later_root_approved_gate
v0_3_rule_first_selector_0_1,rule_first_selector_20260508_124555,sc:ecard:5357dba22bbca1555e77,v0.3.0,,,,false,metric_summary_missing_or_unavailable,excluded,missing_candidate_level_evidence,blocked,hard_gate_not_passed,,,,blocked_no_candidate_level_evidence,,not_ranked,,,,,,,,,review_input_only_not_adoption_decision,rule_first_selector_must_not_feed_runtime_ranking_reports_backtests_trading_or_auto_adoption,production_activation_requires_later_root_approved_gate
v0_3_rule_first_selector_0_1,rule_first_selector_20260508_124555,sc:ecard:53d405c4caaaae74e068,v0.3.0,,,,false,metric_summary_missing_or_unavailable,excluded,missing_candidate_level_evidence,blocked,hard_gate_not_passed,,,,blocked_no_candidate_level_evidence,,not_ranked,,,,,,,,,review_input_only_not_adoption_decision,rule_first_selector_must_not_feed_runtime_ranking_reports_backtests_trading_or_auto_adoption,production_activation_requires_later_root_approved_gate
v0_3_rule_first_selector_0_1,rule_first_selector_20260508_124555,sc:ecard:54e302b2640130c9d61e,v0.3.0,,,,false,metric_summary_missing_or_unavailable,excluded,missing_candidate_level_evidence,blocked,hard_gate_not_passed,,,,blocked_no_candidate_level_evidence,,not_ranked,,,,,,,,,review_input_only_not_adoption_decision,rule_first_selector_must_not_feed_runtime_ranking_reports_backtests_trading_or_auto_adoption,production_activation_requires_later_root_approved_gate
v0_3_rule_first_selector_0_1,rule_first_selector_20260508_124555,sc:ecard:568f25dc8eef788c3c43,v0.3.0,,,,false,metric_summary_missing_or_unavailable,excluded,missing_candidate_level_evidence,blocked,hard_gate_not_passed,,,,blocked_no_candidate_level_evidence,,not_ranked,,,,,,,,,review_input_only_not_adoption_decision,rule_first_selector_must_not_feed_runtime_ranking_reports_backtests_trading_or_auto_adoption,production_activation_requires_later_root_approved_gate
v0_3_rule_first_selector_0_1,rule_first_selector_20260508_124555,sc:ecard:56e1694574a9dd67f381,v0.3.0,,,,false,metric_summary_missing_or_unavailable,excluded,missing_candidate_level_evidence,blocked,hard_gate_not_passed,,,,blocked_no_candidate_level_evidence,,not_ranked,,,,,,,,,review_input_only_not_adoption_decision,rule_first_selector_must_not_feed_runtime_ranking_reports_backtests_trading_or_auto_adoption,production_activation_requires_later_root_approved_gate
v0_3_rule_first_selector_0_1,rule_first_selector_20260508_124555,sc:ecard:5799eebe821a1d0ea1e5,v0.3.0,,,,false,metric_summary_missing_or_unavailable,excluded,missing_candidate_level_evidence,blocked,hard_gate_not_passed,,,,blocked_no_candidate_level_evidence,,not_ranked,,,,,,,,,review_input_only_not_adoption_decision,rule_first_selector_must_not_feed_runtime_ranking_reports_backtests_trading_or_auto_adoption,production_activation_requires_later_root_approved_gate
v0_3_rule_first_selector_0_1,rule_first_selector_20260508_124555,sc:ecard:57b2375d7ab900c1da1b,v0.3.0,ee_v0_3_20260506_sc_ecard_57b2375d7ab900c1da1b,strategy_candidate,sc:ecard:57b2375d7ab900c1da1b,true,candidate_id_matches_candidate_level_evaluation_evidence,pass,passed_hard_exclusion,pass,passed_minimum_evidence_gate,60.641751,,60.641751,rule_only,6,top_review_candidate,approved_evaluation_evidence,candidate_specific,4.59248614414884,-0.49924422265194046,0.5932409139655367,0.686318407960199,0.39104534114120565,,review_input_only_not_adoption_decision,rule_first_selector_must_not_feed_runtime_ranking_reports_backtests_trading_or_auto_adoption,production_activation_requires_later_root_approved_gate
v0_3_rule_first_selector_0_1,rule_first_selector_20260508_124555,sc:ecard:581454c600054a1b7317,v0.3.0,,,,false,metric_summary_missing_or_unavailable,excluded,missing_candidate_level_evidence,blocked,hard_gate_not_passed,,,,blocked_no_candidate_level_evidence,,not_ranked,,,,,,,,,review_input_only_not_adoption_decision,rule_first_selector_must_not_feed_runtime_ranking_reports_backtests_trading_or_auto_adoption,production_activation_requires_later_root_approved_gate
v0_3_rule_first_selector_0_1,rule_first_selector_20260508_124555,sc:ecard:585a4f189352330f033a,v0.3.0,ee_v0_3_20260506_sc_ecard_585a4f189352330f033a,strategy_candidate,sc:ecard:585a4f189352330f033a,true,candidate_id_matches_candidate_level_evaluation_evidence,pass,passed_hard_exclusion,pass,passed_minimum_evidence_gate,58.671009,,58.671009,rule_only,35,reviewable_candidate,approved_evaluation_evidence,candidate_specific,0.9478898686276229,-0.6092164024086726,0.35818175172278915,0.8618159203980099,0.2968075686560764,,review_input_only_not_adoption_decision,rule_first_selector_must_not_feed_runtime_ranking_reports_backtests_trading_or_auto_adoption,production_activation_requires_later_root_approved_gate
v0_3_rule_first_selector_0_1,rule_first_selector_20260508_124555,sc:ecard:58e6a31ef69fe10ca909,v0.3.0,,,,false,metric_summary_missing_or_unavailable,excluded,missing_candidate_level_evidence,blocked,hard_gate_not_passed,,,,blocked_no_candidate_level_evidence,,not_ranked,,,,,,,,,review_input_only_not_adoption_decision,rule_first_selector_must_not_feed_runtime_ranking_reports_backtests_trading_or_auto_adoption,production_activation_requires_later_root_approved_gate
v0_3_rule_first_selector_0_1,rule_first_selector_20260508_124555,sc:ecard:58f5b4cfe9ef85ca9063,v0.3.0,,,,false,metric_summary_missing_or_unavailable,excluded,missing_candidate_level_evidence,blocked,hard_gate_not_passed,,,,blocked_no_candidate_level_evidence,,not_ranked,,,,,,,,,review_input_only_not_adoption_decision,rule_first_selector_must_not_feed_runtime_ranking_reports_backtests_trading_or_auto_adoption,production_activation_requires_later_root_approved_gate
v0_3_rule_first_selector_0_1,rule_first_selector_20260508_124555,sc:ecard:590ccd874455c27b0efa,v0.3.0,,,,false,metric_summary_missing_or_unavailable,excluded,missing_candidate_level_evidence,blocked,hard_gate_not_passed,,,,blocked_no_candidate_level_evidence,,not_ranked,,,,,,,,,review_input_only_not_adoption_decision,rule_first_selector_must_not_feed_runtime_ranking_reports_backtests_trading_or_auto_adoption,production_activation_requires_later_root_approved_gate
v0_3_rule_first_selector_0_1,rule_first_selector_20260508_124555,sc:ecard:597cecadb2587bf83de7,v0.3.0,,,,false,metric_summary_missing_or_unavailable,excluded,missing_candidate_level_evidence,blocked,hard_gate_not_passed,,,,blocked_no_candidate_level_evidence,,not_ranked,,,,,,,,,review_input_only_not_adoption_decision,rule_first_selector_must_not_feed_runtime_ranking_reports_backtests_trading_or_auto_adoption,production_activation_requires_later_root_approved_gate
v0_3_rule_first_selector_0_1,rule_first_selector_20260508_124555,sc:ecard:5997637c4b0ce0d52550,v0.3.0,,,,false,metric_summary_missing_or_unavailable,excluded,missing_candidate_level_evidence,blocked,hard_gate_not_passed,,,,blocked_no_candidate_level_evidence,,not_ranked,,,,,,,,,review_input_only_not_adoption_decision,rule_first_selector_must_not_feed_runtime_ranking_reports_backtests_trading_or_auto_adoption,production_activation_requires_later_root_approved_gate
v0_3_rule_first_selector_0_1,rule_first_selector_20260508_124555,sc:ecard:59a4bc45d19bbb7b4a01,v0.3.0,,,,false,metric_summary_missing_or_unavailable,excluded,missing_candidate_level_evidence,blocked,hard_gate_not_passed,,,,blocked_no_candidate_level_evidence,,not_ranked,,,,,,,,,review_input_only_not_adoption_decision,rule_first_selector_must_not_feed_runtime_ranking_reports_backtests_trading_or_auto_adoption,production_activation_requires_later_root_approved_gate
v0_3_rule_first_selector_0_1,rule_first_selector_20260508_124555,sc:ecard:59cc077a35326fd6ded9,v0.3.0,,,,false,metric_summary_missing_or_unavailable,excluded,missing_candidate_level_evidence,blocked,hard_gate_not_passed,,,,blocked_no_candidate_level_evidence,,not_ranked,,,,,,,,,review_input_only_not_adoption_decision,rule_first_selector_must_not_feed_runtime_ranking_reports_backtests_trading_or_auto_adoption,production_activation_requires_later_root_approved_gate
v0_3_rule_first_selector_0_1,rule_first_selector_20260508_124555,sc:ecard:5a01b98126f013c64f4a,v0.3.0,,,,false,metric_summary_missing_or_unavailable,excluded,missing_candidate_level_evidence,blocked,hard_gate_not_passed,,,,blocked_no_candidate_level_evidence,,not_ranked,,,,,,,,,review_input_only_not_adoption_decision,rule_first_selector_must_not_feed_runtime_ranking_reports_backtests_trading_or_auto_adoption,production_activation_requires_later_root_approved_gate
v0_3_rule_first_selector_0_1,rule_first_selector_20260508_124555,sc:ecard:5ae96bc223f16e4ab626,v0.3.0,,,,false,metric_summary_missing_or_unavailable,excluded,missing_candidate_level_evidence,blocked,hard_gate_not_passed,,,,blocked_no_candidate_level_evidence,,not_ranked,,,,,,,,,review_input_only_not_adoption_decision,rule_first_selector_must_not_feed_runtime_ranking_reports_backtests_trading_or_auto_adoption,production_activation_requires_later_root_approved_gate
v0_3_rule_first_selector_0_1,rule_first_selector_20260508_124555,sc:ecard:5b3c87cc5f32e9f3402d,v0.3.0,,,,false,metric_summary_missing_or_unavailable,excluded,missing_candidate_level_evidence,blocked,hard_gate_not_passed,,,,blocked_no_candidate_level_evidence,,not_ranked,,,,,,,,,review_input_only_not_adoption_decision,rule_first_selector_must_not_feed_runtime_ranking_reports_backtests_trading_or_auto_adoption,production_activation_requires_later_root_approved_gate
v0_3_rule_first_selector_0_1,rule_first_selector_20260508_124555,sc:ecard:5b8a620e557095c20c1f,v0.3.0,,,,false,metric_summary_missing_or_unavailable,excluded,missing_candidate_level_evidence,blocked,hard_gate_not_passed,,,,blocked_no_candidate_level_evidence,,not_ranked,,,,,,,,,review_input_only_not_adoption_decision,rule_first_selector_must_not_feed_runtime_ranking_reports_backtests_trading_or_auto_adoption,production_activation_requires_later_root_approved_gate
v0_3_rule_first_selector_0_1,rule_first_selector_20260508_124555,sc:ecard:5d35ce2b19c594ccdca7,v0.3.0,,,,false,metric_summary_missing_or_unavailable,excluded,missing_candidate_level_evidence,blocked,hard_gate_not_passed,,,,blocked_no_candidate_level_evidence,,not_ranked,,,,,,,,,review_input_only_not_adoption_decision,rule_first_selector_must_not_feed_runtime_ranking_reports_backtests_trading_or_auto_adoption,production_activation_requires_later_root_approved_gate
v0_3_rule_first_selector_0_1,rule_first_selector_20260508_124555,sc:ecard:5d755aff02b8932c4716,v0.3.0,,,,false,metric_summary_missing_or_unavailable,excluded,missing_candidate_level_evidence,blocked,hard_gate_not_passed,,,,blocked_no_candidate_level_evidence,,not_ranked,,,,,,,,,review_input_only_not_adoption_decision,rule_first_selector_must_not_feed_runtime_ranking_reports_backtests_trading_or_auto_adoption,production_activation_requires_later_root_approved_gate
v0_3_rule_first_selector_0_1,rule_first_selector_20260508_124555,sc:ecard:5dd58d92064a3c21b12a,v0.3.0,,,,false,metric_summary_missing_or_unavailable,excluded,missing_candidate_level_evidence,blocked,hard_gate_not_passed,,,,blocked_no_candidate_level_evidence,,not_ranked,,,,,,,,,review_input_only_not_adoption_decision,rule_first_selector_must_not_feed_runtime_ranking_reports_backtests_trading_or_auto_adoption,production_activation_requires_later_root_approved_gate
v0_3_rule_first_selector_0_1,rule_first_selector_20260508_124555,sc:ecard:5eb2846ffe731c212bba,v0.3.0,,,,false,metric_summary_missing_or_unavailable,excluded,missing_candidate_level_evidence,blocked,hard_gate_not_passed,,,,blocked_no_candidate_level_evidence,,not_ranked,,,,,,,,,review_input_only_not_adoption_decision,rule_first_selector_must_not_feed_runtime_ranking_reports_backtests_trading_or_auto_adoption,production_activation_requires_later_root_approved_gate
v0_3_rule_first_selector_0_1,rule_first_selector_20260508_124555,sc:ecard:5f0ce358f1ebe477c3dc,v0.3.0,,,,false,metric_summary_missing_or_unavailable,excluded,missing_candidate_level_evidence,blocked,hard_gate_not_passed,,,,blocked_no_candidate_level_evidence,,not_ranked,,,,,,,,,review_input_only_not_adoption_decision,rule_first_selector_must_not_feed_runtime_ranking_reports_backtests_trading_or_auto_adoption,production_activation_requires_later_root_approved_gate
v0_3_rule_first_selector_0_1,rule_first_selector_20260508_124555,sc:ecard:5f0fdba3001f46dd57d4,v0.3.0,,,,false,metric_summary_missing_or_unavailable,excluded,missing_candidate_level_evidence,blocked,hard_gate_not_passed,,,,blocked_no_candidate_level_evidence,,not_ranked,,,,,,,,,review_input_only_not_adoption_decision,rule_first_selector_must_not_feed_runtime_ranking_reports_backtests_trading_or_auto_adoption,production_activation_requires_later_root_approved_gate
v0_3_rule_first_selector_0_1,rule_first_selector_20260508_124555,sc:ecard:5f857c0b276dc4e7c83f,v0.3.0,,,,false,metric_summary_missing_or_unavailable,excluded,missing_candidate_level_evidence,blocked,hard_gate_not_passed,,,,blocked_no_candidate_level_evidence,,not_ranked,,,,,,,,,review_input_only_not_adoption_decision,rule_first_selector_must_not_feed_runtime_ranking_reports_backtests_trading_or_auto_adoption,production_activation_requires_later_root_approved_gate
v0_3_rule_first_selector_0_1,rule_first_selector_20260508_124555,sc:ecard:5fe413f22c0754fe4992,v0.3.0,,,,false,metric_summary_missing_or_unavailable,excluded,missing_candidate_level_evidence,blocked,hard_gate_not_passed,,,,blocked_no_candidate_level_evidence,,not_ranked,,,,,,,,,review_input_only_not_adoption_decision,rule_first_selector_must_not_feed_runtime_ranking_reports_backtests_trading_or_auto_adoption,production_activation_requires_later_root_approved_gate
v0_3_rule_first_selector_0_1,rule_first_selector_20260508_124555,sc:ecard:5ffdc549e56d4d14172b,v0.3.0,,,,false,metric_summary_missing_or_unavailable,excluded,missing_candidate_level_evidence,blocked,hard_gate_not_passed,,,,blocked_no_candidate_level_evidence,,not_ranked,,,,,,,,,review_input_only_not_adoption_decision,rule_first_selector_must_not_feed_runtime_ranking_reports_backtests_trading_or_auto_adoption,production_activation_requires_later_root_approved_gate
v0_3_rule_first_selector_0_1,rule_first_selector_20260508_124555,sc:ecard:6078f60bd827785683bf,v0.3.0,ee_v0_3_20260506_sc_ecard_6078f60bd827785683bf,strategy_candidate,sc:ecard:6078f60bd827785683bf,true,candidate_id_matches_candidate_level_evaluation_evidence,pass,passed_hard_exclusion,pass,passed_minimum_evidence_gate,58.671009,,58.671009,rule_only,36,reviewable_candidate,approved_evaluation_evidence,candidate_specific,0.9478898686276229,-0.6092164024086726,0.35818175172278915,0.8618159203980099,0.2968075686560764,,review_input_only_not_adoption_decision,rule_first_selector_must_not_feed_runtime_ranking_reports_backtests_trading_or_auto_adoption,production_activation_requires_later_root_approved_gate
v0_3_rule_first_selector_0_1,rule_first_selector_20260508_124555,sc:ecard:6126b3c321f9cc88e9a7,v0.3.0,,,,false,metric_summary_missing_or_unavailable,excluded,missing_candidate_level_evidence,blocked,hard_gate_not_passed,,,,blocked_no_candidate_level_evidence,,not_ranked,,,,,,,,,review_input_only_not_adoption_decision,rule_first_selector_must_not_feed_runtime_ranking_reports_backtests_trading_or_auto_adoption,production_activation_requires_later_root_approved_gate
v0_3_rule_first_selector_0_1,rule_first_selector_20260508_124555,sc:ecard:612e55d52541213ea473,v0.3.0,,,,false,metric_summary_missing_or_unavailable,excluded,missing_candidate_level_evidence,blocked,hard_gate_not_passed,,,,blocked_no_candidate_level_evidence,,not_ranked,,,,,,,,,review_input_only_not_adoption_decision,rule_first_selector_must_not_feed_runtime_ranking_reports_backtests_trading_or_auto_adoption,production_activation_requires_later_root_approved_gate
v0_3_rule_first_selector_0_1,rule_first_selector_20260508_124555,sc:ecard:6158b2b72c32b1813077,v0.3.0,,,,false,metric_summary_missing_or_unavailable,excluded,missing_candidate_level_evidence,blocked,hard_gate_not_passed,,,,blocked_no_candidate_level_evidence,,not_ranked,,,,,,,,,review_input_only_not_adoption_decision,rule_first_selector_must_not_feed_runtime_ranking_reports_backtests_trading_or_auto_adoption,production_activation_requires_later_root_approved_gate
v0_3_rule_first_selector_0_1,rule_first_selector_20260508_124555,sc:ecard:6183ffc5441403750bc2,v0.3.0,,,,false,metric_summary_missing_or_unavailable,excluded,missing_candidate_level_evidence,blocked,hard_gate_not_passed,,,,blocked_no_candidate_level_evidence,,not_ranked,,,,,,,,,review_input_only_not_adoption_decision,rule_first_selector_must_not_feed_runtime_ranking_reports_backtests_trading_or_auto_adoption,production_activation_requires_later_root_approved_gate
v0_3_rule_first_selector_0_1,rule_first_selector_20260508_124555,sc:ecard:62ae3673655a9b8836b8,v0.3.0,,,,false,metric_summary_missing_or_unavailable,excluded,missing_candidate_level_evidence,blocked,hard_gate_not_passed,,,,blocked_no_candidate_level_evidence,,not_ranked,,,,,,,,,review_input_only_not_adoption_decision,rule_first_selector_must_not_feed_runtime_ranking_reports_backtests_trading_or_auto_adoption,production_activation_requires_later_root_approved_gate
v0_3_rule_first_selector_0_1,rule_first_selector_20260508_124555,sc:ecard:62d299c6c602db34823c,v0.3.0,,,,false,metric_summary_missing_or_unavailable,excluded,missing_candidate_level_evidence,blocked,hard_gate_not_passed,,,,blocked_no_candidate_level_evidence,,not_ranked,,,,,,,,,review_input_only_not_adoption_decision,rule_first_selector_must_not_feed_runtime_ranking_reports_backtests_trading_or_auto_adoption,production_activation_requires_later_root_approved_gate
v0_3_rule_first_selector_0_1,rule_first_selector_20260508_124555,sc:ecard:63448c665723df82fb62,v0.3.0,,,,false,metric_summary_missing_or_unavailable,excluded,missing_candidate_level_evidence,blocked,hard_gate_not_passed,,,,blocked_no_candidate_level_evidence,,not_ranked,,,,,,,,,review_input_only_not_adoption_decision,rule_first_selector_must_not_feed_runtime_ranking_reports_backtests_trading_or_auto_adoption,production_activation_requires_later_root_approved_gate
v0_3_rule_first_selector_0_1,rule_first_selector_20260508_124555,sc:ecard:64aa90f4ecfc0e36188a,v0.3.0,,,,false,metric_summary_missing_or_unavailable,excluded,missing_candidate_level_evidence,blocked,hard_gate_not_passed,,,,blocked_no_candidate_level_evidence,,not_ranked,,,,,,,,,review_input_only_not_adoption_decision,rule_first_selector_must_not_feed_runtime_ranking_reports_backtests_trading_or_auto_adoption,production_activation_requires_later_root_approved_gate
v0_3_rule_first_selector_0_1,rule_first_selector_20260508_124555,sc:ecard:64fdb021bdbc9934bc33,v0.3.0,,,,false,metric_summary_missing_or_unavailable,excluded,missing_candidate_level_evidence,blocked,hard_gate_not_passed,,,,blocked_no_candidate_level_evidence,,not_ranked,,,,,,,,,review_input_only_not_adoption_decision,rule_first_selector_must_not_feed_runtime_ranking_reports_backtests_trading_or_auto_adoption,production_activation_requires_later_root_approved_gate
v0_3_rule_first_selector_0_1,rule_first_selector_20260508_124555,sc:ecard:650670d9179ba31c1479,v0.3.0,,,,false,metric_summary_missing_or_unavailable,excluded,missing_candidate_level_evidence,blocked,hard_gate_not_passed,,,,blocked_no_candidate_level_evidence,,not_ranked,,,,,,,,,review_input_only_not_adoption_decision,rule_first_selector_must_not_feed_runtime_ranking_reports_backtests_trading_or_auto_adoption,production_activation_requires_later_root_approved_gate
v0_3_rule_first_selector_0_1,rule_first_selector_20260508_124555,sc:ecard:650aa97f55f3ebd87fb7,v0.3.0,,,,false,metric_summary_missing_or_unavailable,excluded,missing_candidate_level_evidence,blocked,hard_gate_not_passed,,,,blocked_no_candidate_level_evidence,,not_ranked,,,,,,,,,review_input_only_not_adoption_decision,rule_first_selector_must_not_feed_runtime_ranking_reports_backtests_trading_or_auto_adoption,production_activation_requires_later_root_approved_gate
v0_3_rule_first_selector_0_1,rule_first_selector_20260508_124555,sc:ecard:656c0e933053305192d3,v0.3.0,,,,false,metric_summary_missing_or_unavailable,excluded,missing_candidate_level_evidence,blocked,hard_gate_not_passed,,,,blocked_no_candidate_level_evidence,,not_ranked,,,,,,,,,review_input_only_not_adoption_decision,rule_first_selector_must_not_feed_runtime_ranking_reports_backtests_trading_or_auto_adoption,production_activation_requires_later_root_approved_gate
v0_3_rule_first_selector_0_1,rule_first_selector_20260508_124555,sc:ecard:665038ceead244b7d155,v0.3.0,,,,false,metric_summary_missing_or_unavailable,excluded,missing_candidate_level_evidence,blocked,hard_gate_not_passed,,,,blocked_no_candidate_level_evidence,,not_ranked,,,,,,,,,review_input_only_not_adoption_decision,rule_first_selector_must_not_feed_runtime_ranking_reports_backtests_trading_or_auto_adoption,production_activation_requires_later_root_approved_gate
v0_3_rule_first_selector_0_1,rule_first_selector_20260508_124555,sc:ecard:6662290e29da98ab5c15,v0.3.0,ee_v0_3_20260506_sc_ecard_6662290e29da98ab5c15,strategy_candidate,sc:ecard:6662290e29da98ab5c15,true,candidate_id_matches_candidate_level_evaluation_evidence,pass,passed_hard_exclusion,pass,passed_minimum_evidence_gate,32.048278,,32.048278,rule_only,57,reviewable_candidate,approved_evaluation_evidence,candidate_specific,-0.06993676616043398,-0.43446907470055085,0.0738775881276168,0.8769900497512437,0.3344231353969896,,review_input_only_not_adoption_decision,rule_first_selector_must_not_feed_runtime_ranking_reports_backtests_trading_or_auto_adoption,production_activation_requires_later_root_approved_gate
v0_3_rule_first_selector_0_1,rule_first_selector_20260508_124555,sc:ecard:672c7702566416fb767e,v0.3.0,,,,false,metric_summary_missing_or_unavailable,excluded,missing_candidate_level_evidence,blocked,hard_gate_not_passed,,,,blocked_no_candidate_level_evidence,,not_ranked,,,,,,,,,review_input_only_not_adoption_decision,rule_first_selector_must_not_feed_runtime_ranking_reports_backtests_trading_or_auto_adoption,production_activation_requires_later_root_approved_gate
v0_3_rule_first_selector_0_1,rule_first_selector_20260508_124555,sc:ecard:6748f43bfe6c38a3d7eb,v0.3.0,,,,false,metric_summary_missing_or_unavailable,excluded,missing_candidate_level_evidence,blocked,hard_gate_not_passed,,,,blocked_no_candidate_level_evidence,,not_ranked,,,,,,,,,review_input_only_not_adoption_decision,rule_first_selector_must_not_feed_runtime_ranking_reports_backtests_trading_or_auto_adoption,production_activation_requires_later_root_approved_gate
v0_3_rule_first_selector_0_1,rule_first_selector_20260508_124555,sc:ecard:676b65918845c056b61a,v0.3.0,,,,false,metric_summary_missing_or_unavailable,excluded,missing_candidate_level_evidence,blocked,hard_gate_not_passed,,,,blocked_no_candidate_level_evidence,,not_ranked,,,,,,,,,review_input_only_not_adoption_decision,rule_first_selector_must_not_feed_runtime_ranking_reports_backtests_trading_or_auto_adoption,production_activation_requires_later_root_approved_gate
v0_3_rule_first_selector_0_1,rule_first_selector_20260508_124555,sc:ecard:67c7e42eba230422de51,v0.3.0,,,,false,metric_summary_missing_or_unavailable,excluded,missing_candidate_level_evidence,blocked,hard_gate_not_passed,,,,blocked_no_candidate_level_evidence,,not_ranked,,,,,,,,,review_input_only_not_adoption_decision,rule_first_selector_must_not_feed_runtime_ranking_reports_backtests_trading_or_auto_adoption,production_activation_requires_later_root_approved_gate
v0_3_rule_first_selector_0_1,rule_first_selector_20260508_124555,sc:ecard:67dad10be6480f4be0e0,v0.3.0,,,,false,metric_summary_missing_or_unavailable,excluded,missing_candidate_level_evidence,blocked,hard_gate_not_passed,,,,blocked_no_candidate_level_evidence,,not_ranked,,,,,,,,,review_input_only_not_adoption_decision,rule_first_selector_must_not_feed_runtime_ranking_reports_backtests_trading_or_auto_adoption,production_activation_requires_later_root_approved_gate
v0_3_rule_first_selector_0_1,rule_first_selector_20260508_124555,sc:ecard:6818a41460a2138a197a,v0.3.0,,,,false,metric_summary_missing_or_unavailable,excluded,missing_candidate_level_evidence,blocked,hard_gate_not_passed,,,,blocked_no_candidate_level_evidence,,not_ranked,,,,,,,,,review_input_only_not_adoption_decision,rule_first_selector_must_not_feed_runtime_ranking_reports_backtests_trading_or_auto_adoption,production_activation_requires_later_root_approved_gate
v0_3_rule_first_selector_0_1,rule_first_selector_20260508_124555,sc:ecard:6828a0047564da84fe43,v0.3.0,ee_v0_3_20260506_sc_ecard_6828a0047564da84fe43,strategy_candidate,sc:ecard:6828a0047564da84fe43,true,candidate_id_matches_candidate_level_evaluation_evidence,pass,passed_hard_exclusion,pass,passed_minimum_evidence_gate,60.641751,,60.641751,rule_only,7,top_review_candidate,approved_evaluation_evidence,candidate_specific,4.59248614414884,-0.49924422265194046,0.5932409139655367,0.686318407960199,0.39104534114120565,,review_input_only_not_adoption_decision,rule_first_selector_must_not_feed_runtime_ranking_reports_backtests_trading_or_auto_adoption,production_activation_requires_later_root_approved_gate
v0_3_rule_first_selector_0_1,rule_first_selector_20260508_124555,sc:ecard:682fcc26dd1faaefbf9e,v0.3.0,,,,false,metric_summary_missing_or_unavailable,excluded,missing_candidate_level_evidence,blocked,hard_gate_not_passed,,,,blocked_no_candidate_level_evidence,,not_ranked,,,,,,,,,review_input_only_not_adoption_decision,rule_first_selector_must_not_feed_runtime_ranking_reports_backtests_trading_or_auto_adoption,production_activation_requires_later_root_approved_gate
v0_3_rule_first_selector_0_1,rule_first_selector_20260508_124555,sc:ecard:684a358946b2733dbde2,v0.3.0,,,,false,metric_summary_missing_or_unavailable,excluded,missing_candidate_level_evidence,blocked,hard_gate_not_passed,,,,blocked_no_candidate_level_evidence,,not_ranked,,,,,,,,,review_input_only_not_adoption_decision,rule_first_selector_must_not_feed_runtime_ranking_reports_backtests_trading_or_auto_adoption,production_activation_requires_later_root_approved_gate
v0_3_rule_first_selector_0_1,rule_first_selector_20260508_124555,sc:ecard:687ac3f1e09c49b3e725,v0.3.0,ee_v0_3_20260506_sc_ecard_687ac3f1e09c49b3e725,strategy_candidate,sc:ecard:687ac3f1e09c49b3e725,true,candidate_id_matches_candidate_level_evaluation_evidence,pass,passed_hard_exclusion,pass,passed_minimum_evidence_gate,60.641751,,60.641751,rule_only,8,top_review_candidate,approved_evaluation_evidence,candidate_specific,4.59248614414884,-0.49924422265194046,0.5932409139655367,0.686318407960199,0.39104534114120565,,review_input_only_not_adoption_decision,rule_first_selector_must_not_feed_runtime_ranking_reports_backtests_trading_or_auto_adoption,production_activation_requires_later_root_approved_gate
v0_3_rule_first_selector_0_1,rule_first_selector_20260508_124555,sc:ecard:688e8194d06c1fbd8f2b,v0.3.0,,,,false,metric_summary_missing_or_unavailable,excluded,missing_candidate_level_evidence,blocked,hard_gate_not_passed,,,,blocked_no_candidate_level_evidence,,not_ranked,,,,,,,,,review_input_only_not_adoption_decision,rule_first_selector_must_not_feed_runtime_ranking_reports_backtests_trading_or_auto_adoption,production_activation_requires_later_root_approved_gate
v0_3_rule_first_selector_0_1,rule_first_selector_20260508_124555,sc:ecard:6895251eaa6816818f6f,v0.3.0,,,,false,metric_summary_missing_or_unavailable,excluded,missing_candidate_level_evidence,blocked,hard_gate_not_passed,,,,blocked_no_candidate_level_evidence,,not_ranked,,,,,,,,,review_input_only_not_adoption_decision,rule_first_selector_must_not_feed_runtime_ranking_reports_backtests_trading_or_auto_adoption,production_activation_requires_later_root_approved_gate
v0_3_rule_first_selector_0_1,rule_first_selector_20260508_124555,sc:ecard:693f00572fe0a04e73cf,v0.3.0,,,,false,metric_summary_missing_or_unavailable,excluded,missing_candidate_level_evidence,blocked,hard_gate_not_passed,,,,blocked_no_candidate_level_evidence,,not_ranked,,,,,,,,,review_input_only_not_adoption_decision,rule_first_selector_must_not_feed_runtime_ranking_reports_backtests_trading_or_auto_adoption,production_activation_requires_later_root_approved_gate
v0_3_rule_first_selector_0_1,rule_first_selector_20260508_124555,sc:ecard:6a5dcbcb015cb2784314,v0.3.0,ee_v0_3_20260506_sc_ecard_6a5dcbcb015cb2784314,strategy_candidate,sc:ecard:6a5dcbcb015cb2784314,true,candidate_id_matches_candidate_level_evaluation_evidence,pass,passed_hard_exclusion,pass,passed_minimum_evidence_gate,58.671009,,58.671009,rule_only,37,reviewable_candidate,approved_evaluation_evidence,candidate_specific,0.9478898686276229,-0.6092164024086726,0.35818175172278915,0.8618159203980099,0.2968075686560764,,review_input_only_not_adoption_decision,rule_first_selector_must_not_feed_runtime_ranking_reports_backtests_trading_or_auto_adoption,production_activation_requires_later_root_approved_gate
v0_3_rule_first_selector_0_1,rule_first_selector_20260508_124555,sc:ecard:6a9cffea47a4d33bd9eb,v0.3.0,ee_v0_3_20260506_sc_ecard_6a9cffea47a4d33bd9eb,strategy_candidate,sc:ecard:6a9cffea47a4d33bd9eb,true,candidate_id_matches_candidate_level_evaluation_evidence,pass,passed_hard_exclusion,pass,passed_minimum_evidence_gate,60.641751,,60.641751,rule_only,9,top_review_candidate,approved_evaluation_evidence,candidate_specific,4.59248614414884,-0.49924422265194046,0.5932409139655367,0.686318407960199,0.39104534114120565,,review_input_only_not_adoption_decision,rule_first_selector_must_not_feed_runtime_ranking_reports_backtests_trading_or_auto_adoption,production_activation_requires_later_root_approved_gate
v0_3_rule_first_selector_0_1,rule_first_selector_20260508_124555,sc:ecard:6b18e3c91e477c6c5d97,v0.3.0,,,,false,metric_summary_missing_or_unavailable,excluded,missing_candidate_level_evidence,blocked,hard_gate_not_passed,,,,blocked_no_candidate_level_evidence,,not_ranked,,,,,,,,,review_input_only_not_adoption_decision,rule_first_selector_must_not_feed_runtime_ranking_reports_backtests_trading_or_auto_adoption,production_activation_requires_later_root_approved_gate
v0_3_rule_first_selector_0_1,rule_first_selector_20260508_124555,sc:ecard:6b518b5cf3ef82feac73,v0.3.0,,,,false,metric_summary_missing_or_unavailable,excluded,missing_candidate_level_evidence,blocked,hard_gate_not_passed,,,,blocked_no_candidate_level_evidence,,not_ranked,,,,,,,,,review_input_only_not_adoption_decision,rule_first_selector_must_not_feed_runtime_ranking_reports_backtests_trading_or_auto_adoption,production_activation_requires_later_root_approved_gate
v0_3_rule_first_selector_0_1,rule_first_selector_20260508_124555,sc:ecard:6b945092552777cd4a04,v0.3.0,,,,false,metric_summary_missing_or_unavailable,excluded,missing_candidate_level_evidence,blocked,hard_gate_not_passed,,,,blocked_no_candidate_level_evidence,,not_ranked,,,,,,,,,review_input_only_not_adoption_decision,rule_first_selector_must_not_feed_runtime_ranking_reports_backtests_trading_or_auto_adoption,production_activation_requires_later_root_approved_gate
v0_3_rule_first_selector_0_1,rule_first_selector_20260508_124555,sc:ecard:6b9bf75b3fc8e1590649,v0.3.0,,,,false,metric_summary_missing_or_unavailable,excluded,missing_candidate_level_evidence,blocked,hard_gate_not_passed,,,,blocked_no_candidate_level_evidence,,not_ranked,,,,,,,,,review_input_only_not_adoption_decision,rule_first_selector_must_not_feed_runtime_ranking_reports_backtests_trading_or_auto_adoption,production_activation_requires_later_root_approved_gate
v0_3_rule_first_selector_0_1,rule_first_selector_20260508_124555,sc:ecard:6bce063efe1be4c5a451,v0.3.0,,,,false,metric_summary_missing_or_unavailable,excluded,missing_candidate_level_evidence,blocked,hard_gate_not_passed,,,,blocked_no_candidate_level_evidence,,not_ranked,,,,,,,,,review_input_only_not_adoption_decision,rule_first_selector_must_not_feed_runtime_ranking_reports_backtests_trading_or_auto_adoption,production_activation_requires_later_root_approved_gate
v0_3_rule_first_selector_0_1,rule_first_selector_20260508_124555,sc:ecard:6c5e1401420149582887,v0.3.0,,,,false,metric_summary_missing_or_unavailable,excluded,missing_candidate_level_evidence,blocked,hard_gate_not_passed,,,,blocked_no_candidate_level_evidence,,not_ranked,,,,,,,,,review_input_only_not_adoption_decision,rule_first_selector_must_not_feed_runtime_ranking_reports_backtests_trading_or_auto_adoption,production_activation_requires_later_root_approved_gate
v0_3_rule_first_selector_0_1,rule_first_selector_20260508_124555,sc:ecard:6cfff5947b3117d829ac,v0.3.0,,,,false,metric_summary_missing_or_unavailable,excluded,missing_candidate_level_evidence,blocked,hard_gate_not_passed,,,,blocked_no_candidate_level_evidence,,not_ranked,,,,,,,,,review_input_only_not_adoption_decision,rule_first_selector_must_not_feed_runtime_ranking_reports_backtests_trading_or_auto_adoption,production_activation_requires_later_root_approved_gate
v0_3_rule_first_selector_0_1,rule_first_selector_20260508_124555,sc:ecard:6d187d9bbf1dd7aa1798,v0.3.0,,,,false,metric_summary_missing_or_unavailable,excluded,missing_candidate_level_evidence,blocked,hard_gate_not_passed,,,,blocked_no_candidate_level_evidence,,not_ranked,,,,,,,,,review_input_only_not_adoption_decision,rule_first_selector_must_not_feed_runtime_ranking_reports_backtests_trading_or_auto_adoption,production_activation_requires_later_root_approved_gate
v0_3_rule_first_selector_0_1,rule_first_selector_20260508_124555,sc:ecard:6dc0fa6d804bb3e0bb3e,v0.3.0,,,,false,metric_summary_missing_or_unavailable,excluded,missing_candidate_level_evidence,blocked,hard_gate_not_passed,,,,blocked_no_candidate_level_evidence,,not_ranked,,,,,,,,,review_input_only_not_adoption_decision,rule_first_selector_must_not_feed_runtime_ranking_reports_backtests_trading_or_auto_adoption,production_activation_requires_later_root_approved_gate
v0_3_rule_first_selector_0_1,rule_first_selector_20260508_124555,sc:ecard:6e08b48020f5bcc4e43a,v0.3.0,,,,false,metric_summary_missing_or_unavailable,excluded,missing_candidate_level_evidence,blocked,hard_gate_not_passed,,,,blocked_no_candidate_level_evidence,,not_ranked,,,,,,,,,review_input_only_not_adoption_decision,rule_first_selector_must_not_feed_runtime_ranking_reports_backtests_trading_or_auto_adoption,production_activation_requires_later_root_approved_gate
v0_3_rule_first_selector_0_1,rule_first_selector_20260508_124555,sc:ecard:6e37311a6b42df0a1de7,v0.3.0,,,,false,metric_summary_missing_or_unavailable,excluded,missing_candidate_level_evidence,blocked,hard_gate_not_passed,,,,blocked_no_candidate_level_evidence,,not_ranked,,,,,,,,,review_input_only_not_adoption_decision,rule_first_selector_must_not_feed_runtime_ranking_reports_backtests_trading_or_auto_adoption,production_activation_requires_later_root_approved_gate
v0_3_rule_first_selector_0_1,rule_first_selector_20260508_124555,sc:ecard:6e8380f934e50e41874e,v0.3.0,,,,false,metric_summary_missing_or_unavailable,excluded,missing_candidate_level_evidence,blocked,hard_gate_not_passed,,,,blocked_no_candidate_level_evidence,,not_ranked,,,,,,,,,review_input_only_not_adoption_decision,rule_first_selector_must_not_feed_runtime_ranking_reports_backtests_trading_or_auto_adoption,production_activation_requires_later_root_approved_gate
v0_3_rule_first_selector_0_1,rule_first_selector_20260508_124555,sc:ecard:6f12ee942ada9775314a,v0.3.0,,,,false,metric_summary_missing_or_unavailable,excluded,missing_candidate_level_evidence,blocked,hard_gate_not_passed,,,,blocked_no_candidate_level_evidence,,not_ranked,,,,,,,,,review_input_only_not_adoption_decision,rule_first_selector_must_not_feed_runtime_ranking_reports_backtests_trading_or_auto_adoption,production_activation_requires_later_root_approved_gate
v0_3_rule_first_selector_0_1,rule_first_selector_20260508_124555,sc:ecard:70a15fc68d130f02dd6f,v0.3.0,,,,false,metric_summary_missing_or_unavailable,excluded,missing_candidate_level_evidence,blocked,hard_gate_not_passed,,,,blocked_no_candidate_level_evidence,,not_ranked,,,,,,,,,review_input_only_not_adoption_decision,rule_first_selector_must_not_feed_runtime_ranking_reports_backtests_trading_or_auto_adoption,production_activation_requires_later_root_approved_gate
v0_3_rule_first_selector_0_1,rule_first_selector_20260508_124555,sc:ecard:70bc748a8635cc32194b,v0.3.0,,,,false,metric_summary_missing_or_unavailable,excluded,missing_candidate_level_evidence,blocked,hard_gate_not_passed,,,,blocked_no_candidate_level_evidence,,not_ranked,,,,,,,,,review_input_only_not_adoption_decision,rule_first_selector_must_not_feed_runtime_ranking_reports_backtests_trading_or_auto_adoption,production_activation_requires_later_root_approved_gate
v0_3_rule_first_selector_0_1,rule_first_selector_20260508_124555,sc:ecard:720418f3be28007ddfe3,v0.3.0,,,,false,metric_summary_missing_or_unavailable,excluded,missing_candidate_level_evidence,blocked,hard_gate_not_passed,,,,blocked_no_candidate_level_evidence,,not_ranked,,,,,,,,,review_input_only_not_adoption_decision,rule_first_selector_must_not_feed_runtime_ranking_reports_backtests_trading_or_auto_adoption,production_activation_requires_later_root_approved_gate
v0_3_rule_first_selector_0_1,rule_first_selector_20260508_124555,sc:ecard:728a1c04ee2d6d6bdf23,v0.3.0,,,,false,metric_summary_missing_or_unavailable,excluded,missing_candidate_level_evidence,blocked,hard_gate_not_passed,,,,blocked_no_candidate_level_evidence,,not_ranked,,,,,,,,,review_input_only_not_adoption_decision,rule_first_selector_must_not_feed_runtime_ranking_reports_backtests_trading_or_auto_adoption,production_activation_requires_later_root_approved_gate
v0_3_rule_first_selector_0_1,rule_first_selector_20260508_124555,sc:ecard:72b25e793091bd43a3da,v0.3.0,ee_v0_3_20260506_sc_ecard_72b25e793091bd43a3da,strategy_candidate,sc:ecard:72b25e793091bd43a3da,true,candidate_id_matches_candidate_level_evaluation_evidence,pass,passed_hard_exclusion,pass,passed_minimum_evidence_gate,58.671009,,58.671009,rule_only,38,reviewable_candidate,approved_evaluation_evidence,candidate_specific,0.9478898686276229,-0.6092164024086726,0.35818175172278915,0.8618159203980099,0.2968075686560764,,review_input_only_not_adoption_decision,rule_first_selector_must_not_feed_runtime_ranking_reports_backtests_trading_or_auto_adoption,production_activation_requires_later_root_approved_gate
v0_3_rule_first_selector_0_1,rule_first_selector_20260508_124555,sc:ecard:72e5b76e82bb0103ade8,v0.3.0,,,,false,metric_summary_missing_or_unavailable,excluded,missing_candidate_level_evidence,blocked,hard_gate_not_passed,,,,blocked_no_candidate_level_evidence,,not_ranked,,,,,,,,,review_input_only_not_adoption_decision,rule_first_selector_must_not_feed_runtime_ranking_reports_backtests_trading_or_auto_adoption,production_activation_requires_later_root_approved_gate
v0_3_rule_first_selector_0_1,rule_first_selector_20260508_124555,sc:ecard:7311345b53117b266265,v0.3.0,,,,false,metric_summary_missing_or_unavailable,excluded,missing_candidate_level_evidence,blocked,hard_gate_not_passed,,,,blocked_no_candidate_level_evidence,,not_ranked,,,,,,,,,review_input_only_not_adoption_decision,rule_first_selector_must_not_feed_runtime_ranking_reports_backtests_trading_or_auto_adoption,production_activation_requires_later_root_approved_gate
v0_3_rule_first_selector_0_1,rule_first_selector_20260508_124555,sc:ecard:73585afd70d220809c31,v0.3.0,,,,false,metric_summary_missing_or_unavailable,excluded,missing_candidate_level_evidence,blocked,hard_gate_not_passed,,,,blocked_no_candidate_level_evidence,,not_ranked,,,,,,,,,review_input_only_not_adoption_decision,rule_first_selector_must_not_feed_runtime_ranking_reports_backtests_trading_or_auto_adoption,production_activation_requires_later_root_approved_gate
v0_3_rule_first_selector_0_1,rule_first_selector_20260508_124555,sc:ecard:735c074604b4a4ef7647,v0.3.0,,,,false,metric_summary_missing_or_unavailable,excluded,missing_candidate_level_evidence,blocked,hard_gate_not_passed,,,,blocked_no_candidate_level_evidence,,not_ranked,,,,,,,,,review_input_only_not_adoption_decision,rule_first_selector_must_not_feed_runtime_ranking_reports_backtests_trading_or_auto_adoption,production_activation_requires_later_root_approved_gate
v0_3_rule_first_selector_0_1,rule_first_selector_20260508_124555,sc:ecard:73b6a8ad7257f8de6798,v0.3.0,,,,false,metric_summary_missing_or_unavailable,excluded,missing_candidate_level_evidence,blocked,hard_gate_not_passed,,,,blocked_no_candidate_level_evidence,,not_ranked,,,,,,,,,review_input_only_not_adoption_decision,rule_first_selector_must_not_feed_runtime_ranking_reports_backtests_trading_or_auto_adoption,production_activation_requires_later_root_approved_gate
v0_3_rule_first_selector_0_1,rule_first_selector_20260508_124555,sc:ecard:7571fb23754d4b8da4dc,v0.3.0,,,,false,metric_summary_missing_or_unavailable,excluded,missing_candidate_level_evidence,blocked,hard_gate_not_passed,,,,blocked_no_candidate_level_evidence,,not_ranked,,,,,,,,,review_input_only_not_adoption_decision,rule_first_selector_must_not_feed_runtime_ranking_reports_backtests_trading_or_auto_adoption,production_activation_requires_later_root_approved_gate
v0_3_rule_first_selector_0_1,rule_first_selector_20260508_124555,sc:ecard:763690a9f7ff9ba1bdec,v0.3.0,,,,false,metric_summary_missing_or_unavailable,excluded,missing_candidate_level_evidence,blocked,hard_gate_not_passed,,,,blocked_no_candidate_level_evidence,,not_ranked,,,,,,,,,review_input_only_not_adoption_decision,rule_first_selector_must_not_feed_runtime_ranking_reports_backtests_trading_or_auto_adoption,production_activation_requires_later_root_approved_gate
v0_3_rule_first_selector_0_1,rule_first_selector_20260508_124555,sc:ecard:766854429b175de4d236,v0.3.0,,,,false,metric_summary_missing_or_unavailable,excluded,missing_candidate_level_evidence,blocked,hard_gate_not_passed,,,,blocked_no_candidate_level_evidence,,not_ranked,,,,,,,,,review_input_only_not_adoption_decision,rule_first_selector_must_not_feed_runtime_ranking_reports_backtests_trading_or_auto_adoption,production_activation_requires_later_root_approved_gate
v0_3_rule_first_selector_0_1,rule_first_selector_20260508_124555,sc:ecard:76bfe05098ce3dd93cf8,v0.3.0,ee_v0_3_20260506_sc_ecard_76bfe05098ce3dd93cf8,strategy_candidate,sc:ecard:76bfe05098ce3dd93cf8,true,candidate_id_matches_candidate_level_evaluation_evidence,pass,passed_hard_exclusion,pass,passed_minimum_evidence_gate,60.641751,,60.641751,rule_only,10,top_review_candidate,approved_evaluation_evidence,candidate_specific,4.59248614414884,-0.49924422265194046,0.5932409139655367,0.686318407960199,0.39104534114120565,,review_input_only_not_adoption_decision,rule_first_selector_must_not_feed_runtime_ranking_reports_backtests_trading_or_auto_adoption,production_activation_requires_later_root_approved_gate
v0_3_rule_first_selector_0_1,rule_first_selector_20260508_124555,sc:ecard:76d83789c7a9e7ed7c5d,v0.3.0,,,,false,metric_summary_missing_or_unavailable,excluded,missing_candidate_level_evidence,blocked,hard_gate_not_passed,,,,blocked_no_candidate_level_evidence,,not_ranked,,,,,,,,,review_input_only_not_adoption_decision,rule_first_selector_must_not_feed_runtime_ranking_reports_backtests_trading_or_auto_adoption,production_activation_requires_later_root_approved_gate
v0_3_rule_first_selector_0_1,rule_first_selector_20260508_124555,sc:ecard:77113a389567c866ac6d,v0.3.0,,,,false,metric_summary_missing_or_unavailable,excluded,missing_candidate_level_evidence,blocked,hard_gate_not_passed,,,,blocked_no_candidate_level_evidence,,not_ranked,,,,,,,,,review_input_only_not_adoption_decision,rule_first_selector_must_not_feed_runtime_ranking_reports_backtests_trading_or_auto_adoption,production_activation_requires_later_root_approved_gate
v0_3_rule_first_selector_0_1,rule_first_selector_20260508_124555,sc:ecard:77963a23b1712c35aade,v0.3.0,,,,false,metric_summary_missing_or_unavailable,excluded,missing_candidate_level_evidence,blocked,hard_gate_not_passed,,,,blocked_no_candidate_level_evidence,,not_ranked,,,,,,,,,review_input_only_not_adoption_decision,rule_first_selector_must_not_feed_runtime_ranking_reports_backtests_trading_or_auto_adoption,production_activation_requires_later_root_approved_gate
v0_3_rule_first_selector_0_1,rule_first_selector_20260508_124555,sc:ecard:7798609103933be3c7b4,v0.3.0,,,,false,metric_summary_missing_or_unavailable,excluded,missing_candidate_level_evidence,blocked,hard_gate_not_passed,,,,blocked_no_candidate_level_evidence,,not_ranked,,,,,,,,,review_input_only_not_adoption_decision,rule_first_selector_must_not_feed_runtime_ranking_reports_backtests_trading_or_auto_adoption,production_activation_requires_later_root_approved_gate
v0_3_rule_first_selector_0_1,rule_first_selector_20260508_124555,sc:ecard:779e0fd37a388ff5fbc5,v0.3.0,,,,false,metric_summary_missing_or_unavailable,excluded,missing_candidate_level_evidence,blocked,hard_gate_not_passed,,,,blocked_no_candidate_level_evidence,,not_ranked,,,,,,,,,review_input_only_not_adoption_decision,rule_first_selector_must_not_feed_runtime_ranking_reports_backtests_trading_or_auto_adoption,production_activation_requires_later_root_approved_gate
v0_3_rule_first_selector_0_1,rule_first_selector_20260508_124555,sc:ecard:794112ac90687d0a7cf4,v0.3.0,,,,false,metric_summary_missing_or_unavailable,excluded,missing_candidate_level_evidence,blocked,hard_gate_not_passed,,,,blocked_no_candidate_level_evidence,,not_ranked,,,,,,,,,review_input_only_not_adoption_decision,rule_first_selector_must_not_feed_runtime_ranking_reports_backtests_trading_or_auto_adoption,production_activation_requires_later_root_approved_gate
v0_3_rule_first_selector_0_1,rule_first_selector_20260508_124555,sc:ecard:798691f374e22d436694,v0.3.0,,,,false,metric_summary_missing_or_unavailable,excluded,missing_candidate_level_evidence,blocked,hard_gate_not_passed,,,,blocked_no_candidate_level_evidence,,not_ranked,,,,,,,,,review_input_only_not_adoption_decision,rule_first_selector_must_not_feed_runtime_ranking_reports_backtests_trading_or_auto_adoption,production_activation_requires_later_root_approved_gate
v0_3_rule_first_selector_0_1,rule_first_selector_20260508_124555,sc:ecard:7987fd1f64086adc122e,v0.3.0,,,,false,metric_summary_missing_or_unavailable,excluded,missing_candidate_level_evidence,blocked,hard_gate_not_passed,,,,blocked_no_candidate_level_evidence,,not_ranked,,,,,,,,,review_input_only_not_adoption_decision,rule_first_selector_must_not_feed_runtime_ranking_reports_backtests_trading_or_auto_adoption,production_activation_requires_later_root_approved_gate
v0_3_rule_first_selector_0_1,rule_first_selector_20260508_124555,sc:ecard:79df0b8ff42e78258dde,v0.3.0,,,,false,metric_summary_missing_or_unavailable,excluded,missing_candidate_level_evidence,blocked,hard_gate_not_passed,,,,blocked_no_candidate_level_evidence,,not_ranked,,,,,,,,,review_input_only_not_adoption_decision,rule_first_selector_must_not_feed_runtime_ranking_reports_backtests_trading_or_auto_adoption,production_activation_requires_later_root_approved_gate
v0_3_rule_first_selector_0_1,rule_first_selector_20260508_124555,sc:ecard:7af7459800529b9a12e1,v0.3.0,,,,false,metric_summary_missing_or_unavailable,excluded,missing_candidate_level_evidence,blocked,hard_gate_not_passed,,,,blocked_no_candidate_level_evidence,,not_ranked,,,,,,,,,review_input_only_not_adoption_decision,rule_first_selector_must_not_feed_runtime_ranking_reports_backtests_trading_or_auto_adoption,production_activation_requires_later_root_approved_gate
v0_3_rule_first_selector_0_1,rule_first_selector_20260508_124555,sc:ecard:7baa4ff1b55d48d146b5,v0.3.0,,,,false,metric_summary_missing_or_unavailable,excluded,missing_candidate_level_evidence,blocked,hard_gate_not_passed,,,,blocked_no_candidate_level_evidence,,not_ranked,,,,,,,,,review_input_only_not_adoption_decision,rule_first_selector_must_not_feed_runtime_ranking_reports_backtests_trading_or_auto_adoption,production_activation_requires_later_root_approved_gate
v0_3_rule_first_selector_0_1,rule_first_selector_20260508_124555,sc:ecard:7c607e3bd3fe2ff2feea,v0.3.0,,,,false,metric_summary_missing_or_unavailable,excluded,missing_candidate_level_evidence,blocked,hard_gate_not_passed,,,,blocked_no_candidate_level_evidence,,not_ranked,,,,,,,,,review_input_only_not_adoption_decision,rule_first_selector_must_not_feed_runtime_ranking_reports_backtests_trading_or_auto_adoption,production_activation_requires_later_root_approved_gate
v0_3_rule_first_selector_0_1,rule_first_selector_20260508_124555,sc:ecard:7cafe552845b4d3a6e41,v0.3.0,,,,false,metric_summary_missing_or_unavailable,excluded,missing_candidate_level_evidence,blocked,hard_gate_not_passed,,,,blocked_no_candidate_level_evidence,,not_ranked,,,,,,,,,review_input_only_not_adoption_decision,rule_first_selector_must_not_feed_runtime_ranking_reports_backtests_trading_or_auto_adoption,production_activation_requires_later_root_approved_gate
v0_3_rule_first_selector_0_1,rule_first_selector_20260508_124555,sc:ecard:7d1e3d662bd3f3b26c42,v0.3.0,,,,false,metric_summary_missing_or_unavailable,excluded,missing_candidate_level_evidence,blocked,hard_gate_not_passed,,,,blocked_no_candidate_level_evidence,,not_ranked,,,,,,,,,review_input_only_not_adoption_decision,rule_first_selector_must_not_feed_runtime_ranking_reports_backtests_trading_or_auto_adoption,production_activation_requires_later_root_approved_gate
v0_3_rule_first_selector_0_1,rule_first_selector_20260508_124555,sc:ecard:7d3a91e15b0700e5d66f,v0.3.0,,,,false,metric_summary_missing_or_unavailable,excluded,missing_candidate_level_evidence,blocked,hard_gate_not_passed,,,,blocked_no_candidate_level_evidence,,not_ranked,,,,,,,,,review_input_only_not_adoption_decision,rule_first_selector_must_not_feed_runtime_ranking_reports_backtests_trading_or_auto_adoption,production_activation_requires_later_root_approved_gate
v0_3_rule_first_selector_0_1,rule_first_selector_20260508_124555,sc:ecard:7df38f77acf30d5a6f7e,v0.3.0,,,,false,metric_summary_missing_or_unavailable,excluded,missing_candidate_level_evidence,blocked,hard_gate_not_passed,,,,blocked_no_candidate_level_evidence,,not_ranked,,,,,,,,,review_input_only_not_adoption_decision,rule_first_selector_must_not_feed_runtime_ranking_reports_backtests_trading_or_auto_adoption,production_activation_requires_later_root_approved_gate
v0_3_rule_first_selector_0_1,rule_first_selector_20260508_124555,sc:ecard:7e503b052761a39e178d,v0.3.0,,,,false,metric_summary_missing_or_unavailable,excluded,missing_candidate_level_evidence,blocked,hard_gate_not_passed,,,,blocked_no_candidate_level_evidence,,not_ranked,,,,,,,,,review_input_only_not_adoption_decision,rule_first_selector_must_not_feed_runtime_ranking_reports_backtests_trading_or_auto_adoption,production_activation_requires_later_root_approved_gate
v0_3_rule_first_selector_0_1,rule_first_selector_20260508_124555,sc:ecard:7eacf8a35ca049075bda,v0.3.0,ee_v0_3_20260506_sc_ecard_7eacf8a35ca049075bda,strategy_candidate,sc:ecard:7eacf8a35ca049075bda,true,candidate_id_matches_candidate_level_evaluation_evidence,pass,passed_hard_exclusion,pass,passed_minimum_evidence_gate,60.641751,,60.641751,rule_only,11,secondary_review_candidate,approved_evaluation_evidence,candidate_specific,4.59248614414884,-0.49924422265194046,0.5932409139655367,0.686318407960199,0.39104534114120565,,review_input_only_not_adoption_decision,rule_first_selector_must_not_feed_runtime_ranking_reports_backtests_trading_or_auto_adoption,production_activation_requires_later_root_approved_gate
v0_3_rule_first_selector_0_1,rule_first_selector_20260508_124555,sc:ecard:7ef5f08c03e3200137c4,v0.3.0,,,,false,metric_summary_missing_or_unavailable,excluded,missing_candidate_level_evidence,blocked,hard_gate_not_passed,,,,blocked_no_candidate_level_evidence,,not_ranked,,,,,,,,,review_input_only_not_adoption_decision,rule_first_selector_must_not_feed_runtime_ranking_reports_backtests_trading_or_auto_adoption,production_activation_requires_later_root_approved_gate
v0_3_rule_first_selector_0_1,rule_first_selector_20260508_124555,sc:ecard:7f51fabbb7934e6e1752,v0.3.0,,,,false,metric_summary_missing_or_unavailable,excluded,missing_candidate_level_evidence,blocked,hard_gate_not_passed,,,,blocked_no_candidate_level_evidence,,not_ranked,,,,,,,,,review_input_only_not_adoption_decision,rule_first_selector_must_not_feed_runtime_ranking_reports_backtests_trading_or_auto_adoption,production_activation_requires_later_root_approved_gate
v0_3_rule_first_selector_0_1,rule_first_selector_20260508_124555,sc:ecard:7f8f63e0b7f6b3515a1f,v0.3.0,,,,false,metric_summary_missing_or_unavailable,excluded,missing_candidate_level_evidence,blocked,hard_gate_not_passed,,,,blocked_no_candidate_level_evidence,,not_ranked,,,,,,,,,review_input_only_not_adoption_decision,rule_first_selector_must_not_feed_runtime_ranking_reports_backtests_trading_or_auto_adoption,production_activation_requires_later_root_approved_gate
v0_3_rule_first_selector_0_1,rule_first_selector_20260508_124555,sc:ecard:804c33f44268262857cd,v0.3.0,ee_v0_3_20260506_sc_ecard_804c33f44268262857cd,strategy_candidate,sc:ecard:804c33f44268262857cd,true,candidate_id_matches_candidate_level_evaluation_evidence,pass,passed_hard_exclusion,pass,passed_minimum_evidence_gate,58.671009,,58.671009,rule_only,39,reviewable_candidate,approved_evaluation_evidence,candidate_specific,0.9478898686276229,-0.6092164024086726,0.35818175172278915,0.8618159203980099,0.2968075686560764,,review_input_only_not_adoption_decision,rule_first_selector_must_not_feed_runtime_ranking_reports_backtests_trading_or_auto_adoption,production_activation_requires_later_root_approved_gate
v0_3_rule_first_selector_0_1,rule_first_selector_20260508_124555,sc:ecard:8068c6af8ec6cb223d42,v0.3.0,,,,false,metric_summary_missing_or_unavailable,excluded,missing_candidate_level_evidence,blocked,hard_gate_not_passed,,,,blocked_no_candidate_level_evidence,,not_ranked,,,,,,,,,review_input_only_not_adoption_decision,rule_first_selector_must_not_feed_runtime_ranking_reports_backtests_trading_or_auto_adoption,production_activation_requires_later_root_approved_gate
v0_3_rule_first_selector_0_1,rule_first_selector_20260508_124555,sc:ecard:8093c904c2a76542b301,v0.3.0,,,,false,metric_summary_missing_or_unavailable,excluded,missing_candidate_level_evidence,blocked,hard_gate_not_passed,,,,blocked_no_candidate_level_evidence,,not_ranked,,,,,,,,,review_input_only_not_adoption_decision,rule_first_selector_must_not_feed_runtime_ranking_reports_backtests_trading_or_auto_adoption,production_activation_requires_later_root_approved_gate
v0_3_rule_first_selector_0_1,rule_first_selector_20260508_124555,sc:ecard:80ed752510c42cad019c,v0.3.0,,,,false,metric_summary_missing_or_unavailable,excluded,missing_candidate_level_evidence,blocked,hard_gate_not_passed,,,,blocked_no_candidate_level_evidence,,not_ranked,,,,,,,,,review_input_only_not_adoption_decision,rule_first_selector_must_not_feed_runtime_ranking_reports_backtests_trading_or_auto_adoption,production_activation_requires_later_root_approved_gate
v0_3_rule_first_selector_0_1,rule_first_selector_20260508_124555,sc:ecard:81690cf6a0f38863363d,v0.3.0,,,,false,metric_summary_missing_or_unavailable,excluded,missing_candidate_level_evidence,blocked,hard_gate_not_passed,,,,blocked_no_candidate_level_evidence,,not_ranked,,,,,,,,,review_input_only_not_adoption_decision,rule_first_selector_must_not_feed_runtime_ranking_reports_backtests_trading_or_auto_adoption,production_activation_requires_later_root_approved_gate
v0_3_rule_first_selector_0_1,rule_first_selector_20260508_124555,sc:ecard:818d2ce145ade662c21a,v0.3.0,,,,false,metric_summary_missing_or_unavailable,excluded,missing_candidate_level_evidence,blocked,hard_gate_not_passed,,,,blocked_no_candidate_level_evidence,,not_ranked,,,,,,,,,review_input_only_not_adoption_decision,rule_first_selector_must_not_feed_runtime_ranking_reports_backtests_trading_or_auto_adoption,production_activation_requires_later_root_approved_gate
v0_3_rule_first_selector_0_1,rule_first_selector_20260508_124555,sc:ecard:81b83a3d83e4e0c71362,v0.3.0,,,,false,metric_summary_missing_or_unavailable,excluded,missing_candidate_level_evidence,blocked,hard_gate_not_passed,,,,blocked_no_candidate_level_evidence,,not_ranked,,,,,,,,,review_input_only_not_adoption_decision,rule_first_selector_must_not_feed_runtime_ranking_reports_backtests_trading_or_auto_adoption,production_activation_requires_later_root_approved_gate
v0_3_rule_first_selector_0_1,rule_first_selector_20260508_124555,sc:ecard:81c258f4bb5c5afc8615,v0.3.0,,,,false,metric_summary_missing_or_unavailable,excluded,missing_candidate_level_evidence,blocked,hard_gate_not_passed,,,,blocked_no_candidate_level_evidence,,not_ranked,,,,,,,,,review_input_only_not_adoption_decision,rule_first_selector_must_not_feed_runtime_ranking_reports_backtests_trading_or_auto_adoption,production_activation_requires_later_root_approved_gate
v0_3_rule_first_selector_0_1,rule_first_selector_20260508_124555,sc:ecard:81c6f39d239cbda9daf7,v0.3.0,,,,false,metric_summary_missing_or_unavailable,excluded,missing_candidate_level_evidence,blocked,hard_gate_not_passed,,,,blocked_no_candidate_level_evidence,,not_ranked,,,,,,,,,review_input_only_not_adoption_decision,rule_first_selector_must_not_feed_runtime_ranking_reports_backtests_trading_or_auto_adoption,production_activation_requires_later_root_approved_gate
v0_3_rule_first_selector_0_1,rule_first_selector_20260508_124555,sc:ecard:8302a9e22ca4a8c24cd8,v0.3.0,,,,false,metric_summary_missing_or_unavailable,excluded,missing_candidate_level_evidence,blocked,hard_gate_not_passed,,,,blocked_no_candidate_level_evidence,,not_ranked,,,,,,,,,review_input_only_not_adoption_decision,rule_first_selector_must_not_feed_runtime_ranking_reports_backtests_trading_or_auto_adoption,production_activation_requires_later_root_approved_gate
v0_3_rule_first_selector_0_1,rule_first_selector_20260508_124555,sc:ecard:837088479f3620ef8058,v0.3.0,,,,false,metric_summary_missing_or_unavailable,excluded,missing_candidate_level_evidence,blocked,hard_gate_not_passed,,,,blocked_no_candidate_level_evidence,,not_ranked,,,,,,,,,review_input_only_not_adoption_decision,rule_first_selector_must_not_feed_runtime_ranking_reports_backtests_trading_or_auto_adoption,production_activation_requires_later_root_approved_gate
v0_3_rule_first_selector_0_1,rule_first_selector_20260508_124555,sc:ecard:842fa164f624ff534f33,v0.3.0,,,,false,metric_summary_missing_or_unavailable,excluded,missing_candidate_level_evidence,blocked,hard_gate_not_passed,,,,blocked_no_candidate_level_evidence,,not_ranked,,,,,,,,,review_input_only_not_adoption_decision,rule_first_selector_must_not_feed_runtime_ranking_reports_backtests_trading_or_auto_adoption,production_activation_requires_later_root_approved_gate
v0_3_rule_first_selector_0_1,rule_first_selector_20260508_124555,sc:ecard:84d9b215e84deb8c1efa,v0.3.0,,,,false,metric_summary_missing_or_unavailable,excluded,missing_candidate_level_evidence,blocked,hard_gate_not_passed,,,,blocked_no_candidate_level_evidence,,not_ranked,,,,,,,,,review_input_only_not_adoption_decision,rule_first_selector_must_not_feed_runtime_ranking_reports_backtests_trading_or_auto_adoption,production_activation_requires_later_root_approved_gate
v0_3_rule_first_selector_0_1,rule_first_selector_20260508_124555,sc:ecard:8530fbc96de367a86cf1,v0.3.0,ee_v0_3_20260506_sc_ecard_8530fbc96de367a86cf1,strategy_candidate,sc:ecard:8530fbc96de367a86cf1,true,candidate_id_matches_candidate_level_evaluation_evidence,pass,passed_hard_exclusion,pass,passed_minimum_evidence_gate,58.671009,,58.671009,rule_only,40,reviewable_candidate,approved_evaluation_evidence,candidate_specific,0.9478898686276229,-0.6092164024086726,0.35818175172278915,0.8618159203980099,0.2968075686560764,,review_input_only_not_adoption_decision,rule_first_selector_must_not_feed_runtime_ranking_reports_backtests_trading_or_auto_adoption,production_activation_requires_later_root_approved_gate
v0_3_rule_first_selector_0_1,rule_first_selector_20260508_124555,sc:ecard:854f00d2aeed040417ab,v0.3.0,,,,false,metric_summary_missing_or_unavailable,excluded,missing_candidate_level_evidence,blocked,hard_gate_not_passed,,,,blocked_no_candidate_level_evidence,,not_ranked,,,,,,,,,review_input_only_not_adoption_decision,rule_first_selector_must_not_feed_runtime_ranking_reports_backtests_trading_or_auto_adoption,production_activation_requires_later_root_approved_gate
v0_3_rule_first_selector_0_1,rule_first_selector_20260508_124555,sc:ecard:857b444f9c11099c7871,v0.3.0,,,,false,metric_summary_missing_or_unavailable,excluded,missing_candidate_level_evidence,blocked,hard_gate_not_passed,,,,blocked_no_candidate_level_evidence,,not_ranked,,,,,,,,,review_input_only_not_adoption_decision,rule_first_selector_must_not_feed_runtime_ranking_reports_backtests_trading_or_auto_adoption,production_activation_requires_later_root_approved_gate
v0_3_rule_first_selector_0_1,rule_first_selector_20260508_124555,sc:ecard:858f2fed6218c06aad52,v0.3.0,,,,false,metric_summary_missing_or_unavailable,excluded,missing_candidate_level_evidence,blocked,hard_gate_not_passed,,,,blocked_no_candidate_level_evidence,,not_ranked,,,,,,,,,review_input_only_not_adoption_decision,rule_first_selector_must_not_feed_runtime_ranking_reports_backtests_trading_or_auto_adoption,production_activation_requires_later_root_approved_gate
v0_3_rule_first_selector_0_1,rule_first_selector_20260508_124555,sc:ecard:85fafb595ee573d25b2b,v0.3.0,,,,false,metric_summary_missing_or_unavailable,excluded,missing_candidate_level_evidence,blocked,hard_gate_not_passed,,,,blocked_no_candidate_level_evidence,,not_ranked,,,,,,,,,review_input_only_not_adoption_decision,rule_first_selector_must_not_feed_runtime_ranking_reports_backtests_trading_or_auto_adoption,production_activation_requires_later_root_approved_gate
v0_3_rule_first_selector_0_1,rule_first_selector_20260508_124555,sc:ecard:86209d144d7bedc11de6,v0.3.0,,,,false,metric_summary_missing_or_unavailable,excluded,missing_candidate_level_evidence,blocked,hard_gate_not_passed,,,,blocked_no_candidate_level_evidence,,not_ranked,,,,,,,,,review_input_only_not_adoption_decision,rule_first_selector_must_not_feed_runtime_ranking_reports_backtests_trading_or_auto_adoption,production_activation_requires_later_root_approved_gate
v0_3_rule_first_selector_0_1,rule_first_selector_20260508_124555,sc:ecard:86291900d11facd76ef9,v0.3.0,,,,false,metric_summary_missing_or_unavailable,excluded,missing_candidate_level_evidence,blocked,hard_gate_not_passed,,,,blocked_no_candidate_level_evidence,,not_ranked,,,,,,,,,review_input_only_not_adoption_decision,rule_first_selector_must_not_feed_runtime_ranking_reports_backtests_trading_or_auto_adoption,production_activation_requires_later_root_approved_gate
v0_3_rule_first_selector_0_1,rule_first_selector_20260508_124555,sc:ecard:8635ea1ab6202f1bb58d,v0.3.0,,,,false,metric_summary_missing_or_unavailable,excluded,missing_candidate_level_evidence,blocked,hard_gate_not_passed,,,,blocked_no_candidate_level_evidence,,not_ranked,,,,,,,,,review_input_only_not_adoption_decision,rule_first_selector_must_not_feed_runtime_ranking_reports_backtests_trading_or_auto_adoption,production_activation_requires_later_root_approved_gate
v0_3_rule_first_selector_0_1,rule_first_selector_20260508_124555,sc:ecard:869738f84e2823fbd84c,v0.3.0,,,,false,metric_summary_missing_or_unavailable,excluded,missing_candidate_level_evidence,blocked,hard_gate_not_passed,,,,blocked_no_candidate_level_evidence,,not_ranked,,,,,,,,,review_input_only_not_adoption_decision,rule_first_selector_must_not_feed_runtime_ranking_reports_backtests_trading_or_auto_adoption,production_activation_requires_later_root_approved_gate
v0_3_rule_first_selector_0_1,rule_first_selector_20260508_124555,sc:ecard:86d7f94c4c6c142ee973,v0.3.0,ee_v0_3_20260506_sc_ecard_86d7f94c4c6c142ee973,strategy_candidate,sc:ecard:86d7f94c4c6c142ee973,true,candidate_id_matches_candidate_level_evaluation_evidence,pass,passed_hard_exclusion,pass,passed_minimum_evidence_gate,60.641751,,60.641751,rule_only,12,secondary_review_candidate,approved_evaluation_evidence,candidate_specific,4.59248614414884,-0.49924422265194046,0.5932409139655367,0.686318407960199,0.39104534114120565,,review_input_only_not_adoption_decision,rule_first_selector_must_not_feed_runtime_ranking_reports_backtests_trading_or_auto_adoption,production_activation_requires_later_root_approved_gate
v0_3_rule_first_selector_0_1,rule_first_selector_20260508_124555,sc:ecard:873328ce5a50ae07690f,v0.3.0,,,,false,metric_summary_missing_or_unavailable,excluded,missing_candidate_level_evidence,blocked,hard_gate_not_passed,,,,blocked_no_candidate_level_evidence,,not_ranked,,,,,,,,,review_input_only_not_adoption_decision,rule_first_selector_must_not_feed_runtime_ranking_reports_backtests_trading_or_auto_adoption,production_activation_requires_later_root_approved_gate
v0_3_rule_first_selector_0_1,rule_first_selector_20260508_124555,sc:ecard:874849c476bc77fb2cc4,v0.3.0,,,,false,metric_summary_missing_or_unavailable,excluded,missing_candidate_level_evidence,blocked,hard_gate_not_passed,,,,blocked_no_candidate_level_evidence,,not_ranked,,,,,,,,,review_input_only_not_adoption_decision,rule_first_selector_must_not_feed_runtime_ranking_reports_backtests_trading_or_auto_adoption,production_activation_requires_later_root_approved_gate
v0_3_rule_first_selector_0_1,rule_first_selector_20260508_124555,sc:ecard:879f0712deaf4f995c36,v0.3.0,ee_v0_3_20260506_sc_ecard_879f0712deaf4f995c36,strategy_candidate,sc:ecard:879f0712deaf4f995c36,true,candidate_id_matches_candidate_level_evaluation_evidence,pass,passed_hard_exclusion,pass,passed_minimum_evidence_gate,58.671009,,58.671009,rule_only,41,reviewable_candidate,approved_evaluation_evidence,candidate_specific,0.9478898686276229,-0.6092164024086726,0.35818175172278915,0.8618159203980099,0.2968075686560764,,review_input_only_not_adoption_decision,rule_first_selector_must_not_feed_runtime_ranking_reports_backtests_trading_or_auto_adoption,production_activation_requires_later_root_approved_gate
v0_3_rule_first_selector_0_1,rule_first_selector_20260508_124555,sc:ecard:87d639f8c5b0be9d8805,v0.3.0,,,,false,metric_summary_missing_or_unavailable,excluded,missing_candidate_level_evidence,blocked,hard_gate_not_passed,,,,blocked_no_candidate_level_evidence,,not_ranked,,,,,,,,,review_input_only_not_adoption_decision,rule_first_selector_must_not_feed_runtime_ranking_reports_backtests_trading_or_auto_adoption,production_activation_requires_later_root_approved_gate
v0_3_rule_first_selector_0_1,rule_first_selector_20260508_124555,sc:ecard:886a2ecb7a77c6be450c,v0.3.0,,,,false,metric_summary_missing_or_unavailable,excluded,missing_candidate_level_evidence,blocked,hard_gate_not_passed,,,,blocked_no_candidate_level_evidence,,not_ranked,,,,,,,,,review_input_only_not_adoption_decision,rule_first_selector_must_not_feed_runtime_ranking_reports_backtests_trading_or_auto_adoption,production_activation_requires_later_root_approved_gate
v0_3_rule_first_selector_0_1,rule_first_selector_20260508_124555,sc:ecard:888510c30d7b82b9122b,v0.3.0,,,,false,metric_summary_missing_or_unavailable,excluded,missing_candidate_level_evidence,blocked,hard_gate_not_passed,,,,blocked_no_candidate_level_evidence,,not_ranked,,,,,,,,,review_input_only_not_adoption_decision,rule_first_selector_must_not_feed_runtime_ranking_reports_backtests_trading_or_auto_adoption,production_activation_requires_later_root_approved_gate
v0_3_rule_first_selector_0_1,rule_first_selector_20260508_124555,sc:ecard:888826b22cd22b4fc3de,v0.3.0,,,,false,metric_summary_missing_or_unavailable,excluded,missing_candidate_level_evidence,blocked,hard_gate_not_passed,,,,blocked_no_candidate_level_evidence,,not_ranked,,,,,,,,,review_input_only_not_adoption_decision,rule_first_selector_must_not_feed_runtime_ranking_reports_backtests_trading_or_auto_adoption,production_activation_requires_later_root_approved_gate
v0_3_rule_first_selector_0_1,rule_first_selector_20260508_124555,sc:ecard:88fe7fd9d439020c5925,v0.3.0,,,,false,metric_summary_missing_or_unavailable,excluded,missing_candidate_level_evidence,blocked,hard_gate_not_passed,,,,blocked_no_candidate_level_evidence,,not_ranked,,,,,,,,,review_input_only_not_adoption_decision,rule_first_selector_must_not_feed_runtime_ranking_reports_backtests_trading_or_auto_adoption,production_activation_requires_later_root_approved_gate
v0_3_rule_first_selector_0_1,rule_first_selector_20260508_124555,sc:ecard:896a64f116d59728ae75,v0.3.0,,,,false,metric_summary_missing_or_unavailable,excluded,missing_candidate_level_evidence,blocked,hard_gate_not_passed,,,,blocked_no_candidate_level_evidence,,not_ranked,,,,,,,,,review_input_only_not_adoption_decision,rule_first_selector_must_not_feed_runtime_ranking_reports_backtests_trading_or_auto_adoption,production_activation_requires_later_root_approved_gate
v0_3_rule_first_selector_0_1,rule_first_selector_20260508_124555,sc:ecard:89b2e5cbcf45207a3e8e,v0.3.0,,,,false,metric_summary_missing_or_unavailable,excluded,missing_candidate_level_evidence,blocked,hard_gate_not_passed,,,,blocked_no_candidate_level_evidence,,not_ranked,,,,,,,,,review_input_only_not_adoption_decision,rule_first_selector_must_not_feed_runtime_ranking_reports_backtests_trading_or_auto_adoption,production_activation_requires_later_root_approved_gate
v0_3_rule_first_selector_0_1,rule_first_selector_20260508_124555,sc:ecard:8a0a3e87f7c4cfa61931,v0.3.0,,,,false,metric_summary_missing_or_unavailable,excluded,missing_candidate_level_evidence,blocked,hard_gate_not_passed,,,,blocked_no_candidate_level_evidence,,not_ranked,,,,,,,,,review_input_only_not_adoption_decision,rule_first_selector_must_not_feed_runtime_ranking_reports_backtests_trading_or_auto_adoption,production_activation_requires_later_root_approved_gate
v0_3_rule_first_selector_0_1,rule_first_selector_20260508_124555,sc:ecard:8a6b0954107a301f043d,v0.3.0,,,,false,metric_summary_missing_or_unavailable,excluded,missing_candidate_level_evidence,blocked,hard_gate_not_passed,,,,blocked_no_candidate_level_evidence,,not_ranked,,,,,,,,,review_input_only_not_adoption_decision,rule_first_selector_must_not_feed_runtime_ranking_reports_backtests_trading_or_auto_adoption,production_activation_requires_later_root_approved_gate
v0_3_rule_first_selector_0_1,rule_first_selector_20260508_124555,sc:ecard:8b76d2234b9b6b8ce7f5,v0.3.0,,,,false,metric_summary_missing_or_unavailable,excluded,missing_candidate_level_evidence,blocked,hard_gate_not_passed,,,,blocked_no_candidate_level_evidence,,not_ranked,,,,,,,,,review_input_only_not_adoption_decision,rule_first_selector_must_not_feed_runtime_ranking_reports_backtests_trading_or_auto_adoption,production_activation_requires_later_root_approved_gate
v0_3_rule_first_selector_0_1,rule_first_selector_20260508_124555,sc:ecard:8bea2464ced16a89e36f,v0.3.0,,,,false,metric_summary_missing_or_unavailable,excluded,missing_candidate_level_evidence,blocked,hard_gate_not_passed,,,,blocked_no_candidate_level_evidence,,not_ranked,,,,,,,,,review_input_only_not_adoption_decision,rule_first_selector_must_not_feed_runtime_ranking_reports_backtests_trading_or_auto_adoption,production_activation_requires_later_root_approved_gate
v0_3_rule_first_selector_0_1,rule_first_selector_20260508_124555,sc:ecard:8bf009c5a1c62025984a,v0.3.0,,,,false,metric_summary_missing_or_unavailable,excluded,missing_candidate_level_evidence,blocked,hard_gate_not_passed,,,,blocked_no_candidate_level_evidence,,not_ranked,,,,,,,,,review_input_only_not_adoption_decision,rule_first_selector_must_not_feed_runtime_ranking_reports_backtests_trading_or_auto_adoption,production_activation_requires_later_root_approved_gate
v0_3_rule_first_selector_0_1,rule_first_selector_20260508_124555,sc:ecard:8c2aef57e57f1dd5d6c8,v0.3.0,,,,false,metric_summary_missing_or_unavailable,excluded,missing_candidate_level_evidence,blocked,hard_gate_not_passed,,,,blocked_no_candidate_level_evidence,,not_ranked,,,,,,,,,review_input_only_not_adoption_decision,rule_first_selector_must_not_feed_runtime_ranking_reports_backtests_trading_or_auto_adoption,production_activation_requires_later_root_approved_gate
v0_3_rule_first_selector_0_1,rule_first_selector_20260508_124555,sc:ecard:8c300bfdd648e5e7c17b,v0.3.0,ee_v0_3_20260506_sc_ecard_8c300bfdd648e5e7c17b,strategy_candidate,sc:ecard:8c300bfdd648e5e7c17b,true,candidate_id_matches_candidate_level_evaluation_evidence,pass,passed_hard_exclusion,pass,passed_minimum_evidence_gate,60.641751,,60.641751,rule_only,13,secondary_review_candidate,approved_evaluation_evidence,candidate_specific,4.59248614414884,-0.49924422265194046,0.5932409139655367,0.686318407960199,0.39104534114120565,,review_input_only_not_adoption_decision,rule_first_selector_must_not_feed_runtime_ranking_reports_backtests_trading_or_auto_adoption,production_activation_requires_later_root_approved_gate
v0_3_rule_first_selector_0_1,rule_first_selector_20260508_124555,sc:ecard:8ce75ad1a98432421d90,v0.3.0,,,,false,metric_summary_missing_or_unavailable,excluded,missing_candidate_level_evidence,blocked,hard_gate_not_passed,,,,blocked_no_candidate_level_evidence,,not_ranked,,,,,,,,,review_input_only_not_adoption_decision,rule_first_selector_must_not_feed_runtime_ranking_reports_backtests_trading_or_auto_adoption,production_activation_requires_later_root_approved_gate
v0_3_rule_first_selector_0_1,rule_first_selector_20260508_124555,sc:ecard:8d119571ff3ce04a6b47,v0.3.0,,,,false,metric_summary_missing_or_unavailable,excluded,missing_candidate_level_evidence,blocked,hard_gate_not_passed,,,,blocked_no_candidate_level_evidence,,not_ranked,,,,,,,,,review_input_only_not_adoption_decision,rule_first_selector_must_not_feed_runtime_ranking_reports_backtests_trading_or_auto_adoption,production_activation_requires_later_root_approved_gate
v0_3_rule_first_selector_0_1,rule_first_selector_20260508_124555,sc:ecard:8da6f57835a14479b76a,v0.3.0,,,,false,metric_summary_missing_or_unavailable,excluded,missing_candidate_level_evidence,blocked,hard_gate_not_passed,,,,blocked_no_candidate_level_evidence,,not_ranked,,,,,,,,,review_input_only_not_adoption_decision,rule_first_selector_must_not_feed_runtime_ranking_reports_backtests_trading_or_auto_adoption,production_activation_requires_later_root_approved_gate
v0_3_rule_first_selector_0_1,rule_first_selector_20260508_124555,sc:ecard:8e2e2af4309da86a97e1,v0.3.0,,,,false,metric_summary_missing_or_unavailable,excluded,missing_candidate_level_evidence,blocked,hard_gate_not_passed,,,,blocked_no_candidate_level_evidence,,not_ranked,,,,,,,,,review_input_only_not_adoption_decision,rule_first_selector_must_not_feed_runtime_ranking_reports_backtests_trading_or_auto_adoption,production_activation_requires_later_root_approved_gate
v0_3_rule_first_selector_0_1,rule_first_selector_20260508_124555,sc:ecard:8e3b7e6f1bfa43e1d5d0,v0.3.0,,,,false,metric_summary_missing_or_unavailable,excluded,missing_candidate_level_evidence,blocked,hard_gate_not_passed,,,,blocked_no_candidate_level_evidence,,not_ranked,,,,,,,,,review_input_only_not_adoption_decision,rule_first_selector_must_not_feed_runtime_ranking_reports_backtests_trading_or_auto_adoption,production_activation_requires_later_root_approved_gate
v0_3_rule_first_selector_0_1,rule_first_selector_20260508_124555,sc:ecard:8eaeb7aabdc5bda015d8,v0.3.0,,,,false,metric_summary_missing_or_unavailable,excluded,missing_candidate_level_evidence,blocked,hard_gate_not_passed,,,,blocked_no_candidate_level_evidence,,not_ranked,,,,,,,,,review_input_only_not_adoption_decision,rule_first_selector_must_not_feed_runtime_ranking_reports_backtests_trading_or_auto_adoption,production_activation_requires_later_root_approved_gate
v0_3_rule_first_selector_0_1,rule_first_selector_20260508_124555,sc:ecard:8efc3d0fbcba2213a189,v0.3.0,,,,false,metric_summary_missing_or_unavailable,excluded,missing_candidate_level_evidence,blocked,hard_gate_not_passed,,,,blocked_no_candidate_level_evidence,,not_ranked,,,,,,,,,review_input_only_not_adoption_decision,rule_first_selector_must_not_feed_runtime_ranking_reports_backtests_trading_or_auto_adoption,production_activation_requires_later_root_approved_gate
v0_3_rule_first_selector_0_1,rule_first_selector_20260508_124555,sc:ecard:9045cf70f81a2fef79c9,v0.3.0,ee_v0_3_20260506_sc_ecard_9045cf70f81a2fef79c9,strategy_candidate,sc:ecard:9045cf70f81a2fef79c9,true,candidate_id_matches_candidate_level_evaluation_evidence,pass,passed_hard_exclusion,pass,passed_minimum_evidence_gate,58.671009,,58.671009,rule_only,42,reviewable_candidate,approved_evaluation_evidence,candidate_specific,0.9478898686276229,-0.6092164024086726,0.35818175172278915,0.8618159203980099,0.2968075686560764,,review_input_only_not_adoption_decision,rule_first_selector_must_not_feed_runtime_ranking_reports_backtests_trading_or_auto_adoption,production_activation_requires_later_root_approved_gate
v0_3_rule_first_selector_0_1,rule_first_selector_20260508_124555,sc:ecard:904d7a8e5f51200996ff,v0.3.0,,,,false,metric_summary_missing_or_unavailable,excluded,missing_candidate_level_evidence,blocked,hard_gate_not_passed,,,,blocked_no_candidate_level_evidence,,not_ranked,,,,,,,,,review_input_only_not_adoption_decision,rule_first_selector_must_not_feed_runtime_ranking_reports_backtests_trading_or_auto_adoption,production_activation_requires_later_root_approved_gate
v0_3_rule_first_selector_0_1,rule_first_selector_20260508_124555,sc:ecard:90772ec973f42ec8cdcc,v0.3.0,,,,false,metric_summary_missing_or_unavailable,excluded,missing_candidate_level_evidence,blocked,hard_gate_not_passed,,,,blocked_no_candidate_level_evidence,,not_ranked,,,,,,,,,review_input_only_not_adoption_decision,rule_first_selector_must_not_feed_runtime_ranking_reports_backtests_trading_or_auto_adoption,production_activation_requires_later_root_approved_gate
v0_3_rule_first_selector_0_1,rule_first_selector_20260508_124555,sc:ecard:909aa43c2f020a412c31,v0.3.0,,,,false,metric_summary_missing_or_unavailable,excluded,missing_candidate_level_evidence,blocked,hard_gate_not_passed,,,,blocked_no_candidate_level_evidence,,not_ranked,,,,,,,,,review_input_only_not_adoption_decision,rule_first_selector_must_not_feed_runtime_ranking_reports_backtests_trading_or_auto_adoption,production_activation_requires_later_root_approved_gate
v0_3_rule_first_selector_0_1,rule_first_selector_20260508_124555,sc:ecard:913438d7af4403ccdf37,v0.3.0,,,,false,metric_summary_missing_or_unavailable,excluded,missing_candidate_level_evidence,blocked,hard_gate_not_passed,,,,blocked_no_candidate_level_evidence,,not_ranked,,,,,,,,,review_input_only_not_adoption_decision,rule_first_selector_must_not_feed_runtime_ranking_reports_backtests_trading_or_auto_adoption,production_activation_requires_later_root_approved_gate
v0_3_rule_first_selector_0_1,rule_first_selector_20260508_124555,sc:ecard:915284679026559c4a8c,v0.3.0,,,,false,metric_summary_missing_or_unavailable,excluded,missing_candidate_level_evidence,blocked,hard_gate_not_passed,,,,blocked_no_candidate_level_evidence,,not_ranked,,,,,,,,,review_input_only_not_adoption_decision,rule_first_selector_must_not_feed_runtime_ranking_reports_backtests_trading_or_auto_adoption,production_activation_requires_later_root_approved_gate
v0_3_rule_first_selector_0_1,rule_first_selector_20260508_124555,sc:ecard:9197a57c763da8e17f64,v0.3.0,,,,false,metric_summary_missing_or_unavailable,excluded,missing_candidate_level_evidence,blocked,hard_gate_not_passed,,,,blocked_no_candidate_level_evidence,,not_ranked,,,,,,,,,review_input_only_not_adoption_decision,rule_first_selector_must_not_feed_runtime_ranking_reports_backtests_trading_or_auto_adoption,production_activation_requires_later_root_approved_gate
v0_3_rule_first_selector_0_1,rule_first_selector_20260508_124555,sc:ecard:9235090dbb5c62221ae9,v0.3.0,,,,false,metric_summary_missing_or_unavailable,excluded,missing_candidate_level_evidence,blocked,hard_gate_not_passed,,,,blocked_no_candidate_level_evidence,,not_ranked,,,,,,,,,review_input_only_not_adoption_decision,rule_first_selector_must_not_feed_runtime_ranking_reports_backtests_trading_or_auto_adoption,production_activation_requires_later_root_approved_gate
v0_3_rule_first_selector_0_1,rule_first_selector_20260508_124555,sc:ecard:9251cf532ee8ca2e9463,v0.3.0,ee_v0_3_20260506_sc_ecard_9251cf532ee8ca2e9463,strategy_candidate,sc:ecard:9251cf532ee8ca2e9463,true,candidate_id_matches_candidate_level_evaluation_evidence,pass,passed_hard_exclusion,pass,passed_minimum_evidence_gate,58.671009,,58.671009,rule_only,43,reviewable_candidate,approved_evaluation_evidence,candidate_specific,0.9478898686276229,-0.6092164024086726,0.35818175172278915,0.8618159203980099,0.2968075686560764,,review_input_only_not_adoption_decision,rule_first_selector_must_not_feed_runtime_ranking_reports_backtests_trading_or_auto_adoption,production_activation_requires_later_root_approved_gate
v0_3_rule_first_selector_0_1,rule_first_selector_20260508_124555,sc:ecard:92fb38e9b7daf77676e7,v0.3.0,,,,false,metric_summary_missing_or_unavailable,excluded,missing_candidate_level_evidence,blocked,hard_gate_not_passed,,,,blocked_no_candidate_level_evidence,,not_ranked,,,,,,,,,review_input_only_not_adoption_decision,rule_first_selector_must_not_feed_runtime_ranking_reports_backtests_trading_or_auto_adoption,production_activation_requires_later_root_approved_gate
v0_3_rule_first_selector_0_1,rule_first_selector_20260508_124555,sc:ecard:930cc5e5e099182e344b,v0.3.0,ee_v0_3_20260506_sc_ecard_930cc5e5e099182e344b,strategy_candidate,sc:ecard:930cc5e5e099182e344b,true,candidate_id_matches_candidate_level_evaluation_evidence,pass,passed_hard_exclusion,pass,passed_minimum_evidence_gate,58.671009,,58.671009,rule_only,44,reviewable_candidate,approved_evaluation_evidence,candidate_specific,0.9478898686276229,-0.6092164024086726,0.35818175172278915,0.8618159203980099,0.2968075686560764,,review_input_only_not_adoption_decision,rule_first_selector_must_not_feed_runtime_ranking_reports_backtests_trading_or_auto_adoption,production_activation_requires_later_root_approved_gate
v0_3_rule_first_selector_0_1,rule_first_selector_20260508_124555,sc:ecard:9374375a1c49d82f025a,v0.3.0,,,,false,metric_summary_missing_or_unavailable,excluded,missing_candidate_level_evidence,blocked,hard_gate_not_passed,,,,blocked_no_candidate_level_evidence,,not_ranked,,,,,,,,,review_input_only_not_adoption_decision,rule_first_selector_must_not_feed_runtime_ranking_reports_backtests_trading_or_auto_adoption,production_activation_requires_later_root_approved_gate
v0_3_rule_first_selector_0_1,rule_first_selector_20260508_124555,sc:ecard:941f49b91555bc71ab42,v0.3.0,,,,false,metric_summary_missing_or_unavailable,excluded,missing_candidate_level_evidence,blocked,hard_gate_not_passed,,,,blocked_no_candidate_level_evidence,,not_ranked,,,,,,,,,review_input_only_not_adoption_decision,rule_first_selector_must_not_feed_runtime_ranking_reports_backtests_trading_or_auto_adoption,production_activation_requires_later_root_approved_gate
v0_3_rule_first_selector_0_1,rule_first_selector_20260508_124555,sc:ecard:948952d196ed148b85ed,v0.3.0,,,,false,metric_summary_missing_or_unavailable,excluded,missing_candidate_level_evidence,blocked,hard_gate_not_passed,,,,blocked_no_candidate_level_evidence,,not_ranked,,,,,,,,,review_input_only_not_adoption_decision,rule_first_selector_must_not_feed_runtime_ranking_reports_backtests_trading_or_auto_adoption,production_activation_requires_later_root_approved_gate
v0_3_rule_first_selector_0_1,rule_first_selector_20260508_124555,sc:ecard:9586bc8a0ec04be390ad,v0.3.0,,,,false,metric_summary_missing_or_unavailable,excluded,missing_candidate_level_evidence,blocked,hard_gate_not_passed,,,,blocked_no_candidate_level_evidence,,not_ranked,,,,,,,,,review_input_only_not_adoption_decision,rule_first_selector_must_not_feed_runtime_ranking_reports_backtests_trading_or_auto_adoption,production_activation_requires_later_root_approved_gate
v0_3_rule_first_selector_0_1,rule_first_selector_20260508_124555,sc:ecard:9650fc4f3287878fe147,v0.3.0,,,,false,metric_summary_missing_or_unavailable,excluded,missing_candidate_level_evidence,blocked,hard_gate_not_passed,,,,blocked_no_candidate_level_evidence,,not_ranked,,,,,,,,,review_input_only_not_adoption_decision,rule_first_selector_must_not_feed_runtime_ranking_reports_backtests_trading_or_auto_adoption,production_activation_requires_later_root_approved_gate
v0_3_rule_first_selector_0_1,rule_first_selector_20260508_124555,sc:ecard:966f83dc90f42ed0d5a1,v0.3.0,,,,false,metric_summary_missing_or_unavailable,excluded,missing_candidate_level_evidence,blocked,hard_gate_not_passed,,,,blocked_no_candidate_level_evidence,,not_ranked,,,,,,,,,review_input_only_not_adoption_decision,rule_first_selector_must_not_feed_runtime_ranking_reports_backtests_trading_or_auto_adoption,production_activation_requires_later_root_approved_gate
v0_3_rule_first_selector_0_1,rule_first_selector_20260508_124555,sc:ecard:96c52cbdf031beaa65cb,v0.3.0,,,,false,metric_summary_missing_or_unavailable,excluded,missing_candidate_level_evidence,blocked,hard_gate_not_passed,,,,blocked_no_candidate_level_evidence,,not_ranked,,,,,,,,,review_input_only_not_adoption_decision,rule_first_selector_must_not_feed_runtime_ranking_reports_backtests_trading_or_auto_adoption,production_activation_requires_later_root_approved_gate
v0_3_rule_first_selector_0_1,rule_first_selector_20260508_124555,sc:ecard:96d22fc88b76ad966948,v0.3.0,,,,false,metric_summary_missing_or_unavailable,excluded,missing_candidate_level_evidence,blocked,hard_gate_not_passed,,,,blocked_no_candidate_level_evidence,,not_ranked,,,,,,,,,review_input_only_not_adoption_decision,rule_first_selector_must_not_feed_runtime_ranking_reports_backtests_trading_or_auto_adoption,production_activation_requires_later_root_approved_gate
v0_3_rule_first_selector_0_1,rule_first_selector_20260508_124555,sc:ecard:970d6a6eea742efb59b5,v0.3.0,ee_v0_3_20260506_sc_ecard_970d6a6eea742efb59b5,strategy_candidate,sc:ecard:970d6a6eea742efb59b5,true,candidate_id_matches_candidate_level_evaluation_evidence,pass,passed_hard_exclusion,pass,passed_minimum_evidence_gate,58.671009,,58.671009,rule_only,45,reviewable_candidate,approved_evaluation_evidence,candidate_specific,0.9478898686276229,-0.6092164024086726,0.35818175172278915,0.8618159203980099,0.2968075686560764,,review_input_only_not_adoption_decision,rule_first_selector_must_not_feed_runtime_ranking_reports_backtests_trading_or_auto_adoption,production_activation_requires_later_root_approved_gate
v0_3_rule_first_selector_0_1,rule_first_selector_20260508_124555,sc:ecard:97bae8b37a277f4160dd,v0.3.0,,,,false,metric_summary_missing_or_unavailable,excluded,missing_candidate_level_evidence,blocked,hard_gate_not_passed,,,,blocked_no_candidate_level_evidence,,not_ranked,,,,,,,,,review_input_only_not_adoption_decision,rule_first_selector_must_not_feed_runtime_ranking_reports_backtests_trading_or_auto_adoption,production_activation_requires_later_root_approved_gate
v0_3_rule_first_selector_0_1,rule_first_selector_20260508_124555,sc:ecard:981602420b23b30157be,v0.3.0,,,,false,metric_summary_missing_or_unavailable,excluded,missing_candidate_level_evidence,blocked,hard_gate_not_passed,,,,blocked_no_candidate_level_evidence,,not_ranked,,,,,,,,,review_input_only_not_adoption_decision,rule_first_selector_must_not_feed_runtime_ranking_reports_backtests_trading_or_auto_adoption,production_activation_requires_later_root_approved_gate
v0_3_rule_first_selector_0_1,rule_first_selector_20260508_124555,sc:ecard:9816f5471b783bc8368a,v0.3.0,,,,false,metric_summary_missing_or_unavailable,excluded,missing_candidate_level_evidence,blocked,hard_gate_not_passed,,,,blocked_no_candidate_level_evidence,,not_ranked,,,,,,,,,review_input_only_not_adoption_decision,rule_first_selector_must_not_feed_runtime_ranking_reports_backtests_trading_or_auto_adoption,production_activation_requires_later_root_approved_gate
v0_3_rule_first_selector_0_1,rule_first_selector_20260508_124555,sc:ecard:98616fef2f81a506c9fb,v0.3.0,,,,false,metric_summary_missing_or_unavailable,excluded,missing_candidate_level_evidence,blocked,hard_gate_not_passed,,,,blocked_no_candidate_level_evidence,,not_ranked,,,,,,,,,review_input_only_not_adoption_decision,rule_first_selector_must_not_feed_runtime_ranking_reports_backtests_trading_or_auto_adoption,production_activation_requires_later_root_approved_gate
v0_3_rule_first_selector_0_1,rule_first_selector_20260508_124555,sc:ecard:98df8b0c52a69ec6a6de,v0.3.0,,,,false,metric_summary_missing_or_unavailable,excluded,missing_candidate_level_evidence,blocked,hard_gate_not_passed,,,,blocked_no_candidate_level_evidence,,not_ranked,,,,,,,,,review_input_only_not_adoption_decision,rule_first_selector_must_not_feed_runtime_ranking_reports_backtests_trading_or_auto_adoption,production_activation_requires_later_root_approved_gate
v0_3_rule_first_selector_0_1,rule_first_selector_20260508_124555,sc:ecard:99091348260fee6fbe52,v0.3.0,,,,false,metric_summary_missing_or_unavailable,excluded,missing_candidate_level_evidence,blocked,hard_gate_not_passed,,,,blocked_no_candidate_level_evidence,,not_ranked,,,,,,,,,review_input_only_not_adoption_decision,rule_first_selector_must_not_feed_runtime_ranking_reports_backtests_trading_or_auto_adoption,production_activation_requires_later_root_approved_gate
v0_3_rule_first_selector_0_1,rule_first_selector_20260508_124555,sc:ecard:9941557330efdd2e7b9d,v0.3.0,,,,false,metric_summary_missing_or_unavailable,excluded,missing_candidate_level_evidence,blocked,hard_gate_not_passed,,,,blocked_no_candidate_level_evidence,,not_ranked,,,,,,,,,review_input_only_not_adoption_decision,rule_first_selector_must_not_feed_runtime_ranking_reports_backtests_trading_or_auto_adoption,production_activation_requires_later_root_approved_gate
v0_3_rule_first_selector_0_1,rule_first_selector_20260508_124555,sc:ecard:996c803adb04329e0cc1,v0.3.0,,,,false,metric_summary_missing_or_unavailable,excluded,missing_candidate_level_evidence,blocked,hard_gate_not_passed,,,,blocked_no_candidate_level_evidence,,not_ranked,,,,,,,,,review_input_only_not_adoption_decision,rule_first_selector_must_not_feed_runtime_ranking_reports_backtests_trading_or_auto_adoption,production_activation_requires_later_root_approved_gate
v0_3_rule_first_selector_0_1,rule_first_selector_20260508_124555,sc:ecard:99ba8844f80821b6d7d9,v0.3.0,,,,false,metric_summary_missing_or_unavailable,excluded,missing_candidate_level_evidence,blocked,hard_gate_not_passed,,,,blocked_no_candidate_level_evidence,,not_ranked,,,,,,,,,review_input_only_not_adoption_decision,rule_first_selector_must_not_feed_runtime_ranking_reports_backtests_trading_or_auto_adoption,production_activation_requires_later_root_approved_gate
v0_3_rule_first_selector_0_1,rule_first_selector_20260508_124555,sc:ecard:99dce86928c5fd6039a2,v0.3.0,,,,false,metric_summary_missing_or_unavailable,excluded,missing_candidate_level_evidence,blocked,hard_gate_not_passed,,,,blocked_no_candidate_level_evidence,,not_ranked,,,,,,,,,review_input_only_not_adoption_decision,rule_first_selector_must_not_feed_runtime_ranking_reports_backtests_trading_or_auto_adoption,production_activation_requires_later_root_approved_gate
v0_3_rule_first_selector_0_1,rule_first_selector_20260508_124555,sc:ecard:9a1edce1b306e2ddc931,v0.3.0,,,,false,metric_summary_missing_or_unavailable,excluded,missing_candidate_level_evidence,blocked,hard_gate_not_passed,,,,blocked_no_candidate_level_evidence,,not_ranked,,,,,,,,,review_input_only_not_adoption_decision,rule_first_selector_must_not_feed_runtime_ranking_reports_backtests_trading_or_auto_adoption,production_activation_requires_later_root_approved_gate
v0_3_rule_first_selector_0_1,rule_first_selector_20260508_124555,sc:ecard:9a531a3a6714dbf097af,v0.3.0,,,,false,metric_summary_missing_or_unavailable,excluded,missing_candidate_level_evidence,blocked,hard_gate_not_passed,,,,blocked_no_candidate_level_evidence,,not_ranked,,,,,,,,,review_input_only_not_adoption_decision,rule_first_selector_must_not_feed_runtime_ranking_reports_backtests_trading_or_auto_adoption,production_activation_requires_later_root_approved_gate
v0_3_rule_first_selector_0_1,rule_first_selector_20260508_124555,sc:ecard:9a6f239027057d5305e0,v0.3.0,,,,false,metric_summary_missing_or_unavailable,excluded,missing_candidate_level_evidence,blocked,hard_gate_not_passed,,,,blocked_no_candidate_level_evidence,,not_ranked,,,,,,,,,review_input_only_not_adoption_decision,rule_first_selector_must_not_feed_runtime_ranking_reports_backtests_trading_or_auto_adoption,production_activation_requires_later_root_approved_gate
v0_3_rule_first_selector_0_1,rule_first_selector_20260508_124555,sc:ecard:9a7b49f9ac8f589c0d2c,v0.3.0,,,,false,metric_summary_missing_or_unavailable,excluded,missing_candidate_level_evidence,blocked,hard_gate_not_passed,,,,blocked_no_candidate_level_evidence,,not_ranked,,,,,,,,,review_input_only_not_adoption_decision,rule_first_selector_must_not_feed_runtime_ranking_reports_backtests_trading_or_auto_adoption,production_activation_requires_later_root_approved_gate
v0_3_rule_first_selector_0_1,rule_first_selector_20260508_124555,sc:ecard:9b1e40ea06144d26360f,v0.3.0,,,,false,metric_summary_missing_or_unavailable,excluded,missing_candidate_level_evidence,blocked,hard_gate_not_passed,,,,blocked_no_candidate_level_evidence,,not_ranked,,,,,,,,,review_input_only_not_adoption_decision,rule_first_selector_must_not_feed_runtime_ranking_reports_backtests_trading_or_auto_adoption,production_activation_requires_later_root_approved_gate
v0_3_rule_first_selector_0_1,rule_first_selector_20260508_124555,sc:ecard:9bd81ac398740aa3c464,v0.3.0,,,,false,metric_summary_missing_or_unavailable,excluded,missing_candidate_level_evidence,blocked,hard_gate_not_passed,,,,blocked_no_candidate_level_evidence,,not_ranked,,,,,,,,,review_input_only_not_adoption_decision,rule_first_selector_must_not_feed_runtime_ranking_reports_backtests_trading_or_auto_adoption,production_activation_requires_later_root_approved_gate
v0_3_rule_first_selector_0_1,rule_first_selector_20260508_124555,sc:ecard:9bdf9ade91194daa2c89,v0.3.0,,,,false,metric_summary_missing_or_unavailable,excluded,missing_candidate_level_evidence,blocked,hard_gate_not_passed,,,,blocked_no_candidate_level_evidence,,not_ranked,,,,,,,,,review_input_only_not_adoption_decision,rule_first_selector_must_not_feed_runtime_ranking_reports_backtests_trading_or_auto_adoption,production_activation_requires_later_root_approved_gate
v0_3_rule_first_selector_0_1,rule_first_selector_20260508_124555,sc:ecard:9beea540c72c300da67f,v0.3.0,,,,false,metric_summary_missing_or_unavailable,excluded,missing_candidate_level_evidence,blocked,hard_gate_not_passed,,,,blocked_no_candidate_level_evidence,,not_ranked,,,,,,,,,review_input_only_not_adoption_decision,rule_first_selector_must_not_feed_runtime_ranking_reports_backtests_trading_or_auto_adoption,production_activation_requires_later_root_approved_gate
v0_3_rule_first_selector_0_1,rule_first_selector_20260508_124555,sc:ecard:9c70af10bf5d23249028,v0.3.0,,,,false,metric_summary_missing_or_unavailable,excluded,missing_candidate_level_evidence,blocked,hard_gate_not_passed,,,,blocked_no_candidate_level_evidence,,not_ranked,,,,,,,,,review_input_only_not_adoption_decision,rule_first_selector_must_not_feed_runtime_ranking_reports_backtests_trading_or_auto_adoption,production_activation_requires_later_root_approved_gate
v0_3_rule_first_selector_0_1,rule_first_selector_20260508_124555,sc:ecard:9c84fe9eb88625b30200,v0.3.0,,,,false,metric_summary_missing_or_unavailable,excluded,missing_candidate_level_evidence,blocked,hard_gate_not_passed,,,,blocked_no_candidate_level_evidence,,not_ranked,,,,,,,,,review_input_only_not_adoption_decision,rule_first_selector_must_not_feed_runtime_ranking_reports_backtests_trading_or_auto_adoption,production_activation_requires_later_root_approved_gate
v0_3_rule_first_selector_0_1,rule_first_selector_20260508_124555,sc:ecard:9cc58a730310104b5b06,v0.3.0,,,,false,metric_summary_missing_or_unavailable,excluded,missing_candidate_level_evidence,blocked,hard_gate_not_passed,,,,blocked_no_candidate_level_evidence,,not_ranked,,,,,,,,,review_input_only_not_adoption_decision,rule_first_selector_must_not_feed_runtime_ranking_reports_backtests_trading_or_auto_adoption,production_activation_requires_later_root_approved_gate
v0_3_rule_first_selector_0_1,rule_first_selector_20260508_124555,sc:ecard:9ce590fb5ac0184737bb,v0.3.0,,,,false,metric_summary_missing_or_unavailable,excluded,missing_candidate_level_evidence,blocked,hard_gate_not_passed,,,,blocked_no_candidate_level_evidence,,not_ranked,,,,,,,,,review_input_only_not_adoption_decision,rule_first_selector_must_not_feed_runtime_ranking_reports_backtests_trading_or_auto_adoption,production_activation_requires_later_root_approved_gate
v0_3_rule_first_selector_0_1,rule_first_selector_20260508_124555,sc:ecard:9e68e098f942f599c077,v0.3.0,,,,false,metric_summary_missing_or_unavailable,excluded,missing_candidate_level_evidence,blocked,hard_gate_not_passed,,,,blocked_no_candidate_level_evidence,,not_ranked,,,,,,,,,review_input_only_not_adoption_decision,rule_first_selector_must_not_feed_runtime_ranking_reports_backtests_trading_or_auto_adoption,production_activation_requires_later_root_approved_gate
v0_3_rule_first_selector_0_1,rule_first_selector_20260508_124555,sc:ecard:9e8efa218a7f4eac8285,v0.3.0,ee_v0_3_20260506_sc_ecard_9e8efa218a7f4eac8285,strategy_candidate,sc:ecard:9e8efa218a7f4eac8285,true,candidate_id_matches_candidate_level_evaluation_evidence,pass,passed_hard_exclusion,pass,passed_minimum_evidence_gate,60.641751,,60.641751,rule_only,14,secondary_review_candidate,approved_evaluation_evidence,candidate_specific,4.59248614414884,-0.49924422265194046,0.5932409139655367,0.686318407960199,0.39104534114120565,,review_input_only_not_adoption_decision,rule_first_selector_must_not_feed_runtime_ranking_reports_backtests_trading_or_auto_adoption,production_activation_requires_later_root_approved_gate
v0_3_rule_first_selector_0_1,rule_first_selector_20260508_124555,sc:ecard:9eb2a5c10356894ad46e,v0.3.0,,,,false,metric_summary_missing_or_unavailable,excluded,missing_candidate_level_evidence,blocked,hard_gate_not_passed,,,,blocked_no_candidate_level_evidence,,not_ranked,,,,,,,,,review_input_only_not_adoption_decision,rule_first_selector_must_not_feed_runtime_ranking_reports_backtests_trading_or_auto_adoption,production_activation_requires_later_root_approved_gate
v0_3_rule_first_selector_0_1,rule_first_selector_20260508_124555,sc:ecard:9ee37aeb4c1375703fa9,v0.3.0,,,,false,metric_summary_missing_or_unavailable,excluded,missing_candidate_level_evidence,blocked,hard_gate_not_passed,,,,blocked_no_candidate_level_evidence,,not_ranked,,,,,,,,,review_input_only_not_adoption_decision,rule_first_selector_must_not_feed_runtime_ranking_reports_backtests_trading_or_auto_adoption,production_activation_requires_later_root_approved_gate
v0_3_rule_first_selector_0_1,rule_first_selector_20260508_124555,sc:ecard:9ef61d2a6de08923fc46,v0.3.0,,,,false,metric_summary_missing_or_unavailable,excluded,missing_candidate_level_evidence,blocked,hard_gate_not_passed,,,,blocked_no_candidate_level_evidence,,not_ranked,,,,,,,,,review_input_only_not_adoption_decision,rule_first_selector_must_not_feed_runtime_ranking_reports_backtests_trading_or_auto_adoption,production_activation_requires_later_root_approved_gate
v0_3_rule_first_selector_0_1,rule_first_selector_20260508_124555,sc:ecard:9f44fdade1c0a6e0b042,v0.3.0,,,,false,metric_summary_missing_or_unavailable,excluded,missing_candidate_level_evidence,blocked,hard_gate_not_passed,,,,blocked_no_candidate_level_evidence,,not_ranked,,,,,,,,,review_input_only_not_adoption_decision,rule_first_selector_must_not_feed_runtime_ranking_reports_backtests_trading_or_auto_adoption,production_activation_requires_later_root_approved_gate
v0_3_rule_first_selector_0_1,rule_first_selector_20260508_124555,sc:ecard:a082775b44c5902cc581,v0.3.0,ee_v0_3_20260506_sc_ecard_a082775b44c5902cc581,strategy_candidate,sc:ecard:a082775b44c5902cc581,true,candidate_id_matches_candidate_level_evaluation_evidence,pass,passed_hard_exclusion,pass,passed_minimum_evidence_gate,58.671009,,58.671009,rule_only,46,reviewable_candidate,approved_evaluation_evidence,candidate_specific,0.9478898686276229,-0.6092164024086726,0.35818175172278915,0.8618159203980099,0.2968075686560764,,review_input_only_not_adoption_decision,rule_first_selector_must_not_feed_runtime_ranking_reports_backtests_trading_or_auto_adoption,production_activation_requires_later_root_approved_gate
v0_3_rule_first_selector_0_1,rule_first_selector_20260508_124555,sc:ecard:a0b572e687cc09c2c0c8,v0.3.0,ee_v0_3_20260506_sc_ecard_a0b572e687cc09c2c0c8,strategy_candidate,sc:ecard:a0b572e687cc09c2c0c8,true,candidate_id_matches_candidate_level_evaluation_evidence,pass,passed_hard_exclusion,pass,passed_minimum_evidence_gate,32.048278,,32.048278,rule_only,58,reviewable_candidate,approved_evaluation_evidence,candidate_specific,-0.06993676616043398,-0.43446907470055085,0.0738775881276168,0.8769900497512437,0.3344231353969896,,review_input_only_not_adoption_decision,rule_first_selector_must_not_feed_runtime_ranking_reports_backtests_trading_or_auto_adoption,production_activation_requires_later_root_approved_gate
v0_3_rule_first_selector_0_1,rule_first_selector_20260508_124555,sc:ecard:a199370670864a13f6cd,v0.3.0,,,,false,metric_summary_missing_or_unavailable,excluded,missing_candidate_level_evidence,blocked,hard_gate_not_passed,,,,blocked_no_candidate_level_evidence,,not_ranked,,,,,,,,,review_input_only_not_adoption_decision,rule_first_selector_must_not_feed_runtime_ranking_reports_backtests_trading_or_auto_adoption,production_activation_requires_later_root_approved_gate
v0_3_rule_first_selector_0_1,rule_first_selector_20260508_124555,sc:ecard:a1bbefe3efebcaba558c,v0.3.0,,,,false,metric_summary_missing_or_unavailable,excluded,missing_candidate_level_evidence,blocked,hard_gate_not_passed,,,,blocked_no_candidate_level_evidence,,not_ranked,,,,,,,,,review_input_only_not_adoption_decision,rule_first_selector_must_not_feed_runtime_ranking_reports_backtests_trading_or_auto_adoption,production_activation_requires_later_root_approved_gate
v0_3_rule_first_selector_0_1,rule_first_selector_20260508_124555,sc:ecard:a1fb520a5086446cfc34,v0.3.0,,,,false,metric_summary_missing_or_unavailable,excluded,missing_candidate_level_evidence,blocked,hard_gate_not_passed,,,,blocked_no_candidate_level_evidence,,not_ranked,,,,,,,,,review_input_only_not_adoption_decision,rule_first_selector_must_not_feed_runtime_ranking_reports_backtests_trading_or_auto_adoption,production_activation_requires_later_root_approved_gate
v0_3_rule_first_selector_0_1,rule_first_selector_20260508_124555,sc:ecard:a257862e73d2454936ee,v0.3.0,,,,false,metric_summary_missing_or_unavailable,excluded,missing_candidate_level_evidence,blocked,hard_gate_not_passed,,,,blocked_no_candidate_level_evidence,,not_ranked,,,,,,,,,review_input_only_not_adoption_decision,rule_first_selector_must_not_feed_runtime_ranking_reports_backtests_trading_or_auto_adoption,production_activation_requires_later_root_approved_gate
v0_3_rule_first_selector_0_1,rule_first_selector_20260508_124555,sc:ecard:a260a9740cf2bfb06d28,v0.3.0,,,,false,metric_summary_missing_or_unavailable,excluded,missing_candidate_level_evidence,blocked,hard_gate_not_passed,,,,blocked_no_candidate_level_evidence,,not_ranked,,,,,,,,,review_input_only_not_adoption_decision,rule_first_selector_must_not_feed_runtime_ranking_reports_backtests_trading_or_auto_adoption,production_activation_requires_later_root_approved_gate
v0_3_rule_first_selector_0_1,rule_first_selector_20260508_124555,sc:ecard:a2789be0da67a776e159,v0.3.0,,,,false,metric_summary_missing_or_unavailable,excluded,missing_candidate_level_evidence,blocked,hard_gate_not_passed,,,,blocked_no_candidate_level_evidence,,not_ranked,,,,,,,,,review_input_only_not_adoption_decision,rule_first_selector_must_not_feed_runtime_ranking_reports_backtests_trading_or_auto_adoption,production_activation_requires_later_root_approved_gate
v0_3_rule_first_selector_0_1,rule_first_selector_20260508_124555,sc:ecard:a3226fd72e2373ffbdb0,v0.3.0,,,,false,metric_summary_missing_or_unavailable,excluded,missing_candidate_level_evidence,blocked,hard_gate_not_passed,,,,blocked_no_candidate_level_evidence,,not_ranked,,,,,,,,,review_input_only_not_adoption_decision,rule_first_selector_must_not_feed_runtime_ranking_reports_backtests_trading_or_auto_adoption,production_activation_requires_later_root_approved_gate
v0_3_rule_first_selector_0_1,rule_first_selector_20260508_124555,sc:ecard:a3739b24b201fe77e645,v0.3.0,,,,false,metric_summary_missing_or_unavailable,excluded,missing_candidate_level_evidence,blocked,hard_gate_not_passed,,,,blocked_no_candidate_level_evidence,,not_ranked,,,,,,,,,review_input_only_not_adoption_decision,rule_first_selector_must_not_feed_runtime_ranking_reports_backtests_trading_or_auto_adoption,production_activation_requires_later_root_approved_gate
v0_3_rule_first_selector_0_1,rule_first_selector_20260508_124555,sc:ecard:a3a87ac729a73770f2e1,v0.3.0,,,,false,metric_summary_missing_or_unavailable,excluded,missing_candidate_level_evidence,blocked,hard_gate_not_passed,,,,blocked_no_candidate_level_evidence,,not_ranked,,,,,,,,,review_input_only_not_adoption_decision,rule_first_selector_must_not_feed_runtime_ranking_reports_backtests_trading_or_auto_adoption,production_activation_requires_later_root_approved_gate
v0_3_rule_first_selector_0_1,rule_first_selector_20260508_124555,sc:ecard:a433518d45e96b257a45,v0.3.0,,,,false,metric_summary_missing_or_unavailable,excluded,missing_candidate_level_evidence,blocked,hard_gate_not_passed,,,,blocked_no_candidate_level_evidence,,not_ranked,,,,,,,,,review_input_only_not_adoption_decision,rule_first_selector_must_not_feed_runtime_ranking_reports_backtests_trading_or_auto_adoption,production_activation_requires_later_root_approved_gate
v0_3_rule_first_selector_0_1,rule_first_selector_20260508_124555,sc:ecard:a4b098faaface06b5592,v0.3.0,,,,false,metric_summary_missing_or_unavailable,excluded,missing_candidate_level_evidence,blocked,hard_gate_not_passed,,,,blocked_no_candidate_level_evidence,,not_ranked,,,,,,,,,review_input_only_not_adoption_decision,rule_first_selector_must_not_feed_runtime_ranking_reports_backtests_trading_or_auto_adoption,production_activation_requires_later_root_approved_gate
v0_3_rule_first_selector_0_1,rule_first_selector_20260508_124555,sc:ecard:a4e23d64c72393ce6cd8,v0.3.0,,,,false,metric_summary_missing_or_unavailable,excluded,missing_candidate_level_evidence,blocked,hard_gate_not_passed,,,,blocked_no_candidate_level_evidence,,not_ranked,,,,,,,,,review_input_only_not_adoption_decision,rule_first_selector_must_not_feed_runtime_ranking_reports_backtests_trading_or_auto_adoption,production_activation_requires_later_root_approved_gate
v0_3_rule_first_selector_0_1,rule_first_selector_20260508_124555,sc:ecard:a51870ca5f6623cbbfc1,v0.3.0,,,,false,metric_summary_missing_or_unavailable,excluded,missing_candidate_level_evidence,blocked,hard_gate_not_passed,,,,blocked_no_candidate_level_evidence,,not_ranked,,,,,,,,,review_input_only_not_adoption_decision,rule_first_selector_must_not_feed_runtime_ranking_reports_backtests_trading_or_auto_adoption,production_activation_requires_later_root_approved_gate
v0_3_rule_first_selector_0_1,rule_first_selector_20260508_124555,sc:ecard:a56153503742ccfe3670,v0.3.0,,,,false,metric_summary_missing_or_unavailable,excluded,missing_candidate_level_evidence,blocked,hard_gate_not_passed,,,,blocked_no_candidate_level_evidence,,not_ranked,,,,,,,,,review_input_only_not_adoption_decision,rule_first_selector_must_not_feed_runtime_ranking_reports_backtests_trading_or_auto_adoption,production_activation_requires_later_root_approved_gate
v0_3_rule_first_selector_0_1,rule_first_selector_20260508_124555,sc:ecard:a610f9c320130a055ad4,v0.3.0,,,,false,metric_summary_missing_or_unavailable,excluded,missing_candidate_level_evidence,blocked,hard_gate_not_passed,,,,blocked_no_candidate_level_evidence,,not_ranked,,,,,,,,,review_input_only_not_adoption_decision,rule_first_selector_must_not_feed_runtime_ranking_reports_backtests_trading_or_auto_adoption,production_activation_requires_later_root_approved_gate
v0_3_rule_first_selector_0_1,rule_first_selector_20260508_124555,sc:ecard:a6876ec893589cce7d8f,v0.3.0,,,,false,metric_summary_missing_or_unavailable,excluded,missing_candidate_level_evidence,blocked,hard_gate_not_passed,,,,blocked_no_candidate_level_evidence,,not_ranked,,,,,,,,,review_input_only_not_adoption_decision,rule_first_selector_must_not_feed_runtime_ranking_reports_backtests_trading_or_auto_adoption,production_activation_requires_later_root_approved_gate
v0_3_rule_first_selector_0_1,rule_first_selector_20260508_124555,sc:ecard:a6a47184cffeac0add39,v0.3.0,,,,false,metric_summary_missing_or_unavailable,excluded,missing_candidate_level_evidence,blocked,hard_gate_not_passed,,,,blocked_no_candidate_level_evidence,,not_ranked,,,,,,,,,review_input_only_not_adoption_decision,rule_first_selector_must_not_feed_runtime_ranking_reports_backtests_trading_or_auto_adoption,production_activation_requires_later_root_approved_gate
v0_3_rule_first_selector_0_1,rule_first_selector_20260508_124555,sc:ecard:a778422b9e6bf8287b85,v0.3.0,,,,false,metric_summary_missing_or_unavailable,excluded,missing_candidate_level_evidence,blocked,hard_gate_not_passed,,,,blocked_no_candidate_level_evidence,,not_ranked,,,,,,,,,review_input_only_not_adoption_decision,rule_first_selector_must_not_feed_runtime_ranking_reports_backtests_trading_or_auto_adoption,production_activation_requires_later_root_approved_gate
v0_3_rule_first_selector_0_1,rule_first_selector_20260508_124555,sc:ecard:a9333eae719bf1d2be6e,v0.3.0,,,,false,metric_summary_missing_or_unavailable,excluded,missing_candidate_level_evidence,blocked,hard_gate_not_passed,,,,blocked_no_candidate_level_evidence,,not_ranked,,,,,,,,,review_input_only_not_adoption_decision,rule_first_selector_must_not_feed_runtime_ranking_reports_backtests_trading_or_auto_adoption,production_activation_requires_later_root_approved_gate
v0_3_rule_first_selector_0_1,rule_first_selector_20260508_124555,sc:ecard:a98d6dbc4136be2e6ff5,v0.3.0,,,,false,metric_summary_missing_or_unavailable,excluded,missing_candidate_level_evidence,blocked,hard_gate_not_passed,,,,blocked_no_candidate_level_evidence,,not_ranked,,,,,,,,,review_input_only_not_adoption_decision,rule_first_selector_must_not_feed_runtime_ranking_reports_backtests_trading_or_auto_adoption,production_activation_requires_later_root_approved_gate
v0_3_rule_first_selector_0_1,rule_first_selector_20260508_124555,sc:ecard:a9b679c3d55e9fab47c5,v0.3.0,,,,false,metric_summary_missing_or_unavailable,excluded,missing_candidate_level_evidence,blocked,hard_gate_not_passed,,,,blocked_no_candidate_level_evidence,,not_ranked,,,,,,,,,review_input_only_not_adoption_decision,rule_first_selector_must_not_feed_runtime_ranking_reports_backtests_trading_or_auto_adoption,production_activation_requires_later_root_approved_gate
v0_3_rule_first_selector_0_1,rule_first_selector_20260508_124555,sc:ecard:a9e03390c2c3726ab75b,v0.3.0,,,,false,metric_summary_missing_or_unavailable,excluded,missing_candidate_level_evidence,blocked,hard_gate_not_passed,,,,blocked_no_candidate_level_evidence,,not_ranked,,,,,,,,,review_input_only_not_adoption_decision,rule_first_selector_must_not_feed_runtime_ranking_reports_backtests_trading_or_auto_adoption,production_activation_requires_later_root_approved_gate
v0_3_rule_first_selector_0_1,rule_first_selector_20260508_124555,sc:ecard:aa1eac1a45a9259f3173,v0.3.0,,,,false,metric_summary_missing_or_unavailable,excluded,missing_candidate_level_evidence,blocked,hard_gate_not_passed,,,,blocked_no_candidate_level_evidence,,not_ranked,,,,,,,,,review_input_only_not_adoption_decision,rule_first_selector_must_not_feed_runtime_ranking_reports_backtests_trading_or_auto_adoption,production_activation_requires_later_root_approved_gate
v0_3_rule_first_selector_0_1,rule_first_selector_20260508_124555,sc:ecard:aaa327e4ee25a295511c,v0.3.0,,,,false,metric_summary_missing_or_unavailable,excluded,missing_candidate_level_evidence,blocked,hard_gate_not_passed,,,,blocked_no_candidate_level_evidence,,not_ranked,,,,,,,,,review_input_only_not_adoption_decision,rule_first_selector_must_not_feed_runtime_ranking_reports_backtests_trading_or_auto_adoption,production_activation_requires_later_root_approved_gate
v0_3_rule_first_selector_0_1,rule_first_selector_20260508_124555,sc:ecard:aaf8b6917f2cfbe89530,v0.3.0,,,,false,metric_summary_missing_or_unavailable,excluded,missing_candidate_level_evidence,blocked,hard_gate_not_passed,,,,blocked_no_candidate_level_evidence,,not_ranked,,,,,,,,,review_input_only_not_adoption_decision,rule_first_selector_must_not_feed_runtime_ranking_reports_backtests_trading_or_auto_adoption,production_activation_requires_later_root_approved_gate
v0_3_rule_first_selector_0_1,rule_first_selector_20260508_124555,sc:ecard:ab41ac171ffc87c40962,v0.3.0,,,,false,metric_summary_missing_or_unavailable,excluded,missing_candidate_level_evidence,blocked,hard_gate_not_passed,,,,blocked_no_candidate_level_evidence,,not_ranked,,,,,,,,,review_input_only_not_adoption_decision,rule_first_selector_must_not_feed_runtime_ranking_reports_backtests_trading_or_auto_adoption,production_activation_requires_later_root_approved_gate
v0_3_rule_first_selector_0_1,rule_first_selector_20260508_124555,sc:ecard:ab4efe79053ba4548c49,v0.3.0,,,,false,metric_summary_missing_or_unavailable,excluded,missing_candidate_level_evidence,blocked,hard_gate_not_passed,,,,blocked_no_candidate_level_evidence,,not_ranked,,,,,,,,,review_input_only_not_adoption_decision,rule_first_selector_must_not_feed_runtime_ranking_reports_backtests_trading_or_auto_adoption,production_activation_requires_later_root_approved_gate
v0_3_rule_first_selector_0_1,rule_first_selector_20260508_124555,sc:ecard:ac299534730e9fc98d95,v0.3.0,ee_v0_3_20260506_sc_ecard_ac299534730e9fc98d95,strategy_candidate,sc:ecard:ac299534730e9fc98d95,true,candidate_id_matches_candidate_level_evaluation_evidence,pass,passed_hard_exclusion,pass,passed_minimum_evidence_gate,58.671009,,58.671009,rule_only,47,reviewable_candidate,approved_evaluation_evidence,candidate_specific,0.9478898686276229,-0.6092164024086726,0.35818175172278915,0.8618159203980099,0.2968075686560764,,review_input_only_not_adoption_decision,rule_first_selector_must_not_feed_runtime_ranking_reports_backtests_trading_or_auto_adoption,production_activation_requires_later_root_approved_gate
v0_3_rule_first_selector_0_1,rule_first_selector_20260508_124555,sc:ecard:ac5d15e70220ac917a91,v0.3.0,,,,false,metric_summary_missing_or_unavailable,excluded,missing_candidate_level_evidence,blocked,hard_gate_not_passed,,,,blocked_no_candidate_level_evidence,,not_ranked,,,,,,,,,review_input_only_not_adoption_decision,rule_first_selector_must_not_feed_runtime_ranking_reports_backtests_trading_or_auto_adoption,production_activation_requires_later_root_approved_gate
v0_3_rule_first_selector_0_1,rule_first_selector_20260508_124555,sc:ecard:ac973f1669454229bf5d,v0.3.0,,,,false,metric_summary_missing_or_unavailable,excluded,missing_candidate_level_evidence,blocked,hard_gate_not_passed,,,,blocked_no_candidate_level_evidence,,not_ranked,,,,,,,,,review_input_only_not_adoption_decision,rule_first_selector_must_not_feed_runtime_ranking_reports_backtests_trading_or_auto_adoption,production_activation_requires_later_root_approved_gate
v0_3_rule_first_selector_0_1,rule_first_selector_20260508_124555,sc:ecard:acb0f630decde570aeee,v0.3.0,,,,false,metric_summary_missing_or_unavailable,excluded,missing_candidate_level_evidence,blocked,hard_gate_not_passed,,,,blocked_no_candidate_level_evidence,,not_ranked,,,,,,,,,review_input_only_not_adoption_decision,rule_first_selector_must_not_feed_runtime_ranking_reports_backtests_trading_or_auto_adoption,production_activation_requires_later_root_approved_gate
v0_3_rule_first_selector_0_1,rule_first_selector_20260508_124555,sc:ecard:ad44cfc32ec8f90fb785,v0.3.0,,,,false,metric_summary_missing_or_unavailable,excluded,missing_candidate_level_evidence,blocked,hard_gate_not_passed,,,,blocked_no_candidate_level_evidence,,not_ranked,,,,,,,,,review_input_only_not_adoption_decision,rule_first_selector_must_not_feed_runtime_ranking_reports_backtests_trading_or_auto_adoption,production_activation_requires_later_root_approved_gate
v0_3_rule_first_selector_0_1,rule_first_selector_20260508_124555,sc:ecard:ad5a5bbd4fc3eaa93878,v0.3.0,,,,false,metric_summary_missing_or_unavailable,excluded,missing_candidate_level_evidence,blocked,hard_gate_not_passed,,,,blocked_no_candidate_level_evidence,,not_ranked,,,,,,,,,review_input_only_not_adoption_decision,rule_first_selector_must_not_feed_runtime_ranking_reports_backtests_trading_or_auto_adoption,production_activation_requires_later_root_approved_gate
v0_3_rule_first_selector_0_1,rule_first_selector_20260508_124555,sc:ecard:ae0c5dd3e3f74420ed30,v0.3.0,,,,false,metric_summary_missing_or_unavailable,excluded,missing_candidate_level_evidence,blocked,hard_gate_not_passed,,,,blocked_no_candidate_level_evidence,,not_ranked,,,,,,,,,review_input_only_not_adoption_decision,rule_first_selector_must_not_feed_runtime_ranking_reports_backtests_trading_or_auto_adoption,production_activation_requires_later_root_approved_gate
v0_3_rule_first_selector_0_1,rule_first_selector_20260508_124555,sc:ecard:ae5af8a379ef3cbb645c,v0.3.0,,,,false,metric_summary_missing_or_unavailable,excluded,missing_candidate_level_evidence,blocked,hard_gate_not_passed,,,,blocked_no_candidate_level_evidence,,not_ranked,,,,,,,,,review_input_only_not_adoption_decision,rule_first_selector_must_not_feed_runtime_ranking_reports_backtests_trading_or_auto_adoption,production_activation_requires_later_root_approved_gate
v0_3_rule_first_selector_0_1,rule_first_selector_20260508_124555,sc:ecard:aed62d9e7673d7c9faed,v0.3.0,,,,false,metric_summary_missing_or_unavailable,excluded,missing_candidate_level_evidence,blocked,hard_gate_not_passed,,,,blocked_no_candidate_level_evidence,,not_ranked,,,,,,,,,review_input_only_not_adoption_decision,rule_first_selector_must_not_feed_runtime_ranking_reports_backtests_trading_or_auto_adoption,production_activation_requires_later_root_approved_gate
v0_3_rule_first_selector_0_1,rule_first_selector_20260508_124555,sc:ecard:af04a9a737400a6657a3,v0.3.0,,,,false,metric_summary_missing_or_unavailable,excluded,missing_candidate_level_evidence,blocked,hard_gate_not_passed,,,,blocked_no_candidate_level_evidence,,not_ranked,,,,,,,,,review_input_only_not_adoption_decision,rule_first_selector_must_not_feed_runtime_ranking_reports_backtests_trading_or_auto_adoption,production_activation_requires_later_root_approved_gate
v0_3_rule_first_selector_0_1,rule_first_selector_20260508_124555,sc:ecard:af455bacd8c2462f87e2,v0.3.0,,,,false,metric_summary_missing_or_unavailable,excluded,missing_candidate_level_evidence,blocked,hard_gate_not_passed,,,,blocked_no_candidate_level_evidence,,not_ranked,,,,,,,,,review_input_only_not_adoption_decision,rule_first_selector_must_not_feed_runtime_ranking_reports_backtests_trading_or_auto_adoption,production_activation_requires_later_root_approved_gate
v0_3_rule_first_selector_0_1,rule_first_selector_20260508_124555,sc:ecard:af6f0ae814d354f1079b,v0.3.0,,,,false,metric_summary_missing_or_unavailable,excluded,missing_candidate_level_evidence,blocked,hard_gate_not_passed,,,,blocked_no_candidate_level_evidence,,not_ranked,,,,,,,,,review_input_only_not_adoption_decision,rule_first_selector_must_not_feed_runtime_ranking_reports_backtests_trading_or_auto_adoption,production_activation_requires_later_root_approved_gate
v0_3_rule_first_selector_0_1,rule_first_selector_20260508_124555,sc:ecard:af78db8ff96fa0ce008c,v0.3.0,,,,false,metric_summary_missing_or_unavailable,excluded,missing_candidate_level_evidence,blocked,hard_gate_not_passed,,,,blocked_no_candidate_level_evidence,,not_ranked,,,,,,,,,review_input_only_not_adoption_decision,rule_first_selector_must_not_feed_runtime_ranking_reports_backtests_trading_or_auto_adoption,production_activation_requires_later_root_approved_gate
v0_3_rule_first_selector_0_1,rule_first_selector_20260508_124555,sc:ecard:afaa699ba7a878a29621,v0.3.0,,,,false,metric_summary_missing_or_unavailable,excluded,missing_candidate_level_evidence,blocked,hard_gate_not_passed,,,,blocked_no_candidate_level_evidence,,not_ranked,,,,,,,,,review_input_only_not_adoption_decision,rule_first_selector_must_not_feed_runtime_ranking_reports_backtests_trading_or_auto_adoption,production_activation_requires_later_root_approved_gate
v0_3_rule_first_selector_0_1,rule_first_selector_20260508_124555,sc:ecard:afbc57c8acbb6d146260,v0.3.0,,,,false,metric_summary_missing_or_unavailable,excluded,missing_candidate_level_evidence,blocked,hard_gate_not_passed,,,,blocked_no_candidate_level_evidence,,not_ranked,,,,,,,,,review_input_only_not_adoption_decision,rule_first_selector_must_not_feed_runtime_ranking_reports_backtests_trading_or_auto_adoption,production_activation_requires_later_root_approved_gate
v0_3_rule_first_selector_0_1,rule_first_selector_20260508_124555,sc:ecard:b0040954f987c2280a46,v0.3.0,,,,false,metric_summary_missing_or_unavailable,excluded,missing_candidate_level_evidence,blocked,hard_gate_not_passed,,,,blocked_no_candidate_level_evidence,,not_ranked,,,,,,,,,review_input_only_not_adoption_decision,rule_first_selector_must_not_feed_runtime_ranking_reports_backtests_trading_or_auto_adoption,production_activation_requires_later_root_approved_gate
v0_3_rule_first_selector_0_1,rule_first_selector_20260508_124555,sc:ecard:b062486da9acf6e1bcbb,v0.3.0,ee_v0_3_20260506_sc_ecard_b062486da9acf6e1bcbb,strategy_candidate,sc:ecard:b062486da9acf6e1bcbb,true,candidate_id_matches_candidate_level_evaluation_evidence,pass,passed_hard_exclusion,pass,passed_minimum_evidence_gate,58.671009,,58.671009,rule_only,48,reviewable_candidate,approved_evaluation_evidence,candidate_specific,0.9478898686276229,-0.6092164024086726,0.35818175172278915,0.8618159203980099,0.2968075686560764,,review_input_only_not_adoption_decision,rule_first_selector_must_not_feed_runtime_ranking_reports_backtests_trading_or_auto_adoption,production_activation_requires_later_root_approved_gate
v0_3_rule_first_selector_0_1,rule_first_selector_20260508_124555,sc:ecard:b063edf54db1e18e15ad,v0.3.0,,,,false,metric_summary_missing_or_unavailable,excluded,missing_candidate_level_evidence,blocked,hard_gate_not_passed,,,,blocked_no_candidate_level_evidence,,not_ranked,,,,,,,,,review_input_only_not_adoption_decision,rule_first_selector_must_not_feed_runtime_ranking_reports_backtests_trading_or_auto_adoption,production_activation_requires_later_root_approved_gate
v0_3_rule_first_selector_0_1,rule_first_selector_20260508_124555,sc:ecard:b11d49895608b1645e24,v0.3.0,,,,false,metric_summary_missing_or_unavailable,excluded,missing_candidate_level_evidence,blocked,hard_gate_not_passed,,,,blocked_no_candidate_level_evidence,,not_ranked,,,,,,,,,review_input_only_not_adoption_decision,rule_first_selector_must_not_feed_runtime_ranking_reports_backtests_trading_or_auto_adoption,production_activation_requires_later_root_approved_gate
v0_3_rule_first_selector_0_1,rule_first_selector_20260508_124555,sc:ecard:b152c488f8ed65e5ebf4,v0.3.0,,,,false,metric_summary_missing_or_unavailable,excluded,missing_candidate_level_evidence,blocked,hard_gate_not_passed,,,,blocked_no_candidate_level_evidence,,not_ranked,,,,,,,,,review_input_only_not_adoption_decision,rule_first_selector_must_not_feed_runtime_ranking_reports_backtests_trading_or_auto_adoption,production_activation_requires_later_root_approved_gate
v0_3_rule_first_selector_0_1,rule_first_selector_20260508_124555,sc:ecard:b21c707e81fae87f81e7,v0.3.0,,,,false,metric_summary_missing_or_unavailable,excluded,missing_candidate_level_evidence,blocked,hard_gate_not_passed,,,,blocked_no_candidate_level_evidence,,not_ranked,,,,,,,,,review_input_only_not_adoption_decision,rule_first_selector_must_not_feed_runtime_ranking_reports_backtests_trading_or_auto_adoption,production_activation_requires_later_root_approved_gate
v0_3_rule_first_selector_0_1,rule_first_selector_20260508_124555,sc:ecard:b22f8c3a945d9ad10eb1,v0.3.0,,,,false,metric_summary_missing_or_unavailable,excluded,missing_candidate_level_evidence,blocked,hard_gate_not_passed,,,,blocked_no_candidate_level_evidence,,not_ranked,,,,,,,,,review_input_only_not_adoption_decision,rule_first_selector_must_not_feed_runtime_ranking_reports_backtests_trading_or_auto_adoption,production_activation_requires_later_root_approved_gate
v0_3_rule_first_selector_0_1,rule_first_selector_20260508_124555,sc:ecard:b2a4a8ffda71c4a76f7d,v0.3.0,,,,false,metric_summary_missing_or_unavailable,excluded,missing_candidate_level_evidence,blocked,hard_gate_not_passed,,,,blocked_no_candidate_level_evidence,,not_ranked,,,,,,,,,review_input_only_not_adoption_decision,rule_first_selector_must_not_feed_runtime_ranking_reports_backtests_trading_or_auto_adoption,production_activation_requires_later_root_approved_gate
v0_3_rule_first_selector_0_1,rule_first_selector_20260508_124555,sc:ecard:b2aef9aaf237bd0372bf,v0.3.0,,,,false,metric_summary_missing_or_unavailable,excluded,missing_candidate_level_evidence,blocked,hard_gate_not_passed,,,,blocked_no_candidate_level_evidence,,not_ranked,,,,,,,,,review_input_only_not_adoption_decision,rule_first_selector_must_not_feed_runtime_ranking_reports_backtests_trading_or_auto_adoption,production_activation_requires_later_root_approved_gate
v0_3_rule_first_selector_0_1,rule_first_selector_20260508_124555,sc:ecard:b2bec105968a6446a70a,v0.3.0,,,,false,metric_summary_missing_or_unavailable,excluded,missing_candidate_level_evidence,blocked,hard_gate_not_passed,,,,blocked_no_candidate_level_evidence,,not_ranked,,,,,,,,,review_input_only_not_adoption_decision,rule_first_selector_must_not_feed_runtime_ranking_reports_backtests_trading_or_auto_adoption,production_activation_requires_later_root_approved_gate
v0_3_rule_first_selector_0_1,rule_first_selector_20260508_124555,sc:ecard:b2cbadd3bf5a659a02f1,v0.3.0,,,,false,metric_summary_missing_or_unavailable,excluded,missing_candidate_level_evidence,blocked,hard_gate_not_passed,,,,blocked_no_candidate_level_evidence,,not_ranked,,,,,,,,,review_input_only_not_adoption_decision,rule_first_selector_must_not_feed_runtime_ranking_reports_backtests_trading_or_auto_adoption,production_activation_requires_later_root_approved_gate
v0_3_rule_first_selector_0_1,rule_first_selector_20260508_124555,sc:ecard:b33dbc9a89575f0ac2aa,v0.3.0,,,,false,metric_summary_missing_or_unavailable,excluded,missing_candidate_level_evidence,blocked,hard_gate_not_passed,,,,blocked_no_candidate_level_evidence,,not_ranked,,,,,,,,,review_input_only_not_adoption_decision,rule_first_selector_must_not_feed_runtime_ranking_reports_backtests_trading_or_auto_adoption,production_activation_requires_later_root_approved_gate
v0_3_rule_first_selector_0_1,rule_first_selector_20260508_124555,sc:ecard:b33ec626e5c0abd17389,v0.3.0,,,,false,metric_summary_missing_or_unavailable,excluded,missing_candidate_level_evidence,blocked,hard_gate_not_passed,,,,blocked_no_candidate_level_evidence,,not_ranked,,,,,,,,,review_input_only_not_adoption_decision,rule_first_selector_must_not_feed_runtime_ranking_reports_backtests_trading_or_auto_adoption,production_activation_requires_later_root_approved_gate
v0_3_rule_first_selector_0_1,rule_first_selector_20260508_124555,sc:ecard:b350f65971f95a6ba521,v0.3.0,ee_v0_3_20260506_sc_ecard_b350f65971f95a6ba521,strategy_candidate,sc:ecard:b350f65971f95a6ba521,true,candidate_id_matches_candidate_level_evaluation_evidence,pass,passed_hard_exclusion,pass,passed_minimum_evidence_gate,60.641751,,60.641751,rule_only,15,secondary_review_candidate,approved_evaluation_evidence,candidate_specific,4.59248614414884,-0.49924422265194046,0.5932409139655367,0.686318407960199,0.39104534114120565,,review_input_only_not_adoption_decision,rule_first_selector_must_not_feed_runtime_ranking_reports_backtests_trading_or_auto_adoption,production_activation_requires_later_root_approved_gate
v0_3_rule_first_selector_0_1,rule_first_selector_20260508_124555,sc:ecard:b4fdf26a68069984b392,v0.3.0,ee_v0_3_20260506_sc_ecard_b4fdf26a68069984b392,strategy_candidate,sc:ecard:b4fdf26a68069984b392,true,candidate_id_matches_candidate_level_evaluation_evidence,pass,passed_hard_exclusion,pass,passed_minimum_evidence_gate,60.641751,,60.641751,rule_only,16,secondary_review_candidate,approved_evaluation_evidence,candidate_specific,4.59248614414884,-0.49924422265194046,0.5932409139655367,0.686318407960199,0.39104534114120565,,review_input_only_not_adoption_decision,rule_first_selector_must_not_feed_runtime_ranking_reports_backtests_trading_or_auto_adoption,production_activation_requires_later_root_approved_gate
v0_3_rule_first_selector_0_1,rule_first_selector_20260508_124555,sc:ecard:b500e7acf63edc8e9e15,v0.3.0,,,,false,metric_summary_missing_or_unavailable,excluded,missing_candidate_level_evidence,blocked,hard_gate_not_passed,,,,blocked_no_candidate_level_evidence,,not_ranked,,,,,,,,,review_input_only_not_adoption_decision,rule_first_selector_must_not_feed_runtime_ranking_reports_backtests_trading_or_auto_adoption,production_activation_requires_later_root_approved_gate
v0_3_rule_first_selector_0_1,rule_first_selector_20260508_124555,sc:ecard:b503d4432568e7146348,v0.3.0,,,,false,metric_summary_missing_or_unavailable,excluded,missing_candidate_level_evidence,blocked,hard_gate_not_passed,,,,blocked_no_candidate_level_evidence,,not_ranked,,,,,,,,,review_input_only_not_adoption_decision,rule_first_selector_must_not_feed_runtime_ranking_reports_backtests_trading_or_auto_adoption,production_activation_requires_later_root_approved_gate
v0_3_rule_first_selector_0_1,rule_first_selector_20260508_124555,sc:ecard:b5251d96c92fc9996fc5,v0.3.0,,,,false,metric_summary_missing_or_unavailable,excluded,missing_candidate_level_evidence,blocked,hard_gate_not_passed,,,,blocked_no_candidate_level_evidence,,not_ranked,,,,,,,,,review_input_only_not_adoption_decision,rule_first_selector_must_not_feed_runtime_ranking_reports_backtests_trading_or_auto_adoption,production_activation_requires_later_root_approved_gate
v0_3_rule_first_selector_0_1,rule_first_selector_20260508_124555,sc:ecard:b56593a1026de6fa48c9,v0.3.0,,,,false,metric_summary_missing_or_unavailable,excluded,missing_candidate_level_evidence,blocked,hard_gate_not_passed,,,,blocked_no_candidate_level_evidence,,not_ranked,,,,,,,,,review_input_only_not_adoption_decision,rule_first_selector_must_not_feed_runtime_ranking_reports_backtests_trading_or_auto_adoption,production_activation_requires_later_root_approved_gate
v0_3_rule_first_selector_0_1,rule_first_selector_20260508_124555,sc:ecard:b56a37aaa57ece68c66c,v0.3.0,,,,false,metric_summary_missing_or_unavailable,excluded,missing_candidate_level_evidence,blocked,hard_gate_not_passed,,,,blocked_no_candidate_level_evidence,,not_ranked,,,,,,,,,review_input_only_not_adoption_decision,rule_first_selector_must_not_feed_runtime_ranking_reports_backtests_trading_or_auto_adoption,production_activation_requires_later_root_approved_gate
v0_3_rule_first_selector_0_1,rule_first_selector_20260508_124555,sc:ecard:b5c4a4a6ad23d978069b,v0.3.0,,,,false,metric_summary_missing_or_unavailable,excluded,missing_candidate_level_evidence,blocked,hard_gate_not_passed,,,,blocked_no_candidate_level_evidence,,not_ranked,,,,,,,,,review_input_only_not_adoption_decision,rule_first_selector_must_not_feed_runtime_ranking_reports_backtests_trading_or_auto_adoption,production_activation_requires_later_root_approved_gate
v0_3_rule_first_selector_0_1,rule_first_selector_20260508_124555,sc:ecard:b6a1ad422cac7cffcfac,v0.3.0,,,,false,metric_summary_missing_or_unavailable,excluded,missing_candidate_level_evidence,blocked,hard_gate_not_passed,,,,blocked_no_candidate_level_evidence,,not_ranked,,,,,,,,,review_input_only_not_adoption_decision,rule_first_selector_must_not_feed_runtime_ranking_reports_backtests_trading_or_auto_adoption,production_activation_requires_later_root_approved_gate
v0_3_rule_first_selector_0_1,rule_first_selector_20260508_124555,sc:ecard:b6ff097e4969bac39a1e,v0.3.0,,,,false,metric_summary_missing_or_unavailable,excluded,missing_candidate_level_evidence,blocked,hard_gate_not_passed,,,,blocked_no_candidate_level_evidence,,not_ranked,,,,,,,,,review_input_only_not_adoption_decision,rule_first_selector_must_not_feed_runtime_ranking_reports_backtests_trading_or_auto_adoption,production_activation_requires_later_root_approved_gate
v0_3_rule_first_selector_0_1,rule_first_selector_20260508_124555,sc:ecard:b7508a26547683dbee4a,v0.3.0,,,,false,metric_summary_missing_or_unavailable,excluded,missing_candidate_level_evidence,blocked,hard_gate_not_passed,,,,blocked_no_candidate_level_evidence,,not_ranked,,,,,,,,,review_input_only_not_adoption_decision,rule_first_selector_must_not_feed_runtime_ranking_reports_backtests_trading_or_auto_adoption,production_activation_requires_later_root_approved_gate
v0_3_rule_first_selector_0_1,rule_first_selector_20260508_124555,sc:ecard:b7b74c0b93e7ec2ee650,v0.3.0,,,,false,metric_summary_missing_or_unavailable,excluded,missing_candidate_level_evidence,blocked,hard_gate_not_passed,,,,blocked_no_candidate_level_evidence,,not_ranked,,,,,,,,,review_input_only_not_adoption_decision,rule_first_selector_must_not_feed_runtime_ranking_reports_backtests_trading_or_auto_adoption,production_activation_requires_later_root_approved_gate
v0_3_rule_first_selector_0_1,rule_first_selector_20260508_124555,sc:ecard:b811a1b201a55fd96ccf,v0.3.0,,,,false,metric_summary_missing_or_unavailable,excluded,missing_candidate_level_evidence,blocked,hard_gate_not_passed,,,,blocked_no_candidate_level_evidence,,not_ranked,,,,,,,,,review_input_only_not_adoption_decision,rule_first_selector_must_not_feed_runtime_ranking_reports_backtests_trading_or_auto_adoption,production_activation_requires_later_root_approved_gate
v0_3_rule_first_selector_0_1,rule_first_selector_20260508_124555,sc:ecard:b845bcc3668767afcf4d,v0.3.0,,,,false,metric_summary_missing_or_unavailable,excluded,missing_candidate_level_evidence,blocked,hard_gate_not_passed,,,,blocked_no_candidate_level_evidence,,not_ranked,,,,,,,,,review_input_only_not_adoption_decision,rule_first_selector_must_not_feed_runtime_ranking_reports_backtests_trading_or_auto_adoption,production_activation_requires_later_root_approved_gate
v0_3_rule_first_selector_0_1,rule_first_selector_20260508_124555,sc:ecard:b87edb6aaf8bfe9ac0a4,v0.3.0,,,,false,metric_summary_missing_or_unavailable,excluded,missing_candidate_level_evidence,blocked,hard_gate_not_passed,,,,blocked_no_candidate_level_evidence,,not_ranked,,,,,,,,,review_input_only_not_adoption_decision,rule_first_selector_must_not_feed_runtime_ranking_reports_backtests_trading_or_auto_adoption,production_activation_requires_later_root_approved_gate
v0_3_rule_first_selector_0_1,rule_first_selector_20260508_124555,sc:ecard:b89aa6b2d0675e2f2844,v0.3.0,,,,false,metric_summary_missing_or_unavailable,excluded,missing_candidate_level_evidence,blocked,hard_gate_not_passed,,,,blocked_no_candidate_level_evidence,,not_ranked,,,,,,,,,review_input_only_not_adoption_decision,rule_first_selector_must_not_feed_runtime_ranking_reports_backtests_trading_or_auto_adoption,production_activation_requires_later_root_approved_gate
v0_3_rule_first_selector_0_1,rule_first_selector_20260508_124555,sc:ecard:ba3044c5d8d309bcf2d3,v0.3.0,,,,false,metric_summary_missing_or_unavailable,excluded,missing_candidate_level_evidence,blocked,hard_gate_not_passed,,,,blocked_no_candidate_level_evidence,,not_ranked,,,,,,,,,review_input_only_not_adoption_decision,rule_first_selector_must_not_feed_runtime_ranking_reports_backtests_trading_or_auto_adoption,production_activation_requires_later_root_approved_gate
v0_3_rule_first_selector_0_1,rule_first_selector_20260508_124555,sc:ecard:bb1073d2eb440d24114a,v0.3.0,,,,false,metric_summary_missing_or_unavailable,excluded,missing_candidate_level_evidence,blocked,hard_gate_not_passed,,,,blocked_no_candidate_level_evidence,,not_ranked,,,,,,,,,review_input_only_not_adoption_decision,rule_first_selector_must_not_feed_runtime_ranking_reports_backtests_trading_or_auto_adoption,production_activation_requires_later_root_approved_gate
v0_3_rule_first_selector_0_1,rule_first_selector_20260508_124555,sc:ecard:bbcef8aeaa52388ddbe4,v0.3.0,,,,false,metric_summary_missing_or_unavailable,excluded,missing_candidate_level_evidence,blocked,hard_gate_not_passed,,,,blocked_no_candidate_level_evidence,,not_ranked,,,,,,,,,review_input_only_not_adoption_decision,rule_first_selector_must_not_feed_runtime_ranking_reports_backtests_trading_or_auto_adoption,production_activation_requires_later_root_approved_gate
v0_3_rule_first_selector_0_1,rule_first_selector_20260508_124555,sc:ecard:bc00c98976dd8c52600b,v0.3.0,,,,false,metric_summary_missing_or_unavailable,excluded,missing_candidate_level_evidence,blocked,hard_gate_not_passed,,,,blocked_no_candidate_level_evidence,,not_ranked,,,,,,,,,review_input_only_not_adoption_decision,rule_first_selector_must_not_feed_runtime_ranking_reports_backtests_trading_or_auto_adoption,production_activation_requires_later_root_approved_gate
v0_3_rule_first_selector_0_1,rule_first_selector_20260508_124555,sc:ecard:bc4e8afeeff2415d9761,v0.3.0,,,,false,metric_summary_missing_or_unavailable,excluded,missing_candidate_level_evidence,blocked,hard_gate_not_passed,,,,blocked_no_candidate_level_evidence,,not_ranked,,,,,,,,,review_input_only_not_adoption_decision,rule_first_selector_must_not_feed_runtime_ranking_reports_backtests_trading_or_auto_adoption,production_activation_requires_later_root_approved_gate
v0_3_rule_first_selector_0_1,rule_first_selector_20260508_124555,sc:ecard:bddbbefacd9321107dde,v0.3.0,,,,false,metric_summary_missing_or_unavailable,excluded,missing_candidate_level_evidence,blocked,hard_gate_not_passed,,,,blocked_no_candidate_level_evidence,,not_ranked,,,,,,,,,review_input_only_not_adoption_decision,rule_first_selector_must_not_feed_runtime_ranking_reports_backtests_trading_or_auto_adoption,production_activation_requires_later_root_approved_gate
v0_3_rule_first_selector_0_1,rule_first_selector_20260508_124555,sc:ecard:bf02ce047f6b85970113,v0.3.0,,,,false,metric_summary_missing_or_unavailable,excluded,missing_candidate_level_evidence,blocked,hard_gate_not_passed,,,,blocked_no_candidate_level_evidence,,not_ranked,,,,,,,,,review_input_only_not_adoption_decision,rule_first_selector_must_not_feed_runtime_ranking_reports_backtests_trading_or_auto_adoption,production_activation_requires_later_root_approved_gate
v0_3_rule_first_selector_0_1,rule_first_selector_20260508_124555,sc:ecard:bf6f71e578bca7857e5d,v0.3.0,,,,false,metric_summary_missing_or_unavailable,excluded,missing_candidate_level_evidence,blocked,hard_gate_not_passed,,,,blocked_no_candidate_level_evidence,,not_ranked,,,,,,,,,review_input_only_not_adoption_decision,rule_first_selector_must_not_feed_runtime_ranking_reports_backtests_trading_or_auto_adoption,production_activation_requires_later_root_approved_gate
v0_3_rule_first_selector_0_1,rule_first_selector_20260508_124555,sc:ecard:bf7394ad18f85aa60756,v0.3.0,,,,false,metric_summary_missing_or_unavailable,excluded,missing_candidate_level_evidence,blocked,hard_gate_not_passed,,,,blocked_no_candidate_level_evidence,,not_ranked,,,,,,,,,review_input_only_not_adoption_decision,rule_first_selector_must_not_feed_runtime_ranking_reports_backtests_trading_or_auto_adoption,production_activation_requires_later_root_approved_gate
v0_3_rule_first_selector_0_1,rule_first_selector_20260508_124555,sc:ecard:bf9088ffe71f451bb9a9,v0.3.0,,,,false,metric_summary_missing_or_unavailable,excluded,missing_candidate_level_evidence,blocked,hard_gate_not_passed,,,,blocked_no_candidate_level_evidence,,not_ranked,,,,,,,,,review_input_only_not_adoption_decision,rule_first_selector_must_not_feed_runtime_ranking_reports_backtests_trading_or_auto_adoption,production_activation_requires_later_root_approved_gate
v0_3_rule_first_selector_0_1,rule_first_selector_20260508_124555,sc:ecard:bfc94853f69b22b45982,v0.3.0,,,,false,metric_summary_missing_or_unavailable,excluded,missing_candidate_level_evidence,blocked,hard_gate_not_passed,,,,blocked_no_candidate_level_evidence,,not_ranked,,,,,,,,,review_input_only_not_adoption_decision,rule_first_selector_must_not_feed_runtime_ranking_reports_backtests_trading_or_auto_adoption,production_activation_requires_later_root_approved_gate
v0_3_rule_first_selector_0_1,rule_first_selector_20260508_124555,sc:ecard:c00d2949120cd6fa3733,v0.3.0,,,,false,metric_summary_missing_or_unavailable,excluded,missing_candidate_level_evidence,blocked,hard_gate_not_passed,,,,blocked_no_candidate_level_evidence,,not_ranked,,,,,,,,,review_input_only_not_adoption_decision,rule_first_selector_must_not_feed_runtime_ranking_reports_backtests_trading_or_auto_adoption,production_activation_requires_later_root_approved_gate
v0_3_rule_first_selector_0_1,rule_first_selector_20260508_124555,sc:ecard:c02d0ae47075bbc41266,v0.3.0,,,,false,metric_summary_missing_or_unavailable,excluded,missing_candidate_level_evidence,blocked,hard_gate_not_passed,,,,blocked_no_candidate_level_evidence,,not_ranked,,,,,,,,,review_input_only_not_adoption_decision,rule_first_selector_must_not_feed_runtime_ranking_reports_backtests_trading_or_auto_adoption,production_activation_requires_later_root_approved_gate
v0_3_rule_first_selector_0_1,rule_first_selector_20260508_124555,sc:ecard:c08198dd7be3e82150e4,v0.3.0,,,,false,metric_summary_missing_or_unavailable,excluded,missing_candidate_level_evidence,blocked,hard_gate_not_passed,,,,blocked_no_candidate_level_evidence,,not_ranked,,,,,,,,,review_input_only_not_adoption_decision,rule_first_selector_must_not_feed_runtime_ranking_reports_backtests_trading_or_auto_adoption,production_activation_requires_later_root_approved_gate
v0_3_rule_first_selector_0_1,rule_first_selector_20260508_124555,sc:ecard:c0a6d5bec8cb40849acd,v0.3.0,,,,false,metric_summary_missing_or_unavailable,excluded,missing_candidate_level_evidence,blocked,hard_gate_not_passed,,,,blocked_no_candidate_level_evidence,,not_ranked,,,,,,,,,review_input_only_not_adoption_decision,rule_first_selector_must_not_feed_runtime_ranking_reports_backtests_trading_or_auto_adoption,production_activation_requires_later_root_approved_gate
v0_3_rule_first_selector_0_1,rule_first_selector_20260508_124555,sc:ecard:c2728b36d3b44bfd64a3,v0.3.0,,,,false,metric_summary_missing_or_unavailable,excluded,missing_candidate_level_evidence,blocked,hard_gate_not_passed,,,,blocked_no_candidate_level_evidence,,not_ranked,,,,,,,,,review_input_only_not_adoption_decision,rule_first_selector_must_not_feed_runtime_ranking_reports_backtests_trading_or_auto_adoption,production_activation_requires_later_root_approved_gate
v0_3_rule_first_selector_0_1,rule_first_selector_20260508_124555,sc:ecard:c294e245e3e205c383db,v0.3.0,,,,false,metric_summary_missing_or_unavailable,excluded,missing_candidate_level_evidence,blocked,hard_gate_not_passed,,,,blocked_no_candidate_level_evidence,,not_ranked,,,,,,,,,review_input_only_not_adoption_decision,rule_first_selector_must_not_feed_runtime_ranking_reports_backtests_trading_or_auto_adoption,production_activation_requires_later_root_approved_gate
v0_3_rule_first_selector_0_1,rule_first_selector_20260508_124555,sc:ecard:c2a3bbbf26c5f1945e72,v0.3.0,,,,false,metric_summary_missing_or_unavailable,excluded,missing_candidate_level_evidence,blocked,hard_gate_not_passed,,,,blocked_no_candidate_level_evidence,,not_ranked,,,,,,,,,review_input_only_not_adoption_decision,rule_first_selector_must_not_feed_runtime_ranking_reports_backtests_trading_or_auto_adoption,production_activation_requires_later_root_approved_gate
v0_3_rule_first_selector_0_1,rule_first_selector_20260508_124555,sc:ecard:c30a8d187aee7e29e5ca,v0.3.0,,,,false,metric_summary_missing_or_unavailable,excluded,missing_candidate_level_evidence,blocked,hard_gate_not_passed,,,,blocked_no_candidate_level_evidence,,not_ranked,,,,,,,,,review_input_only_not_adoption_decision,rule_first_selector_must_not_feed_runtime_ranking_reports_backtests_trading_or_auto_adoption,production_activation_requires_later_root_approved_gate
v0_3_rule_first_selector_0_1,rule_first_selector_20260508_124555,sc:ecard:c36ad3a5ba87888bddc4,v0.3.0,,,,false,metric_summary_missing_or_unavailable,excluded,missing_candidate_level_evidence,blocked,hard_gate_not_passed,,,,blocked_no_candidate_level_evidence,,not_ranked,,,,,,,,,review_input_only_not_adoption_decision,rule_first_selector_must_not_feed_runtime_ranking_reports_backtests_trading_or_auto_adoption,production_activation_requires_later_root_approved_gate
v0_3_rule_first_selector_0_1,rule_first_selector_20260508_124555,sc:ecard:c3acf7dc6868705c07ff,v0.3.0,,,,false,metric_summary_missing_or_unavailable,excluded,missing_candidate_level_evidence,blocked,hard_gate_not_passed,,,,blocked_no_candidate_level_evidence,,not_ranked,,,,,,,,,review_input_only_not_adoption_decision,rule_first_selector_must_not_feed_runtime_ranking_reports_backtests_trading_or_auto_adoption,production_activation_requires_later_root_approved_gate
v0_3_rule_first_selector_0_1,rule_first_selector_20260508_124555,sc:ecard:c454661d5b6772e286c5,v0.3.0,,,,false,metric_summary_missing_or_unavailable,excluded,missing_candidate_level_evidence,blocked,hard_gate_not_passed,,,,blocked_no_candidate_level_evidence,,not_ranked,,,,,,,,,review_input_only_not_adoption_decision,rule_first_selector_must_not_feed_runtime_ranking_reports_backtests_trading_or_auto_adoption,production_activation_requires_later_root_approved_gate
v0_3_rule_first_selector_0_1,rule_first_selector_20260508_124555,sc:ecard:c4eca04e2de7901ad79d,v0.3.0,,,,false,metric_summary_missing_or_unavailable,excluded,missing_candidate_level_evidence,blocked,hard_gate_not_passed,,,,blocked_no_candidate_level_evidence,,not_ranked,,,,,,,,,review_input_only_not_adoption_decision,rule_first_selector_must_not_feed_runtime_ranking_reports_backtests_trading_or_auto_adoption,production_activation_requires_later_root_approved_gate
v0_3_rule_first_selector_0_1,rule_first_selector_20260508_124555,sc:ecard:c5a3d186441de91fec4a,v0.3.0,,,,false,metric_summary_missing_or_unavailable,excluded,missing_candidate_level_evidence,blocked,hard_gate_not_passed,,,,blocked_no_candidate_level_evidence,,not_ranked,,,,,,,,,review_input_only_not_adoption_decision,rule_first_selector_must_not_feed_runtime_ranking_reports_backtests_trading_or_auto_adoption,production_activation_requires_later_root_approved_gate
v0_3_rule_first_selector_0_1,rule_first_selector_20260508_124555,sc:ecard:c66393848604334dd662,v0.3.0,,,,false,metric_summary_missing_or_unavailable,excluded,missing_candidate_level_evidence,blocked,hard_gate_not_passed,,,,blocked_no_candidate_level_evidence,,not_ranked,,,,,,,,,review_input_only_not_adoption_decision,rule_first_selector_must_not_feed_runtime_ranking_reports_backtests_trading_or_auto_adoption,production_activation_requires_later_root_approved_gate
v0_3_rule_first_selector_0_1,rule_first_selector_20260508_124555,sc:ecard:c66de9f54d02f4bac03d,v0.3.0,,,,false,metric_summary_missing_or_unavailable,excluded,missing_candidate_level_evidence,blocked,hard_gate_not_passed,,,,blocked_no_candidate_level_evidence,,not_ranked,,,,,,,,,review_input_only_not_adoption_decision,rule_first_selector_must_not_feed_runtime_ranking_reports_backtests_trading_or_auto_adoption,production_activation_requires_later_root_approved_gate
v0_3_rule_first_selector_0_1,rule_first_selector_20260508_124555,sc:ecard:c678f8cfac7e251ecdea,v0.3.0,ee_v0_3_20260506_sc_ecard_c678f8cfac7e251ecdea,strategy_candidate,sc:ecard:c678f8cfac7e251ecdea,true,candidate_id_matches_candidate_level_evaluation_evidence,pass,passed_hard_exclusion,pass,passed_minimum_evidence_gate,58.671009,,58.671009,rule_only,49,reviewable_candidate,approved_evaluation_evidence,candidate_specific,0.9478898686276229,-0.6092164024086726,0.35818175172278915,0.8618159203980099,0.2968075686560764,,review_input_only_not_adoption_decision,rule_first_selector_must_not_feed_runtime_ranking_reports_backtests_trading_or_auto_adoption,production_activation_requires_later_root_approved_gate
v0_3_rule_first_selector_0_1,rule_first_selector_20260508_124555,sc:ecard:c67b556cd6f6d1523311,v0.3.0,,,,false,metric_summary_missing_or_unavailable,excluded,missing_candidate_level_evidence,blocked,hard_gate_not_passed,,,,blocked_no_candidate_level_evidence,,not_ranked,,,,,,,,,review_input_only_not_adoption_decision,rule_first_selector_must_not_feed_runtime_ranking_reports_backtests_trading_or_auto_adoption,production_activation_requires_later_root_approved_gate
v0_3_rule_first_selector_0_1,rule_first_selector_20260508_124555,sc:ecard:c697d487d8439677796b,v0.3.0,,,,false,metric_summary_missing_or_unavailable,excluded,missing_candidate_level_evidence,blocked,hard_gate_not_passed,,,,blocked_no_candidate_level_evidence,,not_ranked,,,,,,,,,review_input_only_not_adoption_decision,rule_first_selector_must_not_feed_runtime_ranking_reports_backtests_trading_or_auto_adoption,production_activation_requires_later_root_approved_gate
v0_3_rule_first_selector_0_1,rule_first_selector_20260508_124555,sc:ecard:c6f49b261e04eff59408,v0.3.0,,,,false,metric_summary_missing_or_unavailable,excluded,missing_candidate_level_evidence,blocked,hard_gate_not_passed,,,,blocked_no_candidate_level_evidence,,not_ranked,,,,,,,,,review_input_only_not_adoption_decision,rule_first_selector_must_not_feed_runtime_ranking_reports_backtests_trading_or_auto_adoption,production_activation_requires_later_root_approved_gate
v0_3_rule_first_selector_0_1,rule_first_selector_20260508_124555,sc:ecard:c704a9ebe8fc093c98bc,v0.3.0,,,,false,metric_summary_missing_or_unavailable,excluded,missing_candidate_level_evidence,blocked,hard_gate_not_passed,,,,blocked_no_candidate_level_evidence,,not_ranked,,,,,,,,,review_input_only_not_adoption_decision,rule_first_selector_must_not_feed_runtime_ranking_reports_backtests_trading_or_auto_adoption,production_activation_requires_later_root_approved_gate
v0_3_rule_first_selector_0_1,rule_first_selector_20260508_124555,sc:ecard:c7090f26cd0b63125f59,v0.3.0,ee_v0_3_20260506_sc_ecard_c7090f26cd0b63125f59,strategy_candidate,sc:ecard:c7090f26cd0b63125f59,true,candidate_id_matches_candidate_level_evaluation_evidence,pass,passed_hard_exclusion,pass,passed_minimum_evidence_gate,58.671009,,58.671009,rule_only,50,reviewable_candidate,approved_evaluation_evidence,candidate_specific,0.9478898686276229,-0.6092164024086726,0.35818175172278915,0.8618159203980099,0.2968075686560764,,review_input_only_not_adoption_decision,rule_first_selector_must_not_feed_runtime_ranking_reports_backtests_trading_or_auto_adoption,production_activation_requires_later_root_approved_gate
v0_3_rule_first_selector_0_1,rule_first_selector_20260508_124555,sc:ecard:c7714209cb8aa522b4b5,v0.3.0,,,,false,metric_summary_missing_or_unavailable,excluded,missing_candidate_level_evidence,blocked,hard_gate_not_passed,,,,blocked_no_candidate_level_evidence,,not_ranked,,,,,,,,,review_input_only_not_adoption_decision,rule_first_selector_must_not_feed_runtime_ranking_reports_backtests_trading_or_auto_adoption,production_activation_requires_later_root_approved_gate
v0_3_rule_first_selector_0_1,rule_first_selector_20260508_124555,sc:ecard:c77552a5e7f397c42cbf,v0.3.0,,,,false,metric_summary_missing_or_unavailable,excluded,missing_candidate_level_evidence,blocked,hard_gate_not_passed,,,,blocked_no_candidate_level_evidence,,not_ranked,,,,,,,,,review_input_only_not_adoption_decision,rule_first_selector_must_not_feed_runtime_ranking_reports_backtests_trading_or_auto_adoption,production_activation_requires_later_root_approved_gate
v0_3_rule_first_selector_0_1,rule_first_selector_20260508_124555,sc:ecard:c7e3375e7412ca2b565c,v0.3.0,,,,false,metric_summary_missing_or_unavailable,excluded,missing_candidate_level_evidence,blocked,hard_gate_not_passed,,,,blocked_no_candidate_level_evidence,,not_ranked,,,,,,,,,review_input_only_not_adoption_decision,rule_first_selector_must_not_feed_runtime_ranking_reports_backtests_trading_or_auto_adoption,production_activation_requires_later_root_approved_gate
v0_3_rule_first_selector_0_1,rule_first_selector_20260508_124555,sc:ecard:c852cb671b86627b6c77,v0.3.0,,,,false,metric_summary_missing_or_unavailable,excluded,missing_candidate_level_evidence,blocked,hard_gate_not_passed,,,,blocked_no_candidate_level_evidence,,not_ranked,,,,,,,,,review_input_only_not_adoption_decision,rule_first_selector_must_not_feed_runtime_ranking_reports_backtests_trading_or_auto_adoption,production_activation_requires_later_root_approved_gate
v0_3_rule_first_selector_0_1,rule_first_selector_20260508_124555,sc:ecard:c8c49c28a8603b21dbfa,v0.3.0,ee_v0_3_20260506_sc_ecard_c8c49c28a8603b21dbfa,strategy_candidate,sc:ecard:c8c49c28a8603b21dbfa,true,candidate_id_matches_candidate_level_evaluation_evidence,pass,passed_hard_exclusion,pass,passed_minimum_evidence_gate,32.048278,,32.048278,rule_only,59,reviewable_candidate,approved_evaluation_evidence,candidate_specific,-0.06993676616043398,-0.43446907470055085,0.0738775881276168,0.8769900497512437,0.3344231353969896,,review_input_only_not_adoption_decision,rule_first_selector_must_not_feed_runtime_ranking_reports_backtests_trading_or_auto_adoption,production_activation_requires_later_root_approved_gate
v0_3_rule_first_selector_0_1,rule_first_selector_20260508_124555,sc:ecard:c9c5d882fcc2e349590b,v0.3.0,,,,false,metric_summary_missing_or_unavailable,excluded,missing_candidate_level_evidence,blocked,hard_gate_not_passed,,,,blocked_no_candidate_level_evidence,,not_ranked,,,,,,,,,review_input_only_not_adoption_decision,rule_first_selector_must_not_feed_runtime_ranking_reports_backtests_trading_or_auto_adoption,production_activation_requires_later_root_approved_gate
v0_3_rule_first_selector_0_1,rule_first_selector_20260508_124555,sc:ecard:c9d271102ea21788985b,v0.3.0,,,,false,metric_summary_missing_or_unavailable,excluded,missing_candidate_level_evidence,blocked,hard_gate_not_passed,,,,blocked_no_candidate_level_evidence,,not_ranked,,,,,,,,,review_input_only_not_adoption_decision,rule_first_selector_must_not_feed_runtime_ranking_reports_backtests_trading_or_auto_adoption,production_activation_requires_later_root_approved_gate
v0_3_rule_first_selector_0_1,rule_first_selector_20260508_124555,sc:ecard:ca3dd000c8df00babbce,v0.3.0,ee_v0_3_20260506_sc_ecard_ca3dd000c8df00babbce,strategy_candidate,sc:ecard:ca3dd000c8df00babbce,true,candidate_id_matches_candidate_level_evaluation_evidence,pass,passed_hard_exclusion,pass,passed_minimum_evidence_gate,32.048278,,32.048278,rule_only,60,reviewable_candidate,approved_evaluation_evidence,candidate_specific,-0.06993676616043398,-0.43446907470055085,0.0738775881276168,0.8769900497512437,0.3344231353969896,,review_input_only_not_adoption_decision,rule_first_selector_must_not_feed_runtime_ranking_reports_backtests_trading_or_auto_adoption,production_activation_requires_later_root_approved_gate
v0_3_rule_first_selector_0_1,rule_first_selector_20260508_124555,sc:ecard:ca718697e5c1eaced94b,v0.3.0,,,,false,metric_summary_missing_or_unavailable,excluded,missing_candidate_level_evidence,blocked,hard_gate_not_passed,,,,blocked_no_candidate_level_evidence,,not_ranked,,,,,,,,,review_input_only_not_adoption_decision,rule_first_selector_must_not_feed_runtime_ranking_reports_backtests_trading_or_auto_adoption,production_activation_requires_later_root_approved_gate
v0_3_rule_first_selector_0_1,rule_first_selector_20260508_124555,sc:ecard:ca90a498b2b4176aeb2e,v0.3.0,,,,false,metric_summary_missing_or_unavailable,excluded,missing_candidate_level_evidence,blocked,hard_gate_not_passed,,,,blocked_no_candidate_level_evidence,,not_ranked,,,,,,,,,review_input_only_not_adoption_decision,rule_first_selector_must_not_feed_runtime_ranking_reports_backtests_trading_or_auto_adoption,production_activation_requires_later_root_approved_gate
v0_3_rule_first_selector_0_1,rule_first_selector_20260508_124555,sc:ecard:ca9ee6e27cb5ec3dcdc8,v0.3.0,,,,false,metric_summary_missing_or_unavailable,excluded,missing_candidate_level_evidence,blocked,hard_gate_not_passed,,,,blocked_no_candidate_level_evidence,,not_ranked,,,,,,,,,review_input_only_not_adoption_decision,rule_first_selector_must_not_feed_runtime_ranking_reports_backtests_trading_or_auto_adoption,production_activation_requires_later_root_approved_gate
v0_3_rule_first_selector_0_1,rule_first_selector_20260508_124555,sc:ecard:cabde7631c878e8ac6ab,v0.3.0,,,,false,metric_summary_missing_or_unavailable,excluded,missing_candidate_level_evidence,blocked,hard_gate_not_passed,,,,blocked_no_candidate_level_evidence,,not_ranked,,,,,,,,,review_input_only_not_adoption_decision,rule_first_selector_must_not_feed_runtime_ranking_reports_backtests_trading_or_auto_adoption,production_activation_requires_later_root_approved_gate
v0_3_rule_first_selector_0_1,rule_first_selector_20260508_124555,sc:ecard:cb8ee71498f97a77bc80,v0.3.0,,,,false,metric_summary_missing_or_unavailable,excluded,missing_candidate_level_evidence,blocked,hard_gate_not_passed,,,,blocked_no_candidate_level_evidence,,not_ranked,,,,,,,,,review_input_only_not_adoption_decision,rule_first_selector_must_not_feed_runtime_ranking_reports_backtests_trading_or_auto_adoption,production_activation_requires_later_root_approved_gate
v0_3_rule_first_selector_0_1,rule_first_selector_20260508_124555,sc:ecard:cb9988e49c8dc91f3f90,v0.3.0,,,,false,metric_summary_missing_or_unavailable,excluded,missing_candidate_level_evidence,blocked,hard_gate_not_passed,,,,blocked_no_candidate_level_evidence,,not_ranked,,,,,,,,,review_input_only_not_adoption_decision,rule_first_selector_must_not_feed_runtime_ranking_reports_backtests_trading_or_auto_adoption,production_activation_requires_later_root_approved_gate
v0_3_rule_first_selector_0_1,rule_first_selector_20260508_124555,sc:ecard:cc70cd7911044ba9be72,v0.3.0,,,,false,metric_summary_missing_or_unavailable,excluded,missing_candidate_level_evidence,blocked,hard_gate_not_passed,,,,blocked_no_candidate_level_evidence,,not_ranked,,,,,,,,,review_input_only_not_adoption_decision,rule_first_selector_must_not_feed_runtime_ranking_reports_backtests_trading_or_auto_adoption,production_activation_requires_later_root_approved_gate
v0_3_rule_first_selector_0_1,rule_first_selector_20260508_124555,sc:ecard:ccc4752ce673281a0d78,v0.3.0,,,,false,metric_summary_missing_or_unavailable,excluded,missing_candidate_level_evidence,blocked,hard_gate_not_passed,,,,blocked_no_candidate_level_evidence,,not_ranked,,,,,,,,,review_input_only_not_adoption_decision,rule_first_selector_must_not_feed_runtime_ranking_reports_backtests_trading_or_auto_adoption,production_activation_requires_later_root_approved_gate
v0_3_rule_first_selector_0_1,rule_first_selector_20260508_124555,sc:ecard:cd6765928839e012c52a,v0.3.0,,,,false,metric_summary_missing_or_unavailable,excluded,missing_candidate_level_evidence,blocked,hard_gate_not_passed,,,,blocked_no_candidate_level_evidence,,not_ranked,,,,,,,,,review_input_only_not_adoption_decision,rule_first_selector_must_not_feed_runtime_ranking_reports_backtests_trading_or_auto_adoption,production_activation_requires_later_root_approved_gate
v0_3_rule_first_selector_0_1,rule_first_selector_20260508_124555,sc:ecard:cdce22fec9386856193b,v0.3.0,,,,false,metric_summary_missing_or_unavailable,excluded,missing_candidate_level_evidence,blocked,hard_gate_not_passed,,,,blocked_no_candidate_level_evidence,,not_ranked,,,,,,,,,review_input_only_not_adoption_decision,rule_first_selector_must_not_feed_runtime_ranking_reports_backtests_trading_or_auto_adoption,production_activation_requires_later_root_approved_gate
v0_3_rule_first_selector_0_1,rule_first_selector_20260508_124555,sc:ecard:ce29413b9cda9b5c5b42,v0.3.0,,,,false,metric_summary_missing_or_unavailable,excluded,missing_candidate_level_evidence,blocked,hard_gate_not_passed,,,,blocked_no_candidate_level_evidence,,not_ranked,,,,,,,,,review_input_only_not_adoption_decision,rule_first_selector_must_not_feed_runtime_ranking_reports_backtests_trading_or_auto_adoption,production_activation_requires_later_root_approved_gate
v0_3_rule_first_selector_0_1,rule_first_selector_20260508_124555,sc:ecard:ce2c9d91767eadf8fff2,v0.3.0,,,,false,metric_summary_missing_or_unavailable,excluded,missing_candidate_level_evidence,blocked,hard_gate_not_passed,,,,blocked_no_candidate_level_evidence,,not_ranked,,,,,,,,,review_input_only_not_adoption_decision,rule_first_selector_must_not_feed_runtime_ranking_reports_backtests_trading_or_auto_adoption,production_activation_requires_later_root_approved_gate
v0_3_rule_first_selector_0_1,rule_first_selector_20260508_124555,sc:ecard:ce59b4e2e182de912513,v0.3.0,,,,false,metric_summary_missing_or_unavailable,excluded,missing_candidate_level_evidence,blocked,hard_gate_not_passed,,,,blocked_no_candidate_level_evidence,,not_ranked,,,,,,,,,review_input_only_not_adoption_decision,rule_first_selector_must_not_feed_runtime_ranking_reports_backtests_trading_or_auto_adoption,production_activation_requires_later_root_approved_gate
v0_3_rule_first_selector_0_1,rule_first_selector_20260508_124555,sc:ecard:ce6f41b0ab91557a255c,v0.3.0,,,,false,metric_summary_missing_or_unavailable,excluded,missing_candidate_level_evidence,blocked,hard_gate_not_passed,,,,blocked_no_candidate_level_evidence,,not_ranked,,,,,,,,,review_input_only_not_adoption_decision,rule_first_selector_must_not_feed_runtime_ranking_reports_backtests_trading_or_auto_adoption,production_activation_requires_later_root_approved_gate
v0_3_rule_first_selector_0_1,rule_first_selector_20260508_124555,sc:ecard:cf6d4047445e573d91a1,v0.3.0,,,,false,metric_summary_missing_or_unavailable,excluded,missing_candidate_level_evidence,blocked,hard_gate_not_passed,,,,blocked_no_candidate_level_evidence,,not_ranked,,,,,,,,,review_input_only_not_adoption_decision,rule_first_selector_must_not_feed_runtime_ranking_reports_backtests_trading_or_auto_adoption,production_activation_requires_later_root_approved_gate
v0_3_rule_first_selector_0_1,rule_first_selector_20260508_124555,sc:ecard:cf8d316e2dd0fd95f21c,v0.3.0,,,,false,metric_summary_missing_or_unavailable,excluded,missing_candidate_level_evidence,blocked,hard_gate_not_passed,,,,blocked_no_candidate_level_evidence,,not_ranked,,,,,,,,,review_input_only_not_adoption_decision,rule_first_selector_must_not_feed_runtime_ranking_reports_backtests_trading_or_auto_adoption,production_activation_requires_later_root_approved_gate
v0_3_rule_first_selector_0_1,rule_first_selector_20260508_124555,sc:ecard:cfd996db80d683b6924e,v0.3.0,ee_v0_3_20260506_sc_ecard_cfd996db80d683b6924e,strategy_candidate,sc:ecard:cfd996db80d683b6924e,true,candidate_id_matches_candidate_level_evaluation_evidence,pass,passed_hard_exclusion,pass,passed_minimum_evidence_gate,58.671009,,58.671009,rule_only,51,reviewable_candidate,approved_evaluation_evidence,candidate_specific,0.9478898686276229,-0.6092164024086726,0.35818175172278915,0.8618159203980099,0.2968075686560764,,review_input_only_not_adoption_decision,rule_first_selector_must_not_feed_runtime_ranking_reports_backtests_trading_or_auto_adoption,production_activation_requires_later_root_approved_gate
v0_3_rule_first_selector_0_1,rule_first_selector_20260508_124555,sc:ecard:d1039ed869464b1a2c7e,v0.3.0,,,,false,metric_summary_missing_or_unavailable,excluded,missing_candidate_level_evidence,blocked,hard_gate_not_passed,,,,blocked_no_candidate_level_evidence,,not_ranked,,,,,,,,,review_input_only_not_adoption_decision,rule_first_selector_must_not_feed_runtime_ranking_reports_backtests_trading_or_auto_adoption,production_activation_requires_later_root_approved_gate
v0_3_rule_first_selector_0_1,rule_first_selector_20260508_124555,sc:ecard:d1b8dc46c90c784cb684,v0.3.0,,,,false,metric_summary_missing_or_unavailable,excluded,missing_candidate_level_evidence,blocked,hard_gate_not_passed,,,,blocked_no_candidate_level_evidence,,not_ranked,,,,,,,,,review_input_only_not_adoption_decision,rule_first_selector_must_not_feed_runtime_ranking_reports_backtests_trading_or_auto_adoption,production_activation_requires_later_root_approved_gate
v0_3_rule_first_selector_0_1,rule_first_selector_20260508_124555,sc:ecard:d3343b2f0b0c00b1fbca,v0.3.0,,,,false,metric_summary_missing_or_unavailable,excluded,missing_candidate_level_evidence,blocked,hard_gate_not_passed,,,,blocked_no_candidate_level_evidence,,not_ranked,,,,,,,,,review_input_only_not_adoption_decision,rule_first_selector_must_not_feed_runtime_ranking_reports_backtests_trading_or_auto_adoption,production_activation_requires_later_root_approved_gate
v0_3_rule_first_selector_0_1,rule_first_selector_20260508_124555,sc:ecard:d33b68aae5055d6d3666,v0.3.0,,,,false,metric_summary_missing_or_unavailable,excluded,missing_candidate_level_evidence,blocked,hard_gate_not_passed,,,,blocked_no_candidate_level_evidence,,not_ranked,,,,,,,,,review_input_only_not_adoption_decision,rule_first_selector_must_not_feed_runtime_ranking_reports_backtests_trading_or_auto_adoption,production_activation_requires_later_root_approved_gate
v0_3_rule_first_selector_0_1,rule_first_selector_20260508_124555,sc:ecard:d36b1f006fd576bdba24,v0.3.0,,,,false,metric_summary_missing_or_unavailable,excluded,missing_candidate_level_evidence,blocked,hard_gate_not_passed,,,,blocked_no_candidate_level_evidence,,not_ranked,,,,,,,,,review_input_only_not_adoption_decision,rule_first_selector_must_not_feed_runtime_ranking_reports_backtests_trading_or_auto_adoption,production_activation_requires_later_root_approved_gate
v0_3_rule_first_selector_0_1,rule_first_selector_20260508_124555,sc:ecard:d38a9866ca637fb9b255,v0.3.0,,,,false,metric_summary_missing_or_unavailable,excluded,missing_candidate_level_evidence,blocked,hard_gate_not_passed,,,,blocked_no_candidate_level_evidence,,not_ranked,,,,,,,,,review_input_only_not_adoption_decision,rule_first_selector_must_not_feed_runtime_ranking_reports_backtests_trading_or_auto_adoption,production_activation_requires_later_root_approved_gate
v0_3_rule_first_selector_0_1,rule_first_selector_20260508_124555,sc:ecard:d398f361223767c1cdd0,v0.3.0,,,,false,metric_summary_missing_or_unavailable,excluded,missing_candidate_level_evidence,blocked,hard_gate_not_passed,,,,blocked_no_candidate_level_evidence,,not_ranked,,,,,,,,,review_input_only_not_adoption_decision,rule_first_selector_must_not_feed_runtime_ranking_reports_backtests_trading_or_auto_adoption,production_activation_requires_later_root_approved_gate
v0_3_rule_first_selector_0_1,rule_first_selector_20260508_124555,sc:ecard:d3f30271df2185600635,v0.3.0,,,,false,metric_summary_missing_or_unavailable,excluded,missing_candidate_level_evidence,blocked,hard_gate_not_passed,,,,blocked_no_candidate_level_evidence,,not_ranked,,,,,,,,,review_input_only_not_adoption_decision,rule_first_selector_must_not_feed_runtime_ranking_reports_backtests_trading_or_auto_adoption,production_activation_requires_later_root_approved_gate
v0_3_rule_first_selector_0_1,rule_first_selector_20260508_124555,sc:ecard:d4964ba29d8a4ea3d99a,v0.3.0,,,,false,metric_summary_missing_or_unavailable,excluded,missing_candidate_level_evidence,blocked,hard_gate_not_passed,,,,blocked_no_candidate_level_evidence,,not_ranked,,,,,,,,,review_input_only_not_adoption_decision,rule_first_selector_must_not_feed_runtime_ranking_reports_backtests_trading_or_auto_adoption,production_activation_requires_later_root_approved_gate
v0_3_rule_first_selector_0_1,rule_first_selector_20260508_124555,sc:ecard:d580a6884a08800ea257,v0.3.0,,,,false,metric_summary_missing_or_unavailable,excluded,missing_candidate_level_evidence,blocked,hard_gate_not_passed,,,,blocked_no_candidate_level_evidence,,not_ranked,,,,,,,,,review_input_only_not_adoption_decision,rule_first_selector_must_not_feed_runtime_ranking_reports_backtests_trading_or_auto_adoption,production_activation_requires_later_root_approved_gate
v0_3_rule_first_selector_0_1,rule_first_selector_20260508_124555,sc:ecard:d591f2351ea1b8e57d77,v0.3.0,ee_v0_3_20260506_sc_ecard_d591f2351ea1b8e57d77,strategy_candidate,sc:ecard:d591f2351ea1b8e57d77,true,candidate_id_matches_candidate_level_evaluation_evidence,pass,passed_hard_exclusion,pass,passed_minimum_evidence_gate,58.671009,,58.671009,rule_only,52,reviewable_candidate,approved_evaluation_evidence,candidate_specific,0.9478898686276229,-0.6092164024086726,0.35818175172278915,0.8618159203980099,0.2968075686560764,,review_input_only_not_adoption_decision,rule_first_selector_must_not_feed_runtime_ranking_reports_backtests_trading_or_auto_adoption,production_activation_requires_later_root_approved_gate
v0_3_rule_first_selector_0_1,rule_first_selector_20260508_124555,sc:ecard:d5eef088e30430a651da,v0.3.0,,,,false,metric_summary_missing_or_unavailable,excluded,missing_candidate_level_evidence,blocked,hard_gate_not_passed,,,,blocked_no_candidate_level_evidence,,not_ranked,,,,,,,,,review_input_only_not_adoption_decision,rule_first_selector_must_not_feed_runtime_ranking_reports_backtests_trading_or_auto_adoption,production_activation_requires_later_root_approved_gate
v0_3_rule_first_selector_0_1,rule_first_selector_20260508_124555,sc:ecard:d60864429b856bf91080,v0.3.0,,,,false,metric_summary_missing_or_unavailable,excluded,missing_candidate_level_evidence,blocked,hard_gate_not_passed,,,,blocked_no_candidate_level_evidence,,not_ranked,,,,,,,,,review_input_only_not_adoption_decision,rule_first_selector_must_not_feed_runtime_ranking_reports_backtests_trading_or_auto_adoption,production_activation_requires_later_root_approved_gate
v0_3_rule_first_selector_0_1,rule_first_selector_20260508_124555,sc:ecard:d68ffb52d7f6d29d0369,v0.3.0,,,,false,metric_summary_missing_or_unavailable,excluded,missing_candidate_level_evidence,blocked,hard_gate_not_passed,,,,blocked_no_candidate_level_evidence,,not_ranked,,,,,,,,,review_input_only_not_adoption_decision,rule_first_selector_must_not_feed_runtime_ranking_reports_backtests_trading_or_auto_adoption,production_activation_requires_later_root_approved_gate
v0_3_rule_first_selector_0_1,rule_first_selector_20260508_124555,sc:ecard:d76daeab84a22776b137,v0.3.0,,,,false,metric_summary_missing_or_unavailable,excluded,missing_candidate_level_evidence,blocked,hard_gate_not_passed,,,,blocked_no_candidate_level_evidence,,not_ranked,,,,,,,,,review_input_only_not_adoption_decision,rule_first_selector_must_not_feed_runtime_ranking_reports_backtests_trading_or_auto_adoption,production_activation_requires_later_root_approved_gate
v0_3_rule_first_selector_0_1,rule_first_selector_20260508_124555,sc:ecard:d7a3fc47069e062e5a04,v0.3.0,,,,false,metric_summary_missing_or_unavailable,excluded,missing_candidate_level_evidence,blocked,hard_gate_not_passed,,,,blocked_no_candidate_level_evidence,,not_ranked,,,,,,,,,review_input_only_not_adoption_decision,rule_first_selector_must_not_feed_runtime_ranking_reports_backtests_trading_or_auto_adoption,production_activation_requires_later_root_approved_gate
v0_3_rule_first_selector_0_1,rule_first_selector_20260508_124555,sc:ecard:d864a6b2e7dd9fd418cd,v0.3.0,,,,false,metric_summary_missing_or_unavailable,excluded,missing_candidate_level_evidence,blocked,hard_gate_not_passed,,,,blocked_no_candidate_level_evidence,,not_ranked,,,,,,,,,review_input_only_not_adoption_decision,rule_first_selector_must_not_feed_runtime_ranking_reports_backtests_trading_or_auto_adoption,production_activation_requires_later_root_approved_gate
v0_3_rule_first_selector_0_1,rule_first_selector_20260508_124555,sc:ecard:d879d0811e610d555588,v0.3.0,,,,false,metric_summary_missing_or_unavailable,excluded,missing_candidate_level_evidence,blocked,hard_gate_not_passed,,,,blocked_no_candidate_level_evidence,,not_ranked,,,,,,,,,review_input_only_not_adoption_decision,rule_first_selector_must_not_feed_runtime_ranking_reports_backtests_trading_or_auto_adoption,production_activation_requires_later_root_approved_gate
v0_3_rule_first_selector_0_1,rule_first_selector_20260508_124555,sc:ecard:d8bda7a28f963db06f9e,v0.3.0,,,,false,metric_summary_missing_or_unavailable,excluded,missing_candidate_level_evidence,blocked,hard_gate_not_passed,,,,blocked_no_candidate_level_evidence,,not_ranked,,,,,,,,,review_input_only_not_adoption_decision,rule_first_selector_must_not_feed_runtime_ranking_reports_backtests_trading_or_auto_adoption,production_activation_requires_later_root_approved_gate
v0_3_rule_first_selector_0_1,rule_first_selector_20260508_124555,sc:ecard:d903771ff009d710fa60,v0.3.0,,,,false,metric_summary_missing_or_unavailable,excluded,missing_candidate_level_evidence,blocked,hard_gate_not_passed,,,,blocked_no_candidate_level_evidence,,not_ranked,,,,,,,,,review_input_only_not_adoption_decision,rule_first_selector_must_not_feed_runtime_ranking_reports_backtests_trading_or_auto_adoption,production_activation_requires_later_root_approved_gate
v0_3_rule_first_selector_0_1,rule_first_selector_20260508_124555,sc:ecard:d9094511c734796047da,v0.3.0,,,,false,metric_summary_missing_or_unavailable,excluded,missing_candidate_level_evidence,blocked,hard_gate_not_passed,,,,blocked_no_candidate_level_evidence,,not_ranked,,,,,,,,,review_input_only_not_adoption_decision,rule_first_selector_must_not_feed_runtime_ranking_reports_backtests_trading_or_auto_adoption,production_activation_requires_later_root_approved_gate
v0_3_rule_first_selector_0_1,rule_first_selector_20260508_124555,sc:ecard:d935ead1c3ec575c293c,v0.3.0,,,,false,metric_summary_missing_or_unavailable,excluded,missing_candidate_level_evidence,blocked,hard_gate_not_passed,,,,blocked_no_candidate_level_evidence,,not_ranked,,,,,,,,,review_input_only_not_adoption_decision,rule_first_selector_must_not_feed_runtime_ranking_reports_backtests_trading_or_auto_adoption,production_activation_requires_later_root_approved_gate
v0_3_rule_first_selector_0_1,rule_first_selector_20260508_124555,sc:ecard:d952f32391be4d833de8,v0.3.0,ee_v0_3_20260506_sc_ecard_d952f32391be4d833de8,strategy_candidate,sc:ecard:d952f32391be4d833de8,true,candidate_id_matches_candidate_level_evaluation_evidence,pass,passed_hard_exclusion,pass,passed_minimum_evidence_gate,58.671009,,58.671009,rule_only,53,reviewable_candidate,approved_evaluation_evidence,candidate_specific,0.9478898686276229,-0.6092164024086726,0.35818175172278915,0.8618159203980099,0.2968075686560764,,review_input_only_not_adoption_decision,rule_first_selector_must_not_feed_runtime_ranking_reports_backtests_trading_or_auto_adoption,production_activation_requires_later_root_approved_gate
v0_3_rule_first_selector_0_1,rule_first_selector_20260508_124555,sc:ecard:d9616eeaa1df76cd1646,v0.3.0,,,,false,metric_summary_missing_or_unavailable,excluded,missing_candidate_level_evidence,blocked,hard_gate_not_passed,,,,blocked_no_candidate_level_evidence,,not_ranked,,,,,,,,,review_input_only_not_adoption_decision,rule_first_selector_must_not_feed_runtime_ranking_reports_backtests_trading_or_auto_adoption,production_activation_requires_later_root_approved_gate
v0_3_rule_first_selector_0_1,rule_first_selector_20260508_124555,sc:ecard:d9fa179c9763103511a0,v0.3.0,,,,false,metric_summary_missing_or_unavailable,excluded,missing_candidate_level_evidence,blocked,hard_gate_not_passed,,,,blocked_no_candidate_level_evidence,,not_ranked,,,,,,,,,review_input_only_not_adoption_decision,rule_first_selector_must_not_feed_runtime_ranking_reports_backtests_trading_or_auto_adoption,production_activation_requires_later_root_approved_gate
v0_3_rule_first_selector_0_1,rule_first_selector_20260508_124555,sc:ecard:da755d5e1971cf04bc4d,v0.3.0,,,,false,metric_summary_missing_or_unavailable,excluded,missing_candidate_level_evidence,blocked,hard_gate_not_passed,,,,blocked_no_candidate_level_evidence,,not_ranked,,,,,,,,,review_input_only_not_adoption_decision,rule_first_selector_must_not_feed_runtime_ranking_reports_backtests_trading_or_auto_adoption,production_activation_requires_later_root_approved_gate
v0_3_rule_first_selector_0_1,rule_first_selector_20260508_124555,sc:ecard:da81474119e4dc80f766,v0.3.0,,,,false,metric_summary_missing_or_unavailable,excluded,missing_candidate_level_evidence,blocked,hard_gate_not_passed,,,,blocked_no_candidate_level_evidence,,not_ranked,,,,,,,,,review_input_only_not_adoption_decision,rule_first_selector_must_not_feed_runtime_ranking_reports_backtests_trading_or_auto_adoption,production_activation_requires_later_root_approved_gate
v0_3_rule_first_selector_0_1,rule_first_selector_20260508_124555,sc:ecard:daa3045cf3a8b94ae358,v0.3.0,,,,false,metric_summary_missing_or_unavailable,excluded,missing_candidate_level_evidence,blocked,hard_gate_not_passed,,,,blocked_no_candidate_level_evidence,,not_ranked,,,,,,,,,review_input_only_not_adoption_decision,rule_first_selector_must_not_feed_runtime_ranking_reports_backtests_trading_or_auto_adoption,production_activation_requires_later_root_approved_gate
v0_3_rule_first_selector_0_1,rule_first_selector_20260508_124555,sc:ecard:daf4d160e04a65278278,v0.3.0,ee_v0_3_20260506_sc_ecard_daf4d160e04a65278278,strategy_candidate,sc:ecard:daf4d160e04a65278278,true,candidate_id_matches_candidate_level_evaluation_evidence,pass,passed_hard_exclusion,pass,passed_minimum_evidence_gate,32.048278,,32.048278,rule_only,61,reviewable_candidate,approved_evaluation_evidence,candidate_specific,-0.06993676616043398,-0.43446907470055085,0.0738775881276168,0.8769900497512437,0.3344231353969896,,review_input_only_not_adoption_decision,rule_first_selector_must_not_feed_runtime_ranking_reports_backtests_trading_or_auto_adoption,production_activation_requires_later_root_approved_gate
v0_3_rule_first_selector_0_1,rule_first_selector_20260508_124555,sc:ecard:db70cf4842816def0764,v0.3.0,,,,false,metric_summary_missing_or_unavailable,excluded,missing_candidate_level_evidence,blocked,hard_gate_not_passed,,,,blocked_no_candidate_level_evidence,,not_ranked,,,,,,,,,review_input_only_not_adoption_decision,rule_first_selector_must_not_feed_runtime_ranking_reports_backtests_trading_or_auto_adoption,production_activation_requires_later_root_approved_gate
v0_3_rule_first_selector_0_1,rule_first_selector_20260508_124555,sc:ecard:db8e13e384241245175d,v0.3.0,,,,false,metric_summary_missing_or_unavailable,excluded,missing_candidate_level_evidence,blocked,hard_gate_not_passed,,,,blocked_no_candidate_level_evidence,,not_ranked,,,,,,,,,review_input_only_not_adoption_decision,rule_first_selector_must_not_feed_runtime_ranking_reports_backtests_trading_or_auto_adoption,production_activation_requires_later_root_approved_gate
v0_3_rule_first_selector_0_1,rule_first_selector_20260508_124555,sc:ecard:db8f793ffd09226e6fb5,v0.3.0,,,,false,metric_summary_missing_or_unavailable,excluded,missing_candidate_level_evidence,blocked,hard_gate_not_passed,,,,blocked_no_candidate_level_evidence,,not_ranked,,,,,,,,,review_input_only_not_adoption_decision,rule_first_selector_must_not_feed_runtime_ranking_reports_backtests_trading_or_auto_adoption,production_activation_requires_later_root_approved_gate
v0_3_rule_first_selector_0_1,rule_first_selector_20260508_124555,sc:ecard:db9b1d115b17d6997c96,v0.3.0,,,,false,metric_summary_missing_or_unavailable,excluded,missing_candidate_level_evidence,blocked,hard_gate_not_passed,,,,blocked_no_candidate_level_evidence,,not_ranked,,,,,,,,,review_input_only_not_adoption_decision,rule_first_selector_must_not_feed_runtime_ranking_reports_backtests_trading_or_auto_adoption,production_activation_requires_later_root_approved_gate
v0_3_rule_first_selector_0_1,rule_first_selector_20260508_124555,sc:ecard:ddd7f55eedcf50910593,v0.3.0,ee_v0_3_20260506_sc_ecard_ddd7f55eedcf50910593,strategy_candidate,sc:ecard:ddd7f55eedcf50910593,true,candidate_id_matches_candidate_level_evaluation_evidence,pass,passed_hard_exclusion,pass,passed_minimum_evidence_gate,58.671009,,58.671009,rule_only,54,reviewable_candidate,approved_evaluation_evidence,candidate_specific,0.9478898686276229,-0.6092164024086726,0.35818175172278915,0.8618159203980099,0.2968075686560764,,review_input_only_not_adoption_decision,rule_first_selector_must_not_feed_runtime_ranking_reports_backtests_trading_or_auto_adoption,production_activation_requires_later_root_approved_gate
v0_3_rule_first_selector_0_1,rule_first_selector_20260508_124555,sc:ecard:ddfcf5eb6e90836806d5,v0.3.0,,,,false,metric_summary_missing_or_unavailable,excluded,missing_candidate_level_evidence,blocked,hard_gate_not_passed,,,,blocked_no_candidate_level_evidence,,not_ranked,,,,,,,,,review_input_only_not_adoption_decision,rule_first_selector_must_not_feed_runtime_ranking_reports_backtests_trading_or_auto_adoption,production_activation_requires_later_root_approved_gate
v0_3_rule_first_selector_0_1,rule_first_selector_20260508_124555,sc:ecard:de2039ccce3d034b2be7,v0.3.0,,,,false,metric_summary_missing_or_unavailable,excluded,missing_candidate_level_evidence,blocked,hard_gate_not_passed,,,,blocked_no_candidate_level_evidence,,not_ranked,,,,,,,,,review_input_only_not_adoption_decision,rule_first_selector_must_not_feed_runtime_ranking_reports_backtests_trading_or_auto_adoption,production_activation_requires_later_root_approved_gate
v0_3_rule_first_selector_0_1,rule_first_selector_20260508_124555,sc:ecard:dee80627e8d104e94dfb,v0.3.0,,,,false,metric_summary_missing_or_unavailable,excluded,missing_candidate_level_evidence,blocked,hard_gate_not_passed,,,,blocked_no_candidate_level_evidence,,not_ranked,,,,,,,,,review_input_only_not_adoption_decision,rule_first_selector_must_not_feed_runtime_ranking_reports_backtests_trading_or_auto_adoption,production_activation_requires_later_root_approved_gate
v0_3_rule_first_selector_0_1,rule_first_selector_20260508_124555,sc:ecard:df5694c10419fb04bd61,v0.3.0,,,,false,metric_summary_missing_or_unavailable,excluded,missing_candidate_level_evidence,blocked,hard_gate_not_passed,,,,blocked_no_candidate_level_evidence,,not_ranked,,,,,,,,,review_input_only_not_adoption_decision,rule_first_selector_must_not_feed_runtime_ranking_reports_backtests_trading_or_auto_adoption,production_activation_requires_later_root_approved_gate
v0_3_rule_first_selector_0_1,rule_first_selector_20260508_124555,sc:ecard:df69cb8dfa7df3dcd93a,v0.3.0,,,,false,metric_summary_missing_or_unavailable,excluded,missing_candidate_level_evidence,blocked,hard_gate_not_passed,,,,blocked_no_candidate_level_evidence,,not_ranked,,,,,,,,,review_input_only_not_adoption_decision,rule_first_selector_must_not_feed_runtime_ranking_reports_backtests_trading_or_auto_adoption,production_activation_requires_later_root_approved_gate
v0_3_rule_first_selector_0_1,rule_first_selector_20260508_124555,sc:ecard:df9a18a8595c39d5d9c7,v0.3.0,,,,false,metric_summary_missing_or_unavailable,excluded,missing_candidate_level_evidence,blocked,hard_gate_not_passed,,,,blocked_no_candidate_level_evidence,,not_ranked,,,,,,,,,review_input_only_not_adoption_decision,rule_first_selector_must_not_feed_runtime_ranking_reports_backtests_trading_or_auto_adoption,production_activation_requires_later_root_approved_gate
v0_3_rule_first_selector_0_1,rule_first_selector_20260508_124555,sc:ecard:dff40dec648b084cadf1,v0.3.0,,,,false,metric_summary_missing_or_unavailable,excluded,missing_candidate_level_evidence,blocked,hard_gate_not_passed,,,,blocked_no_candidate_level_evidence,,not_ranked,,,,,,,,,review_input_only_not_adoption_decision,rule_first_selector_must_not_feed_runtime_ranking_reports_backtests_trading_or_auto_adoption,production_activation_requires_later_root_approved_gate
v0_3_rule_first_selector_0_1,rule_first_selector_20260508_124555,sc:ecard:e17eedd2d4b34ad36afc,v0.3.0,ee_v0_3_20260506_sc_ecard_e17eedd2d4b34ad36afc,strategy_candidate,sc:ecard:e17eedd2d4b34ad36afc,true,candidate_id_matches_candidate_level_evaluation_evidence,pass,passed_hard_exclusion,pass,passed_minimum_evidence_gate,58.671009,,58.671009,rule_only,55,reviewable_candidate,approved_evaluation_evidence,candidate_specific,0.9478898686276229,-0.6092164024086726,0.35818175172278915,0.8618159203980099,0.2968075686560764,,review_input_only_not_adoption_decision,rule_first_selector_must_not_feed_runtime_ranking_reports_backtests_trading_or_auto_adoption,production_activation_requires_later_root_approved_gate
v0_3_rule_first_selector_0_1,rule_first_selector_20260508_124555,sc:ecard:e2b64684e1b5542288b5,v0.3.0,,,,false,metric_summary_missing_or_unavailable,excluded,missing_candidate_level_evidence,blocked,hard_gate_not_passed,,,,blocked_no_candidate_level_evidence,,not_ranked,,,,,,,,,review_input_only_not_adoption_decision,rule_first_selector_must_not_feed_runtime_ranking_reports_backtests_trading_or_auto_adoption,production_activation_requires_later_root_approved_gate
v0_3_rule_first_selector_0_1,rule_first_selector_20260508_124555,sc:ecard:e2c6d808d2c84fb12bc6,v0.3.0,,,,false,metric_summary_missing_or_unavailable,excluded,missing_candidate_level_evidence,blocked,hard_gate_not_passed,,,,blocked_no_candidate_level_evidence,,not_ranked,,,,,,,,,review_input_only_not_adoption_decision,rule_first_selector_must_not_feed_runtime_ranking_reports_backtests_trading_or_auto_adoption,production_activation_requires_later_root_approved_gate
v0_3_rule_first_selector_0_1,rule_first_selector_20260508_124555,sc:ecard:e2deee7ceeafc1ffc515,v0.3.0,,,,false,metric_summary_missing_or_unavailable,excluded,missing_candidate_level_evidence,blocked,hard_gate_not_passed,,,,blocked_no_candidate_level_evidence,,not_ranked,,,,,,,,,review_input_only_not_adoption_decision,rule_first_selector_must_not_feed_runtime_ranking_reports_backtests_trading_or_auto_adoption,production_activation_requires_later_root_approved_gate
v0_3_rule_first_selector_0_1,rule_first_selector_20260508_124555,sc:ecard:e3760df1a6940e84b2c8,v0.3.0,,,,false,metric_summary_missing_or_unavailable,excluded,missing_candidate_level_evidence,blocked,hard_gate_not_passed,,,,blocked_no_candidate_level_evidence,,not_ranked,,,,,,,,,review_input_only_not_adoption_decision,rule_first_selector_must_not_feed_runtime_ranking_reports_backtests_trading_or_auto_adoption,production_activation_requires_later_root_approved_gate
v0_3_rule_first_selector_0_1,rule_first_selector_20260508_124555,sc:ecard:e389d85092f8a47f51ab,v0.3.0,ee_v0_3_20260506_sc_ecard_e389d85092f8a47f51ab,strategy_candidate,sc:ecard:e389d85092f8a47f51ab,true,candidate_id_matches_candidate_level_evaluation_evidence,pass,passed_hard_exclusion,pass,passed_minimum_evidence_gate,60.641751,,60.641751,rule_only,17,secondary_review_candidate,approved_evaluation_evidence,candidate_specific,4.59248614414884,-0.49924422265194046,0.5932409139655367,0.686318407960199,0.39104534114120565,,review_input_only_not_adoption_decision,rule_first_selector_must_not_feed_runtime_ranking_reports_backtests_trading_or_auto_adoption,production_activation_requires_later_root_approved_gate
v0_3_rule_first_selector_0_1,rule_first_selector_20260508_124555,sc:ecard:e3d9dfee6d91763598bd,v0.3.0,,,,false,metric_summary_missing_or_unavailable,excluded,missing_candidate_level_evidence,blocked,hard_gate_not_passed,,,,blocked_no_candidate_level_evidence,,not_ranked,,,,,,,,,review_input_only_not_adoption_decision,rule_first_selector_must_not_feed_runtime_ranking_reports_backtests_trading_or_auto_adoption,production_activation_requires_later_root_approved_gate
v0_3_rule_first_selector_0_1,rule_first_selector_20260508_124555,sc:ecard:e4065a8b050821a7c07f,v0.3.0,,,,false,metric_summary_missing_or_unavailable,excluded,missing_candidate_level_evidence,blocked,hard_gate_not_passed,,,,blocked_no_candidate_level_evidence,,not_ranked,,,,,,,,,review_input_only_not_adoption_decision,rule_first_selector_must_not_feed_runtime_ranking_reports_backtests_trading_or_auto_adoption,production_activation_requires_later_root_approved_gate
v0_3_rule_first_selector_0_1,rule_first_selector_20260508_124555,sc:ecard:e417cb6a0a7b0add19af,v0.3.0,,,,false,metric_summary_missing_or_unavailable,excluded,missing_candidate_level_evidence,blocked,hard_gate_not_passed,,,,blocked_no_candidate_level_evidence,,not_ranked,,,,,,,,,review_input_only_not_adoption_decision,rule_first_selector_must_not_feed_runtime_ranking_reports_backtests_trading_or_auto_adoption,production_activation_requires_later_root_approved_gate
v0_3_rule_first_selector_0_1,rule_first_selector_20260508_124555,sc:ecard:e5282acba434eaf3e08e,v0.3.0,ee_v0_3_20260506_sc_ecard_e5282acba434eaf3e08e,strategy_candidate,sc:ecard:e5282acba434eaf3e08e,true,candidate_id_matches_candidate_level_evaluation_evidence,pass,passed_hard_exclusion,pass,passed_minimum_evidence_gate,60.641751,,60.641751,rule_only,18,secondary_review_candidate,approved_evaluation_evidence,candidate_specific,4.59248614414884,-0.49924422265194046,0.5932409139655367,0.686318407960199,0.39104534114120565,,review_input_only_not_adoption_decision,rule_first_selector_must_not_feed_runtime_ranking_reports_backtests_trading_or_auto_adoption,production_activation_requires_later_root_approved_gate
v0_3_rule_first_selector_0_1,rule_first_selector_20260508_124555,sc:ecard:e52b9688ab1231ced324,v0.3.0,,,,false,metric_summary_missing_or_unavailable,excluded,missing_candidate_level_evidence,blocked,hard_gate_not_passed,,,,blocked_no_candidate_level_evidence,,not_ranked,,,,,,,,,review_input_only_not_adoption_decision,rule_first_selector_must_not_feed_runtime_ranking_reports_backtests_trading_or_auto_adoption,production_activation_requires_later_root_approved_gate
v0_3_rule_first_selector_0_1,rule_first_selector_20260508_124555,sc:ecard:e5dbdb28a625b1099ad6,v0.3.0,ee_v0_3_20260506_sc_ecard_e5dbdb28a625b1099ad6,strategy_candidate,sc:ecard:e5dbdb28a625b1099ad6,true,candidate_id_matches_candidate_level_evaluation_evidence,pass,passed_hard_exclusion,pass,passed_minimum_evidence_gate,60.641751,,60.641751,rule_only,19,secondary_review_candidate,approved_evaluation_evidence,candidate_specific,4.59248614414884,-0.49924422265194046,0.5932409139655367,0.686318407960199,0.39104534114120565,,review_input_only_not_adoption_decision,rule_first_selector_must_not_feed_runtime_ranking_reports_backtests_trading_or_auto_adoption,production_activation_requires_later_root_approved_gate
v0_3_rule_first_selector_0_1,rule_first_selector_20260508_124555,sc:ecard:e6d8e9c114c70dfe90d6,v0.3.0,,,,false,metric_summary_missing_or_unavailable,excluded,missing_candidate_level_evidence,blocked,hard_gate_not_passed,,,,blocked_no_candidate_level_evidence,,not_ranked,,,,,,,,,review_input_only_not_adoption_decision,rule_first_selector_must_not_feed_runtime_ranking_reports_backtests_trading_or_auto_adoption,production_activation_requires_later_root_approved_gate
v0_3_rule_first_selector_0_1,rule_first_selector_20260508_124555,sc:ecard:e6ddd42db570903e4c9e,v0.3.0,ee_v0_3_20260506_sc_ecard_e6ddd42db570903e4c9e,strategy_candidate,sc:ecard:e6ddd42db570903e4c9e,true,candidate_id_matches_candidate_level_evaluation_evidence,pass,passed_hard_exclusion,pass,passed_minimum_evidence_gate,58.671009,,58.671009,rule_only,56,reviewable_candidate,approved_evaluation_evidence,candidate_specific,0.9478898686276229,-0.6092164024086726,0.35818175172278915,0.8618159203980099,0.2968075686560764,,review_input_only_not_adoption_decision,rule_first_selector_must_not_feed_runtime_ranking_reports_backtests_trading_or_auto_adoption,production_activation_requires_later_root_approved_gate
v0_3_rule_first_selector_0_1,rule_first_selector_20260508_124555,sc:ecard:e6f6c5bfd98ababc6f1f,v0.3.0,,,,false,metric_summary_missing_or_unavailable,excluded,missing_candidate_level_evidence,blocked,hard_gate_not_passed,,,,blocked_no_candidate_level_evidence,,not_ranked,,,,,,,,,review_input_only_not_adoption_decision,rule_first_selector_must_not_feed_runtime_ranking_reports_backtests_trading_or_auto_adoption,production_activation_requires_later_root_approved_gate
v0_3_rule_first_selector_0_1,rule_first_selector_20260508_124555,sc:ecard:e72c0ae8fd65e8987041,v0.3.0,,,,false,metric_summary_missing_or_unavailable,excluded,missing_candidate_level_evidence,blocked,hard_gate_not_passed,,,,blocked_no_candidate_level_evidence,,not_ranked,,,,,,,,,review_input_only_not_adoption_decision,rule_first_selector_must_not_feed_runtime_ranking_reports_backtests_trading_or_auto_adoption,production_activation_requires_later_root_approved_gate
v0_3_rule_first_selector_0_1,rule_first_selector_20260508_124555,sc:ecard:e734ccce53ffe8e03e33,v0.3.0,,,,false,metric_summary_missing_or_unavailable,excluded,missing_candidate_level_evidence,blocked,hard_gate_not_passed,,,,blocked_no_candidate_level_evidence,,not_ranked,,,,,,,,,review_input_only_not_adoption_decision,rule_first_selector_must_not_feed_runtime_ranking_reports_backtests_trading_or_auto_adoption,production_activation_requires_later_root_approved_gate
v0_3_rule_first_selector_0_1,rule_first_selector_20260508_124555,sc:ecard:e73eddabc046e666ba09,v0.3.0,,,,false,metric_summary_missing_or_unavailable,excluded,missing_candidate_level_evidence,blocked,hard_gate_not_passed,,,,blocked_no_candidate_level_evidence,,not_ranked,,,,,,,,,review_input_only_not_adoption_decision,rule_first_selector_must_not_feed_runtime_ranking_reports_backtests_trading_or_auto_adoption,production_activation_requires_later_root_approved_gate
v0_3_rule_first_selector_0_1,rule_first_selector_20260508_124555,sc:ecard:e799ec0959be2516fc38,v0.3.0,,,,false,metric_summary_missing_or_unavailable,excluded,missing_candidate_level_evidence,blocked,hard_gate_not_passed,,,,blocked_no_candidate_level_evidence,,not_ranked,,,,,,,,,review_input_only_not_adoption_decision,rule_first_selector_must_not_feed_runtime_ranking_reports_backtests_trading_or_auto_adoption,production_activation_requires_later_root_approved_gate
v0_3_rule_first_selector_0_1,rule_first_selector_20260508_124555,sc:ecard:e848b96478abd56b8e4c,v0.3.0,,,,false,metric_summary_missing_or_unavailable,excluded,missing_candidate_level_evidence,blocked,hard_gate_not_passed,,,,blocked_no_candidate_level_evidence,,not_ranked,,,,,,,,,review_input_only_not_adoption_decision,rule_first_selector_must_not_feed_runtime_ranking_reports_backtests_trading_or_auto_adoption,production_activation_requires_later_root_approved_gate
v0_3_rule_first_selector_0_1,rule_first_selector_20260508_124555,sc:ecard:e8bf94608b732afe6473,v0.3.0,,,,false,metric_summary_missing_or_unavailable,excluded,missing_candidate_level_evidence,blocked,hard_gate_not_passed,,,,blocked_no_candidate_level_evidence,,not_ranked,,,,,,,,,review_input_only_not_adoption_decision,rule_first_selector_must_not_feed_runtime_ranking_reports_backtests_trading_or_auto_adoption,production_activation_requires_later_root_approved_gate
v0_3_rule_first_selector_0_1,rule_first_selector_20260508_124555,sc:ecard:e8fc6a71987e2ca07d7a,v0.3.0,,,,false,metric_summary_missing_or_unavailable,excluded,missing_candidate_level_evidence,blocked,hard_gate_not_passed,,,,blocked_no_candidate_level_evidence,,not_ranked,,,,,,,,,review_input_only_not_adoption_decision,rule_first_selector_must_not_feed_runtime_ranking_reports_backtests_trading_or_auto_adoption,production_activation_requires_later_root_approved_gate
v0_3_rule_first_selector_0_1,rule_first_selector_20260508_124555,sc:ecard:e9273ddbfa9eb2313196,v0.3.0,,,,false,metric_summary_missing_or_unavailable,excluded,missing_candidate_level_evidence,blocked,hard_gate_not_passed,,,,blocked_no_candidate_level_evidence,,not_ranked,,,,,,,,,review_input_only_not_adoption_decision,rule_first_selector_must_not_feed_runtime_ranking_reports_backtests_trading_or_auto_adoption,production_activation_requires_later_root_approved_gate
v0_3_rule_first_selector_0_1,rule_first_selector_20260508_124555,sc:ecard:e95bed6f9802d576b1b3,v0.3.0,,,,false,metric_summary_missing_or_unavailable,excluded,missing_candidate_level_evidence,blocked,hard_gate_not_passed,,,,blocked_no_candidate_level_evidence,,not_ranked,,,,,,,,,review_input_only_not_adoption_decision,rule_first_selector_must_not_feed_runtime_ranking_reports_backtests_trading_or_auto_adoption,production_activation_requires_later_root_approved_gate
v0_3_rule_first_selector_0_1,rule_first_selector_20260508_124555,sc:ecard:e9f8a6e42bca4de49814,v0.3.0,,,,false,metric_summary_missing_or_unavailable,excluded,missing_candidate_level_evidence,blocked,hard_gate_not_passed,,,,blocked_no_candidate_level_evidence,,not_ranked,,,,,,,,,review_input_only_not_adoption_decision,rule_first_selector_must_not_feed_runtime_ranking_reports_backtests_trading_or_auto_adoption,production_activation_requires_later_root_approved_gate
v0_3_rule_first_selector_0_1,rule_first_selector_20260508_124555,sc:ecard:ea5f387c45e4e7d91e69,v0.3.0,,,,false,metric_summary_missing_or_unavailable,excluded,missing_candidate_level_evidence,blocked,hard_gate_not_passed,,,,blocked_no_candidate_level_evidence,,not_ranked,,,,,,,,,review_input_only_not_adoption_decision,rule_first_selector_must_not_feed_runtime_ranking_reports_backtests_trading_or_auto_adoption,production_activation_requires_later_root_approved_gate
v0_3_rule_first_selector_0_1,rule_first_selector_20260508_124555,sc:ecard:eaa9d88872d8e768abb8,v0.3.0,,,,false,metric_summary_missing_or_unavailable,excluded,missing_candidate_level_evidence,blocked,hard_gate_not_passed,,,,blocked_no_candidate_level_evidence,,not_ranked,,,,,,,,,review_input_only_not_adoption_decision,rule_first_selector_must_not_feed_runtime_ranking_reports_backtests_trading_or_auto_adoption,production_activation_requires_later_root_approved_gate
v0_3_rule_first_selector_0_1,rule_first_selector_20260508_124555,sc:ecard:eac82406a9276624ab5a,v0.3.0,,,,false,metric_summary_missing_or_unavailable,excluded,missing_candidate_level_evidence,blocked,hard_gate_not_passed,,,,blocked_no_candidate_level_evidence,,not_ranked,,,,,,,,,review_input_only_not_adoption_decision,rule_first_selector_must_not_feed_runtime_ranking_reports_backtests_trading_or_auto_adoption,production_activation_requires_later_root_approved_gate
v0_3_rule_first_selector_0_1,rule_first_selector_20260508_124555,sc:ecard:eae174471316f58619ea,v0.3.0,,,,false,metric_summary_missing_or_unavailable,excluded,missing_candidate_level_evidence,blocked,hard_gate_not_passed,,,,blocked_no_candidate_level_evidence,,not_ranked,,,,,,,,,review_input_only_not_adoption_decision,rule_first_selector_must_not_feed_runtime_ranking_reports_backtests_trading_or_auto_adoption,production_activation_requires_later_root_approved_gate
v0_3_rule_first_selector_0_1,rule_first_selector_20260508_124555,sc:ecard:ebb0c134a87e1e13b8f3,v0.3.0,,,,false,metric_summary_missing_or_unavailable,excluded,missing_candidate_level_evidence,blocked,hard_gate_not_passed,,,,blocked_no_candidate_level_evidence,,not_ranked,,,,,,,,,review_input_only_not_adoption_decision,rule_first_selector_must_not_feed_runtime_ranking_reports_backtests_trading_or_auto_adoption,production_activation_requires_later_root_approved_gate
v0_3_rule_first_selector_0_1,rule_first_selector_20260508_124555,sc:ecard:ece9c728f891917c6a3b,v0.3.0,,,,false,metric_summary_missing_or_unavailable,excluded,missing_candidate_level_evidence,blocked,hard_gate_not_passed,,,,blocked_no_candidate_level_evidence,,not_ranked,,,,,,,,,review_input_only_not_adoption_decision,rule_first_selector_must_not_feed_runtime_ranking_reports_backtests_trading_or_auto_adoption,production_activation_requires_later_root_approved_gate
v0_3_rule_first_selector_0_1,rule_first_selector_20260508_124555,sc:ecard:ecf9b01e1d99e4efad62,v0.3.0,,,,false,metric_summary_missing_or_unavailable,excluded,missing_candidate_level_evidence,blocked,hard_gate_not_passed,,,,blocked_no_candidate_level_evidence,,not_ranked,,,,,,,,,review_input_only_not_adoption_decision,rule_first_selector_must_not_feed_runtime_ranking_reports_backtests_trading_or_auto_adoption,production_activation_requires_later_root_approved_gate
v0_3_rule_first_selector_0_1,rule_first_selector_20260508_124555,sc:ecard:ed310a3bccbd93ccd645,v0.3.0,ee_v0_3_20260506_sc_ecard_ed310a3bccbd93ccd645,strategy_candidate,sc:ecard:ed310a3bccbd93ccd645,true,candidate_id_matches_candidate_level_evaluation_evidence,pass,passed_hard_exclusion,pass,passed_minimum_evidence_gate,32.048278,,32.048278,rule_only,62,reviewable_candidate,approved_evaluation_evidence,candidate_specific,-0.06993676616043398,-0.43446907470055085,0.0738775881276168,0.8769900497512437,0.3344231353969896,,review_input_only_not_adoption_decision,rule_first_selector_must_not_feed_runtime_ranking_reports_backtests_trading_or_auto_adoption,production_activation_requires_later_root_approved_gate
v0_3_rule_first_selector_0_1,rule_first_selector_20260508_124555,sc:ecard:ee0c8f210011e47077e3,v0.3.0,,,,false,metric_summary_missing_or_unavailable,excluded,missing_candidate_level_evidence,blocked,hard_gate_not_passed,,,,blocked_no_candidate_level_evidence,,not_ranked,,,,,,,,,review_input_only_not_adoption_decision,rule_first_selector_must_not_feed_runtime_ranking_reports_backtests_trading_or_auto_adoption,production_activation_requires_later_root_approved_gate
v0_3_rule_first_selector_0_1,rule_first_selector_20260508_124555,sc:ecard:ef0396ea2babc8a58482,v0.3.0,,,,false,metric_summary_missing_or_unavailable,excluded,missing_candidate_level_evidence,blocked,hard_gate_not_passed,,,,blocked_no_candidate_level_evidence,,not_ranked,,,,,,,,,review_input_only_not_adoption_decision,rule_first_selector_must_not_feed_runtime_ranking_reports_backtests_trading_or_auto_adoption,production_activation_requires_later_root_approved_gate
v0_3_rule_first_selector_0_1,rule_first_selector_20260508_124555,sc:ecard:efbe2967a06e8e253048,v0.3.0,,,,false,metric_summary_missing_or_unavailable,excluded,missing_candidate_level_evidence,blocked,hard_gate_not_passed,,,,blocked_no_candidate_level_evidence,,not_ranked,,,,,,,,,review_input_only_not_adoption_decision,rule_first_selector_must_not_feed_runtime_ranking_reports_backtests_trading_or_auto_adoption,production_activation_requires_later_root_approved_gate
v0_3_rule_first_selector_0_1,rule_first_selector_20260508_124555,sc:ecard:f0accdeb3afbc07ec390,v0.3.0,,,,false,metric_summary_missing_or_unavailable,excluded,missing_candidate_level_evidence,blocked,hard_gate_not_passed,,,,blocked_no_candidate_level_evidence,,not_ranked,,,,,,,,,review_input_only_not_adoption_decision,rule_first_selector_must_not_feed_runtime_ranking_reports_backtests_trading_or_auto_adoption,production_activation_requires_later_root_approved_gate
v0_3_rule_first_selector_0_1,rule_first_selector_20260508_124555,sc:ecard:f0c764975d171ef6b59e,v0.3.0,,,,false,metric_summary_missing_or_unavailable,excluded,missing_candidate_level_evidence,blocked,hard_gate_not_passed,,,,blocked_no_candidate_level_evidence,,not_ranked,,,,,,,,,review_input_only_not_adoption_decision,rule_first_selector_must_not_feed_runtime_ranking_reports_backtests_trading_or_auto_adoption,production_activation_requires_later_root_approved_gate
v0_3_rule_first_selector_0_1,rule_first_selector_20260508_124555,sc:ecard:f21c6f9419dd06a17b31,v0.3.0,,,,false,metric_summary_missing_or_unavailable,excluded,missing_candidate_level_evidence,blocked,hard_gate_not_passed,,,,blocked_no_candidate_level_evidence,,not_ranked,,,,,,,,,review_input_only_not_adoption_decision,rule_first_selector_must_not_feed_runtime_ranking_reports_backtests_trading_or_auto_adoption,production_activation_requires_later_root_approved_gate
v0_3_rule_first_selector_0_1,rule_first_selector_20260508_124555,sc:ecard:f24ee3355b6d8857cdbb,v0.3.0,,,,false,metric_summary_missing_or_unavailable,excluded,missing_candidate_level_evidence,blocked,hard_gate_not_passed,,,,blocked_no_candidate_level_evidence,,not_ranked,,,,,,,,,review_input_only_not_adoption_decision,rule_first_selector_must_not_feed_runtime_ranking_reports_backtests_trading_or_auto_adoption,production_activation_requires_later_root_approved_gate
v0_3_rule_first_selector_0_1,rule_first_selector_20260508_124555,sc:ecard:f2580a7a16fbd1064268,v0.3.0,,,,false,metric_summary_missing_or_unavailable,excluded,missing_candidate_level_evidence,blocked,hard_gate_not_passed,,,,blocked_no_candidate_level_evidence,,not_ranked,,,,,,,,,review_input_only_not_adoption_decision,rule_first_selector_must_not_feed_runtime_ranking_reports_backtests_trading_or_auto_adoption,production_activation_requires_later_root_approved_gate
v0_3_rule_first_selector_0_1,rule_first_selector_20260508_124555,sc:ecard:f2a4d82f2c7a7420cd42,v0.3.0,,,,false,metric_summary_missing_or_unavailable,excluded,missing_candidate_level_evidence,blocked,hard_gate_not_passed,,,,blocked_no_candidate_level_evidence,,not_ranked,,,,,,,,,review_input_only_not_adoption_decision,rule_first_selector_must_not_feed_runtime_ranking_reports_backtests_trading_or_auto_adoption,production_activation_requires_later_root_approved_gate
v0_3_rule_first_selector_0_1,rule_first_selector_20260508_124555,sc:ecard:f3fa9ccad5d161b200c9,v0.3.0,,,,false,metric_summary_missing_or_unavailable,excluded,missing_candidate_level_evidence,blocked,hard_gate_not_passed,,,,blocked_no_candidate_level_evidence,,not_ranked,,,,,,,,,review_input_only_not_adoption_decision,rule_first_selector_must_not_feed_runtime_ranking_reports_backtests_trading_or_auto_adoption,production_activation_requires_later_root_approved_gate
v0_3_rule_first_selector_0_1,rule_first_selector_20260508_124555,sc:ecard:f42222ae1aa5ee7fd5f9,v0.3.0,,,,false,metric_summary_missing_or_unavailable,excluded,missing_candidate_level_evidence,blocked,hard_gate_not_passed,,,,blocked_no_candidate_level_evidence,,not_ranked,,,,,,,,,review_input_only_not_adoption_decision,rule_first_selector_must_not_feed_runtime_ranking_reports_backtests_trading_or_auto_adoption,production_activation_requires_later_root_approved_gate
v0_3_rule_first_selector_0_1,rule_first_selector_20260508_124555,sc:ecard:f44287b5dcb458bff94b,v0.3.0,,,,false,metric_summary_missing_or_unavailable,excluded,missing_candidate_level_evidence,blocked,hard_gate_not_passed,,,,blocked_no_candidate_level_evidence,,not_ranked,,,,,,,,,review_input_only_not_adoption_decision,rule_first_selector_must_not_feed_runtime_ranking_reports_backtests_trading_or_auto_adoption,production_activation_requires_later_root_approved_gate
v0_3_rule_first_selector_0_1,rule_first_selector_20260508_124555,sc:ecard:f476b48aa5ab5444bf46,v0.3.0,,,,false,metric_summary_missing_or_unavailable,excluded,missing_candidate_level_evidence,blocked,hard_gate_not_passed,,,,blocked_no_candidate_level_evidence,,not_ranked,,,,,,,,,review_input_only_not_adoption_decision,rule_first_selector_must_not_feed_runtime_ranking_reports_backtests_trading_or_auto_adoption,production_activation_requires_later_root_approved_gate
v0_3_rule_first_selector_0_1,rule_first_selector_20260508_124555,sc:ecard:f49a3cda476ec2bade6a,v0.3.0,,,,false,metric_summary_missing_or_unavailable,excluded,missing_candidate_level_evidence,blocked,hard_gate_not_passed,,,,blocked_no_candidate_level_evidence,,not_ranked,,,,,,,,,review_input_only_not_adoption_decision,rule_first_selector_must_not_feed_runtime_ranking_reports_backtests_trading_or_auto_adoption,production_activation_requires_later_root_approved_gate
v0_3_rule_first_selector_0_1,rule_first_selector_20260508_124555,sc:ecard:f4c88f1c1c08da69b6b1,v0.3.0,,,,false,metric_summary_missing_or_unavailable,excluded,missing_candidate_level_evidence,blocked,hard_gate_not_passed,,,,blocked_no_candidate_level_evidence,,not_ranked,,,,,,,,,review_input_only_not_adoption_decision,rule_first_selector_must_not_feed_runtime_ranking_reports_backtests_trading_or_auto_adoption,production_activation_requires_later_root_approved_gate
v0_3_rule_first_selector_0_1,rule_first_selector_20260508_124555,sc:ecard:f547561b153bcf2651fe,v0.3.0,,,,false,metric_summary_missing_or_unavailable,excluded,missing_candidate_level_evidence,blocked,hard_gate_not_passed,,,,blocked_no_candidate_level_evidence,,not_ranked,,,,,,,,,review_input_only_not_adoption_decision,rule_first_selector_must_not_feed_runtime_ranking_reports_backtests_trading_or_auto_adoption,production_activation_requires_later_root_approved_gate
v0_3_rule_first_selector_0_1,rule_first_selector_20260508_124555,sc:ecard:f5f9d5befa73da31636f,v0.3.0,,,,false,metric_summary_missing_or_unavailable,excluded,missing_candidate_level_evidence,blocked,hard_gate_not_passed,,,,blocked_no_candidate_level_evidence,,not_ranked,,,,,,,,,review_input_only_not_adoption_decision,rule_first_selector_must_not_feed_runtime_ranking_reports_backtests_trading_or_auto_adoption,production_activation_requires_later_root_approved_gate
v0_3_rule_first_selector_0_1,rule_first_selector_20260508_124555,sc:ecard:f679d3a7e52aea8026b2,v0.3.0,,,,false,metric_summary_missing_or_unavailable,excluded,missing_candidate_level_evidence,blocked,hard_gate_not_passed,,,,blocked_no_candidate_level_evidence,,not_ranked,,,,,,,,,review_input_only_not_adoption_decision,rule_first_selector_must_not_feed_runtime_ranking_reports_backtests_trading_or_auto_adoption,production_activation_requires_later_root_approved_gate
v0_3_rule_first_selector_0_1,rule_first_selector_20260508_124555,sc:ecard:f6a2de2b3f158594199b,v0.3.0,,,,false,metric_summary_missing_or_unavailable,excluded,missing_candidate_level_evidence,blocked,hard_gate_not_passed,,,,blocked_no_candidate_level_evidence,,not_ranked,,,,,,,,,review_input_only_not_adoption_decision,rule_first_selector_must_not_feed_runtime_ranking_reports_backtests_trading_or_auto_adoption,production_activation_requires_later_root_approved_gate
v0_3_rule_first_selector_0_1,rule_first_selector_20260508_124555,sc:ecard:f722dca4d9c3fce57b31,v0.3.0,,,,false,metric_summary_missing_or_unavailable,excluded,missing_candidate_level_evidence,blocked,hard_gate_not_passed,,,,blocked_no_candidate_level_evidence,,not_ranked,,,,,,,,,review_input_only_not_adoption_decision,rule_first_selector_must_not_feed_runtime_ranking_reports_backtests_trading_or_auto_adoption,production_activation_requires_later_root_approved_gate
v0_3_rule_first_selector_0_1,rule_first_selector_20260508_124555,sc:ecard:f73af532239486486f18,v0.3.0,,,,false,metric_summary_missing_or_unavailable,excluded,missing_candidate_level_evidence,blocked,hard_gate_not_passed,,,,blocked_no_candidate_level_evidence,,not_ranked,,,,,,,,,review_input_only_not_adoption_decision,rule_first_selector_must_not_feed_runtime_ranking_reports_backtests_trading_or_auto_adoption,production_activation_requires_later_root_approved_gate
v0_3_rule_first_selector_0_1,rule_first_selector_20260508_124555,sc:ecard:f74d49ac6faaf44d7890,v0.3.0,,,,false,metric_summary_missing_or_unavailable,excluded,missing_candidate_level_evidence,blocked,hard_gate_not_passed,,,,blocked_no_candidate_level_evidence,,not_ranked,,,,,,,,,review_input_only_not_adoption_decision,rule_first_selector_must_not_feed_runtime_ranking_reports_backtests_trading_or_auto_adoption,production_activation_requires_later_root_approved_gate
v0_3_rule_first_selector_0_1,rule_first_selector_20260508_124555,sc:ecard:f76072748c993b310f24,v0.3.0,,,,false,metric_summary_missing_or_unavailable,excluded,missing_candidate_level_evidence,blocked,hard_gate_not_passed,,,,blocked_no_candidate_level_evidence,,not_ranked,,,,,,,,,review_input_only_not_adoption_decision,rule_first_selector_must_not_feed_runtime_ranking_reports_backtests_trading_or_auto_adoption,production_activation_requires_later_root_approved_gate
v0_3_rule_first_selector_0_1,rule_first_selector_20260508_124555,sc:ecard:f800369450c3ae00ff44,v0.3.0,,,,false,metric_summary_missing_or_unavailable,excluded,missing_candidate_level_evidence,blocked,hard_gate_not_passed,,,,blocked_no_candidate_level_evidence,,not_ranked,,,,,,,,,review_input_only_not_adoption_decision,rule_first_selector_must_not_feed_runtime_ranking_reports_backtests_trading_or_auto_adoption,production_activation_requires_later_root_approved_gate
v0_3_rule_first_selector_0_1,rule_first_selector_20260508_124555,sc:ecard:f806ee56137081a11326,v0.3.0,,,,false,metric_summary_missing_or_unavailable,excluded,missing_candidate_level_evidence,blocked,hard_gate_not_passed,,,,blocked_no_candidate_level_evidence,,not_ranked,,,,,,,,,review_input_only_not_adoption_decision,rule_first_selector_must_not_feed_runtime_ranking_reports_backtests_trading_or_auto_adoption,production_activation_requires_later_root_approved_gate
v0_3_rule_first_selector_0_1,rule_first_selector_20260508_124555,sc:ecard:f8157c279417699737e1,v0.3.0,,,,false,metric_summary_missing_or_unavailable,excluded,missing_candidate_level_evidence,blocked,hard_gate_not_passed,,,,blocked_no_candidate_level_evidence,,not_ranked,,,,,,,,,review_input_only_not_adoption_decision,rule_first_selector_must_not_feed_runtime_ranking_reports_backtests_trading_or_auto_adoption,production_activation_requires_later_root_approved_gate
v0_3_rule_first_selector_0_1,rule_first_selector_20260508_124555,sc:ecard:f861bb2209d9985b5249,v0.3.0,,,,false,metric_summary_missing_or_unavailable,excluded,missing_candidate_level_evidence,blocked,hard_gate_not_passed,,,,blocked_no_candidate_level_evidence,,not_ranked,,,,,,,,,review_input_only_not_adoption_decision,rule_first_selector_must_not_feed_runtime_ranking_reports_backtests_trading_or_auto_adoption,production_activation_requires_later_root_approved_gate
v0_3_rule_first_selector_0_1,rule_first_selector_20260508_124555,sc:ecard:f881fc019c0d246c7056,v0.3.0,,,,false,metric_summary_missing_or_unavailable,excluded,missing_candidate_level_evidence,blocked,hard_gate_not_passed,,,,blocked_no_candidate_level_evidence,,not_ranked,,,,,,,,,review_input_only_not_adoption_decision,rule_first_selector_must_not_feed_runtime_ranking_reports_backtests_trading_or_auto_adoption,production_activation_requires_later_root_approved_gate
v0_3_rule_first_selector_0_1,rule_first_selector_20260508_124555,sc:ecard:f8855feeee70d003f9ff,v0.3.0,,,,false,metric_summary_missing_or_unavailable,excluded,missing_candidate_level_evidence,blocked,hard_gate_not_passed,,,,blocked_no_candidate_level_evidence,,not_ranked,,,,,,,,,review_input_only_not_adoption_decision,rule_first_selector_must_not_feed_runtime_ranking_reports_backtests_trading_or_auto_adoption,production_activation_requires_later_root_approved_gate
v0_3_rule_first_selector_0_1,rule_first_selector_20260508_124555,sc:ecard:f8c2989d28cf31126b1e,v0.3.0,,,,false,metric_summary_missing_or_unavailable,excluded,missing_candidate_level_evidence,blocked,hard_gate_not_passed,,,,blocked_no_candidate_level_evidence,,not_ranked,,,,,,,,,review_input_only_not_adoption_decision,rule_first_selector_must_not_feed_runtime_ranking_reports_backtests_trading_or_auto_adoption,production_activation_requires_later_root_approved_gate
v0_3_rule_first_selector_0_1,rule_first_selector_20260508_124555,sc:ecard:f8c5c310e41c67af0377,v0.3.0,,,,false,metric_summary_missing_or_unavailable,excluded,missing_candidate_level_evidence,blocked,hard_gate_not_passed,,,,blocked_no_candidate_level_evidence,,not_ranked,,,,,,,,,review_input_only_not_adoption_decision,rule_first_selector_must_not_feed_runtime_ranking_reports_backtests_trading_or_auto_adoption,production_activation_requires_later_root_approved_gate
v0_3_rule_first_selector_0_1,rule_first_selector_20260508_124555,sc:ecard:f8f4010e97998875e1ac,v0.3.0,,,,false,metric_summary_missing_or_unavailable,excluded,missing_candidate_level_evidence,blocked,hard_gate_not_passed,,,,blocked_no_candidate_level_evidence,,not_ranked,,,,,,,,,review_input_only_not_adoption_decision,rule_first_selector_must_not_feed_runtime_ranking_reports_backtests_trading_or_auto_adoption,production_activation_requires_later_root_approved_gate
v0_3_rule_first_selector_0_1,rule_first_selector_20260508_124555,sc:ecard:fa3c54b99776b7b8e77e,v0.3.0,,,,false,metric_summary_missing_or_unavailable,excluded,missing_candidate_level_evidence,blocked,hard_gate_not_passed,,,,blocked_no_candidate_level_evidence,,not_ranked,,,,,,,,,review_input_only_not_adoption_decision,rule_first_selector_must_not_feed_runtime_ranking_reports_backtests_trading_or_auto_adoption,production_activation_requires_later_root_approved_gate
v0_3_rule_first_selector_0_1,rule_first_selector_20260508_124555,sc:ecard:fa53df9a8f411aa875bb,v0.3.0,,,,false,metric_summary_missing_or_unavailable,excluded,missing_candidate_level_evidence,blocked,hard_gate_not_passed,,,,blocked_no_candidate_level_evidence,,not_ranked,,,,,,,,,review_input_only_not_adoption_decision,rule_first_selector_must_not_feed_runtime_ranking_reports_backtests_trading_or_auto_adoption,production_activation_requires_later_root_approved_gate
v0_3_rule_first_selector_0_1,rule_first_selector_20260508_124555,sc:ecard:faadf35d82b28f9fa836,v0.3.0,,,,false,metric_summary_missing_or_unavailable,excluded,missing_candidate_level_evidence,blocked,hard_gate_not_passed,,,,blocked_no_candidate_level_evidence,,not_ranked,,,,,,,,,review_input_only_not_adoption_decision,rule_first_selector_must_not_feed_runtime_ranking_reports_backtests_trading_or_auto_adoption,production_activation_requires_later_root_approved_gate
v0_3_rule_first_selector_0_1,rule_first_selector_20260508_124555,sc:ecard:faf6da0e1f8cade27dbb,v0.3.0,,,,false,metric_summary_missing_or_unavailable,excluded,missing_candidate_level_evidence,blocked,hard_gate_not_passed,,,,blocked_no_candidate_level_evidence,,not_ranked,,,,,,,,,review_input_only_not_adoption_decision,rule_first_selector_must_not_feed_runtime_ranking_reports_backtests_trading_or_auto_adoption,production_activation_requires_later_root_approved_gate
v0_3_rule_first_selector_0_1,rule_first_selector_20260508_124555,sc:ecard:fc1812fc9353e69b8800,v0.3.0,,,,false,metric_summary_missing_or_unavailable,excluded,missing_candidate_level_evidence,blocked,hard_gate_not_passed,,,,blocked_no_candidate_level_evidence,,not_ranked,,,,,,,,,review_input_only_not_adoption_decision,rule_first_selector_must_not_feed_runtime_ranking_reports_backtests_trading_or_auto_adoption,production_activation_requires_later_root_approved_gate
v0_3_rule_first_selector_0_1,rule_first_selector_20260508_124555,sc:ecard:fcb597926866bfb1de7b,v0.3.0,,,,false,metric_summary_missing_or_unavailable,excluded,missing_candidate_level_evidence,blocked,hard_gate_not_passed,,,,blocked_no_candidate_level_evidence,,not_ranked,,,,,,,,,review_input_only_not_adoption_decision,rule_first_selector_must_not_feed_runtime_ranking_reports_backtests_trading_or_auto_adoption,production_activation_requires_later_root_approved_gate
v0_3_rule_first_selector_0_1,rule_first_selector_20260508_124555,sc:ecard:fcdb458eb761d357eefb,v0.3.0,,,,false,metric_summary_missing_or_unavailable,excluded,missing_candidate_level_evidence,blocked,hard_gate_not_passed,,,,blocked_no_candidate_level_evidence,,not_ranked,,,,,,,,,review_input_only_not_adoption_decision,rule_first_selector_must_not_feed_runtime_ranking_reports_backtests_trading_or_auto_adoption,production_activation_requires_later_root_approved_gate
v0_3_rule_first_selector_0_1,rule_first_selector_20260508_124555,sc:ecard:fde9b6dd8f6f4605a419,v0.3.0,,,,false,metric_summary_missing_or_unavailable,excluded,missing_candidate_level_evidence,blocked,hard_gate_not_passed,,,,blocked_no_candidate_level_evidence,,not_ranked,,,,,,,,,review_input_only_not_adoption_decision,rule_first_selector_must_not_feed_runtime_ranking_reports_backtests_trading_or_auto_adoption,production_activation_requires_later_root_approved_gate
v0_3_rule_first_selector_0_1,rule_first_selector_20260508_124555,sc:ecard:fdfc11c73edaad20dc15,v0.3.0,,,,false,metric_summary_missing_or_unavailable,excluded,missing_candidate_level_evidence,blocked,hard_gate_not_passed,,,,blocked_no_candidate_level_evidence,,not_ranked,,,,,,,,,review_input_only_not_adoption_decision,rule_first_selector_must_not_feed_runtime_ranking_reports_backtests_trading_or_auto_adoption,production_activation_requires_later_root_approved_gate
v0_3_rule_first_selector_0_1,rule_first_selector_20260508_124555,sc:ecard:fe1393f22ae8c364bdf2,v0.3.0,,,,false,metric_summary_missing_or_unavailable,excluded,missing_candidate_level_evidence,blocked,hard_gate_not_passed,,,,blocked_no_candidate_level_evidence,,not_ranked,,,,,,,,,review_input_only_not_adoption_decision,rule_first_selector_must_not_feed_runtime_ranking_reports_backtests_trading_or_auto_adoption,production_activation_requires_later_root_approved_gate
v0_3_rule_first_selector_0_1,rule_first_selector_20260508_124555,sc:ecard:fe24ed5fd589f5ffa039,v0.3.0,,,,false,metric_summary_missing_or_unavailable,excluded,missing_candidate_level_evidence,blocked,hard_gate_not_passed,,,,blocked_no_candidate_level_evidence,,not_ranked,,,,,,,,,review_input_only_not_adoption_decision,rule_first_selector_must_not_feed_runtime_ranking_reports_backtests_trading_or_auto_adoption,production_activation_requires_later_root_approved_gate
v0_3_rule_first_selector_0_1,rule_first_selector_20260508_124555,sc:ecard:fe7a7b17da33bfd58750,v0.3.0,,,,false,metric_summary_missing_or_unavailable,excluded,missing_candidate_level_evidence,blocked,hard_gate_not_passed,,,,blocked_no_candidate_level_evidence,,not_ranked,,,,,,,,,review_input_only_not_adoption_decision,rule_first_selector_must_not_feed_runtime_ranking_reports_backtests_trading_or_auto_adoption,production_activation_requires_later_root_approved_gate
